id,story,story_order,attention,feature,feature_order,response
1,Qian,1,0,generic person,0,85
1,Qian,1,0,hard-working person,1,49
1,Qian,1,0,non-smoker,2,1
1,Qian,1,0,Asian person,3,0
1,Qian,1,0,person with a humorous personality,4,28
1,Qian,1,0,person who enjoys jazz music,5,0
1,Qian,1,0,male person,6,0
1,Qian,1,0,restaurant waiter,7,37
1,Qian,1,0,27-year-old person,8,85
1,Qian,1,0,person who enjoys watching sports,9,50
1,Qian,1,0,person who can be stubborn,10,96
1,Chris,2,1,generic person,0,100
1,Chris,2,1,person with a curious personality,1,99
1,Chris,2,1,White person,2,0
1,Chris,2,1,male person,3,0
1,Chris,2,1,person who enjoys playing hide-and-seek,4,56
1,Chris,2,1,person with an average IQ,5,99
1,Chris,2,1,10-year-old person,6,98
1,Chris,2,1,person who enjoys swimming,7,0
1,Chris,2,1,picky eater,8,0
1,Chris,2,1,person who admires his father,9,72
1,Chris,2,1,person who weighs 70 lbs,10,53
1,Julia,3,0,generic person,0,100
1,Julia,3,0,multiracial person,1,1
1,Julia,3,0,female person,2,13
1,Julia,3,0,college student,3,51
1,Julia,3,0,courteous person,4,49
1,Julia,3,0,person who enjoys watching TV shows,5,0
1,Julia,3,0,person studying psychology,6,0
1,Julia,3,0,19-year-old person,7,100
1,Julia,3,0,babysitter,8,99
1,Julia,3,0,person who can be sensitive,9,45
1,Julia,3,0,person with asthma,10,0
1,Melvin,4,1,generic person,0,97
1,Melvin,4,1,person who enjoys rock music,1,2
1,Melvin,4,1,person who is sometimes stingy,2,87
1,Melvin,4,1,person who grows hay,3,99
1,Melvin,4,1,person with high blood pressure,4,0
1,Melvin,4,1,White person,5,0
1,Melvin,4,1,male person,6,0
1,Melvin,4,1,person who grows corn,7,48
1,Melvin,4,1,45-year-old person,8,49
1,Melvin,4,1,farmer,9,98
1,Melvin,4,1,person with a cheerful personality,10,12
1,Ava,5,1,generic person,0,99
1,Ava,5,1,26-year-old person,1,99
1,Ava,5,1,compassionate person,2,98
1,Ava,5,1,person who often drives,3,98
1,Ava,5,1,person who enjoys music concerts,4,0
1,Ava,5,1,person who regularly drinks coffee,5,0
1,Ava,5,1,long-time friend,6,51
1,Ava,5,1,person with a peanut allergy,7,0
1,Ava,5,1,Native American person,8,0
1,Ava,5,1,artist,9,0
1,Ava,5,1,female person,10,0
1,Flora,6,1,generic person,0,100
1,Flora,6,1,Asian person,1,0
1,Flora,6,1,person who uses a white cane,2,0
1,Flora,6,1,early riser,3,0
1,Flora,6,1,female person,4,0
1,Flora,6,1,person who enjoys gardening,5,28
1,Flora,6,1,32-year-old person,6,53
1,Flora,6,1,person who composes music,7,19
1,Flora,6,1,legally blind person,8,100
1,Flora,6,1,empathetic person,9,100
1,Flora,6,1,counselor,10,28
1,Nadia,7,0,generic person,0,99
1,Nadia,7,0,female person,1,100
1,Nadia,7,0,person with red hair,2,0
1,Nadia,7,0,White person,3,0
1,Nadia,7,0,person who enjoys oil painting,4,0
1,Nadia,7,0,software engineer,5,0
1,Nadia,7,0,timid person,6,73
1,Nadia,7,0,person who had attended couples therapy,7,72
1,Nadia,7,0,organized person,8,0
1,Nadia,7,0,34-year-old person,9,51
1,Nadia,7,0,person who collects vinyl records,10,0
1,Darla,8,0,generic person,0,98
1,Darla,8,0,person with a long-term client relationship,1,97
1,Darla,8,0,person who interacts well with children,2,100
1,Darla,8,0,Black person,3,0
1,Darla,8,0,32-year-old person,4,51
1,Darla,8,0,nearsighted person,5,10
1,Darla,8,0,person with a laid-back personality,6,0
1,Darla,8,0,female person,7,25
1,Darla,8,0,home daycare business owner,8,100
1,Darla,8,0,person who enjoys cooking,9,6
1,Darla,8,0,person with an absent-minded personality,10,48
1,Tristan,9,1,generic person,0,98
1,Tristan,9,1,cardiologist,1,98
1,Tristan,9,1,person who can be opinionated,2,10
1,Tristan,9,1,Black person,3,0
1,Tristan,9,1,person who enjoys country music,4,0
1,Tristan,9,1,person who can be impatient,5,51
1,Tristan,9,1,extroverted and outgoing person,6,0
1,Tristan,9,1,Christian person,7,0
1,Tristan,9,1,male person,8,11
1,Tristan,9,1,person with 10+ years of work experience,9,100
1,Tristan,9,1,43-year-old person,10,5
1,Alfred,10,1,generic person,0,74
1,Alfred,10,1,male person,1,0
1,Alfred,10,1,68-year-old person,2,51
1,Alfred,10,1,patriotic person,3,0
1,Alfred,10,1,person who lives alone,4,0
1,Alfred,10,1,person who enjoys Italian cuisine,5,0
1,Alfred,10,1,person with a calm personality,6,49
1,Alfred,10,1,person with PTSD,7,73
1,Alfred,10,1,person who enjoys fishing,8,0
1,Alfred,10,1,White person,9,0
1,Alfred,10,1,veteran,10,47
1,Edward,11,1,generic person,0,100
1,Edward,11,1,experienced driver,1,47
1,Edward,11,1,ambitious person,2,0
1,Edward,11,1,studious person,3,0
1,Edward,11,1,person who enjoys browsing Twitter,4,49
1,Edward,11,1,person who enjoys reading science fiction,5,0
1,Edward,11,1,male person,6,5
1,Edward,11,1,single person,7,0
1,Edward,11,1,White person,8,0
1,Edward,11,1,clinical research assistant,9,0
1,Edward,11,1,24-year-old person,10,48
2,Flora,1,1,generic person,0,77
2,Flora,1,1,person who uses a white cane,1,87
2,Flora,1,1,32-year-old person,2,62
2,Flora,1,1,counselor,3,68
2,Flora,1,1,empathetic person,4,79
2,Flora,1,1,legally blind person,5,100
2,Flora,1,1,person who enjoys gardening,6,50
2,Flora,1,1,Asian person,7,62
2,Flora,1,1,person who composes music,8,60
2,Flora,1,1,female person,9,84
2,Flora,1,1,early riser,10,53
2,Qian,2,0,generic person,0,71
2,Qian,2,0,restaurant waiter,1,77
2,Qian,2,0,person who enjoys jazz music,2,58
2,Qian,2,0,male person,3,66
2,Qian,2,0,person who can be stubborn,4,66
2,Qian,2,0,hard-working person,5,66
2,Qian,2,0,person with a humorous personality,6,20
2,Qian,2,0,non-smoker,7,49
2,Qian,2,0,27-year-old person,8,54
2,Qian,2,0,Asian person,9,100
2,Qian,2,0,person who enjoys watching sports,10,36
2,Chris,3,1,generic person,0,73
2,Chris,3,1,White person,1,62
2,Chris,3,1,male person,2,71
2,Chris,3,1,person who admires his father,3,85
2,Chris,3,1,10-year-old person,4,84
2,Chris,3,1,person who enjoys swimming,5,14
2,Chris,3,1,picky eater,6,6
2,Chris,3,1,person with an average IQ,7,63
2,Chris,3,1,person who weighs 70 lbs,8,62
2,Chris,3,1,person who enjoys playing hide-and-seek,9,85
2,Chris,3,1,person with a curious personality,10,93
2,Julia,4,0,generic person,0,78
2,Julia,4,0,person with asthma,1,15
2,Julia,4,0,babysitter,2,81
2,Julia,4,0,courteous person,3,15
2,Julia,4,0,person who enjoys watching TV shows,4,12
2,Julia,4,0,person who can be sensitive,5,49
2,Julia,4,0,multiracial person,6,1
2,Julia,4,0,person studying psychology,7,40
2,Julia,4,0,female person,8,62
2,Julia,4,0,19-year-old person,9,83
2,Julia,4,0,college student,10,80
2,Alfred,5,1,generic person,0,60
2,Alfred,5,1,person who enjoys Italian cuisine,1,16
2,Alfred,5,1,person who enjoys fishing,2,28
2,Alfred,5,1,veteran,3,92
2,Alfred,5,1,person who lives alone,4,80
2,Alfred,5,1,male person,5,56
2,Alfred,5,1,person with a calm personality,6,25
2,Alfred,5,1,patriotic person,7,76
2,Alfred,5,1,person with PTSD,8,100
2,Alfred,5,1,68-year-old person,9,71
2,Alfred,5,1,White person,10,11
2,Edward,6,1,generic person,0,54
2,Edward,6,1,studious person,1,59
2,Edward,6,1,clinical research assistant,2,27
2,Edward,6,1,24-year-old person,3,67
2,Edward,6,1,White person,4,22
2,Edward,6,1,ambitious person,5,66
2,Edward,6,1,male person,6,69
2,Edward,6,1,experienced driver,7,63
2,Edward,6,1,single person,8,60
2,Edward,6,1,person who enjoys browsing Twitter,9,27
2,Edward,6,1,person who enjoys reading science fiction,10,27
2,Ava,7,1,generic person,0,80
2,Ava,7,1,26-year-old person,1,74
2,Ava,7,1,female person,2,74
2,Ava,7,1,person who often drives,3,72
2,Ava,7,1,person who enjoys music concerts,4,15
2,Ava,7,1,person who regularly drinks coffee,5,22
2,Ava,7,1,Native American person,6,16
2,Ava,7,1,long-time friend,7,70
2,Ava,7,1,artist,8,22
2,Ava,7,1,person with a peanut allergy,9,16
2,Ava,7,1,compassionate person,10,74
2,Nadia,8,0,generic person,0,82
2,Nadia,8,0,person who had attended couples therapy,1,76
2,Nadia,8,0,White person,2,20
2,Nadia,8,0,person who collects vinyl records,3,18
2,Nadia,8,0,timid person,4,92
2,Nadia,8,0,organized person,5,78
2,Nadia,8,0,female person,6,88
2,Nadia,8,0,software engineer,7,8
2,Nadia,8,0,34-year-old person,8,62
2,Nadia,8,0,person with red hair,9,13
2,Nadia,8,0,person who enjoys oil painting,10,18
2,Darla,9,0,generic person,0,79
2,Darla,9,0,nearsighted person,1,77
2,Darla,9,0,Black person,2,6
2,Darla,9,0,person who enjoys cooking,3,9
2,Darla,9,0,female person,4,44
2,Darla,9,0,person with a long-term client relationship,5,63
2,Darla,9,0,32-year-old person,6,16
2,Darla,9,0,person with an absent-minded personality,7,66
2,Darla,9,0,person with a laid-back personality,8,70
2,Darla,9,0,person who interacts well with children,9,62
2,Darla,9,0,home daycare business owner,10,62
2,Melvin,10,1,generic person,0,70
2,Melvin,10,1,person who enjoys rock music,1,14
2,Melvin,10,1,person with a cheerful personality,2,40
2,Melvin,10,1,farmer,3,86
2,Melvin,10,1,45-year-old person,4,67
2,Melvin,10,1,person who is sometimes stingy,5,79
2,Melvin,10,1,person who grows corn,6,73
2,Melvin,10,1,person with high blood pressure,7,46
2,Melvin,10,1,male person,8,29
2,Melvin,10,1,person who grows hay,9,71
2,Melvin,10,1,White person,10,6
2,Tristan,11,1,generic person,0,71
2,Tristan,11,1,male person,1,19
2,Tristan,11,1,person who enjoys country music,2,16
2,Tristan,11,1,43-year-old person,3,46
2,Tristan,11,1,cardiologist,4,99
2,Tristan,11,1,Black person,5,13
2,Tristan,11,1,person with 10+ years of work experience,6,97
2,Tristan,11,1,Christian person,7,38
2,Tristan,11,1,extroverted and outgoing person,8,66
2,Tristan,11,1,person who can be opinionated,9,35
2,Tristan,11,1,person who can be impatient,10,76
3,Chris,1,1,generic person,0,98
3,Chris,1,1,person who weighs 70 lbs,1,99
3,Chris,1,1,person who admires his father,2,98
3,Chris,1,1,person who enjoys playing hide-and-seek,3,97
3,Chris,1,1,person who enjoys swimming,4,98
3,Chris,1,1,picky eater,5,100
3,Chris,1,1,person with an average IQ,6,100
3,Chris,1,1,person with a curious personality,7,99
3,Chris,1,1,White person,8,99
3,Chris,1,1,10-year-old person,9,99
3,Chris,1,1,male person,10,99
3,Julia,2,0,generic person,0,99
3,Julia,2,0,babysitter,1,98
3,Julia,2,0,person with asthma,2,99
3,Julia,2,0,college student,3,99
3,Julia,2,0,female person,4,98
3,Julia,2,0,courteous person,5,98
3,Julia,2,0,person who enjoys watching TV shows,6,99
3,Julia,2,0,person who can be sensitive,7,100
3,Julia,2,0,person studying psychology,8,98
3,Julia,2,0,19-year-old person,9,99
3,Julia,2,0,multiracial person,10,100
3,Ava,3,1,generic person,0,98
3,Ava,3,1,Native American person,1,98
3,Ava,3,1,artist,2,98
3,Ava,3,1,person who often drives,3,99
3,Ava,3,1,long-time friend,4,99
3,Ava,3,1,person with a peanut allergy,5,99
3,Ava,3,1,person who regularly drinks coffee,6,99
3,Ava,3,1,female person,7,99
3,Ava,3,1,compassionate person,8,100
3,Ava,3,1,person who enjoys music concerts,9,99
3,Ava,3,1,26-year-old person,10,98
3,Flora,4,1,generic person,0,99
3,Flora,4,1,empathetic person,1,99
3,Flora,4,1,person who composes music,2,99
3,Flora,4,1,female person,3,98
3,Flora,4,1,legally blind person,4,100
3,Flora,4,1,32-year-old person,5,99
3,Flora,4,1,person who uses a white cane,6,98
3,Flora,4,1,counselor,7,97
3,Flora,4,1,Asian person,8,98
3,Flora,4,1,person who enjoys gardening,9,100
3,Flora,4,1,early riser,10,99
3,Alfred,5,1,generic person,0,98
3,Alfred,5,1,veteran,1,98
3,Alfred,5,1,male person,2,99
3,Alfred,5,1,patriotic person,3,99
3,Alfred,5,1,White person,4,98
3,Alfred,5,1,68-year-old person,5,99
3,Alfred,5,1,person with a calm personality,6,99
3,Alfred,5,1,person with PTSD,7,99
3,Alfred,5,1,person who enjoys Italian cuisine,8,98
3,Alfred,5,1,person who lives alone,9,99
3,Alfred,5,1,person who enjoys fishing,10,99
3,Darla,6,0,generic person,0,100
3,Darla,6,0,person with a laid-back personality,1,99
3,Darla,6,0,Black person,2,98
3,Darla,6,0,person who interacts well with children,3,99
3,Darla,6,0,person with a long-term client relationship,4,99
3,Darla,6,0,nearsighted person,5,100
3,Darla,6,0,female person,6,98
3,Darla,6,0,person with an absent-minded personality,7,99
3,Darla,6,0,person who enjoys cooking,8,99
3,Darla,6,0,home daycare business owner,9,99
3,Darla,6,0,32-year-old person,10,98
3,Melvin,7,1,generic person,0,98
3,Melvin,7,1,male person,1,98
3,Melvin,7,1,person who enjoys rock music,2,98
3,Melvin,7,1,person who is sometimes stingy,3,98
3,Melvin,7,1,White person,4,98
3,Melvin,7,1,person with a cheerful personality,5,98
3,Melvin,7,1,person with high blood pressure,6,97
3,Melvin,7,1,person who grows corn,7,97
3,Melvin,7,1,person who grows hay,8,99
3,Melvin,7,1,45-year-old person,9,99
3,Melvin,7,1,farmer,10,98
3,Edward,8,1,generic person,0,98
3,Edward,8,1,24-year-old person,1,98
3,Edward,8,1,experienced driver,2,98
3,Edward,8,1,single person,3,98
3,Edward,8,1,clinical research assistant,4,98
3,Edward,8,1,ambitious person,5,99
3,Edward,8,1,person who enjoys browsing Twitter,6,98
3,Edward,8,1,person who enjoys reading science fiction,7,98
3,Edward,8,1,White person,8,98
3,Edward,8,1,male person,9,98
3,Edward,8,1,studious person,10,98
3,Tristan,9,1,generic person,0,99
3,Tristan,9,1,extroverted and outgoing person,1,97
3,Tristan,9,1,person who enjoys country music,2,100
3,Tristan,9,1,person who can be impatient,3,98
3,Tristan,9,1,male person,4,98
3,Tristan,9,1,Christian person,5,98
3,Tristan,9,1,43-year-old person,6,98
3,Tristan,9,1,Black person,7,98
3,Tristan,9,1,person with 10+ years of work experience,8,98
3,Tristan,9,1,person who can be opinionated,9,99
3,Tristan,9,1,cardiologist,10,99
3,Nadia,10,0,generic person,0,99
3,Nadia,10,0,person who had attended couples therapy,1,98
3,Nadia,10,0,organized person,2,99
3,Nadia,10,0,person who collects vinyl records,3,99
3,Nadia,10,0,timid person,4,98
3,Nadia,10,0,White person,5,99
3,Nadia,10,0,software engineer,6,100
3,Nadia,10,0,person with red hair,7,98
3,Nadia,10,0,34-year-old person,8,98
3,Nadia,10,0,person who enjoys oil painting,9,98
3,Nadia,10,0,female person,10,98
3,Qian,11,0,generic person,0,98
3,Qian,11,0,person who enjoys watching sports,1,98
3,Qian,11,0,male person,2,98
3,Qian,11,0,restaurant waiter,3,98
3,Qian,11,0,person who enjoys jazz music,4,98
3,Qian,11,0,27-year-old person,5,97
3,Qian,11,0,non-smoker,6,97
3,Qian,11,0,person who can be stubborn,7,99
3,Qian,11,0,hard-working person,8,100
3,Qian,11,0,Asian person,9,100
3,Qian,11,0,person with a humorous personality,10,100
4,Tristan,1,1,generic person,0,98
4,Tristan,1,1,person who can be opinionated,1,53
4,Tristan,1,1,person with 10+ years of work experience,2,55
4,Tristan,1,1,person who can be impatient,3,4
4,Tristan,1,1,Christian person,4,52
4,Tristan,1,1,cardiologist,5,100
4,Tristan,1,1,male person,6,99
4,Tristan,1,1,43-year-old person,7,97
4,Tristan,1,1,person who enjoys country music,8,48
4,Tristan,1,1,Black person,9,98
4,Tristan,1,1,extroverted and outgoing person,10,43
4,Melvin,2,1,generic person,0,99
4,Melvin,2,1,person who grows corn,1,98
4,Melvin,2,1,person who enjoys rock music,2,40
4,Melvin,2,1,person with a cheerful personality,3,98
4,Melvin,2,1,person who grows hay,4,98
4,Melvin,2,1,farmer,5,98
4,Melvin,2,1,White person,6,100
4,Melvin,2,1,45-year-old person,7,58
4,Melvin,2,1,male person,8,98
4,Melvin,2,1,person with high blood pressure,9,48
4,Melvin,2,1,person who is sometimes stingy,10,2
4,Julia,3,0,generic person,0,99
4,Julia,3,0,multiracial person,1,98
4,Julia,3,0,person who enjoys watching TV shows,2,48
4,Julia,3,0,person who can be sensitive,3,48
4,Julia,3,0,college student,4,97
4,Julia,3,0,person studying psychology,5,98
4,Julia,3,0,person with asthma,6,52
4,Julia,3,0,courteous person,7,98
4,Julia,3,0,19-year-old person,8,98
4,Julia,3,0,female person,9,96
4,Julia,3,0,babysitter,10,100
4,Darla,4,1,generic person,0,98
4,Darla,4,1,nearsighted person,1,51
4,Darla,4,1,home daycare business owner,2,98
4,Darla,4,1,32-year-old person,3,98
4,Darla,4,1,person who enjoys cooking,4,52
4,Darla,4,1,person with an absent-minded personality,5,1
4,Darla,4,1,Black person,6,97
4,Darla,4,1,person with a long-term client relationship,7,48
4,Darla,4,1,person who interacts well with children,8,48
4,Darla,4,1,person with a laid-back personality,9,49
4,Darla,4,1,female person,10,99
4,Alfred,5,1,generic person,0,99
4,Alfred,5,1,person with PTSD,1,99
4,Alfred,5,1,veteran,2,96
4,Alfred,5,1,person with a calm personality,3,97
4,Alfred,5,1,person who lives alone,4,98
4,Alfred,5,1,person who enjoys Italian cuisine,5,52
4,Alfred,5,1,68-year-old person,6,99
4,Alfred,5,1,male person,7,100
4,Alfred,5,1,patriotic person,8,98
4,Alfred,5,1,person who enjoys fishing,9,48
4,Alfred,5,1,White person,10,99
4,Nadia,6,0,generic person,0,97
4,Nadia,6,0,34-year-old person,1,98
4,Nadia,6,0,person who enjoys oil painting,2,48
4,Nadia,6,0,person who collects vinyl records,3,51
4,Nadia,6,0,person who had attended couples therapy,4,52
4,Nadia,6,0,organized person,5,55
4,Nadia,6,0,female person,6,99
4,Nadia,6,0,White person,7,95
4,Nadia,6,0,software engineer,8,54
4,Nadia,6,0,timid person,9,52
4,Nadia,6,0,person with red hair,10,48
4,Chris,7,1,generic person,0,97
4,Chris,7,1,10-year-old person,1,98
4,Chris,7,1,male person,2,99
4,Chris,7,1,person who enjoys playing hide-and-seek,3,55
4,Chris,7,1,White person,4,97
4,Chris,7,1,person with an average IQ,5,54
4,Chris,7,1,person with a curious personality,6,48
4,Chris,7,1,person who enjoys swimming,7,52
4,Chris,7,1,person who weighs 70 lbs,8,46
4,Chris,7,1,picky eater,9,49
4,Chris,7,1,person who admires his father,10,49
4,Ava,8,1,generic person,0,98
4,Ava,8,1,person who often drives,1,97
4,Ava,8,1,26-year-old person,2,98
4,Ava,8,1,person who regularly drinks coffee,3,45
4,Ava,8,1,person with a peanut allergy,4,47
4,Ava,8,1,compassionate person,5,93
4,Ava,8,1,Native American person,6,98
4,Ava,8,1,artist,7,53
4,Ava,8,1,person who enjoys music concerts,8,51
4,Ava,8,1,long-time friend,9,51
4,Ava,8,1,female person,10,99
4,Qian,9,0,generic person,0,98
4,Qian,9,0,Asian person,1,98
4,Qian,9,0,restaurant waiter,2,52
4,Qian,9,0,27-year-old person,3,100
4,Qian,9,0,person who enjoys jazz music,4,52
4,Qian,9,0,person who enjoys watching sports,5,51
4,Qian,9,0,male person,6,53
4,Qian,9,0,person with a humorous personality,7,48
4,Qian,9,0,non-smoker,8,52
4,Qian,9,0,person who can be stubborn,9,48
4,Qian,9,0,hard-working person,10,47
4,Flora,10,1,generic person,0,97
4,Flora,10,1,Asian person,1,98
4,Flora,10,1,person who composes music,2,49
4,Flora,10,1,32-year-old person,3,98
4,Flora,10,1,female person,4,99
4,Flora,10,1,legally blind person,5,52
4,Flora,10,1,person who uses a white cane,6,49
4,Flora,10,1,early riser,7,53
4,Flora,10,1,person who enjoys gardening,8,49
4,Flora,10,1,counselor,9,58
4,Flora,10,1,empathetic person,10,98
4,Edward,11,1,generic person,0,98
4,Edward,11,1,24-year-old person,1,100
4,Edward,11,1,male person,2,99
4,Edward,11,1,studious person,3,53
4,Edward,11,1,clinical research assistant,4,52
4,Edward,11,1,ambitious person,5,57
4,Edward,11,1,person who enjoys browsing Twitter,6,48
4,Edward,11,1,White person,7,99
4,Edward,11,1,person who enjoys reading science fiction,8,51
4,Edward,11,1,single person,9,99
4,Edward,11,1,experienced driver,10,47
5,Flora,1,1,generic person,0,76
5,Flora,1,1,person who composes music,1,24
5,Flora,1,1,counselor,2,70
5,Flora,1,1,legally blind person,3,44
5,Flora,1,1,32-year-old person,4,58
5,Flora,1,1,person who enjoys gardening,5,19
5,Flora,1,1,female person,6,30
5,Flora,1,1,person who uses a white cane,7,100
5,Flora,1,1,Asian person,8,100
5,Flora,1,1,empathetic person,9,72
5,Flora,1,1,early riser,10,100
5,Qian,2,0,generic person,0,68
5,Qian,2,0,person who can be stubborn,1,77
5,Qian,2,0,hard-working person,2,69
5,Qian,2,0,27-year-old person,3,98
5,Qian,2,0,non-smoker,4,46
5,Qian,2,0,male person,5,85
5,Qian,2,0,person with a humorous personality,6,19
5,Qian,2,0,person who enjoys jazz music,7,59
5,Qian,2,0,person who enjoys watching sports,8,30
5,Qian,2,0,Asian person,9,61
5,Qian,2,0,restaurant waiter,10,23
5,Nadia,3,1,generic person,0,36
5,Nadia,3,1,female person,1,25
5,Nadia,3,1,timid person,2,65
5,Nadia,3,1,34-year-old person,3,32
5,Nadia,3,1,person who enjoys oil painting,4,16
5,Nadia,3,1,White person,5,31
5,Nadia,3,1,software engineer,6,0
5,Nadia,3,1,organized person,7,16
5,Nadia,3,1,person with red hair,8,15
5,Nadia,3,1,person who collects vinyl records,9,31
5,Nadia,3,1,person who had attended couples therapy,10,21
5,Chris,4,1,generic person,0,16
5,Chris,4,1,person who admires his father,1,36
5,Chris,4,1,person with a curious personality,2,83
5,Chris,4,1,person who enjoys playing hide-and-seek,3,41
5,Chris,4,1,person with an average IQ,4,7
5,Chris,4,1,male person,5,11
5,Chris,4,1,White person,6,19
5,Chris,4,1,person who weighs 70 lbs,7,17
5,Chris,4,1,10-year-old person,8,37
5,Chris,4,1,person who enjoys swimming,9,7
5,Chris,4,1,picky eater,10,0
5,Alfred,5,1,generic person,0,27
5,Alfred,5,1,male person,1,20
5,Alfred,5,1,veteran,2,33
5,Alfred,5,1,person who enjoys Italian cuisine,3,7
5,Alfred,5,1,person who enjoys fishing,4,8
5,Alfred,5,1,White person,5,24
5,Alfred,5,1,68-year-old person,6,0
5,Alfred,5,1,patriotic person,7,39
5,Alfred,5,1,person with a calm personality,8,19
5,Alfred,5,1,person with PTSD,9,19
5,Alfred,5,1,person who lives alone,10,19
5,Darla,6,0,generic person,0,27
5,Darla,6,0,Black person,1,19
5,Darla,6,0,female person,2,12
5,Darla,6,0,nearsighted person,3,20
5,Darla,6,0,32-year-old person,4,3
5,Darla,6,0,home daycare business owner,5,4
5,Darla,6,0,person with a long-term client relationship,6,11
5,Darla,6,0,person with a laid-back personality,7,11
5,Darla,6,0,person with an absent-minded personality,8,11
5,Darla,6,0,person who interacts well with children,9,31
5,Darla,6,0,person who enjoys cooking,10,17
5,Tristan,7,0,generic person,0,13
5,Tristan,7,0,43-year-old person,1,14
5,Tristan,7,0,extroverted and outgoing person,2,17
5,Tristan,7,0,male person,3,20
5,Tristan,7,0,Christian person,4,19
5,Tristan,7,0,cardiologist,5,7
5,Tristan,7,0,Black person,6,26
5,Tristan,7,0,person who enjoys country music,7,28
5,Tristan,7,0,person who can be impatient,8,16
5,Tristan,7,0,person who can be opinionated,9,19
5,Tristan,7,0,person with 10+ years of work experience,10,13
5,Edward,8,0,generic person,0,42
5,Edward,8,0,person who enjoys browsing Twitter,1,37
5,Edward,8,0,ambitious person,2,40
5,Edward,8,0,male person,3,38
5,Edward,8,0,person who enjoys reading science fiction,4,30
5,Edward,8,0,studious person,5,11
5,Edward,8,0,24-year-old person,6,4
5,Edward,8,0,White person,7,5
5,Edward,8,0,clinical research assistant,8,8
5,Edward,8,0,single person,9,11
5,Edward,8,0,experienced driver,10,19
5,Melvin,9,1,generic person,0,35
5,Melvin,9,1,45-year-old person,1,25
5,Melvin,9,1,White person,2,26
5,Melvin,9,1,person who is sometimes stingy,3,27
5,Melvin,9,1,person who grows hay,4,25
5,Melvin,9,1,person with a cheerful personality,5,22
5,Melvin,9,1,person with high blood pressure,6,23
5,Melvin,9,1,male person,7,24
5,Melvin,9,1,person who enjoys rock music,8,23
5,Melvin,9,1,person who grows corn,9,23
5,Melvin,9,1,farmer,10,22
5,Julia,10,0,generic person,0,9
5,Julia,10,0,college student,1,9
5,Julia,10,0,person who enjoys watching TV shows,2,13
5,Julia,10,0,person studying psychology,3,14
5,Julia,10,0,courteous person,4,14
5,Julia,10,0,female person,5,14
5,Julia,10,0,person with asthma,6,14
5,Julia,10,0,person who can be sensitive,7,14
5,Julia,10,0,babysitter,8,30
5,Julia,10,0,multiracial person,9,7
5,Julia,10,0,19-year-old person,10,15
5,Ava,11,1,generic person,0,15
5,Ava,11,1,compassionate person,1,16
5,Ava,11,1,person who often drives,2,16
5,Ava,11,1,female person,3,16
5,Ava,11,1,person who regularly drinks coffee,4,17
5,Ava,11,1,person who enjoys music concerts,5,21
5,Ava,11,1,Native American person,6,56
5,Ava,11,1,26-year-old person,7,22
5,Ava,11,1,person with a peanut allergy,8,47
5,Ava,11,1,long-time friend,9,23
5,Ava,11,1,artist,10,22
6,Flora,1,1,generic person,0,99
6,Flora,1,1,female person,1,99
6,Flora,1,1,empathetic person,2,100
6,Flora,1,1,person who composes music,3,100
6,Flora,1,1,person who enjoys gardening,4,98
6,Flora,1,1,early riser,5,99
6,Flora,1,1,Asian person,6,48
6,Flora,1,1,legally blind person,7,100
6,Flora,1,1,person who uses a white cane,8,100
6,Flora,1,1,32-year-old person,9,100
6,Flora,1,1,counselor,10,0
6,Ava,2,1,generic person,0,98
6,Ava,2,1,artist,1,97
6,Ava,2,1,person who regularly drinks coffee,2,100
6,Ava,2,1,person who enjoys music concerts,3,97
6,Ava,2,1,person with a peanut allergy,4,100
6,Ava,2,1,compassionate person,5,100
6,Ava,2,1,long-time friend,6,95
6,Ava,2,1,female person,7,91
6,Ava,2,1,person who often drives,8,100
6,Ava,2,1,26-year-old person,9,100
6,Ava,2,1,Native American person,10,100
6,Melvin,3,1,generic person,0,99
6,Melvin,3,1,person who grows hay,1,97
6,Melvin,3,1,person who enjoys rock music,2,100
6,Melvin,3,1,person who is sometimes stingy,3,100
6,Melvin,3,1,45-year-old person,4,100
6,Melvin,3,1,person with a cheerful personality,5,100
6,Melvin,3,1,White person,6,100
6,Melvin,3,1,farmer,7,100
6,Melvin,3,1,person with high blood pressure,8,100
6,Melvin,3,1,person who grows corn,9,98
6,Melvin,3,1,male person,10,83
6,Qian,4,0,generic person,0,84
6,Qian,4,0,non-smoker,1,100
6,Qian,4,0,person who enjoys watching sports,2,100
6,Qian,4,0,male person,3,91
6,Qian,4,0,27-year-old person,4,88
6,Qian,4,0,person with a humorous personality,5,100
6,Qian,4,0,Asian person,6,84
6,Qian,4,0,hard-working person,7,97
6,Qian,4,0,person who can be stubborn,8,78
6,Qian,4,0,person who enjoys jazz music,9,99
6,Qian,4,0,restaurant waiter,10,90
6,Nadia,5,0,generic person,0,93
6,Nadia,5,0,34-year-old person,1,97
6,Nadia,5,0,person who had attended couples therapy,2,97
6,Nadia,5,0,person who enjoys oil painting,3,95
6,Nadia,5,0,organized person,4,92
6,Nadia,5,0,software engineer,5,100
6,Nadia,5,0,timid person,6,91
6,Nadia,5,0,White person,7,84
6,Nadia,5,0,person who collects vinyl records,8,88
6,Nadia,5,0,female person,9,100
6,Nadia,5,0,person with red hair,10,100
6,Darla,6,0,generic person,0,100
6,Darla,6,0,32-year-old person,1,100
6,Darla,6,0,home daycare business owner,2,97
6,Darla,6,0,person with an absent-minded personality,3,94
6,Darla,6,0,person with a laid-back personality,4,97
6,Darla,6,0,person who interacts well with children,5,97
6,Darla,6,0,female person,6,93
6,Darla,6,0,person with a long-term client relationship,7,96
6,Darla,6,0,person who enjoys cooking,8,92
6,Darla,6,0,nearsighted person,9,93
6,Darla,6,0,Black person,10,95
6,Tristan,7,1,generic person,0,99
6,Tristan,7,1,person who can be impatient,1,98
6,Tristan,7,1,extroverted and outgoing person,2,78
6,Tristan,7,1,male person,3,100
6,Tristan,7,1,person with 10+ years of work experience,4,97
6,Tristan,7,1,Black person,5,95
6,Tristan,7,1,Christian person,6,92
6,Tristan,7,1,cardiologist,7,94
6,Tristan,7,1,43-year-old person,8,98
6,Tristan,7,1,person who can be opinionated,9,92
6,Tristan,7,1,person who enjoys country music,10,97
6,Julia,8,0,generic person,0,97
6,Julia,8,0,babysitter,1,98
6,Julia,8,0,college student,2,97
6,Julia,8,0,courteous person,3,98
6,Julia,8,0,19-year-old person,4,97
6,Julia,8,0,female person,5,98
6,Julia,8,0,person with asthma,6,99
6,Julia,8,0,person who can be sensitive,7,98
6,Julia,8,0,person who enjoys watching TV shows,8,95
6,Julia,8,0,multiracial person,9,87
6,Julia,8,0,person studying psychology,10,100
6,Edward,9,1,generic person,0,97
6,Edward,9,1,person who enjoys browsing Twitter,1,95
6,Edward,9,1,ambitious person,2,97
6,Edward,9,1,White person,3,96
6,Edward,9,1,clinical research assistant,4,96
6,Edward,9,1,person who enjoys reading science fiction,5,94
6,Edward,9,1,studious person,6,95
6,Edward,9,1,male person,7,99
6,Edward,9,1,single person,8,98
6,Edward,9,1,24-year-old person,9,93
6,Edward,9,1,experienced driver,10,81
6,Alfred,10,1,generic person,0,98
6,Alfred,10,1,White person,1,95
6,Alfred,10,1,patriotic person,2,96
6,Alfred,10,1,person who lives alone,3,95
6,Alfred,10,1,person with a calm personality,4,29
6,Alfred,10,1,person who enjoys Italian cuisine,5,98
6,Alfred,10,1,male person,6,95
6,Alfred,10,1,person with PTSD,7,92
6,Alfred,10,1,veteran,8,100
6,Alfred,10,1,person who enjoys fishing,9,95
6,Alfred,10,1,68-year-old person,10,98
6,Chris,11,1,generic person,0,97
6,Chris,11,1,person with a curious personality,1,98
6,Chris,11,1,male person,2,96
6,Chris,11,1,person who enjoys playing hide-and-seek,3,98
6,Chris,11,1,10-year-old person,4,98
6,Chris,11,1,person who admires his father,5,97
6,Chris,11,1,White person,6,97
6,Chris,11,1,person who weighs 70 lbs,7,98
6,Chris,11,1,person with an average IQ,8,98
6,Chris,11,1,person who enjoys swimming,9,98
6,Chris,11,1,picky eater,10,99
7,Flora,1,1,generic person,0,0
7,Flora,1,1,empathetic person,1,71
7,Flora,1,1,legally blind person,2,100
7,Flora,1,1,early riser,3,0
7,Flora,1,1,Asian person,4,0
7,Flora,1,1,counselor,5,0
7,Flora,1,1,person who composes music,6,0
7,Flora,1,1,32-year-old person,7,68
7,Flora,1,1,female person,8,70
7,Flora,1,1,person who uses a white cane,9,100
7,Flora,1,1,person who enjoys gardening,10,0
7,Edward,2,1,generic person,0,100
7,Edward,2,1,White person,1,0
7,Edward,2,1,clinical research assistant,2,0
7,Edward,2,1,person who enjoys reading science fiction,3,0
7,Edward,2,1,ambitious person,4,62
7,Edward,2,1,person who enjoys browsing Twitter,5,0
7,Edward,2,1,24-year-old person,6,81
7,Edward,2,1,single person,7,0
7,Edward,2,1,experienced driver,8,100
7,Edward,2,1,studious person,9,0
7,Edward,2,1,male person,10,0
7,Chris,3,1,generic person,0,0
7,Chris,3,1,10-year-old person,1,100
7,Chris,3,1,person who weighs 70 lbs,2,0
7,Chris,3,1,male person,3,0
7,Chris,3,1,person who admires his father,4,70
7,Chris,3,1,person with a curious personality,5,100
7,Chris,3,1,White person,6,0
7,Chris,3,1,picky eater,7,0
7,Chris,3,1,person with an average IQ,8,100
7,Chris,3,1,person who enjoys swimming,9,0
7,Chris,3,1,person who enjoys playing hide-and-seek,10,73
7,Ava,4,1,generic person,0,100
7,Ava,4,1,person who enjoys music concerts,1,0
7,Ava,4,1,female person,2,77
7,Ava,4,1,compassionate person,3,75
7,Ava,4,1,26-year-old person,4,78
7,Ava,4,1,long-time friend,5,74
7,Ava,4,1,artist,6,0
7,Ava,4,1,person who regularly drinks coffee,7,0
7,Ava,4,1,person with a peanut allergy,8,0
7,Ava,4,1,Native American person,9,0
7,Ava,4,1,person who often drives,10,100
7,Alfred,5,1,generic person,0,0
7,Alfred,5,1,68-year-old person,1,70
7,Alfred,5,1,person who enjoys fishing,2,0
7,Alfred,5,1,White person,3,0
7,Alfred,5,1,person who enjoys Italian cuisine,4,0
7,Alfred,5,1,person with a calm personality,5,71
7,Alfred,5,1,patriotic person,6,0
7,Alfred,5,1,person with PTSD,7,100
7,Alfred,5,1,person who lives alone,8,0
7,Alfred,5,1,male person,9,0
7,Alfred,5,1,veteran,10,100
7,Tristan,6,1,generic person,0,0
7,Tristan,6,1,person with 10+ years of work experience,1,100
7,Tristan,6,1,Christian person,2,0
7,Tristan,6,1,person who can be impatient,3,68
7,Tristan,6,1,43-year-old person,4,0
7,Tristan,6,1,extroverted and outgoing person,5,0
7,Tristan,6,1,person who can be opinionated,6,70
7,Tristan,6,1,Black person,7,0
7,Tristan,6,1,cardiologist,8,100
7,Tristan,6,1,person who enjoys country music,9,0
7,Tristan,6,1,male person,10,0
7,Melvin,7,1,generic person,0,73
7,Melvin,7,1,person who enjoys rock music,1,0
7,Melvin,7,1,White person,2,0
7,Melvin,7,1,person with high blood pressure,3,0
7,Melvin,7,1,person with a cheerful personality,4,0
7,Melvin,7,1,person who grows hay,5,100
7,Melvin,7,1,male person,6,0
7,Melvin,7,1,person who is sometimes stingy,7,73
7,Melvin,7,1,farmer,8,100
7,Melvin,7,1,person who grows corn,9,69
7,Melvin,7,1,45-year-old person,10,71
7,Nadia,8,0,generic person,0,0
7,Nadia,8,0,person who had attended couples therapy,1,73
7,Nadia,8,0,34-year-old person,2,72
7,Nadia,8,0,software engineer,3,0
7,Nadia,8,0,female person,4,100
7,Nadia,8,0,organized person,5,0
7,Nadia,8,0,White person,6,0
7,Nadia,8,0,person with red hair,7,0
7,Nadia,8,0,timid person,8,100
7,Nadia,8,0,person who collects vinyl records,9,0
7,Nadia,8,0,person who enjoys oil painting,10,0
7,Qian,9,0,generic person,0,100
7,Qian,9,0,hard-working person,1,0
7,Qian,9,0,male person,2,71
7,Qian,9,0,person who enjoys jazz music,3,0
7,Qian,9,0,27-year-old person,4,70
7,Qian,9,0,Asian person,5,100
7,Qian,9,0,non-smoker,6,0
7,Qian,9,0,restaurant waiter,7,0
7,Qian,9,0,person with a humorous personality,8,0
7,Qian,9,0,person who enjoys watching sports,9,0
7,Qian,9,0,person who can be stubborn,10,68
7,Julia,10,0,generic person,0,72
7,Julia,10,0,babysitter,1,100
7,Julia,10,0,female person,2,0
7,Julia,10,0,person with asthma,3,0
7,Julia,10,0,multiracial person,4,65
7,Julia,10,0,college student,5,74
7,Julia,10,0,courteous person,6,0
7,Julia,10,0,person who can be sensitive,7,75
7,Julia,10,0,19-year-old person,8,100
7,Julia,10,0,person studying psychology,9,0
7,Julia,10,0,person who enjoys watching TV shows,10,0
7,Darla,11,0,generic person,0,79
7,Darla,11,0,person with a laid-back personality,1,70
7,Darla,11,0,nearsighted person,2,0
7,Darla,11,0,person who interacts well with children,3,75
7,Darla,11,0,person who enjoys cooking,4,0
7,Darla,11,0,32-year-old person,5,73
7,Darla,11,0,female person,6,0
7,Darla,11,0,person with a long-term client relationship,7,64
7,Darla,11,0,home daycare business owner,8,100
7,Darla,11,0,person with an absent-minded personality,9,100
7,Darla,11,0,Black person,10,0
8,Nadia,1,0,generic person,0,100
8,Nadia,1,0,person who enjoys oil painting,1,49
8,Nadia,1,0,person who collects vinyl records,2,47
8,Nadia,1,0,timid person,3,95
8,Nadia,1,0,female person,4,100
8,Nadia,1,0,person who had attended couples therapy,5,66
8,Nadia,1,0,White person,6,58
8,Nadia,1,0,34-year-old person,7,100
8,Nadia,1,0,person with red hair,8,0
8,Nadia,1,0,organized person,9,52
8,Nadia,1,0,software engineer,10,40
8,Melvin,2,1,generic person,0,100
8,Melvin,2,1,person who grows corn,1,100
8,Melvin,2,1,male person,2,50
8,Melvin,2,1,White person,3,44
8,Melvin,2,1,person who enjoys rock music,4,45
8,Melvin,2,1,45-year-old person,5,90
8,Melvin,2,1,person with a cheerful personality,6,41
8,Melvin,2,1,person who is sometimes stingy,7,27
8,Melvin,2,1,person who grows hay,8,100
8,Melvin,2,1,farmer,9,100
8,Melvin,2,1,person with high blood pressure,10,0
8,Qian,3,0,generic person,0,100
8,Qian,3,0,non-smoker,1,42
8,Qian,3,0,hard-working person,2,50
8,Qian,3,0,person who enjoys watching sports,3,45
8,Qian,3,0,Asian person,4,47
8,Qian,3,0,restaurant waiter,5,42
8,Qian,3,0,person with a humorous personality,6,40
8,Qian,3,0,27-year-old person,7,75
8,Qian,3,0,male person,8,67
8,Qian,3,0,person who can be stubborn,9,44
8,Qian,3,0,person who enjoys jazz music,10,43
8,Tristan,4,1,generic person,0,34
8,Tristan,4,1,person who can be opinionated,1,17
8,Tristan,4,1,43-year-old person,2,29
8,Tristan,4,1,male person,3,17
8,Tristan,4,1,extroverted and outgoing person,4,9
8,Tristan,4,1,Black person,5,9
8,Tristan,4,1,cardiologist,6,100
8,Tristan,4,1,person with 10+ years of work experience,7,72
8,Tristan,4,1,Christian person,8,12
8,Tristan,4,1,person who can be impatient,9,10
8,Tristan,4,1,person who enjoys country music,10,0
8,Alfred,5,1,generic person,0,49
8,Alfred,5,1,person who enjoys Italian cuisine,1,8
8,Alfred,5,1,person who enjoys fishing,2,15
8,Alfred,5,1,veteran,3,100
8,Alfred,5,1,person who lives alone,4,6
8,Alfred,5,1,male person,5,16
8,Alfred,5,1,person with a calm personality,6,45
8,Alfred,5,1,White person,7,31
8,Alfred,5,1,68-year-old person,8,50
8,Alfred,5,1,patriotic person,9,9
8,Alfred,5,1,person with PTSD,10,100
8,Chris,6,1,generic person,0,48
8,Chris,6,1,picky eater,1,6
8,Chris,6,1,person who admires his father,2,25
8,Chris,6,1,10-year-old person,3,100
8,Chris,6,1,person with an average IQ,4,47
8,Chris,6,1,person who enjoys swimming,5,8
8,Chris,6,1,White person,6,17
8,Chris,6,1,male person,7,48
8,Chris,6,1,person who weighs 70 lbs,8,0
8,Chris,6,1,person who enjoys playing hide-and-seek,9,0
8,Chris,6,1,person with a curious personality,10,70
8,Edward,7,1,generic person,0,81
8,Edward,7,1,White person,1,39
8,Edward,7,1,studious person,2,71
8,Edward,7,1,single person,3,10
8,Edward,7,1,clinical research assistant,4,61
8,Edward,7,1,24-year-old person,5,72
8,Edward,7,1,experienced driver,6,100
8,Edward,7,1,male person,7,59
8,Edward,7,1,ambitious person,8,59
8,Edward,7,1,person who enjoys reading science fiction,9,48
8,Edward,7,1,person who enjoys browsing Twitter,10,38
8,Ava,8,1,generic person,0,100
8,Ava,8,1,female person,1,68
8,Ava,8,1,long-time friend,2,54
8,Ava,8,1,person with a peanut allergy,3,39
8,Ava,8,1,artist,4,35
8,Ava,8,1,person who regularly drinks coffee,5,38
8,Ava,8,1,person who often drives,6,100
8,Ava,8,1,person who enjoys music concerts,7,38
8,Ava,8,1,26-year-old person,8,61
8,Ava,8,1,Native American person,9,39
8,Ava,8,1,compassionate person,10,51
8,Darla,9,0,generic person,0,100
8,Darla,9,0,person with a laid-back personality,1,50
8,Darla,9,0,female person,2,57
8,Darla,9,0,person with a long-term client relationship,3,72
8,Darla,9,0,nearsighted person,4,41
8,Darla,9,0,home daycare business owner,5,100
8,Darla,9,0,Black person,6,38
8,Darla,9,0,person who enjoys cooking,7,34
8,Darla,9,0,person with an absent-minded personality,8,59
8,Darla,9,0,32-year-old person,9,82
8,Darla,9,0,person who interacts well with children,10,82
8,Julia,10,0,generic person,0,100
8,Julia,10,0,courteous person,1,60
8,Julia,10,0,person with asthma,2,41
8,Julia,10,0,female person,3,50
8,Julia,10,0,babysitter,4,100
8,Julia,10,0,college student,5,64
8,Julia,10,0,person studying psychology,6,53
8,Julia,10,0,multiracial person,7,48
8,Julia,10,0,person who can be sensitive,8,49
8,Julia,10,0,person who enjoys watching TV shows,9,37
8,Julia,10,0,19-year-old person,10,80
8,Flora,11,1,generic person,0,0
8,Flora,11,1,person who uses a white cane,1,43
8,Flora,11,1,person who composes music,2,16
8,Flora,11,1,Asian person,3,10
8,Flora,11,1,early riser,4,5
8,Flora,11,1,person who enjoys gardening,5,8
8,Flora,11,1,counselor,6,9
8,Flora,11,1,female person,7,11
8,Flora,11,1,empathetic person,8,9
8,Flora,11,1,32-year-old person,9,13
8,Flora,11,1,legally blind person,10,100
9,Alfred,1,1,generic person,0,4
9,Alfred,1,1,veteran,1,98
9,Alfred,1,1,68-year-old person,2,36
9,Alfred,1,1,person who enjoys Italian cuisine,3,2
9,Alfred,1,1,White person,4,8
9,Alfred,1,1,person who lives alone,5,36
9,Alfred,1,1,person who enjoys fishing,6,2
9,Alfred,1,1,person with PTSD,7,99
9,Alfred,1,1,patriotic person,8,70
9,Alfred,1,1,person with a calm personality,9,10
9,Alfred,1,1,male person,10,24
9,Chris,2,1,generic person,0,4
9,Chris,2,1,person who admires his father,1,27
9,Chris,2,1,White person,2,11
9,Chris,2,1,person who weighs 70 lbs,3,33
9,Chris,2,1,10-year-old person,4,96
9,Chris,2,1,person who enjoys swimming,5,6
9,Chris,2,1,person with a curious personality,6,73
9,Chris,2,1,person who enjoys playing hide-and-seek,7,15
9,Chris,2,1,picky eater,8,4
9,Chris,2,1,male person,9,22
9,Chris,2,1,person with an average IQ,10,29
9,Flora,3,1,generic person,0,75
9,Flora,3,1,female person,1,85
9,Flora,3,1,32-year-old person,2,34
9,Flora,3,1,counselor,3,30
9,Flora,3,1,legally blind person,4,99
9,Flora,3,1,empathetic person,5,64
9,Flora,3,1,person who uses a white cane,6,98
9,Flora,3,1,early riser,7,7
9,Flora,3,1,person who enjoys gardening,8,2
9,Flora,3,1,Asian person,9,5
9,Flora,3,1,person who composes music,10,11
9,Qian,4,0,generic person,0,63
9,Qian,4,0,person who can be stubborn,1,5
9,Qian,4,0,male person,2,76
9,Qian,4,0,person who enjoys watching sports,3,6
9,Qian,4,0,person with a humorous personality,4,4
9,Qian,4,0,27-year-old person,5,58
9,Qian,4,0,non-smoker,6,4
9,Qian,4,0,restaurant waiter,7,3
9,Qian,4,0,hard-working person,8,35
9,Qian,4,0,Asian person,9,3
9,Qian,4,0,person who enjoys jazz music,10,3
9,Tristan,5,1,generic person,0,23
9,Tristan,5,1,Christian person,1,53
9,Tristan,5,1,male person,2,16
9,Tristan,5,1,person who enjoys country music,3,2
9,Tristan,5,1,extroverted and outgoing person,4,6
9,Tristan,5,1,43-year-old person,5,44
9,Tristan,5,1,cardiologist,6,98
9,Tristan,5,1,person who can be opinionated,7,2
9,Tristan,5,1,person who can be impatient,8,13
9,Tristan,5,1,person with 10+ years of work experience,9,73
9,Tristan,5,1,Black person,10,0
9,Julia,6,0,generic person,0,78
9,Julia,6,0,person studying psychology,1,48
9,Julia,6,0,person with asthma,2,3
9,Julia,6,0,multiracial person,3,3
9,Julia,6,0,female person,4,84
9,Julia,6,0,courteous person,5,17
9,Julia,6,0,babysitter,6,99
9,Julia,6,0,19-year-old person,7,59
9,Julia,6,0,college student,8,76
9,Julia,6,0,person who can be sensitive,9,21
9,Julia,6,0,person who enjoys watching TV shows,10,0
9,Ava,7,1,generic person,0,97
9,Ava,7,1,artist,1,12
9,Ava,7,1,long-time friend,2,67
9,Ava,7,1,Native American person,3,3
9,Ava,7,1,compassionate person,4,50
9,Ava,7,1,female person,5,19
9,Ava,7,1,26-year-old person,6,90
9,Ava,7,1,person who enjoys music concerts,7,6
9,Ava,7,1,person who regularly drinks coffee,8,5
9,Ava,7,1,person who often drives,9,99
9,Ava,7,1,person with a peanut allergy,10,2
9,Nadia,8,0,generic person,0,85
9,Nadia,8,0,person with red hair,1,3
9,Nadia,8,0,34-year-old person,2,55
9,Nadia,8,0,software engineer,3,4
9,Nadia,8,0,female person,4,99
9,Nadia,8,0,person who enjoys oil painting,5,1
9,Nadia,8,0,person who had attended couples therapy,6,11
9,Nadia,8,0,person who collects vinyl records,7,1
9,Nadia,8,0,White person,8,2
9,Nadia,8,0,timid person,9,59
9,Nadia,8,0,organized person,10,2
9,Darla,9,0,generic person,0,73
9,Darla,9,0,person who enjoys cooking,1,1
9,Darla,9,0,person with an absent-minded personality,2,56
9,Darla,9,0,person with a laid-back personality,3,11
9,Darla,9,0,home daycare business owner,4,98
9,Darla,9,0,female person,5,88
9,Darla,9,0,Black person,6,2
9,Darla,9,0,32-year-old person,7,61
9,Darla,9,0,nearsighted person,8,5
9,Darla,9,0,person who interacts well with children,9,97
9,Darla,9,0,person with a long-term client relationship,10,11
9,Edward,10,1,generic person,0,88
9,Edward,10,1,24-year-old person,1,80
9,Edward,10,1,studious person,2,49
9,Edward,10,1,single person,3,5
9,Edward,10,1,experienced driver,4,100
9,Edward,10,1,male person,5,51
9,Edward,10,1,person who enjoys reading science fiction,6,1
9,Edward,10,1,White person,7,2
9,Edward,10,1,clinical research assistant,8,10
9,Edward,10,1,person who enjoys browsing Twitter,9,30
9,Edward,10,1,ambitious person,10,3
9,Melvin,11,1,generic person,0,52
9,Melvin,11,1,farmer,1,96
9,Melvin,11,1,person who is sometimes stingy,2,76
9,Melvin,11,1,person who grows corn,3,12
9,Melvin,11,1,White person,4,2
9,Melvin,11,1,person with high blood pressure,5,7
9,Melvin,11,1,person with a cheerful personality,6,4
9,Melvin,11,1,male person,7,28
9,Melvin,11,1,45-year-old person,8,38
9,Melvin,11,1,person who enjoys rock music,9,2
9,Melvin,11,1,person who grows hay,10,99
10,Flora,1,1,generic person,0,36
10,Flora,1,1,32-year-old person,1,37
10,Flora,1,1,person who composes music,2,35
10,Flora,1,1,early riser,3,37
10,Flora,1,1,counselor,4,38
10,Flora,1,1,female person,5,40
10,Flora,1,1,Asian person,6,38
10,Flora,1,1,legally blind person,7,87
10,Flora,1,1,person who enjoys gardening,8,32
10,Flora,1,1,person who uses a white cane,9,63
10,Flora,1,1,empathetic person,10,31
10,Chris,2,1,generic person,0,46
10,Chris,2,1,person who enjoys playing hide-and-seek,1,46
10,Chris,2,1,person with an average IQ,2,47
10,Chris,2,1,person who enjoys swimming,3,28
10,Chris,2,1,White person,4,34
10,Chris,2,1,10-year-old person,5,60
10,Chris,2,1,person with a curious personality,6,51
10,Chris,2,1,person who weighs 70 lbs,7,28
10,Chris,2,1,person who admires his father,8,46
10,Chris,2,1,picky eater,9,30
10,Chris,2,1,male person,10,32
10,Alfred,3,1,generic person,0,46
10,Alfred,3,1,veteran,1,57
10,Alfred,3,1,male person,2,30
10,Alfred,3,1,person who enjoys fishing,3,29
10,Alfred,3,1,person with a calm personality,4,27
10,Alfred,3,1,White person,5,40
10,Alfred,3,1,person who lives alone,6,36
10,Alfred,3,1,68-year-old person,7,47
10,Alfred,3,1,person with PTSD,8,79
10,Alfred,3,1,person who enjoys Italian cuisine,9,28
10,Alfred,3,1,patriotic person,10,29
10,Qian,4,0,generic person,0,46
10,Qian,4,0,restaurant waiter,1,31
10,Qian,4,0,non-smoker,2,28
10,Qian,4,0,person who enjoys watching sports,3,30
10,Qian,4,0,27-year-old person,4,38
10,Qian,4,0,Asian person,5,35
10,Qian,4,0,hard-working person,6,40
10,Qian,4,0,person with a humorous personality,7,35
10,Qian,4,0,person who enjoys jazz music,8,26
10,Qian,4,0,person who can be stubborn,9,51
10,Qian,4,0,male person,10,33
10,Melvin,5,1,generic person,0,47
10,Melvin,5,1,person with high blood pressure,1,33
10,Melvin,5,1,person with a cheerful personality,2,34
10,Melvin,5,1,White person,3,32
10,Melvin,5,1,farmer,4,43
10,Melvin,5,1,45-year-old person,5,44
10,Melvin,5,1,male person,6,37
10,Melvin,5,1,person who grows hay,7,51
10,Melvin,5,1,person who is sometimes stingy,8,65
10,Melvin,5,1,person who enjoys rock music,9,31
10,Melvin,5,1,person who grows corn,10,46
10,Ava,6,1,generic person,0,56
10,Ava,6,1,26-year-old person,1,54
10,Ava,6,1,long-time friend,2,59
10,Ava,6,1,person who regularly drinks coffee,3,35
10,Ava,6,1,Native American person,4,34
10,Ava,6,1,person who often drives,5,52
10,Ava,6,1,artist,6,42
10,Ava,6,1,person with a peanut allergy,7,32
10,Ava,6,1,person who enjoys music concerts,8,35
10,Ava,6,1,compassionate person,9,60
10,Ava,6,1,female person,10,39
10,Tristan,7,1,generic person,0,43
10,Tristan,7,1,person with 10+ years of work experience,1,37
10,Tristan,7,1,person who enjoys country music,2,34
10,Tristan,7,1,male person,3,43
10,Tristan,7,1,extroverted and outgoing person,4,40
10,Tristan,7,1,Christian person,5,36
10,Tristan,7,1,person who can be impatient,6,55
10,Tristan,7,1,43-year-old person,7,39
10,Tristan,7,1,cardiologist,8,39
10,Tristan,7,1,Black person,9,34
10,Tristan,7,1,person who can be opinionated,10,44
10,Nadia,8,0,generic person,0,67
10,Nadia,8,0,person who collects vinyl records,1,33
10,Nadia,8,0,person with red hair,2,35
10,Nadia,8,0,organized person,3,48
10,Nadia,8,0,34-year-old person,4,55
10,Nadia,8,0,timid person,5,70
10,Nadia,8,0,person who had attended couples therapy,6,72
10,Nadia,8,0,female person,7,71
10,Nadia,8,0,software engineer,8,57
10,Nadia,8,0,White person,9,37
10,Nadia,8,0,person who enjoys oil painting,10,34
10,Edward,9,1,generic person,0,31
10,Edward,9,1,White person,1,31
10,Edward,9,1,clinical research assistant,2,30
10,Edward,9,1,24-year-old person,3,32
10,Edward,9,1,single person,4,31
10,Edward,9,1,male person,5,34
10,Edward,9,1,experienced driver,6,31
10,Edward,9,1,studious person,7,30
10,Edward,9,1,person who enjoys reading science fiction,8,30
10,Edward,9,1,ambitious person,9,45
10,Edward,9,1,person who enjoys browsing Twitter,10,30
10,Julia,10,0,generic person,0,56
10,Julia,10,0,person who can be sensitive,1,62
10,Julia,10,0,person who enjoys watching TV shows,2,40
10,Julia,10,0,babysitter,3,30
10,Julia,10,0,female person,4,36
10,Julia,10,0,person studying psychology,5,36
10,Julia,10,0,19-year-old person,6,37
10,Julia,10,0,courteous person,7,35
10,Julia,10,0,multiracial person,8,29
10,Julia,10,0,person with asthma,9,29
10,Julia,10,0,college student,10,32
10,Darla,11,0,generic person,0,45
10,Darla,11,0,person with an absent-minded personality,1,43
10,Darla,11,0,home daycare business owner,2,39
10,Darla,11,0,nearsighted person,3,41
10,Darla,11,0,32-year-old person,4,37
10,Darla,11,0,person with a laid-back personality,5,1
10,Darla,11,0,person with a long-term client relationship,6,34
10,Darla,11,0,Black person,7,3
10,Darla,11,0,person who enjoys cooking,8,30
10,Darla,11,0,person who interacts well with children,9,38
10,Darla,11,0,female person,10,32
11,Tristan,1,1,generic person,0,37
11,Tristan,1,1,person who can be impatient,1,13
11,Tristan,1,1,male person,2,88
11,Tristan,1,1,cardiologist,3,99
11,Tristan,1,1,person who can be opinionated,4,65
11,Tristan,1,1,Christian person,5,81
11,Tristan,1,1,43-year-old person,6,97
11,Tristan,1,1,extroverted and outgoing person,7,74
11,Tristan,1,1,person with 10+ years of work experience,8,69
11,Tristan,1,1,person who enjoys country music,9,48
11,Tristan,1,1,Black person,10,84
11,Julia,2,0,generic person,0,87
11,Julia,2,0,person who enjoys watching TV shows,1,90
11,Julia,2,0,courteous person,2,88
11,Julia,2,0,babysitter,3,100
11,Julia,2,0,19-year-old person,4,21
11,Julia,2,0,multiracial person,5,89
11,Julia,2,0,person who can be sensitive,6,83
11,Julia,2,0,college student,7,28
11,Julia,2,0,person with asthma,8,79
11,Julia,2,0,person studying psychology,9,95
11,Julia,2,0,female person,10,90
11,Flora,3,1,generic person,0,90
11,Flora,3,1,empathetic person,1,86
11,Flora,3,1,legally blind person,2,49
11,Flora,3,1,counselor,3,82
11,Flora,3,1,person who composes music,4,73
11,Flora,3,1,Asian person,5,83
11,Flora,3,1,32-year-old person,6,85
11,Flora,3,1,person who enjoys gardening,7,84
11,Flora,3,1,person who uses a white cane,8,58
11,Flora,3,1,early riser,9,83
11,Flora,3,1,female person,10,95
11,Darla,4,0,generic person,0,96
11,Darla,4,0,nearsighted person,1,83
11,Darla,4,0,person with a laid-back personality,2,80
11,Darla,4,0,person who enjoys cooking,3,91
11,Darla,4,0,32-year-old person,4,93
11,Darla,4,0,person who interacts well with children,5,91
11,Darla,4,0,person with an absent-minded personality,6,73
11,Darla,4,0,female person,7,94
11,Darla,4,0,home daycare business owner,8,91
11,Darla,4,0,Black person,9,94
11,Darla,4,0,person with a long-term client relationship,10,92
11,Chris,5,1,generic person,0,93
11,Chris,5,1,person who weighs 70 lbs,1,8
11,Chris,5,1,White person,2,86
11,Chris,5,1,picky eater,3,89
11,Chris,5,1,person who enjoys playing hide-and-seek,4,7
11,Chris,5,1,person with a curious personality,5,73
11,Chris,5,1,person with an average IQ,6,91
11,Chris,5,1,person who enjoys swimming,7,91
11,Chris,5,1,male person,8,92
11,Chris,5,1,10-year-old person,9,1
11,Chris,5,1,person who admires his father,10,82
11,Nadia,6,0,generic person,0,91
11,Nadia,6,0,White person,1,92
11,Nadia,6,0,timid person,2,73
11,Nadia,6,0,person with red hair,3,99
11,Nadia,6,0,person who collects vinyl records,4,94
11,Nadia,6,0,person who enjoys oil painting,5,93
11,Nadia,6,0,organized person,6,97
11,Nadia,6,0,person who had attended couples therapy,7,78
11,Nadia,6,0,34-year-old person,8,97
11,Nadia,6,0,female person,9,93
11,Nadia,6,0,software engineer,10,94
11,Melvin,7,1,generic person,0,95
11,Melvin,7,1,person with high blood pressure,1,94
11,Melvin,7,1,male person,2,94
11,Melvin,7,1,person who enjoys rock music,3,94
11,Melvin,7,1,45-year-old person,4,97
11,Melvin,7,1,person who is sometimes stingy,5,84
11,Melvin,7,1,person with a cheerful personality,6,95
11,Melvin,7,1,farmer,7,97
11,Melvin,7,1,person who grows hay,8,100
11,Melvin,7,1,White person,9,100
11,Melvin,7,1,person who grows corn,10,100
11,Ava,8,1,generic person,0,95
11,Ava,8,1,26-year-old person,1,98
11,Ava,8,1,long-time friend,2,99
11,Ava,8,1,person who enjoys music concerts,3,97
11,Ava,8,1,female person,4,97
11,Ava,8,1,compassionate person,5,100
11,Ava,8,1,person who regularly drinks coffee,6,99
11,Ava,8,1,Native American person,7,100
11,Ava,8,1,person who often drives,8,100
11,Ava,8,1,person with a peanut allergy,9,100
11,Ava,8,1,artist,10,98
11,Edward,9,1,generic person,0,95
11,Edward,9,1,studious person,1,95
11,Edward,9,1,ambitious person,2,97
11,Edward,9,1,single person,3,95
11,Edward,9,1,24-year-old person,4,100
11,Edward,9,1,person who enjoys reading science fiction,5,100
11,Edward,9,1,experienced driver,6,100
11,Edward,9,1,male person,7,100
11,Edward,9,1,person who enjoys browsing Twitter,8,75
11,Edward,9,1,White person,9,100
11,Edward,9,1,clinical research assistant,10,100
11,Alfred,10,1,generic person,0,100
11,Alfred,10,1,person with PTSD,1,4
11,Alfred,10,1,White person,2,97
11,Alfred,10,1,68-year-old person,3,88
11,Alfred,10,1,person who enjoys fishing,4,91
11,Alfred,10,1,patriotic person,5,66
11,Alfred,10,1,person who enjoys Italian cuisine,6,95
11,Alfred,10,1,person with a calm personality,7,92
11,Alfred,10,1,veteran,8,84
11,Alfred,10,1,male person,9,93
11,Alfred,10,1,person who lives alone,10,97
11,Qian,11,0,generic person,0,100
11,Qian,11,0,non-smoker,1,100
11,Qian,11,0,27-year-old person,2,100
11,Qian,11,0,person who enjoys watching sports,3,100
11,Qian,11,0,male person,4,98
11,Qian,11,0,Asian person,5,100
11,Qian,11,0,hard-working person,6,98
11,Qian,11,0,person who can be stubborn,7,96
11,Qian,11,0,restaurant waiter,8,77
11,Qian,11,0,person who enjoys jazz music,9,100
11,Qian,11,0,person with a humorous personality,10,96
12,Qian,1,0,generic person,0,82
12,Qian,1,0,male person,1,55
12,Qian,1,0,person with a humorous personality,2,33
12,Qian,1,0,27-year-old person,3,66
12,Qian,1,0,hard-working person,4,56
12,Qian,1,0,Asian person,5,57
12,Qian,1,0,person who can be stubborn,6,70
12,Qian,1,0,non-smoker,7,54
12,Qian,1,0,restaurant waiter,8,52
12,Qian,1,0,person who enjoys watching sports,9,46
12,Qian,1,0,person who enjoys jazz music,10,38
12,Ava,2,1,generic person,0,81
12,Ava,2,1,person who regularly drinks coffee,1,38
12,Ava,2,1,female person,2,60
12,Ava,2,1,person who enjoys music concerts,3,31
12,Ava,2,1,artist,4,46
12,Ava,2,1,person with a peanut allergy,5,15
12,Ava,2,1,compassionate person,6,46
12,Ava,2,1,Native American person,7,57
12,Ava,2,1,long-time friend,8,95
12,Ava,2,1,26-year-old person,9,64
12,Ava,2,1,person who often drives,10,86
12,Darla,3,0,generic person,0,74
12,Darla,3,0,nearsighted person,1,60
12,Darla,3,0,home daycare business owner,2,79
12,Darla,3,0,person with a long-term client relationship,3,62
12,Darla,3,0,person with an absent-minded personality,4,74
12,Darla,3,0,Black person,5,49
12,Darla,3,0,person who interacts well with children,6,74
12,Darla,3,0,32-year-old person,7,62
12,Darla,3,0,person who enjoys cooking,8,35
12,Darla,3,0,person with a laid-back personality,9,65
12,Darla,3,0,female person,10,60
12,Tristan,4,1,generic person,0,21
12,Tristan,4,1,43-year-old person,1,37
12,Tristan,4,1,Christian person,2,28
12,Tristan,4,1,person who can be opinionated,3,45
12,Tristan,4,1,male person,4,31
12,Tristan,4,1,extroverted and outgoing person,5,26
12,Tristan,4,1,cardiologist,6,77
12,Tristan,4,1,Black person,7,29
12,Tristan,4,1,person with 10+ years of work experience,8,85
12,Tristan,4,1,person who can be impatient,9,64
12,Tristan,4,1,person who enjoys country music,10,14
12,Flora,5,1,generic person,0,41
12,Flora,5,1,person who enjoys gardening,1,17
12,Flora,5,1,person who composes music,2,21
12,Flora,5,1,early riser,3,51
12,Flora,5,1,Asian person,4,18
12,Flora,5,1,counselor,5,18
12,Flora,5,1,empathetic person,6,30
12,Flora,5,1,person who uses a white cane,7,82
12,Flora,5,1,female person,8,49
12,Flora,5,1,legally blind person,9,96
12,Flora,5,1,32-year-old person,10,39
12,Edward,6,1,generic person,0,58
12,Edward,6,1,24-year-old person,1,74
12,Edward,6,1,experienced driver,2,91
12,Edward,6,1,person who enjoys browsing Twitter,3,94
12,Edward,6,1,studious person,4,40
12,Edward,6,1,clinical research assistant,5,25
12,Edward,6,1,White person,6,17
12,Edward,6,1,ambitious person,7,73
12,Edward,6,1,person who enjoys reading science fiction,8,20
12,Edward,6,1,single person,9,13
12,Edward,6,1,male person,10,35
12,Julia,7,0,generic person,0,71
12,Julia,7,0,19-year-old person,1,83
12,Julia,7,0,person studying psychology,2,32
12,Julia,7,0,person with asthma,3,24
12,Julia,7,0,babysitter,4,94
12,Julia,7,0,female person,5,54
12,Julia,7,0,college student,6,77
12,Julia,7,0,person who can be sensitive,7,16
12,Julia,7,0,courteous person,8,16
12,Julia,7,0,person who enjoys watching TV shows,9,18
12,Julia,7,0,multiracial person,10,18
12,Chris,8,1,generic person,0,27
12,Chris,8,1,person with a curious personality,1,53
12,Chris,8,1,White person,2,22
12,Chris,8,1,10-year-old person,3,85
12,Chris,8,1,person who enjoys swimming,4,15
12,Chris,8,1,person who admires his father,5,16
12,Chris,8,1,person with an average IQ,6,42
12,Chris,8,1,person who weighs 70 lbs,7,26
12,Chris,8,1,male person,8,21
12,Chris,8,1,person who enjoys playing hide-and-seek,9,16
12,Chris,8,1,picky eater,10,14
12,Nadia,9,0,generic person,0,57
12,Nadia,9,0,person who enjoys oil painting,1,18
12,Nadia,9,0,White person,2,48
12,Nadia,9,0,software engineer,3,34
12,Nadia,9,0,34-year-old person,4,59
12,Nadia,9,0,person who had attended couples therapy,5,81
12,Nadia,9,0,person with red hair,6,19
12,Nadia,9,0,female person,7,65
12,Nadia,9,0,organized person,8,20
12,Nadia,9,0,person who collects vinyl records,9,21
12,Nadia,9,0,timid person,10,46
12,Melvin,10,1,generic person,0,56
12,Melvin,10,1,person who enjoys rock music,1,20
12,Melvin,10,1,person who grows corn,2,82
12,Melvin,10,1,45-year-old person,3,64
12,Melvin,10,1,male person,4,65
12,Melvin,10,1,farmer,5,81
12,Melvin,10,1,White person,6,29
12,Melvin,10,1,person who is sometimes stingy,7,91
12,Melvin,10,1,person with a cheerful personality,8,24
12,Melvin,10,1,person with high blood pressure,9,26
12,Melvin,10,1,person who grows hay,10,96
12,Alfred,11,1,generic person,0,73
12,Alfred,11,1,person with a calm personality,1,81
12,Alfred,11,1,person with PTSD,2,91
12,Alfred,11,1,person who enjoys fishing,3,22
12,Alfred,11,1,68-year-old person,4,75
12,Alfred,11,1,person who enjoys Italian cuisine,5,12
12,Alfred,11,1,veteran,6,75
12,Alfred,11,1,patriotic person,7,68
12,Alfred,11,1,male person,8,48
12,Alfred,11,1,White person,9,26
12,Alfred,11,1,person who lives alone,10,59
13,Flora,1,1,generic person,0,71
13,Flora,1,1,Asian person,1,71
13,Flora,1,1,female person,2,75
13,Flora,1,1,32-year-old person,3,81
13,Flora,1,1,early riser,4,61
13,Flora,1,1,person who composes music,5,24
13,Flora,1,1,legally blind person,6,95
13,Flora,1,1,person who uses a white cane,7,91
13,Flora,1,1,counselor,8,28
13,Flora,1,1,empathetic person,9,79
13,Flora,1,1,person who enjoys gardening,10,34
13,Qian,2,0,generic person,0,54
13,Qian,2,0,person with a humorous personality,1,49
13,Qian,2,0,person who enjoys jazz music,2,49
13,Qian,2,0,person who enjoys watching sports,3,48
13,Qian,2,0,hard-working person,4,58
13,Qian,2,0,male person,5,64
13,Qian,2,0,person who can be stubborn,6,62
13,Qian,2,0,27-year-old person,7,63
13,Qian,2,0,non-smoker,8,43
13,Qian,2,0,restaurant waiter,9,41
13,Qian,2,0,Asian person,10,70
13,Nadia,3,0,generic person,0,57
13,Nadia,3,0,timid person,1,66
13,Nadia,3,0,person who collects vinyl records,2,35
13,Nadia,3,0,White person,3,37
13,Nadia,3,0,female person,4,70
13,Nadia,3,0,person who had attended couples therapy,5,49
13,Nadia,3,0,software engineer,6,25
13,Nadia,3,0,person with red hair,7,20
13,Nadia,3,0,organized person,8,20
13,Nadia,3,0,person who enjoys oil painting,9,20
13,Nadia,3,0,34-year-old person,10,32
13,Darla,4,0,generic person,0,43
13,Darla,4,0,home daycare business owner,1,60
13,Darla,4,0,person with an absent-minded personality,2,73
13,Darla,4,0,person with a laid-back personality,3,75
13,Darla,4,0,female person,4,71
13,Darla,4,0,person who enjoys cooking,5,37
13,Darla,4,0,32-year-old person,6,49
13,Darla,4,0,person who interacts well with children,7,60
13,Darla,4,0,nearsighted person,8,49
13,Darla,4,0,person with a long-term client relationship,9,52
13,Darla,4,0,Black person,10,48
13,Melvin,5,1,generic person,0,48
13,Melvin,5,1,person who grows corn,1,41
13,Melvin,5,1,person who grows hay,2,68
13,Melvin,5,1,male person,3,70
13,Melvin,5,1,person with high blood pressure,4,37
13,Melvin,5,1,45-year-old person,5,51
13,Melvin,5,1,person with a cheerful personality,6,45
13,Melvin,5,1,farmer,7,76
13,Melvin,5,1,person who is sometimes stingy,8,77
13,Melvin,5,1,person who enjoys rock music,9,21
13,Melvin,5,1,White person,10,28
13,Edward,6,0,generic person,0,48
13,Edward,6,0,person who enjoys browsing Twitter,1,26
13,Edward,6,0,male person,2,46
13,Edward,6,0,clinical research assistant,3,52
13,Edward,6,0,single person,4,47
13,Edward,6,0,person who enjoys reading science fiction,5,30
13,Edward,6,0,experienced driver,6,70
13,Edward,6,0,White person,7,49
13,Edward,6,0,studious person,8,54
13,Edward,6,0,ambitious person,9,51
13,Edward,6,0,24-year-old person,10,55
13,Chris,7,1,generic person,0,56
13,Chris,7,1,person who enjoys swimming,1,22
13,Chris,7,1,male person,2,60
13,Chris,7,1,person with an average IQ,3,68
13,Chris,7,1,person with a curious personality,4,68
13,Chris,7,1,person who admires his father,5,71
13,Chris,7,1,person who enjoys playing hide-and-seek,6,17
13,Chris,7,1,person who weighs 70 lbs,7,15
13,Chris,7,1,10-year-old person,8,61
13,Chris,7,1,White person,9,53
13,Chris,7,1,picky eater,10,10
13,Tristan,8,0,generic person,0,64
13,Tristan,8,0,extroverted and outgoing person,1,22
13,Tristan,8,0,cardiologist,2,88
13,Tristan,8,0,person who enjoys country music,3,9
13,Tristan,8,0,43-year-old person,4,27
13,Tristan,8,0,male person,5,31
13,Tristan,8,0,person who can be impatient,6,52
13,Tristan,8,0,Black person,7,40
13,Tristan,8,0,person who can be opinionated,8,56
13,Tristan,8,0,person with 10+ years of work experience,9,93
13,Tristan,8,0,Christian person,10,12
13,Julia,9,0,generic person,0,63
13,Julia,9,0,female person,1,67
13,Julia,9,0,person who enjoys watching TV shows,2,7
13,Julia,9,0,person who can be sensitive,3,77
13,Julia,9,0,person with asthma,4,12
13,Julia,9,0,college student,5,57
13,Julia,9,0,multiracial person,6,35
13,Julia,9,0,courteous person,7,55
13,Julia,9,0,babysitter,8,89
13,Julia,9,0,19-year-old person,9,69
13,Julia,9,0,person studying psychology,10,41
13,Ava,10,1,generic person,0,65
13,Ava,10,1,person who regularly drinks coffee,1,7
13,Ava,10,1,Native American person,2,7
13,Ava,10,1,person who enjoys music concerts,3,6
13,Ava,10,1,long-time friend,4,16
13,Ava,10,1,person with a peanut allergy,5,7
13,Ava,10,1,female person,6,51
13,Ava,10,1,person who often drives,7,88
13,Ava,10,1,artist,8,12
13,Ava,10,1,compassionate person,9,70
13,Ava,10,1,26-year-old person,10,69
13,Alfred,11,1,generic person,0,29
13,Alfred,11,1,person with PTSD,1,78
13,Alfred,11,1,68-year-old person,2,48
13,Alfred,11,1,person who enjoys Italian cuisine,3,14
13,Alfred,11,1,White person,4,22
13,Alfred,11,1,patriotic person,5,29
13,Alfred,11,1,male person,6,53
13,Alfred,11,1,veteran,7,75
13,Alfred,11,1,person who enjoys fishing,8,8
13,Alfred,11,1,person who lives alone,9,6
13,Alfred,11,1,person with a calm personality,10,49
14,Julia,1,0,generic person,0,58
14,Julia,1,0,person who can be sensitive,1,57
14,Julia,1,0,person studying psychology,2,21
14,Julia,1,0,courteous person,3,54
14,Julia,1,0,person who enjoys watching TV shows,4,54
14,Julia,1,0,multiracial person,5,47
14,Julia,1,0,babysitter,6,61
14,Julia,1,0,female person,7,54
14,Julia,1,0,person with asthma,8,55
14,Julia,1,0,19-year-old person,9,56
14,Julia,1,0,college student,10,57
14,Nadia,2,0,generic person,0,62
14,Nadia,2,0,person who enjoys oil painting,1,29
14,Nadia,2,0,organized person,2,58
14,Nadia,2,0,software engineer,3,34
14,Nadia,2,0,female person,4,57
14,Nadia,2,0,person with red hair,5,32
14,Nadia,2,0,person who collects vinyl records,6,30
14,Nadia,2,0,person who had attended couples therapy,7,65
14,Nadia,2,0,34-year-old person,8,51
14,Nadia,2,0,timid person,9,57
14,Nadia,2,0,White person,10,35
14,Darla,3,0,generic person,0,55
14,Darla,3,0,home daycare business owner,1,54
14,Darla,3,0,Black person,2,56
14,Darla,3,0,person who interacts well with children,3,57
14,Darla,3,0,nearsighted person,4,28
14,Darla,3,0,person who enjoys cooking,5,32
14,Darla,3,0,32-year-old person,6,57
14,Darla,3,0,person with a long-term client relationship,7,63
14,Darla,3,0,person with an absent-minded personality,8,59
14,Darla,3,0,person with a laid-back personality,9,60
14,Darla,3,0,female person,10,55
14,Alfred,4,1,generic person,0,54
14,Alfred,4,1,veteran,1,56
14,Alfred,4,1,White person,2,34
14,Alfred,4,1,person with PTSD,3,68
14,Alfred,4,1,male person,4,57
14,Alfred,4,1,person who lives alone,5,37
14,Alfred,4,1,68-year-old person,6,63
14,Alfred,4,1,person who enjoys fishing,7,32
14,Alfred,4,1,person who enjoys Italian cuisine,8,32
14,Alfred,4,1,patriotic person,9,48
14,Alfred,4,1,person with a calm personality,10,61
14,Edward,5,1,generic person,0,53
14,Edward,5,1,single person,1,32
14,Edward,5,1,studious person,2,36
14,Edward,5,1,experienced driver,3,62
14,Edward,5,1,male person,4,60
14,Edward,5,1,person who enjoys browsing Twitter,5,29
14,Edward,5,1,person who enjoys reading science fiction,6,32
14,Edward,5,1,ambitious person,7,55
14,Edward,5,1,White person,8,36
14,Edward,5,1,clinical research assistant,9,44
14,Edward,5,1,24-year-old person,10,53
14,Qian,6,0,generic person,0,58
14,Qian,6,0,non-smoker,1,35
14,Qian,6,0,Asian person,2,45
14,Qian,6,0,27-year-old person,3,39
14,Qian,6,0,restaurant waiter,4,31
14,Qian,6,0,person with a humorous personality,5,58
14,Qian,6,0,person who can be stubborn,6,57
14,Qian,6,0,male person,7,49
14,Qian,6,0,person who enjoys jazz music,8,28
14,Qian,6,0,hard-working person,9,41
14,Qian,6,0,person who enjoys watching sports,10,26
14,Tristan,7,1,generic person,0,56
14,Tristan,7,1,Black person,1,49
14,Tristan,7,1,male person,2,54
14,Tristan,7,1,person who can be opinionated,3,57
14,Tristan,7,1,person with 10+ years of work experience,4,68
14,Tristan,7,1,cardiologist,5,67
14,Tristan,7,1,person who enjoys country music,6,24
14,Tristan,7,1,person who can be impatient,7,24
14,Tristan,7,1,extroverted and outgoing person,8,26
14,Tristan,7,1,43-year-old person,9,54
14,Tristan,7,1,Christian person,10,27
14,Chris,8,1,generic person,0,55
14,Chris,8,1,person with an average IQ,1,58
14,Chris,8,1,picky eater,2,29
14,Chris,8,1,person who admires his father,3,57
14,Chris,8,1,male person,4,55
14,Chris,8,1,person who enjoys swimming,5,22
14,Chris,8,1,person who enjoys playing hide-and-seek,6,34
14,Chris,8,1,person who weighs 70 lbs,7,28
14,Chris,8,1,person with a curious personality,8,59
14,Chris,8,1,White person,9,32
14,Chris,8,1,10-year-old person,10,58
14,Melvin,9,1,generic person,0,53
14,Melvin,9,1,male person,1,55
14,Melvin,9,1,person who grows hay,2,58
14,Melvin,9,1,person who grows corn,3,59
14,Melvin,9,1,person with a cheerful personality,4,29
14,Melvin,9,1,White person,5,31
14,Melvin,9,1,person who enjoys rock music,6,30
14,Melvin,9,1,person who is sometimes stingy,7,31
14,Melvin,9,1,person with high blood pressure,8,32
14,Melvin,9,1,farmer,9,57
14,Melvin,9,1,45-year-old person,10,51
14,Flora,10,1,generic person,0,55
14,Flora,10,1,empathetic person,1,57
14,Flora,10,1,person who composes music,2,26
14,Flora,10,1,person who uses a white cane,3,63
14,Flora,10,1,counselor,4,60
14,Flora,10,1,early riser,5,24
14,Flora,10,1,person who enjoys gardening,6,26
14,Flora,10,1,Asian person,7,29
14,Flora,10,1,legally blind person,8,65
14,Flora,10,1,32-year-old person,9,34
14,Flora,10,1,female person,10,60
14,Ava,11,1,generic person,0,55
14,Ava,11,1,26-year-old person,1,33
14,Ava,11,1,artist,2,27
14,Ava,11,1,person with a peanut allergy,3,27
14,Ava,11,1,compassionate person,4,54
14,Ava,11,1,person who often drives,5,68
14,Ava,11,1,person who enjoys music concerts,6,26
14,Ava,11,1,person who regularly drinks coffee,7,23
14,Ava,11,1,female person,8,58
14,Ava,11,1,Native American person,9,27
14,Ava,11,1,long-time friend,10,27
15,Flora,1,1,generic person,0,0
15,Flora,1,1,legally blind person,1,100
15,Flora,1,1,early riser,2,0
15,Flora,1,1,Asian person,3,0
15,Flora,1,1,person who composes music,4,0
15,Flora,1,1,counselor,5,0
15,Flora,1,1,empathetic person,6,0
15,Flora,1,1,female person,7,0
15,Flora,1,1,person who uses a white cane,8,0
15,Flora,1,1,person who enjoys gardening,9,0
15,Flora,1,1,32-year-old person,10,0
15,Alfred,2,1,generic person,0,0
15,Alfred,2,1,68-year-old person,1,0
15,Alfred,2,1,person who enjoys fishing,2,0
15,Alfred,2,1,White person,3,0
15,Alfred,2,1,male person,4,0
15,Alfred,2,1,patriotic person,5,0
15,Alfred,2,1,person with PTSD,6,100
15,Alfred,2,1,person who lives alone,7,0
15,Alfred,2,1,veteran,8,50
15,Alfred,2,1,person with a calm personality,9,0
15,Alfred,2,1,person who enjoys Italian cuisine,10,0
15,Julia,3,0,generic person,0,0
15,Julia,3,0,babysitter,1,49
15,Julia,3,0,person studying psychology,2,0
15,Julia,3,0,person with asthma,3,49
15,Julia,3,0,person who enjoys watching TV shows,4,49
15,Julia,3,0,multiracial person,5,49
15,Julia,3,0,19-year-old person,6,49
15,Julia,3,0,female person,7,49
15,Julia,3,0,courteous person,8,49
15,Julia,3,0,college student,9,49
15,Julia,3,0,person who can be sensitive,10,100
15,Chris,4,1,generic person,0,49
15,Chris,4,1,person with an average IQ,1,100
15,Chris,4,1,person with a curious personality,2,100
15,Chris,4,1,male person,3,51
15,Chris,4,1,10-year-old person,4,100
15,Chris,4,1,picky eater,5,0
15,Chris,4,1,person who enjoys playing hide-and-seek,6,49
15,Chris,4,1,White person,7,49
15,Chris,4,1,person who enjoys swimming,8,49
15,Chris,4,1,person who weighs 70 lbs,9,49
15,Chris,4,1,person who admires his father,10,49
15,Melvin,5,1,generic person,0,51
15,Melvin,5,1,person with high blood pressure,1,51
15,Melvin,5,1,person with a cheerful personality,2,51
15,Melvin,5,1,male person,3,51
15,Melvin,5,1,45-year-old person,4,51
15,Melvin,5,1,person who enjoys rock music,5,51
15,Melvin,5,1,person who is sometimes stingy,6,100
15,Melvin,5,1,person who grows hay,7,53
15,Melvin,5,1,White person,8,53
15,Melvin,5,1,farmer,9,53
15,Melvin,5,1,person who grows corn,10,53
15,Darla,6,0,generic person,0,48
15,Darla,6,0,female person,1,48
15,Darla,6,0,home daycare business owner,2,48
15,Darla,6,0,person who interacts well with children,3,48
15,Darla,6,0,nearsighted person,4,48
15,Darla,6,0,Black person,5,48
15,Darla,6,0,32-year-old person,6,48
15,Darla,6,0,person with a long-term client relationship,7,48
15,Darla,6,0,person who enjoys cooking,8,48
15,Darla,6,0,person with a laid-back personality,9,48
15,Darla,6,0,person with an absent-minded personality,10,100
15,Ava,7,1,generic person,0,100
15,Ava,7,1,compassionate person,1,98
15,Ava,7,1,person who regularly drinks coffee,2,98
15,Ava,7,1,Native American person,3,98
15,Ava,7,1,26-year-old person,4,99
15,Ava,7,1,person who enjoys music concerts,5,99
15,Ava,7,1,artist,6,99
15,Ava,7,1,female person,7,99
15,Ava,7,1,long-time friend,8,99
15,Ava,7,1,person who often drives,9,99
15,Ava,7,1,person with a peanut allergy,10,99
15,Qian,8,1,generic person,0,100
15,Qian,8,1,hard-working person,1,100
15,Qian,8,1,27-year-old person,2,100
15,Qian,8,1,person who enjoys jazz music,3,100
15,Qian,8,1,male person,4,100
15,Qian,8,1,restaurant waiter,5,100
15,Qian,8,1,Asian person,6,100
15,Qian,8,1,non-smoker,7,99
15,Qian,8,1,person who enjoys watching sports,8,99
15,Qian,8,1,person with a humorous personality,9,99
15,Qian,8,1,person who can be stubborn,10,48
15,Nadia,9,0,generic person,0,51
15,Nadia,9,0,person who enjoys oil painting,1,51
15,Nadia,9,0,software engineer,2,51
15,Nadia,9,0,34-year-old person,3,51
15,Nadia,9,0,person who collects vinyl records,4,51
15,Nadia,9,0,female person,5,51
15,Nadia,9,0,timid person,6,51
15,Nadia,9,0,person with red hair,7,51
15,Nadia,9,0,person who had attended couples therapy,8,100
15,Nadia,9,0,organized person,9,49
15,Nadia,9,0,White person,10,49
15,Edward,10,1,generic person,0,51
15,Edward,10,1,male person,1,49
15,Edward,10,1,experienced driver,2,100
15,Edward,10,1,ambitious person,3,49
15,Edward,10,1,studious person,4,49
15,Edward,10,1,single person,5,49
15,Edward,10,1,person who enjoys browsing Twitter,6,0
15,Edward,10,1,White person,7,49
15,Edward,10,1,24-year-old person,8,49
15,Edward,10,1,clinical research assistant,9,49
15,Edward,10,1,person who enjoys reading science fiction,10,49
15,Tristan,11,1,generic person,0,49
15,Tristan,11,1,Christian person,1,49
15,Tristan,11,1,person who can be impatient,2,100
15,Tristan,11,1,person who enjoys country music,3,48
15,Tristan,11,1,cardiologist,4,100
15,Tristan,11,1,male person,5,49
15,Tristan,11,1,Black person,6,51
15,Tristan,11,1,extroverted and outgoing person,7,51
15,Tristan,11,1,person with 10+ years of work experience,8,100
15,Tristan,11,1,person who can be opinionated,9,100
15,Tristan,11,1,43-year-old person,10,51
16,Chris,1,1,generic person,0,62
16,Chris,1,1,male person,1,64
16,Chris,1,1,person who enjoys playing hide-and-seek,2,66
16,Chris,1,1,person who enjoys swimming,3,62
16,Chris,1,1,person who admires his father,4,57
16,Chris,1,1,White person,5,62
16,Chris,1,1,person who weighs 70 lbs,6,66
16,Chris,1,1,picky eater,7,69
16,Chris,1,1,person with an average IQ,8,76
16,Chris,1,1,person with a curious personality,9,91
16,Chris,1,1,10-year-old person,10,66
16,Julia,2,0,generic person,0,69
16,Julia,2,0,courteous person,1,43
16,Julia,2,0,19-year-old person,2,60
16,Julia,2,0,female person,3,62
16,Julia,2,0,person studying psychology,4,37
16,Julia,2,0,person with asthma,5,73
16,Julia,2,0,college student,6,47
16,Julia,2,0,person who can be sensitive,7,25
16,Julia,2,0,person who enjoys watching TV shows,8,67
16,Julia,2,0,multiracial person,9,66
16,Julia,2,0,babysitter,10,16
16,Melvin,3,1,generic person,0,78
16,Melvin,3,1,45-year-old person,1,86
16,Melvin,3,1,male person,2,87
16,Melvin,3,1,person with a cheerful personality,3,73
16,Melvin,3,1,farmer,4,85
16,Melvin,3,1,person with high blood pressure,5,73
16,Melvin,3,1,person who grows hay,6,64
16,Melvin,3,1,person who is sometimes stingy,7,71
16,Melvin,3,1,person who enjoys rock music,8,77
16,Melvin,3,1,White person,9,84
16,Melvin,3,1,person who grows corn,10,87
16,Ava,4,1,generic person,0,94
16,Ava,4,1,person with a peanut allergy,1,78
16,Ava,4,1,26-year-old person,2,94
16,Ava,4,1,person who often drives,3,91
16,Ava,4,1,person who regularly drinks coffee,4,90
16,Ava,4,1,Native American person,5,82
16,Ava,4,1,compassionate person,6,96
16,Ava,4,1,female person,7,90
16,Ava,4,1,artist,8,87
16,Ava,4,1,long-time friend,9,88
16,Ava,4,1,person who enjoys music concerts,10,86
16,Flora,5,1,generic person,0,58
16,Flora,5,1,early riser,1,61
16,Flora,5,1,legally blind person,2,94
16,Flora,5,1,32-year-old person,3,73
16,Flora,5,1,female person,4,78
16,Flora,5,1,person who composes music,5,73
16,Flora,5,1,Asian person,6,70
16,Flora,5,1,person who enjoys gardening,7,71
16,Flora,5,1,counselor,8,65
16,Flora,5,1,person who uses a white cane,9,93
16,Flora,5,1,empathetic person,10,100
16,Alfred,6,1,generic person,0,5
16,Alfred,6,1,male person,1,5
16,Alfred,6,1,person who lives alone,2,8
16,Alfred,6,1,White person,3,8
16,Alfred,6,1,person with PTSD,4,87
16,Alfred,6,1,person who enjoys Italian cuisine,5,7
16,Alfred,6,1,veteran,6,79
16,Alfred,6,1,68-year-old person,7,64
16,Alfred,6,1,person with a calm personality,8,16
16,Alfred,6,1,person who enjoys fishing,9,3
16,Alfred,6,1,patriotic person,10,10
16,Tristan,7,1,generic person,0,14
16,Tristan,7,1,male person,1,6
16,Tristan,7,1,person who enjoys country music,2,10
16,Tristan,7,1,Black person,3,7
16,Tristan,7,1,person who can be opinionated,4,25
16,Tristan,7,1,person who can be impatient,5,33
16,Tristan,7,1,cardiologist,6,11
16,Tristan,7,1,extroverted and outgoing person,7,20
16,Tristan,7,1,person with 10+ years of work experience,8,19
16,Tristan,7,1,Christian person,9,16
16,Tristan,7,1,43-year-old person,10,18
16,Edward,8,1,generic person,0,18
16,Edward,8,1,studious person,1,18
16,Edward,8,1,ambitious person,2,19
16,Edward,8,1,single person,3,8
16,Edward,8,1,person who enjoys reading science fiction,4,9
16,Edward,8,1,male person,5,7
16,Edward,8,1,clinical research assistant,6,7
16,Edward,8,1,White person,7,8
16,Edward,8,1,person who enjoys browsing Twitter,8,8
16,Edward,8,1,experienced driver,9,0
16,Edward,8,1,24-year-old person,10,5
16,Nadia,9,0,generic person,0,86
16,Nadia,9,0,person who collects vinyl records,1,66
16,Nadia,9,0,person who had attended couples therapy,2,81
16,Nadia,9,0,person who enjoys oil painting,3,76
16,Nadia,9,0,organized person,4,75
16,Nadia,9,0,34-year-old person,5,78
16,Nadia,9,0,timid person,6,90
16,Nadia,9,0,White person,7,82
16,Nadia,9,0,software engineer,8,77
16,Nadia,9,0,person with red hair,9,78
16,Nadia,9,0,female person,10,77
16,Qian,10,0,generic person,0,94
16,Qian,10,0,person who enjoys jazz music,1,83
16,Qian,10,0,restaurant waiter,2,90
16,Qian,10,0,non-smoker,3,94
16,Qian,10,0,hard-working person,4,89
16,Qian,10,0,Asian person,5,87
16,Qian,10,0,person who can be stubborn,6,87
16,Qian,10,0,person with a humorous personality,7,88
16,Qian,10,0,27-year-old person,8,92
16,Qian,10,0,person who enjoys watching sports,9,90
16,Qian,10,0,male person,10,91
16,Darla,11,0,generic person,0,14
16,Darla,11,0,person with a long-term client relationship,1,18
16,Darla,11,0,person who enjoys cooking,2,16
16,Darla,11,0,person with an absent-minded personality,3,98
16,Darla,11,0,person with a laid-back personality,4,15
16,Darla,11,0,32-year-old person,5,9
16,Darla,11,0,nearsighted person,6,56
16,Darla,11,0,person who interacts well with children,7,13
16,Darla,11,0,home daycare business owner,8,9
16,Darla,11,0,Black person,9,8
16,Darla,11,0,female person,10,7
17,Nadia,1,0,generic person,0,50
17,Nadia,1,0,person who had attended couples therapy,1,48
17,Nadia,1,0,timid person,2,59
17,Nadia,1,0,person who enjoys oil painting,3,67
17,Nadia,1,0,software engineer,4,68
17,Nadia,1,0,34-year-old person,5,61
17,Nadia,1,0,person who collects vinyl records,6,69
17,Nadia,1,0,organized person,7,65
17,Nadia,1,0,White person,8,54
17,Nadia,1,0,female person,9,56
17,Nadia,1,0,person with red hair,10,54
17,Qian,2,0,generic person,0,48
17,Qian,2,0,person who enjoys watching sports,1,50
17,Qian,2,0,27-year-old person,2,52
17,Qian,2,0,person who enjoys jazz music,3,56
17,Qian,2,0,non-smoker,4,56
17,Qian,2,0,person with a humorous personality,5,59
17,Qian,2,0,male person,6,51
17,Qian,2,0,Asian person,7,44
17,Qian,2,0,person who can be stubborn,8,42
17,Qian,2,0,hard-working person,9,70
17,Qian,2,0,restaurant waiter,10,65
17,Ava,3,1,generic person,0,49
17,Ava,3,1,long-time friend,1,67
17,Ava,3,1,26-year-old person,2,62
17,Ava,3,1,person with a peanut allergy,3,45
17,Ava,3,1,compassionate person,4,75
17,Ava,3,1,person who enjoys music concerts,5,69
17,Ava,3,1,female person,6,54
17,Ava,3,1,Native American person,7,51
17,Ava,3,1,artist,8,70
17,Ava,3,1,person who regularly drinks coffee,9,60
17,Ava,3,1,person who often drives,10,68
17,Flora,4,1,generic person,0,49
17,Flora,4,1,legally blind person,1,67
17,Flora,4,1,Asian person,2,48
17,Flora,4,1,female person,3,46
17,Flora,4,1,person who composes music,4,81
17,Flora,4,1,early riser,5,57
17,Flora,4,1,counselor,6,80
17,Flora,4,1,person who enjoys gardening,7,84
17,Flora,4,1,32-year-old person,8,53
17,Flora,4,1,empathetic person,9,88
17,Flora,4,1,person who uses a white cane,10,51
17,Edward,5,1,generic person,0,48
17,Edward,5,1,clinical research assistant,1,73
17,Edward,5,1,single person,2,49
17,Edward,5,1,White person,3,29
17,Edward,5,1,studious person,4,67
17,Edward,5,1,24-year-old person,5,48
17,Edward,5,1,person who enjoys reading science fiction,6,46
17,Edward,5,1,male person,7,38
17,Edward,5,1,person who enjoys browsing Twitter,8,51
17,Edward,5,1,ambitious person,9,57
17,Edward,5,1,experienced driver,10,86
17,Tristan,6,1,generic person,0,46
17,Tristan,6,1,Black person,1,15
17,Tristan,6,1,43-year-old person,2,44
17,Tristan,6,1,person who enjoys country music,3,72
17,Tristan,6,1,person who can be opinionated,4,20
17,Tristan,6,1,Christian person,5,88
17,Tristan,6,1,male person,6,38
17,Tristan,6,1,extroverted and outgoing person,7,46
17,Tristan,6,1,person with 10+ years of work experience,8,93
17,Tristan,6,1,cardiologist,9,90
17,Tristan,6,1,person who can be impatient,10,25
17,Chris,7,1,generic person,0,45
17,Chris,7,1,10-year-old person,1,88
17,Chris,7,1,person who enjoys playing hide-and-seek,2,68
17,Chris,7,1,person with an average IQ,3,57
17,Chris,7,1,picky eater,4,47
17,Chris,7,1,person who weighs 70 lbs,5,47
17,Chris,7,1,male person,6,41
17,Chris,7,1,person with a curious personality,7,79
17,Chris,7,1,person who enjoys swimming,8,45
17,Chris,7,1,White person,9,24
17,Chris,7,1,person who admires his father,10,90
17,Melvin,8,1,generic person,0,47
17,Melvin,8,1,person with high blood pressure,1,52
17,Melvin,8,1,person who is sometimes stingy,2,17
17,Melvin,8,1,White person,3,27
17,Melvin,8,1,person who enjoys rock music,4,61
17,Melvin,8,1,person who grows hay,5,79
17,Melvin,8,1,person with a cheerful personality,6,96
17,Melvin,8,1,45-year-old person,7,65
17,Melvin,8,1,male person,8,43
17,Melvin,8,1,farmer,9,86
17,Melvin,8,1,person who grows corn,10,93
17,Darla,9,0,generic person,0,45
17,Darla,9,0,person who enjoys cooking,1,67
17,Darla,9,0,person with a long-term client relationship,2,97
17,Darla,9,0,32-year-old person,3,51
17,Darla,9,0,person with a laid-back personality,4,81
17,Darla,9,0,person with an absent-minded personality,5,13
17,Darla,9,0,Black person,6,27
17,Darla,9,0,female person,7,39
17,Darla,9,0,person who interacts well with children,8,92
17,Darla,9,0,home daycare business owner,9,86
17,Darla,9,0,nearsighted person,10,46
17,Julia,10,0,generic person,0,47
17,Julia,10,0,female person,1,40
17,Julia,10,0,person studying psychology,2,71
17,Julia,10,0,multiracial person,3,41
17,Julia,10,0,person with asthma,4,34
17,Julia,10,0,person who enjoys watching TV shows,5,51
17,Julia,10,0,19-year-old person,6,44
17,Julia,10,0,babysitter,7,78
17,Julia,10,0,person who can be sensitive,8,72
17,Julia,10,0,courteous person,9,83
17,Julia,10,0,college student,10,54
17,Alfred,11,1,generic person,0,45
17,Alfred,11,1,person who enjoys Italian cuisine,1,65
17,Alfred,11,1,person with a calm personality,2,87
17,Alfred,11,1,male person,3,38
17,Alfred,11,1,person with PTSD,4,42
17,Alfred,11,1,person who lives alone,5,48
17,Alfred,11,1,68-year-old person,6,71
17,Alfred,11,1,person who enjoys fishing,7,87
17,Alfred,11,1,veteran,8,76
17,Alfred,11,1,White person,9,33
17,Alfred,11,1,patriotic person,10,78
18,Edward,1,1,generic person,0,0
18,Edward,1,1,studious person,1,0
18,Edward,1,1,clinical research assistant,2,0
18,Edward,1,1,male person,3,0
18,Edward,1,1,person who enjoys browsing Twitter,4,0
18,Edward,1,1,single person,5,0
18,Edward,1,1,person who enjoys reading science fiction,6,0
18,Edward,1,1,experienced driver,7,0
18,Edward,1,1,ambitious person,8,0
18,Edward,1,1,24-year-old person,9,0
18,Edward,1,1,White person,10,0
18,Nadia,2,0,generic person,0,100
18,Nadia,2,0,person with red hair,1,100
18,Nadia,2,0,34-year-old person,2,100
18,Nadia,2,0,timid person,3,100
18,Nadia,2,0,person who had attended couples therapy,4,100
18,Nadia,2,0,organized person,5,100
18,Nadia,2,0,White person,6,100
18,Nadia,2,0,female person,7,100
18,Nadia,2,0,person who enjoys oil painting,8,100
18,Nadia,2,0,person who collects vinyl records,9,100
18,Nadia,2,0,software engineer,10,100
18,Qian,3,0,generic person,0,0
18,Qian,3,0,Asian person,1,0
18,Qian,3,0,27-year-old person,2,0
18,Qian,3,0,person with a humorous personality,3,0
18,Qian,3,0,person who can be stubborn,4,0
18,Qian,3,0,non-smoker,5,0
18,Qian,3,0,male person,6,0
18,Qian,3,0,person who enjoys watching sports,7,0
18,Qian,3,0,person who enjoys jazz music,8,0
18,Qian,3,0,restaurant waiter,9,0
18,Qian,3,0,hard-working person,10,0
18,Ava,4,1,generic person,0,100
18,Ava,4,1,artist,1,100
18,Ava,4,1,person who regularly drinks coffee,2,99
18,Ava,4,1,Native American person,3,99
18,Ava,4,1,female person,4,99
18,Ava,4,1,compassionate person,5,98
18,Ava,4,1,person who often drives,6,98
18,Ava,4,1,person with a peanut allergy,7,99
18,Ava,4,1,26-year-old person,8,99
18,Ava,4,1,long-time friend,9,99
18,Ava,4,1,person who enjoys music concerts,10,98
18,Tristan,5,1,generic person,0,1
18,Tristan,5,1,person with 10+ years of work experience,1,0
18,Tristan,5,1,43-year-old person,2,0
18,Tristan,5,1,person who can be impatient,3,0
18,Tristan,5,1,person who can be opinionated,4,0
18,Tristan,5,1,male person,5,0
18,Tristan,5,1,extroverted and outgoing person,6,0
18,Tristan,5,1,person who enjoys country music,7,0
18,Tristan,5,1,Christian person,8,0
18,Tristan,5,1,cardiologist,9,0
18,Tristan,5,1,Black person,10,0
18,Melvin,6,1,generic person,0,0
18,Melvin,6,1,person with a cheerful personality,1,0
18,Melvin,6,1,person who is sometimes stingy,2,0
18,Melvin,6,1,person who grows hay,3,0
18,Melvin,6,1,male person,4,0
18,Melvin,6,1,person who grows corn,5,0
18,Melvin,6,1,person who enjoys rock music,6,0
18,Melvin,6,1,farmer,7,0
18,Melvin,6,1,White person,8,0
18,Melvin,6,1,person with high blood pressure,9,0
18,Melvin,6,1,45-year-old person,10,0
18,Flora,7,1,generic person,0,100
18,Flora,7,1,empathetic person,1,100
18,Flora,7,1,Asian person,2,100
18,Flora,7,1,32-year-old person,3,100
18,Flora,7,1,early riser,4,100
18,Flora,7,1,person who uses a white cane,5,100
18,Flora,7,1,person who enjoys gardening,6,100
18,Flora,7,1,legally blind person,7,100
18,Flora,7,1,counselor,8,100
18,Flora,7,1,person who composes music,9,100
18,Flora,7,1,female person,10,100
18,Alfred,8,1,generic person,0,0
18,Alfred,8,1,White person,1,0
18,Alfred,8,1,person who lives alone,2,0
18,Alfred,8,1,person with a calm personality,3,0
18,Alfred,8,1,68-year-old person,4,0
18,Alfred,8,1,patriotic person,5,0
18,Alfred,8,1,person with PTSD,6,0
18,Alfred,8,1,person who enjoys fishing,7,0
18,Alfred,8,1,male person,8,0
18,Alfred,8,1,veteran,9,0
18,Alfred,8,1,person who enjoys Italian cuisine,10,0
18,Julia,9,0,generic person,0,0
18,Julia,9,0,person with asthma,1,0
18,Julia,9,0,multiracial person,2,0
18,Julia,9,0,19-year-old person,3,0
18,Julia,9,0,person studying psychology,4,0
18,Julia,9,0,babysitter,5,0
18,Julia,9,0,person who can be sensitive,6,0
18,Julia,9,0,female person,7,0
18,Julia,9,0,courteous person,8,0
18,Julia,9,0,college student,9,1
18,Julia,9,0,person who enjoys watching TV shows,10,0
18,Chris,10,1,generic person,0,0
18,Chris,10,1,person with an average IQ,1,0
18,Chris,10,1,person who admires his father,2,0
18,Chris,10,1,picky eater,3,0
18,Chris,10,1,White person,4,0
18,Chris,10,1,male person,5,0
18,Chris,10,1,person who enjoys playing hide-and-seek,6,0
18,Chris,10,1,person with a curious personality,7,0
18,Chris,10,1,10-year-old person,8,0
18,Chris,10,1,person who enjoys swimming,9,0
18,Chris,10,1,person who weighs 70 lbs,10,0
18,Darla,11,1,generic person,0,100
18,Darla,11,1,home daycare business owner,1,100
18,Darla,11,1,32-year-old person,2,100
18,Darla,11,1,female person,3,100
18,Darla,11,1,person who enjoys cooking,4,100
18,Darla,11,1,nearsighted person,5,100
18,Darla,11,1,Black person,6,100
18,Darla,11,1,person with a laid-back personality,7,100
18,Darla,11,1,person with a long-term client relationship,8,100
18,Darla,11,1,person with an absent-minded personality,9,100
18,Darla,11,1,person who interacts well with children,10,100
19,Flora,1,1,generic person,0,100
19,Flora,1,1,Asian person,1,100
19,Flora,1,1,person who enjoys gardening,2,100
19,Flora,1,1,legally blind person,3,100
19,Flora,1,1,32-year-old person,4,100
19,Flora,1,1,person who composes music,5,98
19,Flora,1,1,person who uses a white cane,6,100
19,Flora,1,1,female person,7,100
19,Flora,1,1,counselor,8,100
19,Flora,1,1,empathetic person,9,100
19,Flora,1,1,early riser,10,100
19,Melvin,2,1,generic person,0,100
19,Melvin,2,1,person with a cheerful personality,1,100
19,Melvin,2,1,White person,2,100
19,Melvin,2,1,person who grows hay,3,100
19,Melvin,2,1,male person,4,100
19,Melvin,2,1,farmer,5,100
19,Melvin,2,1,person who is sometimes stingy,6,41
19,Melvin,2,1,person with high blood pressure,7,100
19,Melvin,2,1,45-year-old person,8,100
19,Melvin,2,1,person who enjoys rock music,9,77
19,Melvin,2,1,person who grows corn,10,100
19,Tristan,3,1,generic person,0,100
19,Tristan,3,1,extroverted and outgoing person,1,100
19,Tristan,3,1,person who enjoys country music,2,100
19,Tristan,3,1,Black person,3,100
19,Tristan,3,1,cardiologist,4,49
19,Tristan,3,1,person who can be opinionated,5,23
19,Tristan,3,1,male person,6,50
19,Tristan,3,1,Christian person,7,22
19,Tristan,3,1,person who can be impatient,8,47
19,Tristan,3,1,43-year-old person,9,100
19,Tristan,3,1,person with 10+ years of work experience,10,100
19,Nadia,4,0,generic person,0,100
19,Nadia,4,0,female person,1,100
19,Nadia,4,0,person who collects vinyl records,2,100
19,Nadia,4,0,organized person,3,100
19,Nadia,4,0,person who had attended couples therapy,4,79
19,Nadia,4,0,software engineer,5,100
19,Nadia,4,0,34-year-old person,6,100
19,Nadia,4,0,timid person,7,44
19,Nadia,4,0,person who enjoys oil painting,8,100
19,Nadia,4,0,White person,9,100
19,Nadia,4,0,person with red hair,10,100
19,Julia,5,0,generic person,0,100
19,Julia,5,0,person who enjoys watching TV shows,1,100
19,Julia,5,0,person studying psychology,2,100
19,Julia,5,0,college student,3,100
19,Julia,5,0,courteous person,4,100
19,Julia,5,0,person who can be sensitive,5,30
19,Julia,5,0,person with asthma,6,71
19,Julia,5,0,female person,7,100
19,Julia,5,0,babysitter,8,100
19,Julia,5,0,multiracial person,9,100
19,Julia,5,0,19-year-old person,10,20
19,Ava,6,1,generic person,0,100
19,Ava,6,1,26-year-old person,1,99
19,Ava,6,1,person who often drives,2,100
19,Ava,6,1,person who enjoys music concerts,3,100
19,Ava,6,1,compassionate person,4,91
19,Ava,6,1,person who regularly drinks coffee,5,100
19,Ava,6,1,Native American person,6,100
19,Ava,6,1,female person,7,100
19,Ava,6,1,long-time friend,8,20
19,Ava,6,1,person with a peanut allergy,9,100
19,Ava,6,1,artist,10,100
19,Qian,7,0,generic person,0,100
19,Qian,7,0,Asian person,1,100
19,Qian,7,0,hard-working person,2,100
19,Qian,7,0,person with a humorous personality,3,49
19,Qian,7,0,person who enjoys watching sports,4,100
19,Qian,7,0,restaurant waiter,5,100
19,Qian,7,0,person who can be stubborn,6,32
19,Qian,7,0,person who enjoys jazz music,7,100
19,Qian,7,0,male person,8,100
19,Qian,7,0,27-year-old person,9,100
19,Qian,7,0,non-smoker,10,100
19,Edward,8,1,generic person,0,100
19,Edward,8,1,person who enjoys browsing Twitter,1,76
19,Edward,8,1,White person,2,100
19,Edward,8,1,male person,3,100
19,Edward,8,1,person who enjoys reading science fiction,4,100
19,Edward,8,1,studious person,5,100
19,Edward,8,1,single person,6,100
19,Edward,8,1,clinical research assistant,7,100
19,Edward,8,1,24-year-old person,8,100
19,Edward,8,1,ambitious person,9,100
19,Edward,8,1,experienced driver,10,100
19,Chris,9,1,generic person,0,100
19,Chris,9,1,10-year-old person,1,0
19,Chris,9,1,White person,2,100
19,Chris,9,1,male person,3,82
19,Chris,9,1,picky eater,4,100
19,Chris,9,1,person who admires his father,5,55
19,Chris,9,1,person who enjoys swimming,6,100
19,Chris,9,1,person who weighs 70 lbs,7,100
19,Chris,9,1,person with a curious personality,8,100
19,Chris,9,1,person with an average IQ,9,100
19,Chris,9,1,person who enjoys playing hide-and-seek,10,100
19,Darla,10,0,generic person,0,100
19,Darla,10,0,Black person,1,99
19,Darla,10,0,home daycare business owner,2,100
19,Darla,10,0,person with a laid-back personality,3,100
19,Darla,10,0,person with a long-term client relationship,4,100
19,Darla,10,0,nearsighted person,5,100
19,Darla,10,0,person with an absent-minded personality,6,37
19,Darla,10,0,person who interacts well with children,7,100
19,Darla,10,0,32-year-old person,8,100
19,Darla,10,0,person who enjoys cooking,9,100
19,Darla,10,0,female person,10,100
19,Alfred,11,1,generic person,0,100
19,Alfred,11,1,person who enjoys Italian cuisine,1,100
19,Alfred,11,1,person with PTSD,2,64
19,Alfred,11,1,person who lives alone,3,100
19,Alfred,11,1,veteran,4,100
19,Alfred,11,1,68-year-old person,5,100
19,Alfred,11,1,person who enjoys fishing,6,100
19,Alfred,11,1,male person,7,100
19,Alfred,11,1,patriotic person,8,100
19,Alfred,11,1,White person,9,100
19,Alfred,11,1,person with a calm personality,10,71
20,Tristan,1,1,generic person,0,87
20,Tristan,1,1,Christian person,1,0
20,Tristan,1,1,43-year-old person,2,22
20,Tristan,1,1,person who can be opinionated,3,0
20,Tristan,1,1,person who enjoys country music,4,0
20,Tristan,1,1,Black person,5,0
20,Tristan,1,1,person who can be impatient,6,0
20,Tristan,1,1,cardiologist,7,100
20,Tristan,1,1,person with 10+ years of work experience,8,54
20,Tristan,1,1,extroverted and outgoing person,9,0
20,Tristan,1,1,male person,10,0
20,Nadia,2,0,generic person,0,97
20,Nadia,2,0,White person,1,0
20,Nadia,2,0,person who enjoys oil painting,2,0
20,Nadia,2,0,34-year-old person,3,70
20,Nadia,2,0,organized person,4,0
20,Nadia,2,0,software engineer,5,19
20,Nadia,2,0,female person,6,61
20,Nadia,2,0,person with red hair,7,0
20,Nadia,2,0,person who had attended couples therapy,8,12
20,Nadia,2,0,person who collects vinyl records,9,0
20,Nadia,2,0,timid person,10,16
20,Melvin,3,1,generic person,0,97
20,Melvin,3,1,45-year-old person,1,55
20,Melvin,3,1,person with a cheerful personality,2,0
20,Melvin,3,1,White person,3,0
20,Melvin,3,1,male person,4,0
20,Melvin,3,1,farmer,5,94
20,Melvin,3,1,person who grows hay,6,96
20,Melvin,3,1,person who enjoys rock music,7,0
20,Melvin,3,1,person with high blood pressure,8,0
20,Melvin,3,1,person who grows corn,9,0
20,Melvin,3,1,person who is sometimes stingy,10,0
20,Darla,4,0,generic person,0,95
20,Darla,4,0,person who enjoys cooking,1,0
20,Darla,4,0,female person,2,0
20,Darla,4,0,home daycare business owner,3,100
20,Darla,4,0,person with a laid-back personality,4,0
20,Darla,4,0,32-year-old person,5,21
20,Darla,4,0,Black person,6,0
20,Darla,4,0,person with an absent-minded personality,7,0
20,Darla,4,0,person with a long-term client relationship,8,0
20,Darla,4,0,nearsighted person,9,0
20,Darla,4,0,person who interacts well with children,10,0
20,Edward,5,1,generic person,0,100
20,Edward,5,1,single person,1,0
20,Edward,5,1,studious person,2,9
20,Edward,5,1,person who enjoys reading science fiction,3,0
20,Edward,5,1,clinical research assistant,4,15
20,Edward,5,1,person who enjoys browsing Twitter,5,0
20,Edward,5,1,ambitious person,6,11
20,Edward,5,1,24-year-old person,7,31
20,Edward,5,1,experienced driver,8,54
20,Edward,5,1,male person,9,0
20,Edward,5,1,White person,10,0
20,Flora,6,1,generic person,0,93
20,Flora,6,1,person who composes music,1,0
20,Flora,6,1,legally blind person,2,100
20,Flora,6,1,person who enjoys gardening,3,0
20,Flora,6,1,counselor,4,0
20,Flora,6,1,empathetic person,5,45
20,Flora,6,1,32-year-old person,6,38
20,Flora,6,1,Asian person,7,0
20,Flora,6,1,early riser,8,0
20,Flora,6,1,person who uses a white cane,9,0
20,Flora,6,1,female person,10,0
20,Alfred,7,1,generic person,0,87
20,Alfred,7,1,veteran,1,90
20,Alfred,7,1,White person,2,0
20,Alfred,7,1,male person,3,0
20,Alfred,7,1,person with PTSD,4,100
20,Alfred,7,1,person who enjoys Italian cuisine,5,0
20,Alfred,7,1,person who enjoys fishing,6,0
20,Alfred,7,1,patriotic person,7,0
20,Alfred,7,1,68-year-old person,8,62
20,Alfred,7,1,person who lives alone,9,0
20,Alfred,7,1,person with a calm personality,10,13
20,Qian,8,0,generic person,0,90
20,Qian,8,0,restaurant waiter,1,0
20,Qian,8,0,27-year-old person,2,46
20,Qian,8,0,person who enjoys watching sports,3,0
20,Qian,8,0,person who can be stubborn,4,0
20,Qian,8,0,non-smoker,5,0
20,Qian,8,0,person who enjoys jazz music,6,0
20,Qian,8,0,male person,7,0
20,Qian,8,0,Asian person,8,86
20,Qian,8,0,person with a humorous personality,9,0
20,Qian,8,0,hard-working person,10,0
20,Ava,9,1,generic person,0,96
20,Ava,9,1,person with a peanut allergy,1,0
20,Ava,9,1,artist,2,0
20,Ava,9,1,compassionate person,3,71
20,Ava,9,1,26-year-old person,4,58
20,Ava,9,1,person who regularly drinks coffee,5,0
20,Ava,9,1,female person,6,0
20,Ava,9,1,Native American person,7,0
20,Ava,9,1,long-time friend,8,0
20,Ava,9,1,person who enjoys music concerts,9,0
20,Ava,9,1,person who often drives,10,58
20,Chris,10,1,generic person,0,53
20,Chris,10,1,person with an average IQ,1,75
20,Chris,10,1,White person,2,0
20,Chris,10,1,person who enjoys swimming,3,0
20,Chris,10,1,person who enjoys playing hide-and-seek,4,0
20,Chris,10,1,person with a curious personality,5,9
20,Chris,10,1,picky eater,6,0
20,Chris,10,1,person who admires his father,7,9
20,Chris,10,1,person who weighs 70 lbs,8,0
20,Chris,10,1,male person,9,0
20,Chris,10,1,10-year-old person,10,100
20,Julia,11,0,generic person,0,95
20,Julia,11,0,multiracial person,1,0
20,Julia,11,0,babysitter,2,100
20,Julia,11,0,courteous person,3,0
20,Julia,11,0,female person,4,0
20,Julia,11,0,person who enjoys watching TV shows,5,0
20,Julia,11,0,person studying psychology,6,0
20,Julia,11,0,person who can be sensitive,7,0
20,Julia,11,0,college student,8,0
20,Julia,11,0,person with asthma,9,0
20,Julia,11,0,19-year-old person,10,57
21,Julia,1,0,generic person,0,0
21,Julia,1,0,babysitter,1,100
21,Julia,1,0,19-year-old person,2,100
21,Julia,1,0,female person,3,0
21,Julia,1,0,person with asthma,4,0
21,Julia,1,0,college student,5,49
21,Julia,1,0,person studying psychology,6,0
21,Julia,1,0,courteous person,7,0
21,Julia,1,0,multiracial person,8,0
21,Julia,1,0,person who enjoys watching TV shows,9,0
21,Julia,1,0,person who can be sensitive,10,0
21,Nadia,2,0,generic person,0,0
21,Nadia,2,0,person who enjoys oil painting,1,0
21,Nadia,2,0,person who collects vinyl records,2,0
21,Nadia,2,0,female person,3,100
21,Nadia,2,0,organized person,4,0
21,Nadia,2,0,software engineer,5,48
21,Nadia,2,0,34-year-old person,6,48
21,Nadia,2,0,person with red hair,7,0
21,Nadia,2,0,White person,8,0
21,Nadia,2,0,timid person,9,49
21,Nadia,2,0,person who had attended couples therapy,10,0
21,Alfred,3,1,generic person,0,0
21,Alfred,3,1,person with a calm personality,1,0
21,Alfred,3,1,person who enjoys Italian cuisine,2,0
21,Alfred,3,1,veteran,3,100
21,Alfred,3,1,person who lives alone,4,48
21,Alfred,3,1,person who enjoys fishing,5,0
21,Alfred,3,1,patriotic person,6,49
21,Alfred,3,1,person with PTSD,7,100
21,Alfred,3,1,68-year-old person,8,0
21,Alfred,3,1,White person,9,0
21,Alfred,3,1,male person,10,0
21,Qian,4,0,generic person,0,0
21,Qian,4,0,restaurant waiter,1,0
21,Qian,4,0,27-year-old person,2,50
21,Qian,4,0,Asian person,3,100
21,Qian,4,0,hard-working person,4,100
21,Qian,4,0,person who enjoys jazz music,5,0
21,Qian,4,0,male person,6,0
21,Qian,4,0,person with a humorous personality,7,0
21,Qian,4,0,person who enjoys watching sports,8,0
21,Qian,4,0,non-smoker,9,0
21,Qian,4,0,person who can be stubborn,10,0
21,Melvin,5,1,generic person,0,0
21,Melvin,5,1,person who is sometimes stingy,1,0
21,Melvin,5,1,male person,2,0
21,Melvin,5,1,person with high blood pressure,3,0
21,Melvin,5,1,person who grows hay,4,100
21,Melvin,5,1,45-year-old person,5,50
21,Melvin,5,1,person with a cheerful personality,6,0
21,Melvin,5,1,person who enjoys rock music,7,0
21,Melvin,5,1,farmer,8,100
21,Melvin,5,1,person who grows corn,9,100
21,Melvin,5,1,White person,10,0
21,Chris,6,0,generic person,0,0
21,Chris,6,0,White person,1,0
21,Chris,6,0,person with a curious personality,2,100
21,Chris,6,0,person who weighs 70 lbs,3,0
21,Chris,6,0,person with an average IQ,4,0
21,Chris,6,0,picky eater,5,0
21,Chris,6,0,10-year-old person,6,100
21,Chris,6,0,person who enjoys swimming,7,0
21,Chris,6,0,male person,8,51
21,Chris,6,0,person who enjoys playing hide-and-seek,9,0
21,Chris,6,0,person who admires his father,10,100
21,Edward,7,1,generic person,0,0
21,Edward,7,1,studious person,1,100
21,Edward,7,1,male person,2,0
21,Edward,7,1,ambitious person,3,100
21,Edward,7,1,experienced driver,4,0
21,Edward,7,1,single person,5,0
21,Edward,7,1,24-year-old person,6,0
21,Edward,7,1,person who enjoys reading science fiction,7,0
21,Edward,7,1,White person,8,0
21,Edward,7,1,person who enjoys browsing Twitter,9,0
21,Edward,7,1,clinical research assistant,10,0
21,Flora,8,1,generic person,0,0
21,Flora,8,1,empathetic person,1,100
21,Flora,8,1,female person,2,48
21,Flora,8,1,person who composes music,3,0
21,Flora,8,1,person who enjoys gardening,4,0
21,Flora,8,1,Asian person,5,0
21,Flora,8,1,counselor,6,0
21,Flora,8,1,legally blind person,7,100
21,Flora,8,1,person who uses a white cane,8,100
21,Flora,8,1,early riser,9,0
21,Flora,8,1,32-year-old person,10,0
21,Ava,9,1,generic person,0,0
21,Ava,9,1,compassionate person,1,100
21,Ava,9,1,person who often drives,2,100
21,Ava,9,1,female person,3,0
21,Ava,9,1,26-year-old person,4,1
21,Ava,9,1,artist,5,0
21,Ava,9,1,person who enjoys music concerts,6,0
21,Ava,9,1,Native American person,7,0
21,Ava,9,1,person with a peanut allergy,8,0
21,Ava,9,1,person who regularly drinks coffee,9,0
21,Ava,9,1,long-time friend,10,100
21,Tristan,10,1,generic person,0,0
21,Tristan,10,1,Black person,1,0
21,Tristan,10,1,person who enjoys country music,2,0
21,Tristan,10,1,extroverted and outgoing person,3,0
21,Tristan,10,1,cardiologist,4,100
21,Tristan,10,1,person with 10+ years of work experience,5,100
21,Tristan,10,1,person who can be impatient,6,0
21,Tristan,10,1,Christian person,7,0
21,Tristan,10,1,43-year-old person,8,0
21,Tristan,10,1,person who can be opinionated,9,0
21,Tristan,10,1,male person,10,0
21,Darla,11,0,generic person,0,0
21,Darla,11,0,nearsighted person,1,0
21,Darla,11,0,person with an absent-minded personality,2,0
21,Darla,11,0,person with a long-term client relationship,3,100
21,Darla,11,0,person who interacts well with children,4,100
21,Darla,11,0,32-year-old person,5,0
21,Darla,11,0,Black person,6,0
21,Darla,11,0,female person,7,0
21,Darla,11,0,person with a laid-back personality,8,0
21,Darla,11,0,home daycare business owner,9,100
21,Darla,11,0,person who enjoys cooking,10,0
22,Chris,1,1,generic person,0,52
22,Chris,1,1,picky eater,1,0
22,Chris,1,1,person with an average IQ,2,100
22,Chris,1,1,person with a curious personality,3,100
22,Chris,1,1,White person,4,0
22,Chris,1,1,person who weighs 70 lbs,5,0
22,Chris,1,1,male person,6,100
22,Chris,1,1,person who admires his father,7,50
22,Chris,1,1,person who enjoys swimming,8,0
22,Chris,1,1,person who enjoys playing hide-and-seek,9,0
22,Chris,1,1,10-year-old person,10,100
22,Edward,2,0,generic person,0,50
22,Edward,2,0,person who enjoys reading science fiction,1,0
22,Edward,2,0,White person,2,0
22,Edward,2,0,ambitious person,3,0
22,Edward,2,0,clinical research assistant,4,0
22,Edward,2,0,experienced driver,5,100
22,Edward,2,0,24-year-old person,6,100
22,Edward,2,0,person who enjoys browsing Twitter,7,45
22,Edward,2,0,studious person,8,100
22,Edward,2,0,male person,9,100
22,Edward,2,0,single person,10,100
22,Melvin,3,1,generic person,0,59
22,Melvin,3,1,farmer,1,100
22,Melvin,3,1,person who enjoys rock music,2,0
22,Melvin,3,1,person with a cheerful personality,3,0
22,Melvin,3,1,person who grows hay,4,100
22,Melvin,3,1,person who grows corn,5,100
22,Melvin,3,1,White person,6,0
22,Melvin,3,1,person with high blood pressure,7,0
22,Melvin,3,1,45-year-old person,8,99
22,Melvin,3,1,person who is sometimes stingy,9,52
22,Melvin,3,1,male person,10,100
22,Alfred,4,1,generic person,0,47
22,Alfred,4,1,person who enjoys Italian cuisine,1,0
22,Alfred,4,1,68-year-old person,2,100
22,Alfred,4,1,person who enjoys fishing,3,0
22,Alfred,4,1,patriotic person,4,51
22,Alfred,4,1,person with a calm personality,5,0
22,Alfred,4,1,White person,6,0
22,Alfred,4,1,veteran,7,100
22,Alfred,4,1,male person,8,100
22,Alfred,4,1,person who lives alone,9,100
22,Alfred,4,1,person with PTSD,10,100
22,Ava,5,0,generic person,0,50
22,Ava,5,0,person with a peanut allergy,1,0
22,Ava,5,0,person who regularly drinks coffee,2,0
22,Ava,5,0,artist,3,52
22,Ava,5,0,long-time friend,4,100
22,Ava,5,0,female person,5,100
22,Ava,5,0,compassionate person,6,100
22,Ava,5,0,26-year-old person,7,100
22,Ava,5,0,Native American person,8,98
22,Ava,5,0,person who enjoys music concerts,9,0
22,Ava,5,0,person who often drives,10,100
22,Julia,6,0,generic person,0,50
22,Julia,6,0,person who can be sensitive,1,100
22,Julia,6,0,college student,2,100
22,Julia,6,0,multiracial person,3,0
22,Julia,6,0,person who enjoys watching TV shows,4,0
22,Julia,6,0,person studying psychology,5,0
22,Julia,6,0,babysitter,6,100
22,Julia,6,0,female person,7,100
22,Julia,6,0,19-year-old person,8,100
22,Julia,6,0,person with asthma,9,0
22,Julia,6,0,courteous person,10,43
22,Qian,7,0,generic person,0,47
22,Qian,7,0,restaurant waiter,1,100
22,Qian,7,0,non-smoker,2,0
22,Qian,7,0,27-year-old person,3,100
22,Qian,7,0,Asian person,4,100
22,Qian,7,0,hard-working person,5,100
22,Qian,7,0,person with a humorous personality,6,48
22,Qian,7,0,person who enjoys watching sports,7,44
22,Qian,7,0,person who can be stubborn,8,100
22,Qian,7,0,person who enjoys jazz music,9,0
22,Qian,7,0,male person,10,100
22,Darla,8,0,generic person,0,54
22,Darla,8,0,person who interacts well with children,1,100
22,Darla,8,0,32-year-old person,2,100
22,Darla,8,0,nearsighted person,3,52
22,Darla,8,0,Black person,4,0
22,Darla,8,0,home daycare business owner,5,100
22,Darla,8,0,person with an absent-minded personality,6,100
22,Darla,8,0,female person,7,100
22,Darla,8,0,person with a long-term client relationship,8,100
22,Darla,8,0,person who enjoys cooking,9,2
22,Darla,8,0,person with a laid-back personality,10,100
22,Flora,9,1,generic person,0,52
22,Flora,9,1,early riser,1,0
22,Flora,9,1,person who enjoys gardening,2,0
22,Flora,9,1,32-year-old person,3,100
22,Flora,9,1,person who uses a white cane,4,0
22,Flora,9,1,Asian person,5,0
22,Flora,9,1,counselor,6,0
22,Flora,9,1,female person,7,99
22,Flora,9,1,person who composes music,8,0
22,Flora,9,1,empathetic person,9,100
22,Flora,9,1,legally blind person,10,100
22,Tristan,10,1,generic person,0,48
22,Tristan,10,1,43-year-old person,1,100
22,Tristan,10,1,extroverted and outgoing person,2,100
22,Tristan,10,1,Black person,3,0
22,Tristan,10,1,person with 10+ years of work experience,4,100
22,Tristan,10,1,Christian person,5,0
22,Tristan,10,1,male person,6,100
22,Tristan,10,1,cardiologist,7,100
22,Tristan,10,1,person who enjoys country music,8,0
22,Tristan,10,1,person who can be opinionated,9,100
22,Tristan,10,1,person who can be impatient,10,98
22,Nadia,11,0,generic person,0,55
22,Nadia,11,0,organized person,1,100
22,Nadia,11,0,female person,2,100
22,Nadia,11,0,person with red hair,3,0
22,Nadia,11,0,software engineer,4,0
22,Nadia,11,0,person who had attended couples therapy,5,100
22,Nadia,11,0,person who collects vinyl records,6,0
22,Nadia,11,0,White person,7,0
22,Nadia,11,0,timid person,8,100
22,Nadia,11,0,34-year-old person,9,100
22,Nadia,11,0,person who enjoys oil painting,10,0
23,Alfred,1,1,generic person,0,78
23,Alfred,1,1,person who enjoys Italian cuisine,1,78
23,Alfred,1,1,person with PTSD,2,73
23,Alfred,1,1,male person,3,83
23,Alfred,1,1,person with a calm personality,4,88
23,Alfred,1,1,patriotic person,5,54
23,Alfred,1,1,person who enjoys fishing,6,74
23,Alfred,1,1,person who lives alone,7,77
23,Alfred,1,1,68-year-old person,8,77
23,Alfred,1,1,veteran,9,65
23,Alfred,1,1,White person,10,81
23,Melvin,2,1,generic person,0,87
23,Melvin,2,1,male person,1,85
23,Melvin,2,1,person who grows hay,2,100
23,Melvin,2,1,person who enjoys rock music,3,55
23,Melvin,2,1,White person,4,71
23,Melvin,2,1,person who grows corn,5,92
23,Melvin,2,1,person who is sometimes stingy,6,25
23,Melvin,2,1,45-year-old person,7,80
23,Melvin,2,1,farmer,8,99
23,Melvin,2,1,person with a cheerful personality,9,82
23,Melvin,2,1,person with high blood pressure,10,83
23,Tristan,3,1,generic person,0,87
23,Tristan,3,1,cardiologist,1,94
23,Tristan,3,1,person with 10+ years of work experience,2,82
23,Tristan,3,1,43-year-old person,3,80
23,Tristan,3,1,person who can be opinionated,4,80
23,Tristan,3,1,male person,5,81
23,Tristan,3,1,person who enjoys country music,6,74
23,Tristan,3,1,person who can be impatient,7,70
23,Tristan,3,1,extroverted and outgoing person,8,66
23,Tristan,3,1,Christian person,9,54
23,Tristan,3,1,Black person,10,84
23,Chris,4,1,generic person,0,65
23,Chris,4,1,male person,1,59
23,Chris,4,1,person who enjoys playing hide-and-seek,2,46
23,Chris,4,1,person with an average IQ,3,49
23,Chris,4,1,person who enjoys swimming,4,30
23,Chris,4,1,10-year-old person,5,99
23,Chris,4,1,White person,6,65
23,Chris,4,1,picky eater,7,36
23,Chris,4,1,person with a curious personality,8,53
23,Chris,4,1,person who admires his father,9,60
23,Chris,4,1,person who weighs 70 lbs,10,38
23,Qian,5,0,generic person,0,74
23,Qian,5,0,male person,1,70
23,Qian,5,0,27-year-old person,2,75
23,Qian,5,0,Asian person,3,79
23,Qian,5,0,person who enjoys jazz music,4,51
23,Qian,5,0,person who can be stubborn,5,51
23,Qian,5,0,person who enjoys watching sports,6,57
23,Qian,5,0,non-smoker,7,53
23,Qian,5,0,person with a humorous personality,8,49
23,Qian,5,0,hard-working person,9,70
23,Qian,5,0,restaurant waiter,10,62
23,Ava,6,1,generic person,0,81
23,Ava,6,1,person who regularly drinks coffee,1,61
23,Ava,6,1,long-time friend,2,70
23,Ava,6,1,person who enjoys music concerts,3,56
23,Ava,6,1,female person,4,70
23,Ava,6,1,compassionate person,5,82
23,Ava,6,1,artist,6,69
23,Ava,6,1,person who often drives,7,74
23,Ava,6,1,Native American person,8,94
23,Ava,6,1,26-year-old person,9,84
23,Ava,6,1,person with a peanut allergy,10,58
23,Nadia,7,0,generic person,0,93
23,Nadia,7,0,person who enjoys oil painting,1,91
23,Nadia,7,0,organized person,2,91
23,Nadia,7,0,person with red hair,3,71
23,Nadia,7,0,female person,4,96
23,Nadia,7,0,White person,5,91
23,Nadia,7,0,person who collects vinyl records,6,69
23,Nadia,7,0,person who had attended couples therapy,7,87
23,Nadia,7,0,timid person,8,90
23,Nadia,7,0,software engineer,9,57
23,Nadia,7,0,34-year-old person,10,72
23,Darla,8,0,generic person,0,99
23,Darla,8,0,person with a laid-back personality,1,99
23,Darla,8,0,Black person,2,99
23,Darla,8,0,person who enjoys cooking,3,99
23,Darla,8,0,home daycare business owner,4,100
23,Darla,8,0,person with a long-term client relationship,5,98
23,Darla,8,0,female person,6,98
23,Darla,8,0,32-year-old person,7,100
23,Darla,8,0,person with an absent-minded personality,8,80
23,Darla,8,0,person who interacts well with children,9,99
23,Darla,8,0,nearsighted person,10,99
23,Flora,9,1,generic person,0,96
23,Flora,9,1,person who composes music,1,86
23,Flora,9,1,person who enjoys gardening,2,86
23,Flora,9,1,empathetic person,3,97
23,Flora,9,1,female person,4,95
23,Flora,9,1,Asian person,5,91
23,Flora,9,1,legally blind person,6,99
23,Flora,9,1,early riser,7,91
23,Flora,9,1,person who uses a white cane,8,99
23,Flora,9,1,counselor,9,94
23,Flora,9,1,32-year-old person,10,99
23,Julia,10,0,generic person,0,88
23,Julia,10,0,female person,1,93
23,Julia,10,0,babysitter,2,99
23,Julia,10,0,person who can be sensitive,3,92
23,Julia,10,0,person with asthma,4,87
23,Julia,10,0,19-year-old person,5,85
23,Julia,10,0,courteous person,6,93
23,Julia,10,0,multiracial person,7,90
23,Julia,10,0,person who enjoys watching TV shows,8,82
23,Julia,10,0,person studying psychology,9,99
23,Julia,10,0,college student,10,78
23,Edward,11,1,generic person,0,93
23,Edward,11,1,studious person,1,88
23,Edward,11,1,clinical research assistant,2,82
23,Edward,11,1,person who enjoys reading science fiction,3,71
23,Edward,11,1,White person,4,90
23,Edward,11,1,24-year-old person,5,84
23,Edward,11,1,ambitious person,6,88
23,Edward,11,1,person who enjoys browsing Twitter,7,72
23,Edward,11,1,single person,8,88
23,Edward,11,1,experienced driver,9,84
23,Edward,11,1,male person,10,87
24,Nadia,1,0,generic person,0,99
24,Nadia,1,0,software engineer,1,100
24,Nadia,1,0,person who collects vinyl records,2,47
24,Nadia,1,0,person who had attended couples therapy,3,100
24,Nadia,1,0,White person,4,1
24,Nadia,1,0,timid person,5,99
24,Nadia,1,0,organized person,6,45
24,Nadia,1,0,34-year-old person,7,97
24,Nadia,1,0,person with red hair,8,3
24,Nadia,1,0,person who enjoys oil painting,9,5
24,Nadia,1,0,female person,10,99
24,Darla,2,0,generic person,0,99
24,Darla,2,0,Black person,1,2
24,Darla,2,0,person with a long-term client relationship,2,96
24,Darla,2,0,female person,3,0
24,Darla,2,0,nearsighted person,4,0
24,Darla,2,0,home daycare business owner,5,98
24,Darla,2,0,person with a laid-back personality,6,96
24,Darla,2,0,person who interacts well with children,7,99
24,Darla,2,0,32-year-old person,8,4
24,Darla,2,0,person with an absent-minded personality,9,4
24,Darla,2,0,person who enjoys cooking,10,4
24,Julia,3,0,generic person,0,97
24,Julia,3,0,courteous person,1,1
24,Julia,3,0,person who can be sensitive,2,3
24,Julia,3,0,person studying psychology,3,2
24,Julia,3,0,female person,4,99
24,Julia,3,0,multiracial person,5,4
24,Julia,3,0,babysitter,6,97
24,Julia,3,0,19-year-old person,7,96
24,Julia,3,0,person with asthma,8,2
24,Julia,3,0,person who enjoys watching TV shows,9,2
24,Julia,3,0,college student,10,98
24,Chris,4,1,generic person,0,98
24,Chris,4,1,10-year-old person,1,99
24,Chris,4,1,picky eater,2,2
24,Chris,4,1,person who weighs 70 lbs,3,4
24,Chris,4,1,person with an average IQ,4,97
24,Chris,4,1,person who enjoys swimming,5,2
24,Chris,4,1,person who enjoys playing hide-and-seek,6,4
24,Chris,4,1,person who admires his father,7,98
24,Chris,4,1,person with a curious personality,8,96
24,Chris,4,1,male person,9,5
24,Chris,4,1,White person,10,1
24,Ava,5,1,generic person,0,98
24,Ava,5,1,person who enjoys music concerts,1,3
24,Ava,5,1,compassionate person,2,96
24,Ava,5,1,person who often drives,3,99
24,Ava,5,1,artist,4,6
24,Ava,5,1,long-time friend,5,3
24,Ava,5,1,person with a peanut allergy,6,3
24,Ava,5,1,person who regularly drinks coffee,7,1
24,Ava,5,1,26-year-old person,8,96
24,Ava,5,1,female person,9,3
24,Ava,5,1,Native American person,10,3
24,Qian,6,0,generic person,0,98
24,Qian,6,0,hard-working person,1,99
24,Qian,6,0,male person,2,2
24,Qian,6,0,person who enjoys watching sports,3,2
24,Qian,6,0,non-smoker,4,0
24,Qian,6,0,Asian person,5,1
24,Qian,6,0,person with a humorous personality,6,4
24,Qian,6,0,27-year-old person,7,98
24,Qian,6,0,restaurant waiter,8,2
24,Qian,6,0,person who enjoys jazz music,9,6
24,Qian,6,0,person who can be stubborn,10,1
24,Tristan,7,1,generic person,0,98
24,Tristan,7,1,Black person,1,4
24,Tristan,7,1,extroverted and outgoing person,2,1
24,Tristan,7,1,person with 10+ years of work experience,3,96
24,Tristan,7,1,male person,4,7
24,Tristan,7,1,person who can be impatient,5,3
24,Tristan,7,1,43-year-old person,6,97
24,Tristan,7,1,cardiologist,7,95
24,Tristan,7,1,person who enjoys country music,8,6
24,Tristan,7,1,Christian person,9,6
24,Tristan,7,1,person who can be opinionated,10,49
24,Flora,8,1,generic person,0,49
24,Flora,8,1,32-year-old person,1,49
24,Flora,8,1,empathetic person,2,96
24,Flora,8,1,person who uses a white cane,3,84
24,Flora,8,1,early riser,4,8
24,Flora,8,1,legally blind person,5,94
24,Flora,8,1,Asian person,6,1
24,Flora,8,1,female person,7,6
24,Flora,8,1,counselor,8,3
24,Flora,8,1,person who enjoys gardening,9,3
24,Flora,8,1,person who composes music,10,3
24,Edward,9,1,generic person,0,97
24,Edward,9,1,single person,1,2
24,Edward,9,1,24-year-old person,2,98
24,Edward,9,1,White person,3,2
24,Edward,9,1,person who enjoys reading science fiction,4,3
24,Edward,9,1,clinical research assistant,5,4
24,Edward,9,1,experienced driver,6,98
24,Edward,9,1,studious person,7,5
24,Edward,9,1,person who enjoys browsing Twitter,8,3
24,Edward,9,1,ambitious person,9,4
24,Edward,9,1,male person,10,3
24,Alfred,10,1,generic person,0,97
24,Alfred,10,1,person who enjoys fishing,1,4
24,Alfred,10,1,patriotic person,2,96
24,Alfred,10,1,person who lives alone,3,2
24,Alfred,10,1,veteran,4,98
24,Alfred,10,1,68-year-old person,5,98
24,Alfred,10,1,White person,6,4
24,Alfred,10,1,person with a calm personality,7,47
24,Alfred,10,1,person who enjoys Italian cuisine,8,2
24,Alfred,10,1,person with PTSD,9,97
24,Alfred,10,1,male person,10,5
24,Melvin,11,1,generic person,0,97
24,Melvin,11,1,White person,1,2
24,Melvin,11,1,person with high blood pressure,2,4
24,Melvin,11,1,farmer,3,98
24,Melvin,11,1,person who enjoys rock music,4,5
24,Melvin,11,1,person who is sometimes stingy,5,96
24,Melvin,11,1,45-year-old person,6,49
24,Melvin,11,1,person with a cheerful personality,7,1
24,Melvin,11,1,male person,8,2
24,Melvin,11,1,person who grows corn,9,2
24,Melvin,11,1,person who grows hay,10,97
25,Ava,1,1,generic person,0,94
25,Ava,1,1,26-year-old person,1,92
25,Ava,1,1,person with a peanut allergy,2,20
25,Ava,1,1,artist,3,74
25,Ava,1,1,female person,4,81
25,Ava,1,1,person who often drives,5,92
25,Ava,1,1,person who regularly drinks coffee,6,55
25,Ava,1,1,Native American person,7,92
25,Ava,1,1,compassionate person,8,94
25,Ava,1,1,long-time friend,9,72
25,Ava,1,1,person who enjoys music concerts,10,71
25,Julia,2,0,generic person,0,9
25,Julia,2,0,person who can be sensitive,1,35
25,Julia,2,0,person who enjoys watching TV shows,2,10
25,Julia,2,0,19-year-old person,3,47
25,Julia,2,0,female person,4,5
25,Julia,2,0,courteous person,5,9
25,Julia,2,0,person studying psychology,6,3
25,Julia,2,0,multiracial person,7,10
25,Julia,2,0,babysitter,8,6
25,Julia,2,0,college student,9,21
25,Julia,2,0,person with asthma,10,1
25,Chris,3,1,generic person,0,27
25,Chris,3,1,person who weighs 70 lbs,1,30
25,Chris,3,1,picky eater,2,22
25,Chris,3,1,male person,3,37
25,Chris,3,1,person who admires his father,4,63
25,Chris,3,1,person with a curious personality,5,64
25,Chris,3,1,person who enjoys playing hide-and-seek,6,52
25,Chris,3,1,person with an average IQ,7,47
25,Chris,3,1,10-year-old person,8,73
25,Chris,3,1,person who enjoys swimming,9,17
25,Chris,3,1,White person,10,73
25,Melvin,4,1,generic person,0,52
25,Melvin,4,1,farmer,1,76
25,Melvin,4,1,person with a cheerful personality,2,63
25,Melvin,4,1,45-year-old person,3,67
25,Melvin,4,1,male person,4,79
25,Melvin,4,1,person with high blood pressure,5,21
25,Melvin,4,1,person who is sometimes stingy,6,91
25,Melvin,4,1,person who enjoys rock music,7,45
25,Melvin,4,1,White person,8,73
25,Melvin,4,1,person who grows corn,9,64
25,Melvin,4,1,person who grows hay,10,59
25,Edward,5,1,generic person,0,22
25,Edward,5,1,person who enjoys reading science fiction,1,11
25,Edward,5,1,studious person,2,16
25,Edward,5,1,person who enjoys browsing Twitter,3,38
25,Edward,5,1,24-year-old person,4,31
25,Edward,5,1,experienced driver,5,10
25,Edward,5,1,ambitious person,6,28
25,Edward,5,1,single person,7,34
25,Edward,5,1,male person,8,31
25,Edward,5,1,clinical research assistant,9,14
25,Edward,5,1,White person,10,38
25,Tristan,6,1,generic person,0,51
25,Tristan,6,1,43-year-old person,1,58
25,Tristan,6,1,male person,2,48
25,Tristan,6,1,person who can be opinionated,3,48
25,Tristan,6,1,cardiologist,4,78
25,Tristan,6,1,person with 10+ years of work experience,5,65
25,Tristan,6,1,person who can be impatient,6,88
25,Tristan,6,1,Christian person,7,30
25,Tristan,6,1,Black person,8,31
25,Tristan,6,1,extroverted and outgoing person,9,42
25,Tristan,6,1,person who enjoys country music,10,17
25,Darla,7,0,generic person,0,66
25,Darla,7,0,Black person,1,64
25,Darla,7,0,person with a laid-back personality,2,88
25,Darla,7,0,person with a long-term client relationship,3,65
25,Darla,7,0,person who enjoys cooking,4,30
25,Darla,7,0,nearsighted person,5,45
25,Darla,7,0,person with an absent-minded personality,6,83
25,Darla,7,0,person who interacts well with children,7,61
25,Darla,7,0,home daycare business owner,8,18
25,Darla,7,0,32-year-old person,9,43
25,Darla,7,0,female person,10,33
25,Alfred,8,1,generic person,0,20
25,Alfred,8,1,person who lives alone,1,40
25,Alfred,8,1,male person,2,34
25,Alfred,8,1,68-year-old person,3,46
25,Alfred,8,1,White person,4,26
25,Alfred,8,1,patriotic person,5,43
25,Alfred,8,1,person with a calm personality,6,31
25,Alfred,8,1,person with PTSD,7,98
25,Alfred,8,1,person who enjoys Italian cuisine,8,12
25,Alfred,8,1,veteran,9,77
25,Alfred,8,1,person who enjoys fishing,10,9
25,Qian,9,0,generic person,0,90
25,Qian,9,0,male person,1,79
25,Qian,9,0,restaurant waiter,2,48
25,Qian,9,0,non-smoker,3,21
25,Qian,9,0,person who enjoys watching sports,4,43
25,Qian,9,0,Asian person,5,71
25,Qian,9,0,person who enjoys jazz music,6,13
25,Qian,9,0,person who can be stubborn,7,45
25,Qian,9,0,person with a humorous personality,8,16
25,Qian,9,0,hard-working person,9,56
25,Qian,9,0,27-year-old person,10,68
25,Nadia,10,0,generic person,0,79
25,Nadia,10,0,person who had attended couples therapy,1,47
25,Nadia,10,0,person who collects vinyl records,2,16
25,Nadia,10,0,person with red hair,3,9
25,Nadia,10,0,White person,4,46
25,Nadia,10,0,person who enjoys oil painting,5,5
25,Nadia,10,0,organized person,6,35
25,Nadia,10,0,female person,7,78
25,Nadia,10,0,34-year-old person,8,54
25,Nadia,10,0,timid person,9,59
25,Nadia,10,0,software engineer,10,3
25,Flora,11,1,generic person,0,29
25,Flora,11,1,legally blind person,1,97
25,Flora,11,1,person who composes music,2,12
25,Flora,11,1,32-year-old person,3,34
25,Flora,11,1,person who uses a white cane,4,68
25,Flora,11,1,female person,5,51
25,Flora,11,1,counselor,6,9
25,Flora,11,1,early riser,7,9
25,Flora,11,1,Asian person,8,25
25,Flora,11,1,person who enjoys gardening,9,4
25,Flora,11,1,empathetic person,10,17
26,Melvin,1,1,generic person,0,100
26,Melvin,1,1,45-year-old person,1,64
26,Melvin,1,1,farmer,2,66
26,Melvin,1,1,person who grows hay,3,66
26,Melvin,1,1,White person,4,42
26,Melvin,1,1,person who grows corn,5,55
26,Melvin,1,1,person who is sometimes stingy,6,38
26,Melvin,1,1,person with high blood pressure,7,45
26,Melvin,1,1,male person,8,60
26,Melvin,1,1,person with a cheerful personality,9,46
26,Melvin,1,1,person who enjoys rock music,10,47
26,Edward,2,1,generic person,0,100
26,Edward,2,1,24-year-old person,1,60
26,Edward,2,1,single person,2,59
26,Edward,2,1,studious person,3,70
26,Edward,2,1,clinical research assistant,4,65
26,Edward,2,1,experienced driver,5,98
26,Edward,2,1,person who enjoys reading science fiction,6,49
26,Edward,2,1,person who enjoys browsing Twitter,7,53
26,Edward,2,1,male person,8,69
26,Edward,2,1,White person,9,47
26,Edward,2,1,ambitious person,10,58
26,Qian,3,0,generic person,0,100
26,Qian,3,0,Asian person,1,65
26,Qian,3,0,27-year-old person,2,65
26,Qian,3,0,hard-working person,3,61
26,Qian,3,0,person who enjoys jazz music,4,48
26,Qian,3,0,person who enjoys watching sports,5,48
26,Qian,3,0,male person,6,66
26,Qian,3,0,person who can be stubborn,7,48
26,Qian,3,0,person with a humorous personality,8,49
26,Qian,3,0,non-smoker,9,54
26,Qian,3,0,restaurant waiter,10,58
26,Ava,4,1,generic person,0,100
26,Ava,4,1,26-year-old person,1,68
26,Ava,4,1,person who regularly drinks coffee,2,50
26,Ava,4,1,person who often drives,3,78
26,Ava,4,1,person with a peanut allergy,4,47
26,Ava,4,1,Native American person,5,34
26,Ava,4,1,female person,6,66
26,Ava,4,1,person who enjoys music concerts,7,48
26,Ava,4,1,artist,8,49
26,Ava,4,1,compassionate person,9,83
26,Ava,4,1,long-time friend,10,66
26,Tristan,5,1,generic person,0,100
26,Tristan,5,1,43-year-old person,1,69
26,Tristan,5,1,Christian person,2,51
26,Tristan,5,1,Black person,3,21
26,Tristan,5,1,person who enjoys country music,4,45
26,Tristan,5,1,cardiologist,5,91
26,Tristan,5,1,person with 10+ years of work experience,6,91
26,Tristan,5,1,extroverted and outgoing person,7,54
26,Tristan,5,1,male person,8,68
26,Tristan,5,1,person who can be opinionated,9,48
26,Tristan,5,1,person who can be impatient,10,44
26,Alfred,6,1,generic person,0,100
26,Alfred,6,1,person with a calm personality,1,70
26,Alfred,6,1,veteran,2,72
26,Alfred,6,1,person who enjoys Italian cuisine,3,42
26,Alfred,6,1,68-year-old person,4,63
26,Alfred,6,1,male person,5,67
26,Alfred,6,1,person who lives alone,6,53
26,Alfred,6,1,person with PTSD,7,98
26,Alfred,6,1,patriotic person,8,52
26,Alfred,6,1,White person,9,48
26,Alfred,6,1,person who enjoys fishing,10,45
26,Julia,7,0,generic person,0,100
26,Julia,7,0,college student,1,83
26,Julia,7,0,courteous person,2,55
26,Julia,7,0,person who can be sensitive,3,55
26,Julia,7,0,19-year-old person,4,87
26,Julia,7,0,multiracial person,5,30
26,Julia,7,0,babysitter,6,80
26,Julia,7,0,female person,7,56
26,Julia,7,0,person who enjoys watching TV shows,8,51
26,Julia,7,0,person with asthma,9,29
26,Julia,7,0,person studying psychology,10,54
26,Darla,8,0,generic person,0,100
26,Darla,8,0,home daycare business owner,1,88
26,Darla,8,0,person who interacts well with children,2,71
26,Darla,8,0,female person,3,67
26,Darla,8,0,Black person,4,33
26,Darla,8,0,32-year-old person,5,75
26,Darla,8,0,person with a laid-back personality,6,47
26,Darla,8,0,person with a long-term client relationship,7,64
26,Darla,8,0,person with an absent-minded personality,8,50
26,Darla,8,0,person who enjoys cooking,9,47
26,Darla,8,0,nearsighted person,10,47
26,Flora,9,1,generic person,0,100
26,Flora,9,1,person who enjoys gardening,1,48
26,Flora,9,1,person who uses a white cane,2,60
26,Flora,9,1,Asian person,3,5
26,Flora,9,1,empathetic person,4,54
26,Flora,9,1,person who composes music,5,46
26,Flora,9,1,female person,6,65
26,Flora,9,1,early riser,7,53
26,Flora,9,1,legally blind person,8,86
26,Flora,9,1,32-year-old person,9,77
26,Flora,9,1,counselor,10,54
26,Nadia,10,0,generic person,0,100
26,Nadia,10,0,person who had attended couples therapy,1,51
26,Nadia,10,0,person with red hair,2,40
26,Nadia,10,0,person who enjoys oil painting,3,46
26,Nadia,10,0,female person,4,87
26,Nadia,10,0,software engineer,5,53
26,Nadia,10,0,organized person,6,54
26,Nadia,10,0,person who collects vinyl records,7,47
26,Nadia,10,0,34-year-old person,8,76
26,Nadia,10,0,timid person,9,82
26,Nadia,10,0,White person,10,40
26,Chris,11,1,generic person,0,55
26,Chris,11,1,person who enjoys playing hide-and-seek,1,53
26,Chris,11,1,person who admires his father,2,54
26,Chris,11,1,White person,3,24
26,Chris,11,1,picky eater,4,48
26,Chris,11,1,person who enjoys swimming,5,43
26,Chris,11,1,person with a curious personality,6,51
26,Chris,11,1,person who weighs 70 lbs,7,46
26,Chris,11,1,10-year-old person,8,99
26,Chris,11,1,male person,9,50
26,Chris,11,1,person with an average IQ,10,39
27,Darla,1,0,generic person,0,88
27,Darla,1,0,person who enjoys cooking,1,86
27,Darla,1,0,person with an absent-minded personality,2,27
27,Darla,1,0,nearsighted person,3,93
27,Darla,1,0,32-year-old person,4,91
27,Darla,1,0,Black person,5,94
27,Darla,1,0,person with a long-term client relationship,6,76
27,Darla,1,0,person with a laid-back personality,7,64
27,Darla,1,0,home daycare business owner,8,89
27,Darla,1,0,female person,9,91
27,Darla,1,0,person who interacts well with children,10,90
27,Ava,2,1,generic person,0,83
27,Ava,2,1,artist,1,93
27,Ava,2,1,Native American person,2,76
27,Ava,2,1,26-year-old person,3,90
27,Ava,2,1,person who regularly drinks coffee,4,91
27,Ava,2,1,female person,5,94
27,Ava,2,1,long-time friend,6,79
27,Ava,2,1,compassionate person,7,90
27,Ava,2,1,person who often drives,8,92
27,Ava,2,1,person with a peanut allergy,9,78
27,Ava,2,1,person who enjoys music concerts,10,92
27,Alfred,3,1,generic person,0,65
27,Alfred,3,1,veteran,1,74
27,Alfred,3,1,male person,2,83
27,Alfred,3,1,patriotic person,3,68
27,Alfred,3,1,White person,4,90
27,Alfred,3,1,person with PTSD,5,85
27,Alfred,3,1,person who enjoys Italian cuisine,6,94
27,Alfred,3,1,person who lives alone,7,74
27,Alfred,3,1,68-year-old person,8,85
27,Alfred,3,1,person who enjoys fishing,9,94
27,Alfred,3,1,person with a calm personality,10,85
27,Edward,4,1,generic person,0,85
27,Edward,4,1,24-year-old person,1,86
27,Edward,4,1,male person,2,87
27,Edward,4,1,White person,3,90
27,Edward,4,1,experienced driver,4,89
27,Edward,4,1,person who enjoys browsing Twitter,5,89
27,Edward,4,1,studious person,6,88
27,Edward,4,1,person who enjoys reading science fiction,7,89
27,Edward,4,1,single person,8,92
27,Edward,4,1,clinical research assistant,9,93
27,Edward,4,1,ambitious person,10,90
27,Qian,5,0,generic person,0,77
27,Qian,5,0,27-year-old person,1,90
27,Qian,5,0,non-smoker,2,78
27,Qian,5,0,hard-working person,3,96
27,Qian,5,0,person who enjoys watching sports,4,86
27,Qian,5,0,person with a humorous personality,5,79
27,Qian,5,0,male person,6,88
27,Qian,5,0,restaurant waiter,7,95
27,Qian,5,0,person who enjoys jazz music,8,84
27,Qian,5,0,Asian person,9,91
27,Qian,5,0,person who can be stubborn,10,96
27,Melvin,6,1,generic person,0,59
27,Melvin,6,1,person with a cheerful personality,1,67
27,Melvin,6,1,person who enjoys rock music,2,59
27,Melvin,6,1,farmer,3,72
27,Melvin,6,1,person who is sometimes stingy,4,55
27,Melvin,6,1,person who grows hay,5,70
27,Melvin,6,1,male person,6,61
27,Melvin,6,1,45-year-old person,7,74
27,Melvin,6,1,person who grows corn,8,57
27,Melvin,6,1,White person,9,69
27,Melvin,6,1,person with high blood pressure,10,79
27,Chris,7,1,generic person,0,45
27,Chris,7,1,person who enjoys swimming,1,58
27,Chris,7,1,person with a curious personality,2,72
27,Chris,7,1,male person,3,66
27,Chris,7,1,picky eater,4,63
27,Chris,7,1,person who weighs 70 lbs,5,74
27,Chris,7,1,person who enjoys playing hide-and-seek,6,61
27,Chris,7,1,person with an average IQ,7,77
27,Chris,7,1,White person,8,75
27,Chris,7,1,10-year-old person,9,61
27,Chris,7,1,person who admires his father,10,77
27,Flora,8,1,generic person,0,70
27,Flora,8,1,empathetic person,1,73
27,Flora,8,1,person who composes music,2,66
27,Flora,8,1,early riser,3,80
27,Flora,8,1,legally blind person,4,70
27,Flora,8,1,Asian person,5,85
27,Flora,8,1,female person,6,63
27,Flora,8,1,person who uses a white cane,7,77
27,Flora,8,1,32-year-old person,8,88
27,Flora,8,1,counselor,9,55
27,Flora,8,1,person who enjoys gardening,10,71
27,Julia,9,1,generic person,0,48
27,Julia,9,1,college student,1,53
27,Julia,9,1,babysitter,2,48
27,Julia,9,1,person who enjoys watching TV shows,3,72
27,Julia,9,1,person who can be sensitive,4,50
27,Julia,9,1,person studying psychology,5,70
27,Julia,9,1,multiracial person,6,38
27,Julia,9,1,person with asthma,7,54
27,Julia,9,1,female person,8,74
27,Julia,9,1,courteous person,9,42
27,Julia,9,1,19-year-old person,10,58
27,Nadia,10,1,generic person,0,60
27,Nadia,10,1,34-year-old person,1,70
27,Nadia,10,1,person who enjoys oil painting,2,44
27,Nadia,10,1,person with red hair,3,60
27,Nadia,10,1,timid person,4,76
27,Nadia,10,1,female person,5,84
27,Nadia,10,1,person who had attended couples therapy,6,81
27,Nadia,10,1,person who collects vinyl records,7,66
27,Nadia,10,1,White person,8,55
27,Nadia,10,1,software engineer,9,49
27,Nadia,10,1,organized person,10,66
27,Tristan,11,0,generic person,0,89
27,Tristan,11,0,person who can be opinionated,1,90
27,Tristan,11,0,male person,2,92
27,Tristan,11,0,43-year-old person,3,94
27,Tristan,11,0,Christian person,4,95
27,Tristan,11,0,Black person,5,91
27,Tristan,11,0,person who can be impatient,6,96
27,Tristan,11,0,cardiologist,7,87
27,Tristan,11,0,person with 10+ years of work experience,8,95
27,Tristan,11,0,person who enjoys country music,9,91
27,Tristan,11,0,extroverted and outgoing person,10,94
28,Edward,1,1,generic person,0,14
28,Edward,1,1,person who enjoys reading science fiction,1,13
28,Edward,1,1,clinical research assistant,2,15
28,Edward,1,1,male person,3,5
28,Edward,1,1,White person,4,9
28,Edward,1,1,ambitious person,5,15
28,Edward,1,1,single person,6,14
28,Edward,1,1,24-year-old person,7,27
28,Edward,1,1,studious person,8,46
28,Edward,1,1,person who enjoys browsing Twitter,9,46
28,Edward,1,1,experienced driver,10,38
28,Nadia,2,0,generic person,0,56
28,Nadia,2,0,person with red hair,1,98
28,Nadia,2,0,software engineer,2,47
28,Nadia,2,0,organized person,3,20
28,Nadia,2,0,person who had attended couples therapy,4,34
28,Nadia,2,0,person who enjoys oil painting,5,21
28,Nadia,2,0,34-year-old person,6,46
28,Nadia,2,0,White person,7,13
28,Nadia,2,0,female person,8,60
28,Nadia,2,0,person who collects vinyl records,9,26
28,Nadia,2,0,timid person,10,39
28,Melvin,3,1,generic person,0,39
28,Melvin,3,1,male person,1,61
28,Melvin,3,1,person who grows hay,2,43
28,Melvin,3,1,farmer,3,54
28,Melvin,3,1,person who is sometimes stingy,4,34
28,Melvin,3,1,person who enjoys rock music,5,63
28,Melvin,3,1,person who grows corn,6,33
28,Melvin,3,1,person with high blood pressure,7,49
28,Melvin,3,1,45-year-old person,8,34
28,Melvin,3,1,person with a cheerful personality,9,51
28,Melvin,3,1,White person,10,59
28,Chris,4,1,generic person,0,20
28,Chris,4,1,person who weighs 70 lbs,1,91
28,Chris,4,1,male person,2,63
28,Chris,4,1,10-year-old person,3,77
28,Chris,4,1,person who enjoys swimming,4,71
28,Chris,4,1,person who enjoys playing hide-and-seek,5,58
28,Chris,4,1,person with an average IQ,6,72
28,Chris,4,1,person who admires his father,7,55
28,Chris,4,1,picky eater,8,83
28,Chris,4,1,White person,9,49
28,Chris,4,1,person with a curious personality,10,66
28,Flora,5,1,generic person,0,70
28,Flora,5,1,32-year-old person,1,56
28,Flora,5,1,empathetic person,2,75
28,Flora,5,1,early riser,3,66
28,Flora,5,1,person who enjoys gardening,4,76
28,Flora,5,1,legally blind person,5,53
28,Flora,5,1,person who composes music,6,68
28,Flora,5,1,counselor,7,38
28,Flora,5,1,female person,8,93
28,Flora,5,1,person who uses a white cane,9,91
28,Flora,5,1,Asian person,10,60
28,Alfred,6,1,generic person,0,59
28,Alfred,6,1,patriotic person,1,60
28,Alfred,6,1,person who lives alone,2,51
28,Alfred,6,1,person with PTSD,3,28
28,Alfred,6,1,person with a calm personality,4,29
28,Alfred,6,1,person who enjoys Italian cuisine,5,37
28,Alfred,6,1,veteran,6,42
28,Alfred,6,1,male person,7,33
28,Alfred,6,1,White person,8,42
28,Alfred,6,1,person who enjoys fishing,9,35
28,Alfred,6,1,68-year-old person,10,47
28,Ava,7,1,generic person,0,29
28,Ava,7,1,artist,1,41
28,Ava,7,1,Native American person,2,89
28,Ava,7,1,long-time friend,3,56
28,Ava,7,1,person who enjoys music concerts,4,68
28,Ava,7,1,compassionate person,5,78
28,Ava,7,1,26-year-old person,6,69
28,Ava,7,1,person who regularly drinks coffee,7,56
28,Ava,7,1,female person,8,70
28,Ava,7,1,person who often drives,9,60
28,Ava,7,1,person with a peanut allergy,10,93
28,Julia,8,0,generic person,0,43
28,Julia,8,0,person studying psychology,1,9
28,Julia,8,0,babysitter,2,25
28,Julia,8,0,person who can be sensitive,3,8
28,Julia,8,0,multiracial person,4,16
28,Julia,8,0,19-year-old person,5,22
28,Julia,8,0,person with asthma,6,27
28,Julia,8,0,courteous person,7,24
28,Julia,8,0,college student,8,24
28,Julia,8,0,female person,9,20
28,Julia,8,0,person who enjoys watching TV shows,10,28
28,Tristan,9,1,generic person,0,42
28,Tristan,9,1,person who can be opinionated,1,24
28,Tristan,9,1,43-year-old person,2,35
28,Tristan,9,1,person who enjoys country music,3,28
28,Tristan,9,1,person who can be impatient,4,43
28,Tristan,9,1,cardiologist,5,32
28,Tristan,9,1,Black person,6,36
28,Tristan,9,1,extroverted and outgoing person,7,31
28,Tristan,9,1,person with 10+ years of work experience,8,45
28,Tristan,9,1,male person,9,26
28,Tristan,9,1,Christian person,10,38
28,Qian,10,0,generic person,0,75
28,Qian,10,0,person who can be stubborn,1,77
28,Qian,10,0,non-smoker,2,66
28,Qian,10,0,person who enjoys jazz music,3,60
28,Qian,10,0,Asian person,4,61
28,Qian,10,0,person who enjoys watching sports,5,65
28,Qian,10,0,restaurant waiter,6,48
28,Qian,10,0,27-year-old person,7,59
28,Qian,10,0,person with a humorous personality,8,59
28,Qian,10,0,male person,9,66
28,Qian,10,0,hard-working person,10,63
28,Darla,11,0,generic person,0,53
28,Darla,11,0,nearsighted person,1,59
28,Darla,11,0,person with a laid-back personality,2,72
28,Darla,11,0,person with an absent-minded personality,3,42
28,Darla,11,0,home daycare business owner,4,52
28,Darla,11,0,Black person,5,56
28,Darla,11,0,person who interacts well with children,6,44
28,Darla,11,0,person who enjoys cooking,7,55
28,Darla,11,0,32-year-old person,8,62
28,Darla,11,0,female person,9,47
28,Darla,11,0,person with a long-term client relationship,10,65
29,Flora,1,1,generic person,0,10
29,Flora,1,1,early riser,1,87
29,Flora,1,1,female person,2,78
29,Flora,1,1,person who composes music,3,99
29,Flora,1,1,counselor,4,87
29,Flora,1,1,person who uses a white cane,5,99
29,Flora,1,1,legally blind person,6,100
29,Flora,1,1,person who enjoys gardening,7,100
29,Flora,1,1,32-year-old person,8,81
29,Flora,1,1,Asian person,9,93
29,Flora,1,1,empathetic person,10,96
29,Melvin,2,1,generic person,0,90
29,Melvin,2,1,person who grows corn,1,83
29,Melvin,2,1,person with a cheerful personality,2,91
29,Melvin,2,1,person who grows hay,3,96
29,Melvin,2,1,White person,4,95
29,Melvin,2,1,male person,5,94
29,Melvin,2,1,45-year-old person,6,97
29,Melvin,2,1,person who enjoys rock music,7,100
29,Melvin,2,1,person with high blood pressure,8,100
29,Melvin,2,1,person who is sometimes stingy,9,100
29,Melvin,2,1,farmer,10,30
29,Tristan,3,1,generic person,0,100
29,Tristan,3,1,Christian person,1,100
29,Tristan,3,1,extroverted and outgoing person,2,100
29,Tristan,3,1,person who can be impatient,3,100
29,Tristan,3,1,male person,4,100
29,Tristan,3,1,Black person,5,100
29,Tristan,3,1,43-year-old person,6,100
29,Tristan,3,1,person with 10+ years of work experience,7,100
29,Tristan,3,1,cardiologist,8,65
29,Tristan,3,1,person who enjoys country music,9,100
29,Tristan,3,1,person who can be opinionated,10,100
29,Chris,4,1,generic person,0,9
29,Chris,4,1,person with a curious personality,1,100
29,Chris,4,1,person who enjoys swimming,2,100
29,Chris,4,1,picky eater,3,100
29,Chris,4,1,person who weighs 70 lbs,4,100
29,Chris,4,1,person with an average IQ,5,100
29,Chris,4,1,10-year-old person,6,100
29,Chris,4,1,person who enjoys playing hide-and-seek,7,100
29,Chris,4,1,person who admires his father,8,100
29,Chris,4,1,White person,9,100
29,Chris,4,1,male person,10,100
29,Alfred,5,1,generic person,0,100
29,Alfred,5,1,person with a calm personality,1,100
29,Alfred,5,1,person with PTSD,2,100
29,Alfred,5,1,68-year-old person,3,100
29,Alfred,5,1,veteran,4,100
29,Alfred,5,1,male person,5,100
29,Alfred,5,1,person who enjoys Italian cuisine,6,100
29,Alfred,5,1,person who lives alone,7,100
29,Alfred,5,1,White person,8,100
29,Alfred,5,1,person who enjoys fishing,9,100
29,Alfred,5,1,patriotic person,10,100
29,Darla,6,0,generic person,0,100
29,Darla,6,0,home daycare business owner,1,98
29,Darla,6,0,person with an absent-minded personality,2,98
29,Darla,6,0,person who enjoys cooking,3,100
29,Darla,6,0,Black person,4,100
29,Darla,6,0,32-year-old person,5,99
29,Darla,6,0,person with a long-term client relationship,6,100
29,Darla,6,0,nearsighted person,7,100
29,Darla,6,0,person with a laid-back personality,8,100
29,Darla,6,0,person who interacts well with children,9,100
29,Darla,6,0,female person,10,100
29,Edward,7,1,generic person,0,100
29,Edward,7,1,clinical research assistant,1,100
29,Edward,7,1,person who enjoys browsing Twitter,2,97
29,Edward,7,1,person who enjoys reading science fiction,3,100
29,Edward,7,1,ambitious person,4,100
29,Edward,7,1,studious person,5,100
29,Edward,7,1,experienced driver,6,100
29,Edward,7,1,24-year-old person,7,100
29,Edward,7,1,White person,8,100
29,Edward,7,1,male person,9,100
29,Edward,7,1,single person,10,100
29,Nadia,8,0,generic person,0,100
29,Nadia,8,0,organized person,1,98
29,Nadia,8,0,female person,2,100
29,Nadia,8,0,White person,3,100
29,Nadia,8,0,person with red hair,4,100
29,Nadia,8,0,person who had attended couples therapy,5,100
29,Nadia,8,0,person who collects vinyl records,6,100
29,Nadia,8,0,person who enjoys oil painting,7,100
29,Nadia,8,0,software engineer,8,100
29,Nadia,8,0,timid person,9,100
29,Nadia,8,0,34-year-old person,10,100
29,Qian,9,0,generic person,0,100
29,Qian,9,0,person with a humorous personality,1,100
29,Qian,9,0,non-smoker,2,100
29,Qian,9,0,27-year-old person,3,100
29,Qian,9,0,restaurant waiter,4,100
29,Qian,9,0,person who enjoys watching sports,5,100
29,Qian,9,0,person who enjoys jazz music,6,100
29,Qian,9,0,Asian person,7,100
29,Qian,9,0,male person,8,100
29,Qian,9,0,person who can be stubborn,9,100
29,Qian,9,0,hard-working person,10,100
29,Ava,10,1,generic person,0,100
29,Ava,10,1,person who often drives,1,100
29,Ava,10,1,female person,2,98
29,Ava,10,1,artist,3,100
29,Ava,10,1,person who regularly drinks coffee,4,100
29,Ava,10,1,person with a peanut allergy,5,100
29,Ava,10,1,person who enjoys music concerts,6,100
29,Ava,10,1,Native American person,7,100
29,Ava,10,1,compassionate person,8,100
29,Ava,10,1,26-year-old person,9,100
29,Ava,10,1,long-time friend,10,100
29,Julia,11,0,generic person,0,100
29,Julia,11,0,college student,1,100
29,Julia,11,0,courteous person,2,100
29,Julia,11,0,19-year-old person,3,100
29,Julia,11,0,person who can be sensitive,4,100
29,Julia,11,0,multiracial person,5,100
29,Julia,11,0,female person,6,100
29,Julia,11,0,babysitter,7,100
29,Julia,11,0,person studying psychology,8,100
29,Julia,11,0,person who enjoys watching TV shows,9,100
29,Julia,11,0,person with asthma,10,100
30,Tristan,1,1,generic person,0,72
30,Tristan,1,1,person who enjoys country music,1,0
30,Tristan,1,1,extroverted and outgoing person,2,0
30,Tristan,1,1,person with 10+ years of work experience,3,75
30,Tristan,1,1,cardiologist,4,100
30,Tristan,1,1,male person,5,18
30,Tristan,1,1,Black person,6,19
30,Tristan,1,1,person who can be opinionated,7,62
30,Tristan,1,1,Christian person,8,44
30,Tristan,1,1,43-year-old person,9,52
30,Tristan,1,1,person who can be impatient,10,75
30,Darla,2,0,generic person,0,53
30,Darla,2,0,person who enjoys cooking,1,45
30,Darla,2,0,female person,2,51
30,Darla,2,0,32-year-old person,3,50
30,Darla,2,0,person with an absent-minded personality,4,82
30,Darla,2,0,home daycare business owner,5,100
30,Darla,2,0,person with a long-term client relationship,6,51
30,Darla,2,0,Black person,7,23
30,Darla,2,0,person with a laid-back personality,8,76
30,Darla,2,0,nearsighted person,9,30
30,Darla,2,0,person who interacts well with children,10,59
30,Flora,3,1,generic person,0,61
30,Flora,3,1,female person,1,18
30,Flora,3,1,person who uses a white cane,2,52
30,Flora,3,1,32-year-old person,3,51
30,Flora,3,1,person who composes music,4,0
30,Flora,3,1,counselor,5,32
30,Flora,3,1,legally blind person,6,100
30,Flora,3,1,Asian person,7,0
30,Flora,3,1,person who enjoys gardening,8,0
30,Flora,3,1,early riser,9,0
30,Flora,3,1,empathetic person,10,32
30,Qian,4,0,generic person,0,100
30,Qian,4,0,male person,1,100
30,Qian,4,0,restaurant waiter,2,52
30,Qian,4,0,person with a humorous personality,3,13
30,Qian,4,0,person who enjoys watching sports,4,13
30,Qian,4,0,non-smoker,5,0
30,Qian,4,0,person who can be stubborn,6,59
30,Qian,4,0,hard-working person,7,23
30,Qian,4,0,person who enjoys jazz music,8,0
30,Qian,4,0,Asian person,9,100
30,Qian,4,0,27-year-old person,10,100
30,Chris,5,1,generic person,0,0
30,Chris,5,1,person who admires his father,1,0
30,Chris,5,1,person who enjoys playing hide-and-seek,2,1
30,Chris,5,1,person who weighs 70 lbs,3,0
30,Chris,5,1,person with a curious personality,4,0
30,Chris,5,1,male person,5,0
30,Chris,5,1,10-year-old person,6,100
30,Chris,5,1,person with an average IQ,7,0
30,Chris,5,1,White person,8,0
30,Chris,5,1,picky eater,9,0
30,Chris,5,1,person who enjoys swimming,10,0
30,Nadia,6,0,generic person,0,44
30,Nadia,6,0,timid person,1,38
30,Nadia,6,0,female person,2,57
30,Nadia,6,0,person who enjoys oil painting,3,0
30,Nadia,6,0,White person,4,38
30,Nadia,6,0,organized person,5,0
30,Nadia,6,0,software engineer,6,0
30,Nadia,6,0,person with red hair,7,0
30,Nadia,6,0,person who had attended couples therapy,8,57
30,Nadia,6,0,34-year-old person,9,30
30,Nadia,6,0,person who collects vinyl records,10,0
30,Alfred,7,1,generic person,0,23
30,Alfred,7,1,person with a calm personality,1,23
30,Alfred,7,1,68-year-old person,2,23
30,Alfred,7,1,person with PTSD,3,100
30,Alfred,7,1,person who enjoys fishing,4,0
30,Alfred,7,1,person who enjoys Italian cuisine,5,0
30,Alfred,7,1,male person,6,23
30,Alfred,7,1,White person,7,23
30,Alfred,7,1,patriotic person,8,0
30,Alfred,7,1,person who lives alone,9,0
30,Alfred,7,1,veteran,10,51
30,Ava,8,1,generic person,0,100
30,Ava,8,1,long-time friend,1,88
30,Ava,8,1,female person,2,59
30,Ava,8,1,person who regularly drinks coffee,3,10
30,Ava,8,1,Native American person,4,0
30,Ava,8,1,artist,5,0
30,Ava,8,1,person who enjoys music concerts,6,0
30,Ava,8,1,26-year-old person,7,100
30,Ava,8,1,compassionate person,8,76
30,Ava,8,1,person with a peanut allergy,9,9
30,Ava,8,1,person who often drives,10,100
30,Julia,9,0,generic person,0,100
30,Julia,9,0,college student,1,100
30,Julia,9,0,courteous person,2,0
30,Julia,9,0,19-year-old person,3,100
30,Julia,9,0,person who can be sensitive,4,0
30,Julia,9,0,babysitter,5,100
30,Julia,9,0,person with asthma,6,0
30,Julia,9,0,person studying psychology,7,0
30,Julia,9,0,female person,8,75
30,Julia,9,0,person who enjoys watching TV shows,9,0
30,Julia,9,0,multiracial person,10,0
30,Melvin,10,1,generic person,0,58
30,Melvin,10,1,White person,1,38
30,Melvin,10,1,person who grows hay,2,100
30,Melvin,10,1,person who is sometimes stingy,3,11
30,Melvin,10,1,45-year-old person,4,53
30,Melvin,10,1,person with high blood pressure,5,0
30,Melvin,10,1,person with a cheerful personality,6,0
30,Melvin,10,1,male person,7,52
30,Melvin,10,1,person who enjoys rock music,8,0
30,Melvin,10,1,farmer,9,100
30,Melvin,10,1,person who grows corn,10,38
30,Edward,11,1,generic person,0,100
30,Edward,11,1,person who enjoys reading science fiction,1,36
30,Edward,11,1,ambitious person,2,0
30,Edward,11,1,experienced driver,3,100
30,Edward,11,1,single person,4,0
30,Edward,11,1,studious person,5,0
30,Edward,11,1,clinical research assistant,6,35
30,Edward,11,1,person who enjoys browsing Twitter,7,0
30,Edward,11,1,White person,8,36
30,Edward,11,1,24-year-old person,9,100
30,Edward,11,1,male person,10,55
31,Alfred,1,1,generic person,0,51
31,Alfred,1,1,person who lives alone,1,32
31,Alfred,1,1,person with a calm personality,2,0
31,Alfred,1,1,male person,3,62
31,Alfred,1,1,patriotic person,4,30
31,Alfred,1,1,68-year-old person,5,98
31,Alfred,1,1,White person,6,51
31,Alfred,1,1,person who enjoys fishing,7,0
31,Alfred,1,1,person who enjoys Italian cuisine,8,0
31,Alfred,1,1,person with PTSD,9,100
31,Alfred,1,1,veteran,10,99
31,Ava,2,1,generic person,0,51
31,Ava,2,1,female person,1,57
31,Ava,2,1,person who regularly drinks coffee,2,18
31,Ava,2,1,person with a peanut allergy,3,0
31,Ava,2,1,person who enjoys music concerts,4,0
31,Ava,2,1,artist,5,0
31,Ava,2,1,compassionate person,6,100
31,Ava,2,1,26-year-old person,7,68
31,Ava,2,1,long-time friend,8,24
31,Ava,2,1,person who often drives,9,100
31,Ava,2,1,Native American person,10,0
31,Flora,3,1,generic person,0,48
31,Flora,3,1,person who uses a white cane,1,75
31,Flora,3,1,empathetic person,2,100
31,Flora,3,1,early riser,3,0
31,Flora,3,1,Asian person,4,0
31,Flora,3,1,counselor,5,0
31,Flora,3,1,female person,6,51
31,Flora,3,1,person who enjoys gardening,7,0
31,Flora,3,1,32-year-old person,8,100
31,Flora,3,1,person who composes music,9,0
31,Flora,3,1,legally blind person,10,100
31,Tristan,4,1,generic person,0,51
31,Tristan,4,1,Black person,1,0
31,Tristan,4,1,person who enjoys country music,2,0
31,Tristan,4,1,person with 10+ years of work experience,3,100
31,Tristan,4,1,cardiologist,4,100
31,Tristan,4,1,person who can be opinionated,5,64
31,Tristan,4,1,male person,6,0
31,Tristan,4,1,extroverted and outgoing person,7,48
31,Tristan,4,1,person who can be impatient,8,100
31,Tristan,4,1,43-year-old person,9,48
31,Tristan,4,1,Christian person,10,48
31,Chris,5,1,generic person,0,53
31,Chris,5,1,person with an average IQ,1,100
31,Chris,5,1,10-year-old person,2,100
31,Chris,5,1,person who weighs 70 lbs,3,24
31,Chris,5,1,White person,4,0
31,Chris,5,1,person who enjoys swimming,5,0
31,Chris,5,1,male person,6,59
31,Chris,5,1,picky eater,7,0
31,Chris,5,1,person with a curious personality,8,100
31,Chris,5,1,person who enjoys playing hide-and-seek,9,49
31,Chris,5,1,person who admires his father,10,51
31,Qian,6,0,generic person,0,51
31,Qian,6,0,Asian person,1,100
31,Qian,6,0,person who enjoys watching sports,2,0
31,Qian,6,0,restaurant waiter,3,0
31,Qian,6,0,non-smoker,4,0
31,Qian,6,0,hard-working person,5,99
31,Qian,6,0,person with a humorous personality,6,36
31,Qian,6,0,person who enjoys jazz music,7,0
31,Qian,6,0,27-year-old person,8,72
31,Qian,6,0,male person,9,0
31,Qian,6,0,person who can be stubborn,10,100
31,Julia,7,0,generic person,0,47
31,Julia,7,0,babysitter,1,100
31,Julia,7,0,courteous person,2,47
31,Julia,7,0,multiracial person,3,0
31,Julia,7,0,person with asthma,4,0
31,Julia,7,0,person who enjoys watching TV shows,5,0
31,Julia,7,0,19-year-old person,6,100
31,Julia,7,0,college student,7,100
31,Julia,7,0,person studying psychology,8,28
31,Julia,7,0,female person,9,0
31,Julia,7,0,person who can be sensitive,10,100
31,Nadia,8,0,generic person,0,47
31,Nadia,8,0,timid person,1,100
31,Nadia,8,0,software engineer,2,9
31,Nadia,8,0,person who had attended couples therapy,3,100
31,Nadia,8,0,organized person,4,26
31,Nadia,8,0,person who collects vinyl records,5,0
31,Nadia,8,0,female person,6,100
31,Nadia,8,0,person with red hair,7,0
31,Nadia,8,0,person who enjoys oil painting,8,0
31,Nadia,8,0,34-year-old person,9,49
31,Nadia,8,0,White person,10,0
31,Edward,9,1,generic person,0,47
31,Edward,9,1,person who enjoys reading science fiction,1,0
31,Edward,9,1,experienced driver,2,100
31,Edward,9,1,clinical research assistant,3,0
31,Edward,9,1,White person,4,0
31,Edward,9,1,person who enjoys browsing Twitter,5,100
31,Edward,9,1,male person,6,0
31,Edward,9,1,studious person,7,45
31,Edward,9,1,ambitious person,8,0
31,Edward,9,1,24-year-old person,9,52
31,Edward,9,1,single person,10,0
31,Melvin,10,1,generic person,0,46
31,Melvin,10,1,farmer,1,100
31,Melvin,10,1,male person,2,0
31,Melvin,10,1,person with high blood pressure,3,0
31,Melvin,10,1,person who enjoys rock music,4,0
31,Melvin,10,1,person who grows hay,5,100
31,Melvin,10,1,person who is sometimes stingy,6,100
31,Melvin,10,1,person with a cheerful personality,7,35
31,Melvin,10,1,White person,8,0
31,Melvin,10,1,person who grows corn,9,100
31,Melvin,10,1,45-year-old person,10,29
31,Darla,11,0,generic person,0,46
31,Darla,11,0,person with a long-term client relationship,1,100
31,Darla,11,0,nearsighted person,2,0
31,Darla,11,0,home daycare business owner,3,100
31,Darla,11,0,person with a laid-back personality,4,69
31,Darla,11,0,person who interacts well with children,5,100
31,Darla,11,0,Black person,6,0
31,Darla,11,0,female person,7,0
31,Darla,11,0,person who enjoys cooking,8,0
31,Darla,11,0,32-year-old person,9,0
31,Darla,11,0,person with an absent-minded personality,10,100
32,Alfred,1,1,generic person,0,78
32,Alfred,1,1,patriotic person,1,0
32,Alfred,1,1,person who enjoys fishing,2,0
32,Alfred,1,1,person with a calm personality,3,84
32,Alfred,1,1,White person,4,0
32,Alfred,1,1,person who lives alone,5,0
32,Alfred,1,1,veteran,6,100
32,Alfred,1,1,person who enjoys Italian cuisine,7,0
32,Alfred,1,1,68-year-old person,8,81
32,Alfred,1,1,male person,9,81
32,Alfred,1,1,person with PTSD,10,100
32,Chris,2,1,generic person,0,82
32,Chris,2,1,person who admires his father,1,0
32,Chris,2,1,White person,2,0
32,Chris,2,1,person who enjoys playing hide-and-seek,3,0
32,Chris,2,1,male person,4,89
32,Chris,2,1,10-year-old person,5,100
32,Chris,2,1,person with an average IQ,6,86
32,Chris,2,1,person who weighs 70 lbs,7,0
32,Chris,2,1,person with a curious personality,8,100
32,Chris,2,1,picky eater,9,0
32,Chris,2,1,person who enjoys swimming,10,0
32,Melvin,3,1,generic person,0,88
32,Melvin,3,1,person with a cheerful personality,1,0
32,Melvin,3,1,person who grows hay,2,100
32,Melvin,3,1,White person,3,0
32,Melvin,3,1,male person,4,88
32,Melvin,3,1,farmer,5,100
32,Melvin,3,1,person who is sometimes stingy,6,84
32,Melvin,3,1,person who enjoys rock music,7,0
32,Melvin,3,1,person with high blood pressure,8,0
32,Melvin,3,1,45-year-old person,9,88
32,Melvin,3,1,person who grows corn,10,91
32,Edward,4,1,generic person,0,91
32,Edward,4,1,studious person,1,0
32,Edward,4,1,single person,2,0
32,Edward,4,1,male person,3,87
32,Edward,4,1,ambitious person,4,88
32,Edward,4,1,24-year-old person,5,100
32,Edward,4,1,person who enjoys reading science fiction,6,0
32,Edward,4,1,White person,7,0
32,Edward,4,1,experienced driver,8,100
32,Edward,4,1,clinical research assistant,9,0
32,Edward,4,1,person who enjoys browsing Twitter,10,0
32,Julia,5,0,generic person,0,88
32,Julia,5,0,babysitter,1,100
32,Julia,5,0,person who can be sensitive,2,94
32,Julia,5,0,19-year-old person,3,89
32,Julia,5,0,female person,4,100
32,Julia,5,0,courteous person,5,0
32,Julia,5,0,college student,6,0
32,Julia,5,0,person who enjoys watching TV shows,7,0
32,Julia,5,0,multiracial person,8,0
32,Julia,5,0,person studying psychology,9,0
32,Julia,5,0,person with asthma,10,0
32,Flora,6,1,generic person,0,91
32,Flora,6,1,person who composes music,1,0
32,Flora,6,1,person who enjoys gardening,2,0
32,Flora,6,1,female person,3,93
32,Flora,6,1,empathetic person,4,93
32,Flora,6,1,legally blind person,5,100
32,Flora,6,1,Asian person,6,0
32,Flora,6,1,counselor,7,0
32,Flora,6,1,32-year-old person,8,93
32,Flora,6,1,early riser,9,0
32,Flora,6,1,person who uses a white cane,10,100
32,Qian,7,0,generic person,0,90
32,Qian,7,0,person who enjoys jazz music,1,0
32,Qian,7,0,person who can be stubborn,2,89
32,Qian,7,0,person with a humorous personality,3,0
32,Qian,7,0,hard-working person,4,0
32,Qian,7,0,male person,5,91
32,Qian,7,0,person who enjoys watching sports,6,0
32,Qian,7,0,non-smoker,7,0
32,Qian,7,0,restaurant waiter,8,0
32,Qian,7,0,27-year-old person,9,90
32,Qian,7,0,Asian person,10,100
32,Nadia,8,0,generic person,0,91
32,Nadia,8,0,organized person,1,0
32,Nadia,8,0,female person,2,100
32,Nadia,8,0,person who had attended couples therapy,3,91
32,Nadia,8,0,person who enjoys oil painting,4,0
32,Nadia,8,0,timid person,5,100
32,Nadia,8,0,person who collects vinyl records,6,0
32,Nadia,8,0,34-year-old person,7,91
32,Nadia,8,0,White person,8,0
32,Nadia,8,0,person with red hair,9,0
32,Nadia,8,0,software engineer,10,0
32,Darla,9,0,generic person,0,91
32,Darla,9,0,person with a long-term client relationship,1,0
32,Darla,9,0,person who enjoys cooking,2,0
32,Darla,9,0,person with a laid-back personality,3,89
32,Darla,9,0,32-year-old person,4,89
32,Darla,9,0,female person,5,100
32,Darla,9,0,home daycare business owner,6,100
32,Darla,9,0,person with an absent-minded personality,7,100
32,Darla,9,0,nearsighted person,8,0
32,Darla,9,0,person who interacts well with children,9,0
32,Darla,9,0,Black person,10,0
32,Tristan,10,1,generic person,0,91
32,Tristan,10,1,person who enjoys country music,1,0
32,Tristan,10,1,person with 10+ years of work experience,2,100
32,Tristan,10,1,person who can be opinionated,3,88
32,Tristan,10,1,Black person,4,0
32,Tristan,10,1,Christian person,5,0
32,Tristan,10,1,43-year-old person,6,89
32,Tristan,10,1,extroverted and outgoing person,7,0
32,Tristan,10,1,cardiologist,8,100
32,Tristan,10,1,person who can be impatient,9,89
32,Tristan,10,1,male person,10,88
32,Ava,11,1,generic person,0,91
32,Ava,11,1,person with a peanut allergy,1,0
32,Ava,11,1,person who regularly drinks coffee,2,0
32,Ava,11,1,person who enjoys music concerts,3,0
32,Ava,11,1,26-year-old person,4,89
32,Ava,11,1,Native American person,5,0
32,Ava,11,1,artist,6,0
32,Ava,11,1,female person,7,100
32,Ava,11,1,long-time friend,8,92
32,Ava,11,1,person who often drives,9,100
32,Ava,11,1,compassionate person,10,89
33,Tristan,1,1,generic person,0,54
33,Tristan,1,1,person who enjoys country music,1,28
33,Tristan,1,1,43-year-old person,2,37
33,Tristan,1,1,person who can be impatient,3,7
33,Tristan,1,1,Christian person,4,12
33,Tristan,1,1,cardiologist,5,75
33,Tristan,1,1,person who can be opinionated,6,16
33,Tristan,1,1,male person,7,46
33,Tristan,1,1,Black person,8,46
33,Tristan,1,1,person with 10+ years of work experience,9,74
33,Tristan,1,1,extroverted and outgoing person,10,20
33,Melvin,2,1,generic person,0,69
33,Melvin,2,1,person with a cheerful personality,1,41
33,Melvin,2,1,White person,2,43
33,Melvin,2,1,farmer,3,75
33,Melvin,2,1,person who enjoys rock music,4,17
33,Melvin,2,1,45-year-old person,5,59
33,Melvin,2,1,person with high blood pressure,6,20
33,Melvin,2,1,person who grows corn,7,69
33,Melvin,2,1,male person,8,51
33,Melvin,2,1,person who is sometimes stingy,9,39
33,Melvin,2,1,person who grows hay,10,80
33,Qian,3,0,generic person,0,67
33,Qian,3,0,27-year-old person,1,43
33,Qian,3,0,person with a humorous personality,2,20
33,Qian,3,0,person who can be stubborn,3,14
33,Qian,3,0,person who enjoys watching sports,4,14
33,Qian,3,0,male person,5,30
33,Qian,3,0,restaurant waiter,6,44
33,Qian,3,0,Asian person,7,35
33,Qian,3,0,person who enjoys jazz music,8,20
33,Qian,3,0,non-smoker,9,12
33,Qian,3,0,hard-working person,10,48
33,Nadia,4,0,generic person,0,63
33,Nadia,4,0,person who had attended couples therapy,1,23
33,Nadia,4,0,34-year-old person,2,46
33,Nadia,4,0,female person,3,71
33,Nadia,4,0,White person,4,22
33,Nadia,4,0,person who enjoys oil painting,5,12
33,Nadia,4,0,organized person,6,11
33,Nadia,4,0,person with red hair,7,8
33,Nadia,4,0,timid person,8,12
33,Nadia,4,0,person who collects vinyl records,9,6
33,Nadia,4,0,software engineer,10,12
33,Edward,5,1,generic person,0,64
33,Edward,5,1,person who enjoys reading science fiction,1,11
33,Edward,5,1,White person,2,21
33,Edward,5,1,ambitious person,3,40
33,Edward,5,1,male person,4,48
33,Edward,5,1,24-year-old person,5,48
33,Edward,5,1,single person,6,24
33,Edward,5,1,person who enjoys browsing Twitter,7,44
33,Edward,5,1,clinical research assistant,8,17
33,Edward,5,1,studious person,9,62
33,Edward,5,1,experienced driver,10,74
33,Alfred,6,1,generic person,0,62
33,Alfred,6,1,person who enjoys fishing,1,10
33,Alfred,6,1,person with a calm personality,2,46
33,Alfred,6,1,person who enjoys Italian cuisine,3,7
33,Alfred,6,1,veteran,4,70
33,Alfred,6,1,person with PTSD,5,81
33,Alfred,6,1,White person,6,48
33,Alfred,6,1,person who lives alone,7,33
33,Alfred,6,1,68-year-old person,8,54
33,Alfred,6,1,male person,9,41
33,Alfred,6,1,patriotic person,10,10
33,Chris,7,1,generic person,0,69
33,Chris,7,1,10-year-old person,1,84
33,Chris,7,1,White person,2,22
33,Chris,7,1,person with a curious personality,3,67
33,Chris,7,1,person who enjoys swimming,4,8
33,Chris,7,1,male person,5,41
33,Chris,7,1,person who enjoys playing hide-and-seek,6,61
33,Chris,7,1,picky eater,7,8
33,Chris,7,1,person with an average IQ,8,62
33,Chris,7,1,person who admires his father,9,64
33,Chris,7,1,person who weighs 70 lbs,10,36
33,Flora,8,1,generic person,0,66
33,Flora,8,1,early riser,1,14
33,Flora,8,1,Asian person,2,48
33,Flora,8,1,person who uses a white cane,3,84
33,Flora,8,1,female person,4,56
33,Flora,8,1,counselor,5,67
33,Flora,8,1,32-year-old person,6,43
33,Flora,8,1,person who enjoys gardening,7,15
33,Flora,8,1,legally blind person,8,89
33,Flora,8,1,empathetic person,9,83
33,Flora,8,1,person who composes music,10,13
33,Julia,9,0,generic person,0,67
33,Julia,9,0,babysitter,1,83
33,Julia,9,0,multiracial person,2,8
33,Julia,9,0,19-year-old person,3,59
33,Julia,9,0,person who enjoys watching TV shows,4,14
33,Julia,9,0,courteous person,5,59
33,Julia,9,0,person who can be sensitive,6,14
33,Julia,9,0,person studying psychology,7,36
33,Julia,9,0,female person,8,46
33,Julia,9,0,college student,9,58
33,Julia,9,0,person with asthma,10,11
33,Darla,10,0,generic person,0,81
33,Darla,10,0,person who enjoys cooking,1,9
33,Darla,10,0,Black person,2,20
33,Darla,10,0,home daycare business owner,3,80
33,Darla,10,0,32-year-old person,4,60
33,Darla,10,0,female person,5,39
33,Darla,10,0,person with a long-term client relationship,6,62
33,Darla,10,0,person with a laid-back personality,7,43
33,Darla,10,0,person who interacts well with children,8,62
33,Darla,10,0,person with an absent-minded personality,9,75
33,Darla,10,0,nearsighted person,10,18
33,Ava,11,1,generic person,0,72
33,Ava,11,1,person who regularly drinks coffee,1,8
33,Ava,11,1,person who enjoys music concerts,2,8
33,Ava,11,1,female person,3,42
33,Ava,11,1,long-time friend,4,53
33,Ava,11,1,Native American person,5,22
33,Ava,11,1,artist,6,12
33,Ava,11,1,person who often drives,7,76
33,Ava,11,1,26-year-old person,8,46
33,Ava,11,1,person with a peanut allergy,9,7
33,Ava,11,1,compassionate person,10,75
34,Julia,1,0,generic person,0,20
34,Julia,1,0,person with asthma,1,65
34,Julia,1,0,person studying psychology,2,66
34,Julia,1,0,person who can be sensitive,3,70
34,Julia,1,0,courteous person,4,68
34,Julia,1,0,multiracial person,5,68
34,Julia,1,0,person who enjoys watching TV shows,6,72
34,Julia,1,0,female person,7,70
34,Julia,1,0,college student,8,73
34,Julia,1,0,19-year-old person,9,73
34,Julia,1,0,babysitter,10,62
34,Edward,2,1,generic person,0,0
34,Edward,2,1,24-year-old person,1,0
34,Edward,2,1,studious person,2,0
34,Edward,2,1,ambitious person,3,0
34,Edward,2,1,clinical research assistant,4,0
34,Edward,2,1,male person,5,0
34,Edward,2,1,single person,6,0
34,Edward,2,1,person who enjoys reading science fiction,7,0
34,Edward,2,1,White person,8,0
34,Edward,2,1,person who enjoys browsing Twitter,9,0
34,Edward,2,1,experienced driver,10,0
34,Nadia,3,0,generic person,0,100
34,Nadia,3,0,person who had attended couples therapy,1,100
34,Nadia,3,0,organized person,2,100
34,Nadia,3,0,White person,3,100
34,Nadia,3,0,timid person,4,73
34,Nadia,3,0,person who collects vinyl records,5,100
34,Nadia,3,0,female person,6,100
34,Nadia,3,0,person with red hair,7,100
34,Nadia,3,0,software engineer,8,100
34,Nadia,3,0,34-year-old person,9,100
34,Nadia,3,0,person who enjoys oil painting,10,100
34,Qian,4,0,generic person,0,100
34,Qian,4,0,male person,1,100
34,Qian,4,0,hard-working person,2,100
34,Qian,4,0,person who enjoys jazz music,3,100
34,Qian,4,0,person with a humorous personality,4,100
34,Qian,4,0,restaurant waiter,5,100
34,Qian,4,0,Asian person,6,100
34,Qian,4,0,person who enjoys watching sports,7,100
34,Qian,4,0,non-smoker,8,100
34,Qian,4,0,27-year-old person,9,100
34,Qian,4,0,person who can be stubborn,10,100
34,Ava,5,1,generic person,0,100
34,Ava,5,1,person who often drives,1,100
34,Ava,5,1,artist,2,100
34,Ava,5,1,long-time friend,3,100
34,Ava,5,1,female person,4,100
34,Ava,5,1,person who enjoys music concerts,5,100
34,Ava,5,1,26-year-old person,6,100
34,Ava,5,1,person who regularly drinks coffee,7,100
34,Ava,5,1,person with a peanut allergy,8,99
34,Ava,5,1,compassionate person,9,100
34,Ava,5,1,Native American person,10,100
34,Chris,6,1,generic person,0,0
34,Chris,6,1,picky eater,1,0
34,Chris,6,1,person who enjoys playing hide-and-seek,2,1
34,Chris,6,1,person with a curious personality,3,0
34,Chris,6,1,person who admires his father,4,0
34,Chris,6,1,person with an average IQ,5,0
34,Chris,6,1,10-year-old person,6,0
34,Chris,6,1,person who enjoys swimming,7,0
34,Chris,6,1,male person,8,0
34,Chris,6,1,White person,9,0
34,Chris,6,1,person who weighs 70 lbs,10,0
34,Tristan,7,1,generic person,0,100
34,Tristan,7,1,person who enjoys country music,1,100
34,Tristan,7,1,person who can be opinionated,2,75
34,Tristan,7,1,Black person,3,100
34,Tristan,7,1,extroverted and outgoing person,4,100
34,Tristan,7,1,person with 10+ years of work experience,5,100
34,Tristan,7,1,Christian person,6,100
34,Tristan,7,1,male person,7,100
34,Tristan,7,1,person who can be impatient,8,78
34,Tristan,7,1,cardiologist,9,100
34,Tristan,7,1,43-year-old person,10,100
34,Flora,8,1,generic person,0,100
34,Flora,8,1,person who composes music,1,100
34,Flora,8,1,female person,2,100
34,Flora,8,1,32-year-old person,3,100
34,Flora,8,1,person who enjoys gardening,4,100
34,Flora,8,1,Asian person,5,100
34,Flora,8,1,early riser,6,100
34,Flora,8,1,legally blind person,7,100
34,Flora,8,1,person who uses a white cane,8,100
34,Flora,8,1,counselor,9,100
34,Flora,8,1,empathetic person,10,100
34,Alfred,9,1,generic person,0,0
34,Alfred,9,1,veteran,1,0
34,Alfred,9,1,White person,2,0
34,Alfred,9,1,person who enjoys Italian cuisine,3,0
34,Alfred,9,1,person who lives alone,4,0
34,Alfred,9,1,male person,5,0
34,Alfred,9,1,person with PTSD,6,0
34,Alfred,9,1,person with a calm personality,7,0
34,Alfred,9,1,patriotic person,8,0
34,Alfred,9,1,person who enjoys fishing,9,0
34,Alfred,9,1,68-year-old person,10,0
34,Melvin,10,1,generic person,0,100
34,Melvin,10,1,farmer,1,83
34,Melvin,10,1,45-year-old person,2,100
34,Melvin,10,1,person with a cheerful personality,3,100
34,Melvin,10,1,person with high blood pressure,4,100
34,Melvin,10,1,person who is sometimes stingy,5,100
34,Melvin,10,1,person who grows corn,6,100
34,Melvin,10,1,person who grows hay,7,78
34,Melvin,10,1,male person,8,100
34,Melvin,10,1,person who enjoys rock music,9,100
34,Melvin,10,1,White person,10,100
34,Darla,11,0,generic person,0,91
34,Darla,11,0,nearsighted person,1,79
34,Darla,11,0,person with a long-term client relationship,2,88
34,Darla,11,0,person who enjoys cooking,3,100
34,Darla,11,0,person who interacts well with children,4,85
34,Darla,11,0,home daycare business owner,5,87
34,Darla,11,0,32-year-old person,6,100
34,Darla,11,0,person with a laid-back personality,7,84
34,Darla,11,0,Black person,8,100
34,Darla,11,0,person with an absent-minded personality,9,63
34,Darla,11,0,female person,10,100
35,Melvin,1,1,generic person,0,98
35,Melvin,1,1,person with high blood pressure,1,98
35,Melvin,1,1,person who grows corn,2,98
35,Melvin,1,1,person who grows hay,3,100
35,Melvin,1,1,male person,4,98
35,Melvin,1,1,person who enjoys rock music,5,98
35,Melvin,1,1,farmer,6,98
35,Melvin,1,1,person who is sometimes stingy,7,18
35,Melvin,1,1,person with a cheerful personality,8,98
35,Melvin,1,1,45-year-old person,9,98
35,Melvin,1,1,White person,10,49
35,Edward,2,1,generic person,0,97
35,Edward,2,1,experienced driver,1,98
35,Edward,2,1,ambitious person,2,98
35,Edward,2,1,male person,3,98
35,Edward,2,1,clinical research assistant,4,97
35,Edward,2,1,person who enjoys browsing Twitter,5,98
35,Edward,2,1,24-year-old person,6,98
35,Edward,2,1,single person,7,98
35,Edward,2,1,White person,8,47
35,Edward,2,1,studious person,9,98
35,Edward,2,1,person who enjoys reading science fiction,10,98
35,Tristan,3,1,generic person,0,98
35,Tristan,3,1,43-year-old person,1,98
35,Tristan,3,1,person who enjoys country music,2,97
35,Tristan,3,1,person who can be impatient,3,23
35,Tristan,3,1,extroverted and outgoing person,4,98
35,Tristan,3,1,person with 10+ years of work experience,5,98
35,Tristan,3,1,cardiologist,6,99
35,Tristan,3,1,male person,7,98
35,Tristan,3,1,Christian person,8,52
35,Tristan,3,1,Black person,9,47
35,Tristan,3,1,person who can be opinionated,10,47
35,Nadia,4,0,generic person,0,99
35,Nadia,4,0,timid person,1,13
35,Nadia,4,0,female person,2,98
35,Nadia,4,0,organized person,3,98
35,Nadia,4,0,person who collects vinyl records,4,98
35,Nadia,4,0,software engineer,5,99
35,Nadia,4,0,person with red hair,6,97
35,Nadia,4,0,34-year-old person,7,98
35,Nadia,4,0,White person,8,52
35,Nadia,4,0,person who enjoys oil painting,9,98
35,Nadia,4,0,person who had attended couples therapy,10,98
35,Qian,5,0,generic person,0,98
35,Qian,5,0,person who can be stubborn,1,98
35,Qian,5,0,27-year-old person,2,98
35,Qian,5,0,person with a humorous personality,3,98
35,Qian,5,0,non-smoker,4,49
35,Qian,5,0,person who enjoys jazz music,5,99
35,Qian,5,0,restaurant waiter,6,99
35,Qian,5,0,Asian person,7,49
35,Qian,5,0,male person,8,98
35,Qian,5,0,person who enjoys watching sports,9,98
35,Qian,5,0,hard-working person,10,99
35,Chris,6,1,generic person,0,98
35,Chris,6,1,person who enjoys swimming,1,97
35,Chris,6,1,10-year-old person,2,96
35,Chris,6,1,person who weighs 70 lbs,3,53
35,Chris,6,1,person who admires his father,4,97
35,Chris,6,1,person with a curious personality,5,98
35,Chris,6,1,White person,6,48
35,Chris,6,1,person who enjoys playing hide-and-seek,7,97
35,Chris,6,1,person with an average IQ,8,96
35,Chris,6,1,picky eater,9,47
35,Chris,6,1,male person,10,98
35,Darla,7,0,generic person,0,98
35,Darla,7,0,person with a long-term client relationship,1,97
35,Darla,7,0,person with a laid-back personality,2,97
35,Darla,7,0,home daycare business owner,3,97
35,Darla,7,0,32-year-old person,4,98
35,Darla,7,0,nearsighted person,5,49
35,Darla,7,0,female person,6,98
35,Darla,7,0,person who enjoys cooking,7,97
35,Darla,7,0,person with an absent-minded personality,8,19
35,Darla,7,0,Black person,9,48
35,Darla,7,0,person who interacts well with children,10,97
35,Julia,8,0,generic person,0,97
35,Julia,8,0,19-year-old person,1,98
35,Julia,8,0,college student,2,98
35,Julia,8,0,babysitter,3,97
35,Julia,8,0,multiracial person,4,46
35,Julia,8,0,person who enjoys watching TV shows,5,97
35,Julia,8,0,person with asthma,6,45
35,Julia,8,0,courteous person,7,97
35,Julia,8,0,person who can be sensitive,8,33
35,Julia,8,0,female person,9,98
35,Julia,8,0,person studying psychology,10,98
35,Alfred,9,1,generic person,0,98
35,Alfred,9,1,person who lives alone,1,98
35,Alfred,9,1,patriotic person,2,99
35,Alfred,9,1,person who enjoys fishing,3,96
35,Alfred,9,1,person with a calm personality,4,98
35,Alfred,9,1,male person,5,98
35,Alfred,9,1,person who enjoys Italian cuisine,6,98
35,Alfred,9,1,veteran,7,96
35,Alfred,9,1,White person,8,49
35,Alfred,9,1,person with PTSD,9,35
35,Alfred,9,1,68-year-old person,10,99
35,Ava,10,1,generic person,0,99
35,Ava,10,1,person who often drives,1,98
35,Ava,10,1,female person,2,98
35,Ava,10,1,26-year-old person,3,98
35,Ava,10,1,person who regularly drinks coffee,4,98
35,Ava,10,1,person who enjoys music concerts,5,98
35,Ava,10,1,compassionate person,6,98
35,Ava,10,1,artist,7,98
35,Ava,10,1,Native American person,8,48
35,Ava,10,1,person with a peanut allergy,9,26
35,Ava,10,1,long-time friend,10,98
35,Flora,11,1,generic person,0,98
35,Flora,11,1,person who enjoys gardening,1,98
35,Flora,11,1,female person,2,97
35,Flora,11,1,32-year-old person,3,98
35,Flora,11,1,person who composes music,4,97
35,Flora,11,1,person who uses a white cane,5,45
35,Flora,11,1,Asian person,6,44
35,Flora,11,1,legally blind person,7,36
35,Flora,11,1,early riser,8,98
35,Flora,11,1,counselor,9,96
35,Flora,11,1,empathetic person,10,97
36,Nadia,1,0,generic person,0,87
36,Nadia,1,0,organized person,1,20
36,Nadia,1,0,person who enjoys oil painting,2,17
36,Nadia,1,0,person who had attended couples therapy,3,84
36,Nadia,1,0,software engineer,4,14
36,Nadia,1,0,White person,5,25
36,Nadia,1,0,person with red hair,6,26
36,Nadia,1,0,person who collects vinyl records,7,26
36,Nadia,1,0,34-year-old person,8,69
36,Nadia,1,0,timid person,9,75
36,Nadia,1,0,female person,10,76
36,Ava,2,1,generic person,0,68
36,Ava,2,1,compassionate person,1,22
36,Ava,2,1,26-year-old person,2,24
36,Ava,2,1,artist,3,21
36,Ava,2,1,person who enjoys music concerts,4,20
36,Ava,2,1,Native American person,5,23
36,Ava,2,1,long-time friend,6,21
36,Ava,2,1,person with a peanut allergy,7,19
36,Ava,2,1,person who often drives,8,79
36,Ava,2,1,female person,9,25
36,Ava,2,1,person who regularly drinks coffee,10,13
36,Qian,3,0,generic person,0,79
36,Qian,3,0,person with a humorous personality,1,20
36,Qian,3,0,person who can be stubborn,2,17
36,Qian,3,0,person who enjoys watching sports,3,24
36,Qian,3,0,Asian person,4,30
36,Qian,3,0,male person,5,11
36,Qian,3,0,restaurant waiter,6,35
36,Qian,3,0,27-year-old person,7,26
36,Qian,3,0,non-smoker,8,29
36,Qian,3,0,hard-working person,9,25
36,Qian,3,0,person who enjoys jazz music,10,25
36,Edward,4,1,generic person,0,62
36,Edward,4,1,experienced driver,1,57
36,Edward,4,1,single person,2,23
36,Edward,4,1,24-year-old person,3,23
36,Edward,4,1,person who enjoys browsing Twitter,4,33
36,Edward,4,1,White person,5,9
36,Edward,4,1,studious person,6,36
36,Edward,4,1,person who enjoys reading science fiction,7,22
36,Edward,4,1,ambitious person,8,21
36,Edward,4,1,clinical research assistant,9,24
36,Edward,4,1,male person,10,16
36,Tristan,5,1,generic person,0,16
36,Tristan,5,1,43-year-old person,1,13
36,Tristan,5,1,person who enjoys country music,2,29
36,Tristan,5,1,person who can be opinionated,3,37
36,Tristan,5,1,person who can be impatient,4,42
36,Tristan,5,1,male person,5,65
36,Tristan,5,1,extroverted and outgoing person,6,61
36,Tristan,5,1,person with 10+ years of work experience,7,28
36,Tristan,5,1,cardiologist,8,31
36,Tristan,5,1,Christian person,9,24
36,Tristan,5,1,Black person,10,14
36,Alfred,6,1,generic person,0,10
36,Alfred,6,1,person with PTSD,1,17
36,Alfred,6,1,person who enjoys fishing,2,16
36,Alfred,6,1,person with a calm personality,3,22
36,Alfred,6,1,male person,4,69
36,Alfred,6,1,68-year-old person,5,26
36,Alfred,6,1,person who lives alone,6,27
36,Alfred,6,1,veteran,7,61
36,Alfred,6,1,person who enjoys Italian cuisine,8,30
36,Alfred,6,1,White person,9,25
36,Alfred,6,1,patriotic person,10,19
36,Darla,7,0,generic person,0,100
36,Darla,7,0,person who interacts well with children,1,38
36,Darla,7,0,nearsighted person,2,34
36,Darla,7,0,person with a laid-back personality,3,80
36,Darla,7,0,Black person,4,34
36,Darla,7,0,person with an absent-minded personality,5,34
36,Darla,7,0,person who enjoys cooking,6,30
36,Darla,7,0,female person,7,69
36,Darla,7,0,person with a long-term client relationship,8,22
36,Darla,7,0,32-year-old person,9,14
36,Darla,7,0,home daycare business owner,10,84
36,Julia,8,0,generic person,0,89
36,Julia,8,0,person who can be sensitive,1,12
36,Julia,8,0,person who enjoys watching TV shows,2,19
36,Julia,8,0,19-year-old person,3,16
36,Julia,8,0,courteous person,4,74
36,Julia,8,0,multiracial person,5,27
36,Julia,8,0,college student,6,18
36,Julia,8,0,female person,7,76
36,Julia,8,0,babysitter,8,28
36,Julia,8,0,person studying psychology,9,24
36,Julia,8,0,person with asthma,10,5
36,Chris,9,1,generic person,0,17
36,Chris,9,1,picky eater,1,17
36,Chris,9,1,person who enjoys swimming,2,19
36,Chris,9,1,person who enjoys playing hide-and-seek,3,69
36,Chris,9,1,person who admires his father,4,18
36,Chris,9,1,10-year-old person,5,19
36,Chris,9,1,person who weighs 70 lbs,6,68
36,Chris,9,1,person with an average IQ,7,21
36,Chris,9,1,White person,8,22
36,Chris,9,1,person with a curious personality,9,10
36,Chris,9,1,male person,10,11
36,Flora,10,1,generic person,0,22
36,Flora,10,1,person who composes music,1,32
36,Flora,10,1,32-year-old person,2,27
36,Flora,10,1,person who uses a white cane,3,16
36,Flora,10,1,empathetic person,4,45
36,Flora,10,1,person who enjoys gardening,5,68
36,Flora,10,1,female person,6,33
36,Flora,10,1,counselor,7,20
36,Flora,10,1,legally blind person,8,89
36,Flora,10,1,early riser,9,80
36,Flora,10,1,Asian person,10,16
36,Melvin,11,1,generic person,0,5
36,Melvin,11,1,person who enjoys rock music,1,14
36,Melvin,11,1,person with a cheerful personality,2,25
36,Melvin,11,1,White person,3,76
36,Melvin,11,1,person who grows corn,4,66
36,Melvin,11,1,person who grows hay,5,66
36,Melvin,11,1,45-year-old person,6,25
36,Melvin,11,1,person with high blood pressure,7,76
36,Melvin,11,1,farmer,8,19
36,Melvin,11,1,person who is sometimes stingy,9,24
36,Melvin,11,1,male person,10,10
37,Darla,1,0,generic person,0,91
37,Darla,1,0,home daycare business owner,1,49
37,Darla,1,0,person with an absent-minded personality,2,53
37,Darla,1,0,person with a long-term client relationship,3,66
37,Darla,1,0,person who interacts well with children,4,93
37,Darla,1,0,person who enjoys cooking,5,0
37,Darla,1,0,nearsighted person,6,63
37,Darla,1,0,32-year-old person,7,52
37,Darla,1,0,Black person,8,51
37,Darla,1,0,female person,9,52
37,Darla,1,0,person with a laid-back personality,10,18
37,Edward,2,1,generic person,0,93
37,Edward,2,1,person who enjoys browsing Twitter,1,0
37,Edward,2,1,male person,2,23
37,Edward,2,1,studious person,3,5
37,Edward,2,1,24-year-old person,4,19
37,Edward,2,1,single person,5,23
37,Edward,2,1,White person,6,18
37,Edward,2,1,clinical research assistant,7,9
37,Edward,2,1,ambitious person,8,7
37,Edward,2,1,person who enjoys reading science fiction,9,0
37,Edward,2,1,experienced driver,10,100
37,Chris,3,1,generic person,0,16
37,Chris,3,1,male person,1,12
37,Chris,3,1,person who enjoys swimming,2,4
37,Chris,3,1,person who admires his father,3,14
37,Chris,3,1,person with an average IQ,4,29
37,Chris,3,1,person who weighs 70 lbs,5,0
37,Chris,3,1,picky eater,6,0
37,Chris,3,1,person with a curious personality,7,67
37,Chris,3,1,10-year-old person,8,73
37,Chris,3,1,person who enjoys playing hide-and-seek,9,0
37,Chris,3,1,White person,10,22
37,Melvin,4,1,generic person,0,66
37,Melvin,4,1,person who grows corn,1,96
37,Melvin,4,1,person with a cheerful personality,2,6
37,Melvin,4,1,person with high blood pressure,3,1
37,Melvin,4,1,person who enjoys rock music,4,0
37,Melvin,4,1,person who is sometimes stingy,5,1
37,Melvin,4,1,White person,6,4
37,Melvin,4,1,person who grows hay,7,93
37,Melvin,4,1,farmer,8,100
37,Melvin,4,1,45-year-old person,9,38
37,Melvin,4,1,male person,10,70
37,Flora,5,1,generic person,0,95
37,Flora,5,1,person who enjoys gardening,1,0
37,Flora,5,1,Asian person,2,16
37,Flora,5,1,early riser,3,0
37,Flora,5,1,counselor,4,29
37,Flora,5,1,person who uses a white cane,5,48
37,Flora,5,1,person who composes music,6,0
37,Flora,5,1,empathetic person,7,30
37,Flora,5,1,female person,8,65
37,Flora,5,1,32-year-old person,9,45
37,Flora,5,1,legally blind person,10,100
37,Nadia,6,0,generic person,0,100
37,Nadia,6,0,timid person,1,47
37,Nadia,6,0,34-year-old person,2,23
37,Nadia,6,0,White person,3,32
37,Nadia,6,0,organized person,4,0
37,Nadia,6,0,person who collects vinyl records,5,0
37,Nadia,6,0,person with red hair,6,0
37,Nadia,6,0,person who had attended couples therapy,7,78
37,Nadia,6,0,person who enjoys oil painting,8,0
37,Nadia,6,0,female person,9,73
37,Nadia,6,0,software engineer,10,3
37,Julia,7,0,generic person,0,84
37,Julia,7,0,multiracial person,1,5
37,Julia,7,0,person who enjoys watching TV shows,2,0
37,Julia,7,0,person with asthma,3,3
37,Julia,7,0,babysitter,4,100
37,Julia,7,0,person studying psychology,5,57
37,Julia,7,0,courteous person,6,15
37,Julia,7,0,person who can be sensitive,7,0
37,Julia,7,0,college student,8,25
37,Julia,7,0,19-year-old person,9,21
37,Julia,7,0,female person,10,54
37,Qian,8,0,generic person,0,82
37,Qian,8,0,hard-working person,1,29
37,Qian,8,0,Asian person,2,35
37,Qian,8,0,restaurant waiter,3,57
37,Qian,8,0,non-smoker,4,0
37,Qian,8,0,person who enjoys jazz music,5,0
37,Qian,8,0,person who can be stubborn,6,21
37,Qian,8,0,male person,7,63
37,Qian,8,0,27-year-old person,8,32
37,Qian,8,0,person with a humorous personality,9,11
37,Qian,8,0,person who enjoys watching sports,10,0
37,Ava,9,1,generic person,0,95
37,Ava,9,1,person who often drives,1,100
37,Ava,9,1,artist,2,0
37,Ava,9,1,person who enjoys music concerts,3,0
37,Ava,9,1,Native American person,4,53
37,Ava,9,1,person with a peanut allergy,5,0
37,Ava,9,1,26-year-old person,6,56
37,Ava,9,1,compassionate person,7,73
37,Ava,9,1,person who regularly drinks coffee,8,2
37,Ava,9,1,female person,9,42
37,Ava,9,1,long-time friend,10,64
37,Tristan,10,1,generic person,0,84
37,Tristan,10,1,male person,1,6
37,Tristan,10,1,43-year-old person,2,17
37,Tristan,10,1,extroverted and outgoing person,3,2
37,Tristan,10,1,person who can be impatient,4,0
37,Tristan,10,1,Christian person,5,0
37,Tristan,10,1,cardiologist,6,100
37,Tristan,10,1,Black person,7,21
37,Tristan,10,1,person with 10+ years of work experience,8,72
37,Tristan,10,1,person who enjoys country music,9,0
37,Tristan,10,1,person who can be opinionated,10,32
37,Alfred,11,1,generic person,0,77
37,Alfred,11,1,patriotic person,1,12
37,Alfred,11,1,person who enjoys Italian cuisine,2,0
37,Alfred,11,1,person with PTSD,3,100
37,Alfred,11,1,person who lives alone,4,28
37,Alfred,11,1,male person,5,64
37,Alfred,11,1,68-year-old person,6,23
37,Alfred,11,1,White person,7,48
37,Alfred,11,1,person with a calm personality,8,31
37,Alfred,11,1,person who enjoys fishing,9,0
37,Alfred,11,1,veteran,10,92
38,Julia,1,0,generic person,0,90
38,Julia,1,0,person with asthma,1,15
38,Julia,1,0,19-year-old person,2,9
38,Julia,1,0,person studying psychology,3,18
38,Julia,1,0,person who can be sensitive,4,5
38,Julia,1,0,college student,5,9
38,Julia,1,0,babysitter,6,44
38,Julia,1,0,courteous person,7,29
38,Julia,1,0,female person,8,17
38,Julia,1,0,person who enjoys watching TV shows,9,9
38,Julia,1,0,multiracial person,10,9
38,Flora,2,1,generic person,0,88
38,Flora,2,1,legally blind person,1,45
38,Flora,2,1,empathetic person,2,11
38,Flora,2,1,Asian person,3,7
38,Flora,2,1,person who enjoys gardening,4,20
38,Flora,2,1,32-year-old person,5,46
38,Flora,2,1,person who uses a white cane,6,6
38,Flora,2,1,counselor,7,9
38,Flora,2,1,person who composes music,8,4
38,Flora,2,1,female person,9,13
38,Flora,2,1,early riser,10,9
38,Nadia,3,0,generic person,0,92
38,Nadia,3,0,timid person,1,19
38,Nadia,3,0,person who collects vinyl records,2,9
38,Nadia,3,0,White person,3,4
38,Nadia,3,0,female person,4,41
38,Nadia,3,0,person who had attended couples therapy,5,27
38,Nadia,3,0,organized person,6,17
38,Nadia,3,0,person who enjoys oil painting,7,16
38,Nadia,3,0,34-year-old person,8,51
38,Nadia,3,0,person with red hair,9,14
38,Nadia,3,0,software engineer,10,10
38,Qian,4,0,generic person,0,93
38,Qian,4,0,person with a humorous personality,1,9
38,Qian,4,0,27-year-old person,2,54
38,Qian,4,0,person who enjoys watching sports,3,3
38,Qian,4,0,restaurant waiter,4,29
38,Qian,4,0,non-smoker,5,15
38,Qian,4,0,male person,6,10
38,Qian,4,0,hard-working person,7,21
38,Qian,4,0,Asian person,8,8
38,Qian,4,0,person who enjoys jazz music,9,5
38,Qian,4,0,person who can be stubborn,10,12
38,Edward,5,1,generic person,0,92
38,Edward,5,1,ambitious person,1,8
38,Edward,5,1,experienced driver,2,65
38,Edward,5,1,24-year-old person,3,40
38,Edward,5,1,White person,4,1
38,Edward,5,1,studious person,5,1
38,Edward,5,1,single person,6,4
38,Edward,5,1,clinical research assistant,7,4
38,Edward,5,1,person who enjoys reading science fiction,8,2
38,Edward,5,1,male person,9,5
38,Edward,5,1,person who enjoys browsing Twitter,10,2
38,Tristan,6,1,generic person,0,96
38,Tristan,6,1,extroverted and outgoing person,1,3
38,Tristan,6,1,male person,2,7
38,Tristan,6,1,person who enjoys country music,3,3
38,Tristan,6,1,person who can be impatient,4,5
38,Tristan,6,1,cardiologist,5,80
38,Tristan,6,1,person with 10+ years of work experience,6,9
38,Tristan,6,1,Christian person,7,4
38,Tristan,6,1,person who can be opinionated,8,9
38,Tristan,6,1,Black person,9,2
38,Tristan,6,1,43-year-old person,10,3
38,Alfred,7,1,generic person,0,81
38,Alfred,7,1,White person,1,7
38,Alfred,7,1,person with PTSD,2,24
38,Alfred,7,1,person who enjoys Italian cuisine,3,0
38,Alfred,7,1,veteran,4,10
38,Alfred,7,1,male person,5,11
38,Alfred,7,1,patriotic person,6,5
38,Alfred,7,1,person with a calm personality,7,7
38,Alfred,7,1,68-year-old person,8,40
38,Alfred,7,1,person who enjoys fishing,9,3
38,Alfred,7,1,person who lives alone,10,3
38,Ava,8,1,generic person,0,84
38,Ava,8,1,person with a peanut allergy,1,7
38,Ava,8,1,person who enjoys music concerts,2,1
38,Ava,8,1,compassionate person,3,3
38,Ava,8,1,person who regularly drinks coffee,4,3
38,Ava,8,1,long-time friend,5,4
38,Ava,8,1,26-year-old person,6,31
38,Ava,8,1,artist,7,8
38,Ava,8,1,person who often drives,8,67
38,Ava,8,1,female person,9,7
38,Ava,8,1,Native American person,10,2
38,Darla,9,0,generic person,0,91
38,Darla,9,0,Black person,1,4
38,Darla,9,0,female person,2,7
38,Darla,9,0,person with an absent-minded personality,3,3
38,Darla,9,0,person with a laid-back personality,4,1
38,Darla,9,0,32-year-old person,5,25
38,Darla,9,0,person who enjoys cooking,6,11
38,Darla,9,0,person with a long-term client relationship,7,54
38,Darla,9,0,home daycare business owner,8,66
38,Darla,9,0,person who interacts well with children,9,70
38,Darla,9,0,nearsighted person,10,4
38,Chris,10,1,generic person,0,94
38,Chris,10,1,White person,1,11
38,Chris,10,1,person who enjoys playing hide-and-seek,2,4
38,Chris,10,1,picky eater,3,4
38,Chris,10,1,person with an average IQ,4,10
38,Chris,10,1,person who admires his father,5,7
38,Chris,10,1,10-year-old person,6,63
38,Chris,10,1,person who weighs 70 lbs,7,0
38,Chris,10,1,person who enjoys swimming,8,1
38,Chris,10,1,person with a curious personality,9,1
38,Chris,10,1,male person,10,2
38,Melvin,11,1,generic person,0,84
38,Melvin,11,1,person with high blood pressure,1,4
38,Melvin,11,1,farmer,2,60
38,Melvin,11,1,person who enjoys rock music,3,2
38,Melvin,11,1,person who grows corn,4,6
38,Melvin,11,1,person with a cheerful personality,5,2
38,Melvin,11,1,person who is sometimes stingy,6,3
38,Melvin,11,1,male person,7,12
38,Melvin,11,1,White person,8,0
38,Melvin,11,1,45-year-old person,9,38
38,Melvin,11,1,person who grows hay,10,49
39,Melvin,1,1,generic person,0,70
39,Melvin,1,1,person who is sometimes stingy,1,65
39,Melvin,1,1,45-year-old person,2,75
39,Melvin,1,1,White person,3,85
39,Melvin,1,1,person who grows hay,4,83
39,Melvin,1,1,person with high blood pressure,5,80
39,Melvin,1,1,person who enjoys rock music,6,81
39,Melvin,1,1,farmer,7,91
39,Melvin,1,1,male person,8,87
39,Melvin,1,1,person with a cheerful personality,9,87
39,Melvin,1,1,person who grows corn,10,81
39,Darla,2,0,generic person,0,78
39,Darla,2,0,home daycare business owner,1,60
39,Darla,2,0,female person,2,75
39,Darla,2,0,person who interacts well with children,3,76
39,Darla,2,0,person with a laid-back personality,4,75
39,Darla,2,0,person who enjoys cooking,5,81
39,Darla,2,0,Black person,6,77
39,Darla,2,0,person with a long-term client relationship,7,79
39,Darla,2,0,nearsighted person,8,66
39,Darla,2,0,32-year-old person,9,79
39,Darla,2,0,person with an absent-minded personality,10,83
39,Julia,3,0,generic person,0,80
39,Julia,3,0,college student,1,79
39,Julia,3,0,19-year-old person,2,80
39,Julia,3,0,courteous person,3,85
39,Julia,3,0,person studying psychology,4,85
39,Julia,3,0,person who can be sensitive,5,80
39,Julia,3,0,babysitter,6,86
39,Julia,3,0,multiracial person,7,84
39,Julia,3,0,person with asthma,8,88
39,Julia,3,0,person who enjoys watching TV shows,9,88
39,Julia,3,0,female person,10,87
39,Edward,4,1,generic person,0,64
39,Edward,4,1,person who enjoys reading science fiction,1,78
39,Edward,4,1,male person,2,71
39,Edward,4,1,single person,3,87
39,Edward,4,1,24-year-old person,4,79
39,Edward,4,1,clinical research assistant,5,80
39,Edward,4,1,ambitious person,6,82
39,Edward,4,1,studious person,7,75
39,Edward,4,1,experienced driver,8,85
39,Edward,4,1,person who enjoys browsing Twitter,9,83
39,Edward,4,1,White person,10,83
39,Flora,5,1,generic person,0,49
39,Flora,5,1,Asian person,1,62
39,Flora,5,1,empathetic person,2,74
39,Flora,5,1,early riser,3,81
39,Flora,5,1,legally blind person,4,75
39,Flora,5,1,counselor,5,83
39,Flora,5,1,person who enjoys gardening,6,69
39,Flora,5,1,32-year-old person,7,67
39,Flora,5,1,female person,8,79
39,Flora,5,1,person who uses a white cane,9,82
39,Flora,5,1,person who composes music,10,82
39,Tristan,6,1,generic person,0,64
39,Tristan,6,1,person who can be opinionated,1,76
39,Tristan,6,1,cardiologist,2,67
39,Tristan,6,1,person who can be impatient,3,79
39,Tristan,6,1,Christian person,4,79
39,Tristan,6,1,person who enjoys country music,5,77
39,Tristan,6,1,male person,6,76
39,Tristan,6,1,Black person,7,84
39,Tristan,6,1,extroverted and outgoing person,8,81
39,Tristan,6,1,person with 10+ years of work experience,9,78
39,Tristan,6,1,43-year-old person,10,83
39,Nadia,7,0,generic person,0,83
39,Nadia,7,0,organized person,1,89
39,Nadia,7,0,34-year-old person,2,98
39,Nadia,7,0,person who collects vinyl records,3,95
39,Nadia,7,0,White person,4,94
39,Nadia,7,0,person with red hair,5,86
39,Nadia,7,0,person who had attended couples therapy,6,92
39,Nadia,7,0,software engineer,7,85
39,Nadia,7,0,person who enjoys oil painting,8,91
39,Nadia,7,0,female person,9,92
39,Nadia,7,0,timid person,10,88
39,Chris,8,1,generic person,0,93
39,Chris,8,1,picky eater,1,94
39,Chris,8,1,person who admires his father,2,89
39,Chris,8,1,person with a curious personality,3,89
39,Chris,8,1,person who enjoys swimming,4,91
39,Chris,8,1,person who weighs 70 lbs,5,94
39,Chris,8,1,person who enjoys playing hide-and-seek,6,90
39,Chris,8,1,White person,7,94
39,Chris,8,1,male person,8,85
39,Chris,8,1,person with an average IQ,9,91
39,Chris,8,1,10-year-old person,10,90
39,Ava,9,1,generic person,0,84
39,Ava,9,1,person who regularly drinks coffee,1,92
39,Ava,9,1,compassionate person,2,88
39,Ava,9,1,long-time friend,3,86
39,Ava,9,1,person who often drives,4,85
39,Ava,9,1,artist,5,87
39,Ava,9,1,Native American person,6,88
39,Ava,9,1,person with a peanut allergy,7,89
39,Ava,9,1,26-year-old person,8,85
39,Ava,9,1,female person,9,89
39,Ava,9,1,person who enjoys music concerts,10,86
39,Alfred,10,1,generic person,0,72
39,Alfred,10,1,veteran,1,85
39,Alfred,10,1,68-year-old person,2,83
39,Alfred,10,1,person with a calm personality,3,87
39,Alfred,10,1,person with PTSD,4,86
39,Alfred,10,1,White person,5,82
39,Alfred,10,1,patriotic person,6,89
39,Alfred,10,1,male person,7,86
39,Alfred,10,1,person who enjoys fishing,8,83
39,Alfred,10,1,person who lives alone,9,90
39,Alfred,10,1,person who enjoys Italian cuisine,10,88
39,Qian,11,0,generic person,0,93
39,Qian,11,0,Asian person,1,93
39,Qian,11,0,person with a humorous personality,2,94
39,Qian,11,0,restaurant waiter,3,96
39,Qian,11,0,hard-working person,4,94
39,Qian,11,0,27-year-old person,5,91
39,Qian,11,0,male person,6,92
39,Qian,11,0,non-smoker,7,93
39,Qian,11,0,person who enjoys jazz music,8,93
39,Qian,11,0,person who can be stubborn,9,94
39,Qian,11,0,person who enjoys watching sports,10,94
40,Melvin,1,1,generic person,0,50
40,Melvin,1,1,person with high blood pressure,1,49
40,Melvin,1,1,person who grows corn,2,52
40,Melvin,1,1,farmer,3,29
40,Melvin,1,1,person who enjoys rock music,4,56
40,Melvin,1,1,person with a cheerful personality,5,59
40,Melvin,1,1,male person,6,72
40,Melvin,1,1,45-year-old person,7,55
40,Melvin,1,1,person who is sometimes stingy,8,86
40,Melvin,1,1,White person,9,29
40,Melvin,1,1,person who grows hay,10,65
40,Alfred,2,1,generic person,0,35
40,Alfred,2,1,male person,1,29
40,Alfred,2,1,person with a calm personality,2,6
40,Alfred,2,1,White person,3,11
40,Alfred,2,1,person who enjoys fishing,4,9
40,Alfred,2,1,person with PTSD,5,72
40,Alfred,2,1,veteran,6,78
40,Alfred,2,1,68-year-old person,7,47
40,Alfred,2,1,person who lives alone,8,6
40,Alfred,2,1,person who enjoys Italian cuisine,9,1
40,Alfred,2,1,patriotic person,10,25
40,Flora,3,1,generic person,0,16
40,Flora,3,1,person who uses a white cane,1,97
40,Flora,3,1,legally blind person,2,100
40,Flora,3,1,person who composes music,3,15
40,Flora,3,1,32-year-old person,4,7
40,Flora,3,1,counselor,5,10
40,Flora,3,1,Asian person,6,10
40,Flora,3,1,female person,7,10
40,Flora,3,1,empathetic person,8,43
40,Flora,3,1,early riser,9,4
40,Flora,3,1,person who enjoys gardening,10,2
40,Tristan,4,1,generic person,0,34
40,Tristan,4,1,person who enjoys country music,1,0
40,Tristan,4,1,person who can be opinionated,2,73
40,Tristan,4,1,person with 10+ years of work experience,3,73
40,Tristan,4,1,Christian person,4,6
40,Tristan,4,1,male person,5,3
40,Tristan,4,1,cardiologist,6,71
40,Tristan,4,1,43-year-old person,7,3
40,Tristan,4,1,extroverted and outgoing person,8,2
40,Tristan,4,1,person who can be impatient,9,90
40,Tristan,4,1,Black person,10,8
40,Edward,5,1,generic person,0,25
40,Edward,5,1,ambitious person,1,14
40,Edward,5,1,male person,2,0
40,Edward,5,1,clinical research assistant,3,49
40,Edward,5,1,person who enjoys reading science fiction,4,0
40,Edward,5,1,24-year-old person,5,2
40,Edward,5,1,person who enjoys browsing Twitter,6,44
40,Edward,5,1,White person,7,1
40,Edward,5,1,single person,8,0
40,Edward,5,1,studious person,9,38
40,Edward,5,1,experienced driver,10,57
40,Chris,6,1,generic person,0,38
40,Chris,6,1,10-year-old person,1,86
40,Chris,6,1,picky eater,2,0
40,Chris,6,1,person who weighs 70 lbs,3,0
40,Chris,6,1,person with a curious personality,4,18
40,Chris,6,1,person who enjoys playing hide-and-seek,5,23
40,Chris,6,1,male person,6,0
40,Chris,6,1,White person,7,0
40,Chris,6,1,person with an average IQ,8,47
40,Chris,6,1,person who admires his father,9,35
40,Chris,6,1,person who enjoys swimming,10,0
40,Darla,7,0,generic person,0,74
40,Darla,7,0,32-year-old person,1,73
40,Darla,7,0,home daycare business owner,2,99
40,Darla,7,0,female person,3,76
40,Darla,7,0,person with a long-term client relationship,4,98
40,Darla,7,0,person who interacts well with children,5,98
40,Darla,7,0,person who enjoys cooking,6,0
40,Darla,7,0,person with a laid-back personality,7,10
40,Darla,7,0,Black person,8,0
40,Darla,7,0,person with an absent-minded personality,9,41
40,Darla,7,0,nearsighted person,10,33
40,Nadia,8,0,generic person,0,91
40,Nadia,8,0,34-year-old person,1,65
40,Nadia,8,0,person who had attended couples therapy,2,90
40,Nadia,8,0,timid person,3,100
40,Nadia,8,0,software engineer,4,7
40,Nadia,8,0,White person,5,0
40,Nadia,8,0,person who enjoys oil painting,6,0
40,Nadia,8,0,person who collects vinyl records,7,0
40,Nadia,8,0,person with red hair,8,0
40,Nadia,8,0,organized person,9,21
40,Nadia,8,0,female person,10,65
40,Qian,9,0,generic person,0,65
40,Qian,9,0,person who enjoys jazz music,1,0
40,Qian,9,0,hard-working person,2,48
40,Qian,9,0,person with a humorous personality,3,41
40,Qian,9,0,person who enjoys watching sports,4,0
40,Qian,9,0,non-smoker,5,0
40,Qian,9,0,27-year-old person,6,62
40,Qian,9,0,restaurant waiter,7,0
40,Qian,9,0,person who can be stubborn,8,14
40,Qian,9,0,male person,9,0
40,Qian,9,0,Asian person,10,0
40,Julia,10,0,generic person,0,7
40,Julia,10,0,multiracial person,1,2
40,Julia,10,0,person who can be sensitive,2,48
40,Julia,10,0,female person,3,2
40,Julia,10,0,college student,4,34
40,Julia,10,0,person studying psychology,5,0
40,Julia,10,0,person with asthma,6,1
40,Julia,10,0,19-year-old person,7,53
40,Julia,10,0,babysitter,8,65
40,Julia,10,0,person who enjoys watching TV shows,9,0
40,Julia,10,0,courteous person,10,1
40,Ava,11,1,generic person,0,84
40,Ava,11,1,person with a peanut allergy,1,0
40,Ava,11,1,person who often drives,2,81
40,Ava,11,1,compassionate person,3,96
40,Ava,11,1,Native American person,4,0
40,Ava,11,1,person who enjoys music concerts,5,0
40,Ava,11,1,artist,6,0
40,Ava,11,1,female person,7,0
40,Ava,11,1,26-year-old person,8,80
40,Ava,11,1,person who regularly drinks coffee,9,0
40,Ava,11,1,long-time friend,10,98
41,Melvin,1,1,generic person,0,69
41,Melvin,1,1,person with a cheerful personality,1,84
41,Melvin,1,1,45-year-old person,2,100
41,Melvin,1,1,farmer,3,98
41,Melvin,1,1,person with high blood pressure,4,61
41,Melvin,1,1,White person,5,61
41,Melvin,1,1,male person,6,63
41,Melvin,1,1,person who enjoys rock music,7,8
41,Melvin,1,1,person who is sometimes stingy,8,8
41,Melvin,1,1,person who grows corn,9,98
41,Melvin,1,1,person who grows hay,10,98
41,Nadia,2,0,generic person,0,47
41,Nadia,2,0,person who collects vinyl records,1,75
41,Nadia,2,0,person who had attended couples therapy,2,97
41,Nadia,2,0,timid person,3,72
41,Nadia,2,0,person with red hair,4,67
41,Nadia,2,0,female person,5,76
41,Nadia,2,0,organized person,6,75
41,Nadia,2,0,White person,7,81
41,Nadia,2,0,person who enjoys oil painting,8,49
41,Nadia,2,0,software engineer,9,94
41,Nadia,2,0,34-year-old person,10,95
41,Edward,3,1,generic person,0,79
41,Edward,3,1,clinical research assistant,1,94
41,Edward,3,1,person who enjoys reading science fiction,2,86
41,Edward,3,1,experienced driver,3,100
41,Edward,3,1,studious person,4,86
41,Edward,3,1,White person,5,64
41,Edward,3,1,male person,6,58
41,Edward,3,1,ambitious person,7,92
41,Edward,3,1,24-year-old person,8,64
41,Edward,3,1,single person,9,54
41,Edward,3,1,person who enjoys browsing Twitter,10,82
41,Flora,4,1,generic person,0,37
41,Flora,4,1,person who composes music,1,79
41,Flora,4,1,counselor,2,88
41,Flora,4,1,legally blind person,3,100
41,Flora,4,1,person who enjoys gardening,4,94
41,Flora,4,1,empathetic person,5,85
41,Flora,4,1,person who uses a white cane,6,100
41,Flora,4,1,early riser,7,82
41,Flora,4,1,Asian person,8,71
41,Flora,4,1,female person,9,73
41,Flora,4,1,32-year-old person,10,52
41,Julia,5,0,generic person,0,48
41,Julia,5,0,19-year-old person,1,14
41,Julia,5,0,female person,2,24
41,Julia,5,0,person studying psychology,3,74
41,Julia,5,0,college student,4,46
41,Julia,5,0,person who enjoys watching TV shows,5,39
41,Julia,5,0,person who can be sensitive,6,87
41,Julia,5,0,multiracial person,7,35
41,Julia,5,0,person with asthma,8,28
41,Julia,5,0,courteous person,9,42
41,Julia,5,0,babysitter,10,97
41,Chris,6,1,generic person,0,15
41,Chris,6,1,person who enjoys swimming,1,19
41,Chris,6,1,person who enjoys playing hide-and-seek,2,74
41,Chris,6,1,10-year-old person,3,2
41,Chris,6,1,person with a curious personality,4,16
41,Chris,6,1,person who admires his father,5,63
41,Chris,6,1,picky eater,6,45
41,Chris,6,1,person who weighs 70 lbs,7,18
41,Chris,6,1,White person,8,19
41,Chris,6,1,male person,9,20
41,Chris,6,1,person with an average IQ,10,29
41,Tristan,7,1,generic person,0,24
41,Tristan,7,1,Black person,1,59
41,Tristan,7,1,43-year-old person,2,82
41,Tristan,7,1,male person,3,39
41,Tristan,7,1,Christian person,4,46
41,Tristan,7,1,person who can be opinionated,5,86
41,Tristan,7,1,person who enjoys country music,6,38
41,Tristan,7,1,person with 10+ years of work experience,7,98
41,Tristan,7,1,cardiologist,8,98
41,Tristan,7,1,extroverted and outgoing person,9,35
41,Tristan,7,1,person who can be impatient,10,52
41,Qian,8,0,generic person,0,23
41,Qian,8,0,male person,1,54
41,Qian,8,0,person who enjoys jazz music,2,20
41,Qian,8,0,person who enjoys watching sports,3,81
41,Qian,8,0,restaurant waiter,4,81
41,Qian,8,0,hard-working person,5,85
41,Qian,8,0,person who can be stubborn,6,89
41,Qian,8,0,non-smoker,7,74
41,Qian,8,0,person with a humorous personality,8,66
41,Qian,8,0,Asian person,9,59
41,Qian,8,0,27-year-old person,10,49
41,Alfred,9,1,generic person,0,35
41,Alfred,9,1,patriotic person,1,79
41,Alfred,9,1,68-year-old person,2,84
41,Alfred,9,1,veteran,3,75
41,Alfred,9,1,person who lives alone,4,57
41,Alfred,9,1,person with PTSD,5,100
41,Alfred,9,1,person with a calm personality,6,82
41,Alfred,9,1,person who enjoys Italian cuisine,7,68
41,Alfred,9,1,White person,8,73
41,Alfred,9,1,person who enjoys fishing,9,52
41,Alfred,9,1,male person,10,75
41,Darla,10,0,generic person,0,21
41,Darla,10,0,person who enjoys cooking,1,51
41,Darla,10,0,Black person,2,49
41,Darla,10,0,32-year-old person,3,51
41,Darla,10,0,person with an absent-minded personality,4,76
41,Darla,10,0,person with a laid-back personality,5,76
41,Darla,10,0,female person,6,84
41,Darla,10,0,home daycare business owner,7,92
41,Darla,10,0,nearsighted person,8,97
41,Darla,10,0,person who interacts well with children,9,100
41,Darla,10,0,person with a long-term client relationship,10,73
41,Ava,11,1,generic person,0,26
41,Ava,11,1,long-time friend,1,49
41,Ava,11,1,compassionate person,2,79
41,Ava,11,1,female person,3,83
41,Ava,11,1,26-year-old person,4,63
41,Ava,11,1,Native American person,5,74
41,Ava,11,1,person who regularly drinks coffee,6,63
41,Ava,11,1,artist,7,78
41,Ava,11,1,person who enjoys music concerts,8,72
41,Ava,11,1,person with a peanut allergy,9,80
41,Ava,11,1,person who often drives,10,80
42,Edward,1,1,generic person,0,49
42,Edward,1,1,male person,1,47
42,Edward,1,1,single person,2,1
42,Edward,1,1,studious person,3,73
42,Edward,1,1,ambitious person,4,74
42,Edward,1,1,24-year-old person,5,47
42,Edward,1,1,person who enjoys browsing Twitter,6,1
42,Edward,1,1,person who enjoys reading science fiction,7,0
42,Edward,1,1,White person,8,1
42,Edward,1,1,experienced driver,9,68
42,Edward,1,1,clinical research assistant,10,70
42,Julia,2,0,generic person,0,43
42,Julia,2,0,multiracial person,1,2
42,Julia,2,0,person who can be sensitive,2,74
42,Julia,2,0,19-year-old person,3,48
42,Julia,2,0,person who enjoys watching TV shows,4,2
42,Julia,2,0,college student,5,48
42,Julia,2,0,female person,6,1
42,Julia,2,0,courteous person,7,78
42,Julia,2,0,person studying psychology,8,45
42,Julia,2,0,babysitter,9,89
42,Julia,2,0,person with asthma,10,1
42,Tristan,3,1,generic person,0,72
42,Tristan,3,1,person who enjoys country music,1,2
42,Tristan,3,1,extroverted and outgoing person,2,2
42,Tristan,3,1,person who can be impatient,3,67
42,Tristan,3,1,43-year-old person,4,1
42,Tristan,3,1,male person,5,1
42,Tristan,3,1,person with 10+ years of work experience,6,83
42,Tristan,3,1,Black person,7,1
42,Tristan,3,1,Christian person,8,1
42,Tristan,3,1,cardiologist,9,98
42,Tristan,3,1,person who can be opinionated,10,66
42,Alfred,4,1,generic person,0,68
42,Alfred,4,1,person with a calm personality,1,48
42,Alfred,4,1,male person,2,69
42,Alfred,4,1,person with PTSD,3,81
42,Alfred,4,1,veteran,4,80
42,Alfred,4,1,person who lives alone,5,1
42,Alfred,4,1,person who enjoys Italian cuisine,6,2
42,Alfred,4,1,White person,7,0
42,Alfred,4,1,patriotic person,8,2
42,Alfred,4,1,68-year-old person,9,0
42,Alfred,4,1,person who enjoys fishing,10,2
42,Qian,5,0,generic person,0,45
42,Qian,5,0,male person,1,67
42,Qian,5,0,person who can be stubborn,2,66
42,Qian,5,0,restaurant waiter,3,2
42,Qian,5,0,person with a humorous personality,4,2
42,Qian,5,0,person who enjoys jazz music,5,0
42,Qian,5,0,non-smoker,6,2
42,Qian,5,0,27-year-old person,7,45
42,Qian,5,0,Asian person,8,1
42,Qian,5,0,hard-working person,9,2
42,Qian,5,0,person who enjoys watching sports,10,2
42,Nadia,6,0,generic person,0,87
42,Nadia,6,0,person who collects vinyl records,1,1
42,Nadia,6,0,person who had attended couples therapy,2,48
42,Nadia,6,0,female person,3,76
42,Nadia,6,0,34-year-old person,4,2
42,Nadia,6,0,software engineer,5,1
42,Nadia,6,0,White person,6,1
42,Nadia,6,0,organized person,7,1
42,Nadia,6,0,timid person,8,49
42,Nadia,6,0,person with red hair,9,2
42,Nadia,6,0,person who enjoys oil painting,10,2
42,Chris,7,1,generic person,0,52
42,Chris,7,1,person who admires his father,1,58
42,Chris,7,1,picky eater,2,1
42,Chris,7,1,person with a curious personality,3,69
42,Chris,7,1,male person,4,49
42,Chris,7,1,person who enjoys playing hide-and-seek,5,1
42,Chris,7,1,person with an average IQ,6,49
42,Chris,7,1,White person,7,1
42,Chris,7,1,person who enjoys swimming,8,2
42,Chris,7,1,10-year-old person,9,71
42,Chris,7,1,person who weighs 70 lbs,10,1
42,Melvin,8,1,generic person,0,18
42,Melvin,8,1,person with a cheerful personality,1,1
42,Melvin,8,1,person who grows corn,2,51
42,Melvin,8,1,farmer,3,49
42,Melvin,8,1,person with high blood pressure,4,2
42,Melvin,8,1,person who enjoys rock music,5,1
42,Melvin,8,1,person who is sometimes stingy,6,47
42,Melvin,8,1,45-year-old person,7,2
42,Melvin,8,1,person who grows hay,8,73
42,Melvin,8,1,White person,9,1
42,Melvin,8,1,male person,10,2
42,Ava,9,1,generic person,0,76
42,Ava,9,1,person with a peanut allergy,1,0
42,Ava,9,1,person who enjoys music concerts,2,2
42,Ava,9,1,artist,3,2
42,Ava,9,1,female person,4,1
42,Ava,9,1,compassionate person,5,51
42,Ava,9,1,26-year-old person,6,1
42,Ava,9,1,person who often drives,7,69
42,Ava,9,1,long-time friend,8,68
42,Ava,9,1,Native American person,9,0
42,Ava,9,1,person who regularly drinks coffee,10,1
42,Darla,10,0,generic person,0,47
42,Darla,10,0,person with a laid-back personality,1,47
42,Darla,10,0,nearsighted person,2,2
42,Darla,10,0,Black person,3,2
42,Darla,10,0,person who enjoys cooking,4,1
42,Darla,10,0,32-year-old person,5,2
42,Darla,10,0,person with an absent-minded personality,6,1
42,Darla,10,0,person with a long-term client relationship,7,47
42,Darla,10,0,female person,8,1
42,Darla,10,0,home daycare business owner,9,1
42,Darla,10,0,person who interacts well with children,10,75
42,Flora,11,1,generic person,0,74
42,Flora,11,1,empathetic person,1,44
42,Flora,11,1,Asian person,2,1
42,Flora,11,1,32-year-old person,3,1
42,Flora,11,1,person who composes music,4,1
42,Flora,11,1,person who enjoys gardening,5,1
42,Flora,11,1,person who uses a white cane,6,48
42,Flora,11,1,legally blind person,7,83
42,Flora,11,1,early riser,8,1
42,Flora,11,1,female person,9,1
42,Flora,11,1,counselor,10,2
43,Qian,1,0,generic person,0,98
43,Qian,1,0,restaurant waiter,1,100
43,Qian,1,0,person who can be stubborn,2,100
43,Qian,1,0,person who enjoys watching sports,3,100
43,Qian,1,0,non-smoker,4,100
43,Qian,1,0,male person,5,100
43,Qian,1,0,Asian person,6,100
43,Qian,1,0,person who enjoys jazz music,7,100
43,Qian,1,0,hard-working person,8,100
43,Qian,1,0,person with a humorous personality,9,100
43,Qian,1,0,27-year-old person,10,100
43,Flora,2,1,generic person,0,100
43,Flora,2,1,person who enjoys gardening,1,100
43,Flora,2,1,Asian person,2,100
43,Flora,2,1,counselor,3,100
43,Flora,2,1,early riser,4,100
43,Flora,2,1,legally blind person,5,100
43,Flora,2,1,32-year-old person,6,100
43,Flora,2,1,empathetic person,7,100
43,Flora,2,1,person who uses a white cane,8,100
43,Flora,2,1,female person,9,100
43,Flora,2,1,person who composes music,10,100
43,Edward,3,1,generic person,0,99
43,Edward,3,1,male person,1,98
43,Edward,3,1,experienced driver,2,99
43,Edward,3,1,ambitious person,3,98
43,Edward,3,1,clinical research assistant,4,100
43,Edward,3,1,White person,5,100
43,Edward,3,1,single person,6,98
43,Edward,3,1,24-year-old person,7,100
43,Edward,3,1,studious person,8,100
43,Edward,3,1,person who enjoys browsing Twitter,9,100
43,Edward,3,1,person who enjoys reading science fiction,10,100
43,Ava,4,0,generic person,0,100
43,Ava,4,0,person with a peanut allergy,1,100
43,Ava,4,0,26-year-old person,2,100
43,Ava,4,0,female person,3,100
43,Ava,4,0,artist,4,98
43,Ava,4,0,long-time friend,5,100
43,Ava,4,0,person who regularly drinks coffee,6,100
43,Ava,4,0,compassionate person,7,100
43,Ava,4,0,person who enjoys music concerts,8,97
43,Ava,4,0,person who often drives,9,98
43,Ava,4,0,Native American person,10,100
43,Melvin,5,1,generic person,0,100
43,Melvin,5,1,person with a cheerful personality,1,100
43,Melvin,5,1,male person,2,100
43,Melvin,5,1,person who is sometimes stingy,3,100
43,Melvin,5,1,person who grows corn,4,97
43,Melvin,5,1,person with high blood pressure,5,100
43,Melvin,5,1,White person,6,100
43,Melvin,5,1,45-year-old person,7,100
43,Melvin,5,1,person who enjoys rock music,8,100
43,Melvin,5,1,person who grows hay,9,99
43,Melvin,5,1,farmer,10,100
43,Darla,6,0,generic person,0,97
43,Darla,6,0,person with a laid-back personality,1,100
43,Darla,6,0,nearsighted person,2,100
43,Darla,6,0,person with an absent-minded personality,3,100
43,Darla,6,0,person with a long-term client relationship,4,100
43,Darla,6,0,person who interacts well with children,5,100
43,Darla,6,0,Black person,6,98
43,Darla,6,0,person who enjoys cooking,7,100
43,Darla,6,0,home daycare business owner,8,100
43,Darla,6,0,female person,9,100
43,Darla,6,0,32-year-old person,10,100
43,Julia,7,0,generic person,0,100
43,Julia,7,0,female person,1,100
43,Julia,7,0,19-year-old person,2,100
43,Julia,7,0,multiracial person,3,100
43,Julia,7,0,person with asthma,4,100
43,Julia,7,0,college student,5,100
43,Julia,7,0,courteous person,6,100
43,Julia,7,0,babysitter,7,100
43,Julia,7,0,person who can be sensitive,8,100
43,Julia,7,0,person who enjoys watching TV shows,9,100
43,Julia,7,0,person studying psychology,10,100
43,Nadia,8,0,generic person,0,100
43,Nadia,8,0,White person,1,100
43,Nadia,8,0,person who collects vinyl records,2,100
43,Nadia,8,0,person who had attended couples therapy,3,100
43,Nadia,8,0,person with red hair,4,100
43,Nadia,8,0,person who enjoys oil painting,5,100
43,Nadia,8,0,female person,6,100
43,Nadia,8,0,34-year-old person,7,100
43,Nadia,8,0,timid person,8,100
43,Nadia,8,0,organized person,9,100
43,Nadia,8,0,software engineer,10,100
43,Tristan,9,1,generic person,0,98
43,Tristan,9,1,male person,1,100
43,Tristan,9,1,person who enjoys country music,2,100
43,Tristan,9,1,Black person,3,100
43,Tristan,9,1,43-year-old person,4,100
43,Tristan,9,1,person with 10+ years of work experience,5,100
43,Tristan,9,1,person who can be impatient,6,100
43,Tristan,9,1,Christian person,7,100
43,Tristan,9,1,person who can be opinionated,8,100
43,Tristan,9,1,extroverted and outgoing person,9,100
43,Tristan,9,1,cardiologist,10,100
43,Chris,10,1,generic person,0,100
43,Chris,10,1,person who admires his father,1,100
43,Chris,10,1,White person,2,100
43,Chris,10,1,picky eater,3,100
43,Chris,10,1,male person,4,100
43,Chris,10,1,person with an average IQ,5,100
43,Chris,10,1,person who enjoys swimming,6,100
43,Chris,10,1,person who enjoys playing hide-and-seek,7,100
43,Chris,10,1,person with a curious personality,8,100
43,Chris,10,1,10-year-old person,9,1
43,Chris,10,1,person who weighs 70 lbs,10,100
43,Alfred,11,1,generic person,0,100
43,Alfred,11,1,White person,1,95
43,Alfred,11,1,person with PTSD,2,100
43,Alfred,11,1,person with a calm personality,3,100
43,Alfred,11,1,patriotic person,4,98
43,Alfred,11,1,male person,5,100
43,Alfred,11,1,person who lives alone,6,100
43,Alfred,11,1,person who enjoys Italian cuisine,7,100
43,Alfred,11,1,person who enjoys fishing,8,97
43,Alfred,11,1,veteran,9,100
43,Alfred,11,1,68-year-old person,10,100
44,Darla,1,0,generic person,0,56
44,Darla,1,0,person who enjoys cooking,1,90
44,Darla,1,0,Black person,2,94
44,Darla,1,0,nearsighted person,3,99
44,Darla,1,0,home daycare business owner,4,10
44,Darla,1,0,person who interacts well with children,5,9
44,Darla,1,0,person with a long-term client relationship,6,19
44,Darla,1,0,person with a laid-back personality,7,62
44,Darla,1,0,person with an absent-minded personality,8,98
44,Darla,1,0,female person,9,47
44,Darla,1,0,32-year-old person,10,29
44,Ava,2,1,generic person,0,55
44,Ava,2,1,person with a peanut allergy,1,91
44,Ava,2,1,person who often drives,2,88
44,Ava,2,1,female person,3,88
44,Ava,2,1,person who enjoys music concerts,4,96
44,Ava,2,1,person who regularly drinks coffee,5,88
44,Ava,2,1,compassionate person,6,84
44,Ava,2,1,artist,7,69
44,Ava,2,1,26-year-old person,8,92
44,Ava,2,1,Native American person,9,94
44,Ava,2,1,long-time friend,10,86
44,Nadia,3,0,generic person,0,58
44,Nadia,3,0,person who had attended couples therapy,1,54
44,Nadia,3,0,White person,2,16
44,Nadia,3,0,person who enjoys oil painting,3,89
44,Nadia,3,0,person with red hair,4,89
44,Nadia,3,0,person who collects vinyl records,5,49
44,Nadia,3,0,organized person,6,71
44,Nadia,3,0,timid person,7,81
44,Nadia,3,0,female person,8,65
44,Nadia,3,0,34-year-old person,9,59
44,Nadia,3,0,software engineer,10,18
44,Edward,4,1,generic person,0,49
44,Edward,4,1,experienced driver,1,16
44,Edward,4,1,ambitious person,2,28
44,Edward,4,1,clinical research assistant,3,65
44,Edward,4,1,person who enjoys browsing Twitter,4,69
44,Edward,4,1,24-year-old person,5,81
44,Edward,4,1,male person,6,40
44,Edward,4,1,person who enjoys reading science fiction,7,74
44,Edward,4,1,White person,8,65
44,Edward,4,1,studious person,9,61
44,Edward,4,1,single person,10,59
44,Tristan,5,1,generic person,0,25
44,Tristan,5,1,Christian person,1,47
44,Tristan,5,1,extroverted and outgoing person,2,26
44,Tristan,5,1,43-year-old person,3,62
44,Tristan,5,1,person who can be opinionated,4,88
44,Tristan,5,1,cardiologist,5,38
44,Tristan,5,1,male person,6,38
44,Tristan,5,1,person with 10+ years of work experience,7,77
44,Tristan,5,1,person who can be impatient,8,93
44,Tristan,5,1,Black person,9,61
44,Tristan,5,1,person who enjoys country music,10,67
44,Julia,6,0,generic person,0,62
44,Julia,6,0,courteous person,1,51
44,Julia,6,0,female person,2,61
44,Julia,6,0,19-year-old person,3,33
44,Julia,6,0,person who can be sensitive,4,71
44,Julia,6,0,multiracial person,5,69
44,Julia,6,0,person who enjoys watching TV shows,6,71
44,Julia,6,0,college student,7,30
44,Julia,6,0,person with asthma,8,22
44,Julia,6,0,person studying psychology,9,65
44,Julia,6,0,babysitter,10,16
44,Flora,7,1,generic person,0,72
44,Flora,7,1,empathetic person,1,81
44,Flora,7,1,32-year-old person,2,63
44,Flora,7,1,female person,3,88
44,Flora,7,1,early riser,4,38
44,Flora,7,1,person who uses a white cane,5,56
44,Flora,7,1,legally blind person,6,32
44,Flora,7,1,person who composes music,7,57
44,Flora,7,1,counselor,8,69
44,Flora,7,1,Asian person,9,58
44,Flora,7,1,person who enjoys gardening,10,49
44,Chris,8,1,generic person,0,56
44,Chris,8,1,male person,1,23
44,Chris,8,1,person who enjoys playing hide-and-seek,2,41
44,Chris,8,1,person with an average IQ,3,42
44,Chris,8,1,person who weighs 70 lbs,4,25
44,Chris,8,1,person who enjoys swimming,5,35
44,Chris,8,1,person with a curious personality,6,15
44,Chris,8,1,White person,7,35
44,Chris,8,1,picky eater,8,21
44,Chris,8,1,10-year-old person,9,30
44,Chris,8,1,person who admires his father,10,46
44,Alfred,9,1,generic person,0,18
44,Alfred,9,1,person who enjoys Italian cuisine,1,29
44,Alfred,9,1,person with a calm personality,2,63
44,Alfred,9,1,male person,3,32
44,Alfred,9,1,patriotic person,4,36
44,Alfred,9,1,person who lives alone,5,32
44,Alfred,9,1,White person,6,4
44,Alfred,9,1,person with PTSD,7,26
44,Alfred,9,1,person who enjoys fishing,8,44
44,Alfred,9,1,68-year-old person,9,59
44,Alfred,9,1,veteran,10,55
44,Melvin,10,1,generic person,0,71
44,Melvin,10,1,White person,1,71
44,Melvin,10,1,person with high blood pressure,2,40
44,Melvin,10,1,person with a cheerful personality,3,60
44,Melvin,10,1,person who is sometimes stingy,4,26
44,Melvin,10,1,person who enjoys rock music,5,52
44,Melvin,10,1,male person,6,94
44,Melvin,10,1,person who grows hay,7,71
44,Melvin,10,1,person who grows corn,8,43
44,Melvin,10,1,farmer,9,77
44,Melvin,10,1,45-year-old person,10,91
44,Qian,11,0,generic person,0,47
44,Qian,11,0,Asian person,1,32
44,Qian,11,0,27-year-old person,2,47
44,Qian,11,0,hard-working person,3,57
44,Qian,11,0,person with a humorous personality,4,64
44,Qian,11,0,non-smoker,5,33
44,Qian,11,0,person who enjoys jazz music,6,37
44,Qian,11,0,restaurant waiter,7,38
44,Qian,11,0,person who can be stubborn,8,21
44,Qian,11,0,person who enjoys watching sports,9,36
44,Qian,11,0,male person,10,14
45,Melvin,1,1,generic person,0,43
45,Melvin,1,1,person who enjoys rock music,1,30
45,Melvin,1,1,farmer,2,66
45,Melvin,1,1,person with a cheerful personality,3,49
45,Melvin,1,1,male person,4,59
45,Melvin,1,1,person who is sometimes stingy,5,79
45,Melvin,1,1,45-year-old person,6,47
45,Melvin,1,1,White person,7,46
45,Melvin,1,1,person with high blood pressure,8,76
45,Melvin,1,1,person who grows corn,9,48
45,Melvin,1,1,person who grows hay,10,49
45,Julia,2,0,generic person,0,59
45,Julia,2,0,multiracial person,1,44
45,Julia,2,0,courteous person,2,67
45,Julia,2,0,college student,3,65
45,Julia,2,0,person who enjoys watching TV shows,4,41
45,Julia,2,0,person studying psychology,5,41
45,Julia,2,0,babysitter,6,64
45,Julia,2,0,female person,7,43
45,Julia,2,0,19-year-old person,8,65
45,Julia,2,0,person who can be sensitive,9,70
45,Julia,2,0,person with asthma,10,41
45,Qian,3,0,generic person,0,57
45,Qian,3,0,person with a humorous personality,1,32
45,Qian,3,0,Asian person,2,31
45,Qian,3,0,person who enjoys jazz music,3,41
45,Qian,3,0,restaurant waiter,4,60
45,Qian,3,0,person who can be stubborn,5,73
45,Qian,3,0,male person,6,40
45,Qian,3,0,person who enjoys watching sports,7,27
45,Qian,3,0,non-smoker,8,31
45,Qian,3,0,27-year-old person,9,41
45,Qian,3,0,hard-working person,10,68
45,Tristan,4,1,generic person,0,37
45,Tristan,4,1,cardiologist,1,51
45,Tristan,4,1,person with 10+ years of work experience,2,67
45,Tristan,4,1,male person,3,37
45,Tristan,4,1,person who enjoys country music,4,37
45,Tristan,4,1,person who can be opinionated,5,64
45,Tristan,4,1,43-year-old person,6,34
45,Tristan,4,1,Christian person,7,35
45,Tristan,4,1,person who can be impatient,8,75
45,Tristan,4,1,Black person,9,32
45,Tristan,4,1,extroverted and outgoing person,10,36
45,Alfred,5,1,generic person,0,29
45,Alfred,5,1,White person,1,26
45,Alfred,5,1,person who lives alone,2,25
45,Alfred,5,1,male person,3,22
45,Alfred,5,1,68-year-old person,4,24
45,Alfred,5,1,person with a calm personality,5,40
45,Alfred,5,1,person who enjoys Italian cuisine,6,26
45,Alfred,5,1,patriotic person,7,39
45,Alfred,5,1,veteran,8,70
45,Alfred,5,1,person with PTSD,9,81
45,Alfred,5,1,person who enjoys fishing,10,16
45,Edward,6,1,generic person,0,25
45,Edward,6,1,studious person,1,32
45,Edward,6,1,experienced driver,2,67
45,Edward,6,1,person who enjoys reading science fiction,3,18
45,Edward,6,1,male person,4,19
45,Edward,6,1,single person,5,9
45,Edward,6,1,ambitious person,6,38
45,Edward,6,1,24-year-old person,7,43
45,Edward,6,1,clinical research assistant,8,69
45,Edward,6,1,White person,9,16
45,Edward,6,1,person who enjoys browsing Twitter,10,16
45,Chris,7,1,generic person,0,16
45,Chris,7,1,person with an average IQ,1,15
45,Chris,7,1,person who enjoys playing hide-and-seek,2,14
45,Chris,7,1,10-year-old person,3,17
45,Chris,7,1,picky eater,4,5
45,Chris,7,1,White person,5,14
45,Chris,7,1,person who weighs 70 lbs,6,12
45,Chris,7,1,person with a curious personality,7,66
45,Chris,7,1,person who enjoys swimming,8,11
45,Chris,7,1,person who admires his father,9,71
45,Chris,7,1,male person,10,8
45,Darla,8,0,generic person,0,67
45,Darla,8,0,Black person,1,13
45,Darla,8,0,nearsighted person,2,51
45,Darla,8,0,person who interacts well with children,3,78
45,Darla,8,0,32-year-old person,4,31
45,Darla,8,0,female person,5,23
45,Darla,8,0,person with an absent-minded personality,6,80
45,Darla,8,0,person with a long-term client relationship,7,79
45,Darla,8,0,person with a laid-back personality,8,70
45,Darla,8,0,person who enjoys cooking,9,22
45,Darla,8,0,home daycare business owner,10,65
45,Nadia,9,0,generic person,0,60
45,Nadia,9,0,software engineer,1,28
45,Nadia,9,0,person who enjoys oil painting,2,25
45,Nadia,9,0,White person,3,23
45,Nadia,9,0,person who had attended couples therapy,4,66
45,Nadia,9,0,female person,5,20
45,Nadia,9,0,timid person,6,71
45,Nadia,9,0,person with red hair,7,18
45,Nadia,9,0,person who collects vinyl records,8,18
45,Nadia,9,0,organized person,9,18
45,Nadia,9,0,34-year-old person,10,16
45,Ava,10,1,generic person,0,72
45,Ava,10,1,Native American person,1,17
45,Ava,10,1,person who regularly drinks coffee,2,16
45,Ava,10,1,26-year-old person,3,15
45,Ava,10,1,person who often drives,4,72
45,Ava,10,1,long-time friend,5,78
45,Ava,10,1,female person,6,18
45,Ava,10,1,person who enjoys music concerts,7,14
45,Ava,10,1,compassionate person,8,76
45,Ava,10,1,artist,9,13
45,Ava,10,1,person with a peanut allergy,10,13
45,Flora,11,1,generic person,0,73
45,Flora,11,1,person who enjoys gardening,1,23
45,Flora,11,1,legally blind person,2,95
45,Flora,11,1,empathetic person,3,82
45,Flora,11,1,Asian person,4,13
45,Flora,11,1,person who composes music,5,15
45,Flora,11,1,female person,6,14
45,Flora,11,1,person who uses a white cane,7,95
45,Flora,11,1,early riser,8,15
45,Flora,11,1,32-year-old person,9,12
45,Flora,11,1,counselor,10,77
46,Tristan,1,1,generic person,0,4
46,Tristan,1,1,person with 10+ years of work experience,1,79
46,Tristan,1,1,cardiologist,2,99
46,Tristan,1,1,extroverted and outgoing person,3,22
46,Tristan,1,1,Black person,4,12
46,Tristan,1,1,Christian person,5,1
46,Tristan,1,1,person who can be impatient,6,12
46,Tristan,1,1,43-year-old person,7,47
46,Tristan,1,1,male person,8,47
46,Tristan,1,1,person who can be opinionated,9,30
46,Tristan,1,1,person who enjoys country music,10,7
46,Qian,2,0,generic person,0,82
46,Qian,2,0,person who enjoys jazz music,1,49
46,Qian,2,0,27-year-old person,2,90
46,Qian,2,0,Asian person,3,71
46,Qian,2,0,hard-working person,4,84
46,Qian,2,0,person who enjoys watching sports,5,93
46,Qian,2,0,non-smoker,6,78
46,Qian,2,0,person with a humorous personality,7,73
46,Qian,2,0,male person,8,89
46,Qian,2,0,restaurant waiter,9,64
46,Qian,2,0,person who can be stubborn,10,46
46,Edward,3,1,generic person,0,47
46,Edward,3,1,clinical research assistant,1,47
46,Edward,3,1,24-year-old person,2,46
46,Edward,3,1,single person,3,47
46,Edward,3,1,experienced driver,4,4
46,Edward,3,1,White person,5,45
46,Edward,3,1,person who enjoys browsing Twitter,6,19
46,Edward,3,1,person who enjoys reading science fiction,7,47
46,Edward,3,1,studious person,8,40
46,Edward,3,1,male person,9,47
46,Edward,3,1,ambitious person,10,39
46,Julia,4,0,generic person,0,19
46,Julia,4,0,person who can be sensitive,1,35
46,Julia,4,0,19-year-old person,2,21
46,Julia,4,0,multiracial person,3,16
46,Julia,4,0,babysitter,4,1
46,Julia,4,0,person studying psychology,5,11
46,Julia,4,0,female person,6,23
46,Julia,4,0,person with asthma,7,11
46,Julia,4,0,person who enjoys watching TV shows,8,16
46,Julia,4,0,college student,9,23
46,Julia,4,0,courteous person,10,5
46,Alfred,5,1,generic person,0,2
46,Alfred,5,1,person who enjoys Italian cuisine,1,1
46,Alfred,5,1,White person,2,2
46,Alfred,5,1,person with a calm personality,3,2
46,Alfred,5,1,patriotic person,4,4
46,Alfred,5,1,person with PTSD,5,30
46,Alfred,5,1,veteran,6,4
46,Alfred,5,1,person who enjoys fishing,7,2
46,Alfred,5,1,68-year-old person,8,1
46,Alfred,5,1,person who lives alone,9,1
46,Alfred,5,1,male person,10,0
46,Nadia,6,0,generic person,0,44
46,Nadia,6,0,timid person,1,29
46,Nadia,6,0,person who had attended couples therapy,2,29
46,Nadia,6,0,software engineer,3,13
46,Nadia,6,0,person who enjoys oil painting,4,18
46,Nadia,6,0,White person,5,22
46,Nadia,6,0,person who collects vinyl records,6,17
46,Nadia,6,0,34-year-old person,7,30
46,Nadia,6,0,female person,8,31
46,Nadia,6,0,organized person,9,24
46,Nadia,6,0,person with red hair,10,15
46,Ava,7,1,generic person,0,95
46,Ava,7,1,person who enjoys music concerts,1,95
46,Ava,7,1,compassionate person,2,98
46,Ava,7,1,long-time friend,3,98
46,Ava,7,1,Native American person,4,93
46,Ava,7,1,26-year-old person,5,95
46,Ava,7,1,person with a peanut allergy,6,93
46,Ava,7,1,person who often drives,7,100
46,Ava,7,1,artist,8,90
46,Ava,7,1,person who regularly drinks coffee,9,94
46,Ava,7,1,female person,10,96
46,Chris,8,1,generic person,0,47
46,Chris,8,1,White person,1,49
46,Chris,8,1,10-year-old person,2,89
46,Chris,8,1,person who enjoys swimming,3,20
46,Chris,8,1,male person,4,43
46,Chris,8,1,person who admires his father,5,49
46,Chris,8,1,person with a curious personality,6,54
46,Chris,8,1,person with an average IQ,7,30
46,Chris,8,1,person who weighs 70 lbs,8,65
46,Chris,8,1,picky eater,9,29
46,Chris,8,1,person who enjoys playing hide-and-seek,10,54
46,Darla,9,0,generic person,0,86
46,Darla,9,0,32-year-old person,1,90
46,Darla,9,0,home daycare business owner,2,98
46,Darla,9,0,person with a long-term client relationship,3,90
46,Darla,9,0,female person,4,87
46,Darla,9,0,Black person,5,87
46,Darla,9,0,person with a laid-back personality,6,85
46,Darla,9,0,person with an absent-minded personality,7,77
46,Darla,9,0,person who interacts well with children,8,95
46,Darla,9,0,nearsighted person,9,75
46,Darla,9,0,person who enjoys cooking,10,75
46,Flora,10,1,generic person,0,38
46,Flora,10,1,empathetic person,1,89
46,Flora,10,1,person who uses a white cane,2,97
46,Flora,10,1,person who enjoys gardening,3,48
46,Flora,10,1,early riser,4,44
46,Flora,10,1,person who composes music,5,45
46,Flora,10,1,female person,6,61
46,Flora,10,1,Asian person,7,59
46,Flora,10,1,legally blind person,8,98
46,Flora,10,1,counselor,9,66
46,Flora,10,1,32-year-old person,10,45
46,Melvin,11,1,generic person,0,60
46,Melvin,11,1,person who is sometimes stingy,1,47
46,Melvin,11,1,male person,2,53
46,Melvin,11,1,person who enjoys rock music,3,46
46,Melvin,11,1,person who grows hay,4,82
46,Melvin,11,1,person with a cheerful personality,5,47
46,Melvin,11,1,White person,6,48
46,Melvin,11,1,person with high blood pressure,7,45
46,Melvin,11,1,person who grows corn,8,73
46,Melvin,11,1,farmer,9,83
46,Melvin,11,1,45-year-old person,10,44
47,Melvin,1,1,generic person,0,99
47,Melvin,1,1,person who enjoys rock music,1,25
47,Melvin,1,1,White person,2,64
47,Melvin,1,1,farmer,3,100
47,Melvin,1,1,person who grows hay,4,100
47,Melvin,1,1,person who grows corn,5,100
47,Melvin,1,1,person with high blood pressure,6,100
47,Melvin,1,1,male person,7,100
47,Melvin,1,1,person who is sometimes stingy,8,23
47,Melvin,1,1,45-year-old person,9,100
47,Melvin,1,1,person with a cheerful personality,10,82
47,Nadia,2,0,generic person,0,94
47,Nadia,2,0,34-year-old person,1,80
47,Nadia,2,0,female person,2,97
47,Nadia,2,0,White person,3,84
47,Nadia,2,0,organized person,4,47
47,Nadia,2,0,software engineer,5,100
47,Nadia,2,0,person with red hair,6,100
47,Nadia,2,0,person who enjoys oil painting,7,97
47,Nadia,2,0,timid person,8,100
47,Nadia,2,0,person who had attended couples therapy,9,100
47,Nadia,2,0,person who collects vinyl records,10,51
47,Darla,3,0,generic person,0,98
47,Darla,3,0,person who enjoys cooking,1,98
47,Darla,3,0,person with a long-term client relationship,2,89
47,Darla,3,0,person with an absent-minded personality,3,79
47,Darla,3,0,person with a laid-back personality,4,98
47,Darla,3,0,home daycare business owner,5,97
47,Darla,3,0,person who interacts well with children,6,71
47,Darla,3,0,Black person,7,98
47,Darla,3,0,nearsighted person,8,53
47,Darla,3,0,female person,9,97
47,Darla,3,0,32-year-old person,10,92
47,Ava,4,1,generic person,0,78
47,Ava,4,1,person who often drives,1,92
47,Ava,4,1,person who enjoys music concerts,2,96
47,Ava,4,1,compassionate person,3,77
47,Ava,4,1,Native American person,4,96
47,Ava,4,1,female person,5,98
47,Ava,4,1,person with a peanut allergy,6,80
47,Ava,4,1,long-time friend,7,97
47,Ava,4,1,26-year-old person,8,91
47,Ava,4,1,person who regularly drinks coffee,9,95
47,Ava,4,1,artist,10,80
47,Flora,5,1,generic person,0,99
47,Flora,5,1,legally blind person,1,98
47,Flora,5,1,person who enjoys gardening,2,99
47,Flora,5,1,32-year-old person,3,98
47,Flora,5,1,person who composes music,4,97
47,Flora,5,1,female person,5,89
47,Flora,5,1,person who uses a white cane,6,97
47,Flora,5,1,Asian person,7,93
47,Flora,5,1,early riser,8,99
47,Flora,5,1,counselor,9,98
47,Flora,5,1,empathetic person,10,97
47,Julia,6,0,generic person,0,99
47,Julia,6,0,19-year-old person,1,87
47,Julia,6,0,person who can be sensitive,2,100
47,Julia,6,0,person studying psychology,3,98
47,Julia,6,0,babysitter,4,100
47,Julia,6,0,person who enjoys watching TV shows,5,96
47,Julia,6,0,person with asthma,6,94
47,Julia,6,0,courteous person,7,99
47,Julia,6,0,multiracial person,8,92
47,Julia,6,0,college student,9,95
47,Julia,6,0,female person,10,97
47,Alfred,7,1,generic person,0,94
47,Alfred,7,1,68-year-old person,1,100
47,Alfred,7,1,White person,2,96
47,Alfred,7,1,patriotic person,3,98
47,Alfred,7,1,veteran,4,94
47,Alfred,7,1,person who enjoys Italian cuisine,5,95
47,Alfred,7,1,person with a calm personality,6,89
47,Alfred,7,1,male person,7,99
47,Alfred,7,1,person with PTSD,8,90
47,Alfred,7,1,person who enjoys fishing,9,92
47,Alfred,7,1,person who lives alone,10,99
47,Chris,8,1,generic person,0,100
47,Chris,8,1,person who enjoys playing hide-and-seek,1,83
47,Chris,8,1,person who weighs 70 lbs,2,87
47,Chris,8,1,person who admires his father,3,52
47,Chris,8,1,10-year-old person,4,58
47,Chris,8,1,person with a curious personality,5,53
47,Chris,8,1,White person,6,90
47,Chris,8,1,male person,7,53
47,Chris,8,1,picky eater,8,56
47,Chris,8,1,person with an average IQ,9,99
47,Chris,8,1,person who enjoys swimming,10,100
47,Edward,9,1,generic person,0,98
47,Edward,9,1,clinical research assistant,1,97
47,Edward,9,1,person who enjoys reading science fiction,2,93
47,Edward,9,1,White person,3,87
47,Edward,9,1,studious person,4,88
47,Edward,9,1,single person,5,90
47,Edward,9,1,24-year-old person,6,85
47,Edward,9,1,ambitious person,7,68
47,Edward,9,1,male person,8,51
47,Edward,9,1,experienced driver,9,52
47,Edward,9,1,person who enjoys browsing Twitter,10,10
47,Tristan,10,1,generic person,0,100
47,Tristan,10,1,43-year-old person,1,100
47,Tristan,10,1,extroverted and outgoing person,2,85
47,Tristan,10,1,person who can be impatient,3,25
47,Tristan,10,1,cardiologist,4,31
47,Tristan,10,1,person who can be opinionated,5,88
47,Tristan,10,1,person who enjoys country music,6,73
47,Tristan,10,1,person with 10+ years of work experience,7,98
47,Tristan,10,1,male person,8,71
47,Tristan,10,1,Black person,9,86
47,Tristan,10,1,Christian person,10,75
47,Qian,11,0,generic person,0,97
47,Qian,11,0,person who enjoys jazz music,1,98
47,Qian,11,0,hard-working person,2,99
47,Qian,11,0,person who enjoys watching sports,3,98
47,Qian,11,0,restaurant waiter,4,93
47,Qian,11,0,27-year-old person,5,98
47,Qian,11,0,Asian person,6,83
47,Qian,11,0,non-smoker,7,97
47,Qian,11,0,person with a humorous personality,8,97
47,Qian,11,0,male person,9,91
47,Qian,11,0,person who can be stubborn,10,94
48,Julia,1,0,generic person,0,97
48,Julia,1,0,courteous person,1,7
48,Julia,1,0,female person,2,7
48,Julia,1,0,multiracial person,3,4
48,Julia,1,0,person with asthma,4,0
48,Julia,1,0,college student,5,52
48,Julia,1,0,person who enjoys watching TV shows,6,0
48,Julia,1,0,person who can be sensitive,7,0
48,Julia,1,0,person studying psychology,8,0
48,Julia,1,0,babysitter,9,45
48,Julia,1,0,19-year-old person,10,41
48,Qian,2,0,generic person,0,60
48,Qian,2,0,person who enjoys watching sports,1,0
48,Qian,2,0,Asian person,2,30
48,Qian,2,0,27-year-old person,3,36
48,Qian,2,0,person with a humorous personality,4,0
48,Qian,2,0,non-smoker,5,1
48,Qian,2,0,restaurant waiter,6,0
48,Qian,2,0,male person,7,57
48,Qian,2,0,person who enjoys jazz music,8,0
48,Qian,2,0,person who can be stubborn,9,0
48,Qian,2,0,hard-working person,10,0
48,Flora,3,1,generic person,0,8
48,Flora,3,1,female person,1,34
48,Flora,3,1,empathetic person,2,0
48,Flora,3,1,early riser,3,0
48,Flora,3,1,counselor,4,0
48,Flora,3,1,32-year-old person,5,1
48,Flora,3,1,person who composes music,6,0
48,Flora,3,1,person who uses a white cane,7,94
48,Flora,3,1,Asian person,8,1
48,Flora,3,1,person who enjoys gardening,9,0
48,Flora,3,1,legally blind person,10,59
48,Tristan,4,1,generic person,0,98
48,Tristan,4,1,cardiologist,1,99
48,Tristan,4,1,43-year-old person,2,0
48,Tristan,4,1,Christian person,3,0
48,Tristan,4,1,person with 10+ years of work experience,4,0
48,Tristan,4,1,extroverted and outgoing person,5,0
48,Tristan,4,1,Black person,6,1
48,Tristan,4,1,person who can be opinionated,7,0
48,Tristan,4,1,person who enjoys country music,8,0
48,Tristan,4,1,male person,9,0
48,Tristan,4,1,person who can be impatient,10,0
48,Nadia,5,0,generic person,0,93
48,Nadia,5,0,timid person,1,0
48,Nadia,5,0,White person,2,1
48,Nadia,5,0,person with red hair,3,1
48,Nadia,5,0,person who had attended couples therapy,4,6
48,Nadia,5,0,software engineer,5,0
48,Nadia,5,0,organized person,6,0
48,Nadia,5,0,female person,7,76
48,Nadia,5,0,person who collects vinyl records,8,1
48,Nadia,5,0,person who enjoys oil painting,9,0
48,Nadia,5,0,34-year-old person,10,9
48,Ava,6,1,generic person,0,94
48,Ava,6,1,26-year-old person,1,24
48,Ava,6,1,person who often drives,2,49
48,Ava,6,1,artist,3,0
48,Ava,6,1,female person,4,0
48,Ava,6,1,long-time friend,5,0
48,Ava,6,1,person with a peanut allergy,6,0
48,Ava,6,1,person who enjoys music concerts,7,0
48,Ava,6,1,person who regularly drinks coffee,8,0
48,Ava,6,1,Native American person,9,0
48,Ava,6,1,compassionate person,10,0
48,Alfred,7,1,generic person,0,79
48,Alfred,7,1,person with PTSD,1,50
48,Alfred,7,1,White person,2,0
48,Alfred,7,1,patriotic person,3,0
48,Alfred,7,1,person who enjoys fishing,4,0
48,Alfred,7,1,person who enjoys Italian cuisine,5,0
48,Alfred,7,1,person with a calm personality,6,0
48,Alfred,7,1,male person,7,53
48,Alfred,7,1,person who lives alone,8,0
48,Alfred,7,1,veteran,9,59
48,Alfred,7,1,68-year-old person,10,22
48,Chris,8,1,generic person,0,20
48,Chris,8,1,person who enjoys swimming,1,0
48,Chris,8,1,person with an average IQ,2,0
48,Chris,8,1,10-year-old person,3,100
48,Chris,8,1,White person,4,0
48,Chris,8,1,picky eater,5,0
48,Chris,8,1,person with a curious personality,6,0
48,Chris,8,1,person who weighs 70 lbs,7,0
48,Chris,8,1,person who enjoys playing hide-and-seek,8,0
48,Chris,8,1,person who admires his father,9,0
48,Chris,8,1,male person,10,0
48,Melvin,9,1,generic person,0,69
48,Melvin,9,1,farmer,1,78
48,Melvin,9,1,person who grows hay,2,74
48,Melvin,9,1,person who is sometimes stingy,3,0
48,Melvin,9,1,45-year-old person,4,23
48,Melvin,9,1,male person,5,45
48,Melvin,9,1,White person,6,0
48,Melvin,9,1,person with high blood pressure,7,0
48,Melvin,9,1,person who grows corn,8,42
48,Melvin,9,1,person with a cheerful personality,9,0
48,Melvin,9,1,person who enjoys rock music,10,0
48,Edward,10,1,generic person,0,100
48,Edward,10,1,clinical research assistant,1,0
48,Edward,10,1,ambitious person,2,2
48,Edward,10,1,24-year-old person,3,48
48,Edward,10,1,experienced driver,4,0
48,Edward,10,1,male person,5,53
48,Edward,10,1,White person,6,0
48,Edward,10,1,person who enjoys browsing Twitter,7,0
48,Edward,10,1,single person,8,0
48,Edward,10,1,studious person,9,48
48,Edward,10,1,person who enjoys reading science fiction,10,0
48,Darla,11,1,generic person,0,97
48,Darla,11,1,female person,1,45
48,Darla,11,1,person who interacts well with children,2,0
48,Darla,11,1,Black person,3,0
48,Darla,11,1,32-year-old person,4,0
48,Darla,11,1,person with an absent-minded personality,5,0
48,Darla,11,1,home daycare business owner,6,100
48,Darla,11,1,person with a long-term client relationship,7,0
48,Darla,11,1,nearsighted person,8,0
48,Darla,11,1,person who enjoys cooking,9,0
48,Darla,11,1,person with a laid-back personality,10,0
49,Melvin,1,1,generic person,0,96
49,Melvin,1,1,male person,1,55
49,Melvin,1,1,person who grows hay,2,83
49,Melvin,1,1,person with high blood pressure,3,2
49,Melvin,1,1,person who enjoys rock music,4,2
49,Melvin,1,1,45-year-old person,5,82
49,Melvin,1,1,farmer,6,99
49,Melvin,1,1,White person,7,46
49,Melvin,1,1,person with a cheerful personality,8,9
49,Melvin,1,1,person who grows corn,9,95
49,Melvin,1,1,person who is sometimes stingy,10,33
49,Flora,2,1,generic person,0,31
49,Flora,2,1,32-year-old person,1,31
49,Flora,2,1,person who uses a white cane,2,85
49,Flora,2,1,early riser,3,2
49,Flora,2,1,person who enjoys gardening,4,5
49,Flora,2,1,person who composes music,5,3
49,Flora,2,1,legally blind person,6,100
49,Flora,2,1,Asian person,7,12
49,Flora,2,1,counselor,8,10
49,Flora,2,1,empathetic person,9,51
49,Flora,2,1,female person,10,46
49,Chris,3,1,generic person,0,43
49,Chris,3,1,person who weighs 70 lbs,1,34
49,Chris,3,1,person who admires his father,2,48
49,Chris,3,1,picky eater,3,2
49,Chris,3,1,person with a curious personality,4,64
49,Chris,3,1,10-year-old person,5,100
49,Chris,3,1,person who enjoys playing hide-and-seek,6,72
49,Chris,3,1,White person,7,16
49,Chris,3,1,person who enjoys swimming,8,4
49,Chris,3,1,person with an average IQ,9,55
49,Chris,3,1,male person,10,31
49,Nadia,4,0,generic person,0,62
49,Nadia,4,0,34-year-old person,1,68
49,Nadia,4,0,timid person,2,48
49,Nadia,4,0,person who had attended couples therapy,3,62
49,Nadia,4,0,person with red hair,4,20
49,Nadia,4,0,White person,5,32
49,Nadia,4,0,software engineer,6,20
49,Nadia,4,0,organized person,7,32
49,Nadia,4,0,female person,8,93
49,Nadia,4,0,person who enjoys oil painting,9,8
49,Nadia,4,0,person who collects vinyl records,10,1
49,Tristan,5,1,generic person,0,18
49,Tristan,5,1,person with 10+ years of work experience,1,66
49,Tristan,5,1,person who can be impatient,2,40
49,Tristan,5,1,43-year-old person,3,54
49,Tristan,5,1,male person,4,39
49,Tristan,5,1,person who enjoys country music,5,1
49,Tristan,5,1,Christian person,6,17
49,Tristan,5,1,person who can be opinionated,7,24
49,Tristan,5,1,cardiologist,8,98
49,Tristan,5,1,Black person,9,7
49,Tristan,5,1,extroverted and outgoing person,10,17
49,Alfred,6,1,generic person,0,70
49,Alfred,6,1,veteran,1,90
49,Alfred,6,1,person who enjoys fishing,2,2
49,Alfred,6,1,White person,3,14
49,Alfred,6,1,patriotic person,4,63
49,Alfred,6,1,person with PTSD,5,97
49,Alfred,6,1,male person,6,52
49,Alfred,6,1,person with a calm personality,7,60
49,Alfred,6,1,person who enjoys Italian cuisine,8,1
49,Alfred,6,1,68-year-old person,9,47
49,Alfred,6,1,person who lives alone,10,3
49,Darla,7,0,generic person,0,63
49,Darla,7,0,person with a long-term client relationship,1,92
49,Darla,7,0,female person,2,25
49,Darla,7,0,person with an absent-minded personality,3,24
49,Darla,7,0,home daycare business owner,4,98
49,Darla,7,0,32-year-old person,5,52
49,Darla,7,0,person who interacts well with children,6,71
49,Darla,7,0,person who enjoys cooking,7,2
49,Darla,7,0,Black person,8,6
49,Darla,7,0,nearsighted person,9,12
49,Darla,7,0,person with a laid-back personality,10,35
49,Ava,8,1,generic person,0,59
49,Ava,8,1,long-time friend,1,70
49,Ava,8,1,person who enjoys music concerts,2,2
49,Ava,8,1,Native American person,3,2
49,Ava,8,1,26-year-old person,4,51
49,Ava,8,1,person with a peanut allergy,5,1
49,Ava,8,1,compassionate person,6,33
49,Ava,8,1,person who often drives,7,57
49,Ava,8,1,person who regularly drinks coffee,8,2
49,Ava,8,1,artist,9,2
49,Ava,8,1,female person,10,28
49,Edward,9,1,generic person,0,80
49,Edward,9,1,ambitious person,1,11
49,Edward,9,1,person who enjoys reading science fiction,2,3
49,Edward,9,1,White person,3,10
49,Edward,9,1,24-year-old person,4,45
49,Edward,9,1,person who enjoys browsing Twitter,5,2
49,Edward,9,1,studious person,6,3
49,Edward,9,1,single person,7,3
49,Edward,9,1,clinical research assistant,8,2
49,Edward,9,1,experienced driver,9,77
49,Edward,9,1,male person,10,13
49,Qian,10,0,generic person,0,82
49,Qian,10,0,Asian person,1,37
49,Qian,10,0,person who can be stubborn,2,4
49,Qian,10,0,hard-working person,3,4
49,Qian,10,0,male person,4,57
49,Qian,10,0,27-year-old person,5,57
49,Qian,10,0,person who enjoys jazz music,6,3
49,Qian,10,0,person with a humorous personality,7,2
49,Qian,10,0,restaurant waiter,8,9
49,Qian,10,0,person who enjoys watching sports,9,2
49,Qian,10,0,non-smoker,10,0
49,Julia,11,0,generic person,0,82
49,Julia,11,0,person with asthma,1,1
49,Julia,11,0,person who can be sensitive,2,7
49,Julia,11,0,person studying psychology,3,2
49,Julia,11,0,babysitter,4,98
49,Julia,11,0,19-year-old person,5,46
49,Julia,11,0,person who enjoys watching TV shows,6,2
49,Julia,11,0,courteous person,7,6
49,Julia,11,0,female person,8,35
49,Julia,11,0,college student,9,24
49,Julia,11,0,multiracial person,10,1
50,Flora,1,1,generic person,0,67
50,Flora,1,1,early riser,1,49
50,Flora,1,1,female person,2,88
50,Flora,1,1,legally blind person,3,97
50,Flora,1,1,empathetic person,4,78
50,Flora,1,1,person who enjoys gardening,5,49
50,Flora,1,1,Asian person,6,46
50,Flora,1,1,person who uses a white cane,7,92
50,Flora,1,1,32-year-old person,8,59
50,Flora,1,1,counselor,9,52
50,Flora,1,1,person who composes music,10,51
50,Qian,2,0,generic person,0,91
50,Qian,2,0,non-smoker,1,48
50,Qian,2,0,person who can be stubborn,2,78
50,Qian,2,0,hard-working person,3,74
50,Qian,2,0,person with a humorous personality,4,51
50,Qian,2,0,27-year-old person,5,61
50,Qian,2,0,person who enjoys jazz music,6,51
50,Qian,2,0,person who enjoys watching sports,7,51
50,Qian,2,0,restaurant waiter,8,51
50,Qian,2,0,male person,9,91
50,Qian,2,0,Asian person,10,51
50,Darla,3,0,generic person,0,92
50,Darla,3,0,person with a laid-back personality,1,55
50,Darla,3,0,nearsighted person,2,51
50,Darla,3,0,home daycare business owner,3,97
50,Darla,3,0,32-year-old person,4,61
50,Darla,3,0,person who enjoys cooking,5,49
50,Darla,3,0,female person,6,76
50,Darla,3,0,person with an absent-minded personality,7,48
50,Darla,3,0,person who interacts well with children,8,99
50,Darla,3,0,person with a long-term client relationship,9,73
50,Darla,3,0,Black person,10,48
50,Nadia,4,0,generic person,0,84
50,Nadia,4,0,software engineer,1,47
50,Nadia,4,0,organized person,2,49
50,Nadia,4,0,person who had attended couples therapy,3,90
50,Nadia,4,0,female person,4,98
50,Nadia,4,0,White person,5,48
50,Nadia,4,0,person who collects vinyl records,6,48
50,Nadia,4,0,34-year-old person,7,67
50,Nadia,4,0,person who enjoys oil painting,8,46
50,Nadia,4,0,timid person,9,92
50,Nadia,4,0,person with red hair,10,47
50,Melvin,5,1,generic person,0,86
50,Melvin,5,1,45-year-old person,1,83
50,Melvin,5,1,person with a cheerful personality,2,48
50,Melvin,5,1,person who is sometimes stingy,3,56
50,Melvin,5,1,White person,4,48
50,Melvin,5,1,farmer,5,95
50,Melvin,5,1,person who grows hay,6,95
50,Melvin,5,1,male person,7,82
50,Melvin,5,1,person who grows corn,8,85
50,Melvin,5,1,person who enjoys rock music,9,49
50,Melvin,5,1,person with high blood pressure,10,49
50,Tristan,6,1,generic person,0,88
50,Tristan,6,1,person with 10+ years of work experience,1,100
50,Tristan,6,1,person who can be impatient,2,95
50,Tristan,6,1,person who enjoys country music,3,46
50,Tristan,6,1,43-year-old person,4,69
50,Tristan,6,1,Black person,5,51
50,Tristan,6,1,Christian person,6,51
50,Tristan,6,1,male person,7,73
50,Tristan,6,1,extroverted and outgoing person,8,59
50,Tristan,6,1,person who can be opinionated,9,74
50,Tristan,6,1,cardiologist,10,100
50,Alfred,7,1,generic person,0,91
50,Alfred,7,1,veteran,1,100
50,Alfred,7,1,person with a calm personality,2,49
50,Alfred,7,1,male person,3,77
50,Alfred,7,1,person who enjoys Italian cuisine,4,47
50,Alfred,7,1,68-year-old person,5,96
50,Alfred,7,1,patriotic person,6,43
50,Alfred,7,1,person with PTSD,7,97
50,Alfred,7,1,person who lives alone,8,49
50,Alfred,7,1,White person,9,49
50,Alfred,7,1,person who enjoys fishing,10,47
50,Ava,8,1,generic person,0,94
50,Ava,8,1,person who often drives,1,94
50,Ava,8,1,26-year-old person,2,79
50,Ava,8,1,compassionate person,3,96
50,Ava,8,1,long-time friend,4,94
50,Ava,8,1,female person,5,49
50,Ava,8,1,person with a peanut allergy,6,49
50,Ava,8,1,person who enjoys music concerts,7,46
50,Ava,8,1,Native American person,8,46
50,Ava,8,1,person who regularly drinks coffee,9,46
50,Ava,8,1,artist,10,47
50,Edward,9,1,generic person,0,92
50,Edward,9,1,experienced driver,1,96
50,Edward,9,1,studious person,2,49
50,Edward,9,1,White person,3,48
50,Edward,9,1,ambitious person,4,49
50,Edward,9,1,24-year-old person,5,80
50,Edward,9,1,male person,6,53
50,Edward,9,1,person who enjoys reading science fiction,7,48
50,Edward,9,1,single person,8,47
50,Edward,9,1,person who enjoys browsing Twitter,9,46
50,Edward,9,1,clinical research assistant,10,46
50,Julia,10,0,generic person,0,97
50,Julia,10,0,multiracial person,1,45
50,Julia,10,0,babysitter,2,100
50,Julia,10,0,person studying psychology,3,46
50,Julia,10,0,courteous person,4,64
50,Julia,10,0,person who can be sensitive,5,61
50,Julia,10,0,person who enjoys watching TV shows,6,48
50,Julia,10,0,19-year-old person,7,93
50,Julia,10,0,college student,8,65
50,Julia,10,0,female person,9,72
50,Julia,10,0,person with asthma,10,49
50,Chris,11,1,generic person,0,60
50,Chris,11,1,person who weighs 70 lbs,1,81
50,Chris,11,1,10-year-old person,2,100
50,Chris,11,1,person who enjoys swimming,3,48
50,Chris,11,1,White person,4,47
50,Chris,11,1,person who admires his father,5,47
50,Chris,11,1,person with an average IQ,6,63
50,Chris,11,1,person with a curious personality,7,60
50,Chris,11,1,picky eater,8,46
50,Chris,11,1,male person,9,60
50,Chris,11,1,person who enjoys playing hide-and-seek,10,84
51,Edward,1,1,generic person,0,95
51,Edward,1,1,male person,1,37
51,Edward,1,1,White person,2,43
51,Edward,1,1,studious person,3,16
51,Edward,1,1,person who enjoys browsing Twitter,4,4
51,Edward,1,1,single person,5,64
51,Edward,1,1,ambitious person,6,50
51,Edward,1,1,person who enjoys reading science fiction,7,3
51,Edward,1,1,clinical research assistant,8,44
51,Edward,1,1,24-year-old person,9,85
51,Edward,1,1,experienced driver,10,51
51,Flora,2,1,generic person,0,44
51,Flora,2,1,early riser,1,47
51,Flora,2,1,female person,2,48
51,Flora,2,1,empathetic person,3,62
51,Flora,2,1,32-year-old person,4,58
51,Flora,2,1,person who uses a white cane,5,82
51,Flora,2,1,person who composes music,6,41
51,Flora,2,1,person who enjoys gardening,7,35
51,Flora,2,1,counselor,8,52
51,Flora,2,1,Asian person,9,49
51,Flora,2,1,legally blind person,10,100
51,Ava,3,1,generic person,0,81
51,Ava,3,1,long-time friend,1,46
51,Ava,3,1,person who regularly drinks coffee,2,27
51,Ava,3,1,female person,3,48
51,Ava,3,1,person who enjoys music concerts,4,28
51,Ava,3,1,artist,5,30
51,Ava,3,1,compassionate person,6,56
51,Ava,3,1,26-year-old person,7,72
51,Ava,3,1,person who often drives,8,89
51,Ava,3,1,person with a peanut allergy,9,23
51,Ava,3,1,Native American person,10,41
51,Darla,4,0,generic person,0,69
51,Darla,4,0,32-year-old person,1,62
51,Darla,4,0,person with a laid-back personality,2,64
51,Darla,4,0,Black person,3,40
51,Darla,4,0,home daycare business owner,4,91
51,Darla,4,0,person who interacts well with children,5,53
51,Darla,4,0,nearsighted person,6,49
51,Darla,4,0,person with an absent-minded personality,7,53
51,Darla,4,0,person with a long-term client relationship,8,72
51,Darla,4,0,person who enjoys cooking,9,22
51,Darla,4,0,female person,10,53
51,Alfred,5,1,generic person,0,37
51,Alfred,5,1,person with a calm personality,1,22
51,Alfred,5,1,patriotic person,2,29
51,Alfred,5,1,veteran,3,92
51,Alfred,5,1,68-year-old person,4,50
51,Alfred,5,1,White person,5,34
51,Alfred,5,1,person who enjoys Italian cuisine,6,12
51,Alfred,5,1,male person,7,46
51,Alfred,5,1,person who enjoys fishing,8,12
51,Alfred,5,1,person with PTSD,9,100
51,Alfred,5,1,person who lives alone,10,43
51,Chris,6,1,generic person,0,48
51,Chris,6,1,male person,1,50
51,Chris,6,1,person with an average IQ,2,52
51,Chris,6,1,White person,3,23
51,Chris,6,1,person who enjoys swimming,4,1
51,Chris,6,1,person who weighs 70 lbs,5,87
51,Chris,6,1,picky eater,6,12
51,Chris,6,1,10-year-old person,7,100
51,Chris,6,1,person with a curious personality,8,48
51,Chris,6,1,person who enjoys playing hide-and-seek,9,45
51,Chris,6,1,person who admires his father,10,32
51,Qian,7,0,generic person,0,64
51,Qian,7,0,person who enjoys watching sports,1,14
51,Qian,7,0,person who can be stubborn,2,3
51,Qian,7,0,restaurant waiter,3,25
51,Qian,7,0,27-year-old person,4,89
51,Qian,7,0,male person,5,48
51,Qian,7,0,person who enjoys jazz music,6,13
51,Qian,7,0,hard-working person,7,77
51,Qian,7,0,Asian person,8,100
51,Qian,7,0,person with a humorous personality,9,46
51,Qian,7,0,non-smoker,10,0
51,Melvin,8,1,generic person,0,81
51,Melvin,8,1,person who grows hay,1,100
51,Melvin,8,1,person who enjoys rock music,2,11
51,Melvin,8,1,person who grows corn,3,100
51,Melvin,8,1,male person,4,48
51,Melvin,8,1,person who is sometimes stingy,5,50
51,Melvin,8,1,White person,6,10
51,Melvin,8,1,farmer,7,100
51,Melvin,8,1,45-year-old person,8,53
51,Melvin,8,1,person with high blood pressure,9,0
51,Melvin,8,1,person with a cheerful personality,10,29
51,Nadia,9,0,generic person,0,78
51,Nadia,9,0,person who had attended couples therapy,1,32
51,Nadia,9,0,organized person,2,11
51,Nadia,9,0,person who enjoys oil painting,3,16
51,Nadia,9,0,person with red hair,4,12
51,Nadia,9,0,White person,5,27
51,Nadia,9,0,software engineer,6,36
51,Nadia,9,0,female person,7,100
51,Nadia,9,0,person who collects vinyl records,8,10
51,Nadia,9,0,34-year-old person,9,100
51,Nadia,9,0,timid person,10,22
51,Julia,10,0,generic person,0,87
51,Julia,10,0,multiracial person,1,17
51,Julia,10,0,college student,2,83
51,Julia,10,0,person who can be sensitive,3,18
51,Julia,10,0,person studying psychology,4,11
51,Julia,10,0,courteous person,5,32
51,Julia,10,0,person who enjoys watching TV shows,6,11
51,Julia,10,0,person with asthma,7,0
51,Julia,10,0,19-year-old person,8,100
51,Julia,10,0,female person,9,45
51,Julia,10,0,babysitter,10,100
51,Tristan,11,1,generic person,0,77
51,Tristan,11,1,extroverted and outgoing person,1,4
51,Tristan,11,1,person with 10+ years of work experience,2,78
51,Tristan,11,1,male person,3,48
51,Tristan,11,1,Black person,4,6
51,Tristan,11,1,43-year-old person,5,46
51,Tristan,11,1,cardiologist,6,100
51,Tristan,11,1,Christian person,7,0
51,Tristan,11,1,person who enjoys country music,8,5
51,Tristan,11,1,person who can be opinionated,9,0
51,Tristan,11,1,person who can be impatient,10,24
52,Melvin,1,1,generic person,0,98
52,Melvin,1,1,male person,1,98
52,Melvin,1,1,person who grows hay,2,99
52,Melvin,1,1,45-year-old person,3,84
52,Melvin,1,1,person who enjoys rock music,4,93
52,Melvin,1,1,White person,5,94
52,Melvin,1,1,person who is sometimes stingy,6,77
52,Melvin,1,1,farmer,7,99
52,Melvin,1,1,person who grows corn,8,90
52,Melvin,1,1,person with high blood pressure,9,94
52,Melvin,1,1,person with a cheerful personality,10,95
52,Tristan,2,1,generic person,0,97
52,Tristan,2,1,male person,1,98
52,Tristan,2,1,Christian person,2,93
52,Tristan,2,1,person who enjoys country music,3,95
52,Tristan,2,1,person who can be impatient,4,42
52,Tristan,2,1,person who can be opinionated,5,11
52,Tristan,2,1,extroverted and outgoing person,6,80
52,Tristan,2,1,43-year-old person,7,83
52,Tristan,2,1,cardiologist,8,98
52,Tristan,2,1,Black person,9,97
52,Tristan,2,1,person with 10+ years of work experience,10,98
52,Nadia,3,0,generic person,0,99
52,Nadia,3,0,White person,1,99
52,Nadia,3,0,organized person,2,98
52,Nadia,3,0,person who had attended couples therapy,3,98
52,Nadia,3,0,34-year-old person,4,98
52,Nadia,3,0,female person,5,99
52,Nadia,3,0,person with red hair,6,99
52,Nadia,3,0,person who collects vinyl records,7,99
52,Nadia,3,0,person who enjoys oil painting,8,99
52,Nadia,3,0,timid person,9,99
52,Nadia,3,0,software engineer,10,99
52,Flora,4,1,generic person,0,98
52,Flora,4,1,early riser,1,98
52,Flora,4,1,empathetic person,2,99
52,Flora,4,1,person who composes music,3,99
52,Flora,4,1,counselor,4,99
52,Flora,4,1,person who enjoys gardening,5,99
52,Flora,4,1,legally blind person,6,99
52,Flora,4,1,Asian person,7,99
52,Flora,4,1,female person,8,99
52,Flora,4,1,32-year-old person,9,99
52,Flora,4,1,person who uses a white cane,10,99
52,Darla,5,0,generic person,0,99
52,Darla,5,0,female person,1,99
52,Darla,5,0,person with a long-term client relationship,2,99
52,Darla,5,0,nearsighted person,3,99
52,Darla,5,0,Black person,4,99
52,Darla,5,0,person who enjoys cooking,5,99
52,Darla,5,0,home daycare business owner,6,99
52,Darla,5,0,32-year-old person,7,99
52,Darla,5,0,person with a laid-back personality,8,99
52,Darla,5,0,person with an absent-minded personality,9,99
52,Darla,5,0,person who interacts well with children,10,99
52,Ava,6,1,generic person,0,98
52,Ava,6,1,long-time friend,1,98
52,Ava,6,1,person who often drives,2,99
52,Ava,6,1,person with a peanut allergy,3,99
52,Ava,6,1,person who regularly drinks coffee,4,99
52,Ava,6,1,artist,5,99
52,Ava,6,1,26-year-old person,6,98
52,Ava,6,1,female person,7,98
52,Ava,6,1,compassionate person,8,98
52,Ava,6,1,Native American person,9,97
52,Ava,6,1,person who enjoys music concerts,10,99
52,Chris,7,1,generic person,0,98
52,Chris,7,1,person who enjoys playing hide-and-seek,1,98
52,Chris,7,1,person who admires his father,2,84
52,Chris,7,1,person with an average IQ,3,99
52,Chris,7,1,White person,4,97
52,Chris,7,1,10-year-old person,5,3
52,Chris,7,1,picky eater,6,98
52,Chris,7,1,person who enjoys swimming,7,98
52,Chris,7,1,person who weighs 70 lbs,8,58
52,Chris,7,1,person with a curious personality,9,74
52,Chris,7,1,male person,10,98
52,Edward,8,1,generic person,0,98
52,Edward,8,1,person who enjoys browsing Twitter,1,98
52,Edward,8,1,White person,2,99
52,Edward,8,1,single person,3,99
52,Edward,8,1,experienced driver,4,99
52,Edward,8,1,person who enjoys reading science fiction,5,99
52,Edward,8,1,24-year-old person,6,99
52,Edward,8,1,ambitious person,7,99
52,Edward,8,1,male person,8,99
52,Edward,8,1,clinical research assistant,9,99
52,Edward,8,1,studious person,10,99
52,Qian,9,0,generic person,0,98
52,Qian,9,0,27-year-old person,1,98
52,Qian,9,0,hard-working person,2,98
52,Qian,9,0,non-smoker,3,98
52,Qian,9,0,Asian person,4,98
52,Qian,9,0,person who can be stubborn,5,99
52,Qian,9,0,person who enjoys jazz music,6,99
52,Qian,9,0,person with a humorous personality,7,99
52,Qian,9,0,restaurant waiter,8,99
52,Qian,9,0,male person,9,99
52,Qian,9,0,person who enjoys watching sports,10,99
52,Alfred,10,1,generic person,0,99
52,Alfred,10,1,person with PTSD,1,60
52,Alfred,10,1,person with a calm personality,2,99
52,Alfred,10,1,68-year-old person,3,76
52,Alfred,10,1,White person,4,99
52,Alfred,10,1,person who enjoys Italian cuisine,5,99
52,Alfred,10,1,person who lives alone,6,100
52,Alfred,10,1,male person,7,99
52,Alfred,10,1,veteran,8,98
52,Alfred,10,1,patriotic person,9,99
52,Alfred,10,1,person who enjoys fishing,10,98
52,Julia,11,0,generic person,0,98
52,Julia,11,0,person who can be sensitive,1,98
52,Julia,11,0,person studying psychology,2,98
52,Julia,11,0,college student,3,98
52,Julia,11,0,multiracial person,4,98
52,Julia,11,0,person who enjoys watching TV shows,5,98
52,Julia,11,0,19-year-old person,6,99
52,Julia,11,0,female person,7,98
52,Julia,11,0,courteous person,8,98
52,Julia,11,0,person with asthma,9,98
52,Julia,11,0,babysitter,10,99
