id,story,story_order,attention,feature,feature_order,response
1,Darla,1,0,is 32 years old,1,7
1,Darla,1,0,has a laid-back personality,2,7
1,Darla,1,0,is female,3,7
1,Darla,1,0,has an absent-minded personality,4,1
1,Darla,1,0,has worked with Pamela for many years,5,7
1,Darla,1,0,communicates and interacts well with children,6,7
1,Darla,1,0,enjoys cooking,7,7
1,Darla,1,0,is nearsighted,8,7
1,Darla,1,0,runs a home daycare business,9,7
1,Darla,1,0,is Black,10,7
1,Darla,1,0,lives in a tornado-affected area,11,7
1,Darla,1,0,played games with the children,12,7
1,Darla,1,0,played loud upbeat music with the children,13,5
1,Darla,1,0,focused on the children,14,7
1,Darla,1,0,did not hear the tornado sirens,15,3
1,Melvin,2,1,is White,1,6
1,Melvin,2,1,grows hay,2,6
1,Melvin,2,1,enjoys listening to rock music,3,6
1,Melvin,2,1,grows corn,4,6
1,Melvin,2,1,is male,5,7
1,Melvin,2,1,is 45 years old,6,7
1,Melvin,2,1,can be stingy sometimes,7,7
1,Melvin,2,1,is a farmer,8,6
1,Melvin,2,1,has high blood pressure,9,6
1,Melvin,2,1,has a cheerful personality,10,5
1,Melvin,2,1,built his barn near the border with Vincent's property,11,6
1,Melvin,2,1,was concerned with hayfires,12,3
1,Melvin,2,1,considered buying hay-drying equipment,13,4
1,Melvin,2,1,met with consultants,14,7
1,Melvin,2,1,decided not to buy hay-drying equipment,15,2
1,Edward,3,1,enjoys browsing Twitter,1,5
1,Edward,3,1,is single,2,5
1,Edward,3,1,is a clinical research assistant,3,6
1,Edward,3,1,is male,4,7
1,Edward,3,1,is an ambitious person,5,7
1,Edward,3,1,is an experienced driver,6,7
1,Edward,3,1,enjoys reading science fiction,7,7
1,Edward,3,1,is White,8,6
1,Edward,3,1,is a studious person,9,6
1,Edward,3,1,is 24 years old,10,6
1,Edward,3,1,did not mute phone notifications while driving,11,1
1,Edward,3,1,was not speeding,12,4
1,Edward,3,1,checked that there were no other cars nearby,13,2
1,Edward,3,1,took a peek at the text,14,1
1,Edward,3,1,veered into the cyclist while reading the text,15,2
1,Qian,4,0,is Asian,1,7
1,Qian,4,0,does not smoke,2,6
1,Qian,4,0,is male,3,7
1,Qian,4,0,enjoys jazz music,4,6
1,Qian,4,0,is a restaurant waiter,5,6
1,Qian,4,0,is hard-working,6,6
1,Qian,4,0,is 27 years old,7,6
1,Qian,4,0,enjoys watching sports,8,7
1,Qian,4,0,can be stubborn sometimes,9,5
1,Qian,4,0,has a humorous personality,10,6
1,Qian,4,0,hung out at the local bar with cousins,11,6
1,Qian,4,0,had several drinks over the course of two hours,12,6
1,Qian,4,0,was angered by Wilson's comments,13,5
1,Qian,4,0,did not talk back to Wilson,14,3
1,Qian,4,0,pushed Wilson to the ground,15,5
1,Tristan,5,1,is a cardiologist,1,6
1,Tristan,5,1,can be impatient sometimes,2,6
1,Tristan,5,1,is Christian,3,6
1,Tristan,5,1,is Black,4,6
1,Tristan,5,1,is extroverted and outgoing,5,6
1,Tristan,5,1,can be opinionated sometimes,6,6
1,Tristan,5,1,enjoys listening to country music,7,6
1,Tristan,5,1,is 43 years old,8,6
1,Tristan,5,1,is male,9,6
1,Tristan,5,1,has worked for over ten years at the same hospital,10,6
1,Tristan,5,1,reviewed Annie's medical history and symptoms,11,6
1,Tristan,5,1,checked Annie's vitals,12,6
1,Tristan,5,1,ordered Annie an electrocardiogram (ECG/EKG),13,6
1,Tristan,5,1,did not order any other heart tests,14,1
1,Tristan,5,1,did not order a mammogram,15,3
1,Julia,6,0,is a courteous person,1,6
1,Julia,6,0,babysits on the weekends,2,6
1,Julia,6,0,enjoys watching TV shows,3,6
1,Julia,6,0,is a college student,4,6
1,Julia,6,0,is multiracial,5,6
1,Julia,6,0,studies psychology,6,6
1,Julia,6,0,has asthma,7,7
1,Julia,6,0,is 19 years old,8,6
1,Julia,6,0,is female,9,6
1,Julia,6,0,can be sensitive sometimes,10,6
1,Julia,6,0,read children's books with Benji,11,6
1,Julia,6,0,picked up her partner's call while filling the bathtub,12,2
1,Julia,6,0,felt hurt after learning about the cheating,13,7
1,Julia,6,0,left the bathroom to talk to her partner,14,5
1,Julia,6,0,sat for a few minutes after hanging up,15,1
1,Flora,7,1,uses a white cane to guide herself,1,7
1,Flora,7,1,is an empathetic person,2,6
1,Flora,7,1,is a counselor,3,6
1,Flora,7,1,is 32 years old,4,7
1,Flora,7,1,is an early riser,5,7
1,Flora,7,1,is Asian,6,6
1,Flora,7,1,enjoys gardening,7,5
1,Flora,7,1,is legally blind,8,6
1,Flora,7,1,composes music in her free time,9,6
1,Flora,7,1,is female,10,7
1,Flora,7,1,went to a neighbor's house for dinner,11,7
1,Flora,7,1,used her white cane while walking home,12,7
1,Flora,7,1,did not call for help,13,1
1,Flora,7,1,her white cane slipped between Paul's legs,14,4
1,Flora,7,1,stepped on Paul's torso,15,5
1,Chris,8,1,admires his father,1,7
1,Chris,8,1,is 10 years old,2,6
1,Chris,8,1,has a curious personality,3,6
1,Chris,8,1,has an average IQ,4,6
1,Chris,8,1,is male,5,6
1,Chris,8,1,is White,6,6
1,Chris,8,1,enjoys playing hide-and-seek,7,6
1,Chris,8,1,enjoys swimming,8,6
1,Chris,8,1,is a picky eater,9,6
1,Chris,8,1,weighs 70 lbs,10,6
1,Chris,8,1,invited friends over to play,11,6
1,Chris,8,1,hid in the hall closet,12,6
1,Chris,8,1,found the key in his father's jacket pocket,13,6
1,Chris,8,1,opened the gun cabinet with the key,14,3
1,Chris,8,1,picked up a pistol to play with,15,3
1,Nadia,9,0,is a timid person,1,5
1,Nadia,9,0,is White,2,5
1,Nadia,9,0,collects vinyl records,3,6
1,Nadia,9,0,has red hair,4,6
1,Nadia,9,0,is a software engineer,5,6
1,Nadia,9,0,enjoys oil painting,6,6
1,Nadia,9,0,is 34 years old,7,6
1,Nadia,9,0,is an organized person,8,6
1,Nadia,9,0,is female,9,7
1,Nadia,9,0,attended couples therapy years ago,10,6
1,Nadia,9,0,went to the emergency room for bruises,11,4
1,Nadia,9,0,did not seek help after the emergency room incident,12,4
1,Nadia,9,0,was scared when Franklin screamed,13,4
1,Nadia,9,0,grabbed the revolver,14,3
1,Nadia,9,0,shot Franklin with the revolver,15,4
1,Alfred,10,1,enjoys Italian cuisine,1,5
1,Alfred,10,1,has PTSD,2,4
1,Alfred,10,1,has a calm personality,3,5
1,Alfred,10,1,is White,4,7
1,Alfred,10,1,is a veteran,5,7
1,Alfred,10,1,is patriotic,6,6
1,Alfred,10,1,is 68 years old,7,6
1,Alfred,10,1,lives alone,8,6
1,Alfred,10,1,is male,9,7
1,Alfred,10,1,enjoys fishing,10,6
1,Alfred,10,1,took the subway home,11,6
1,Alfred,10,1,was quiet on the subway,12,6
1,Alfred,10,1,got off at the same stop as Oliver,13,4
1,Alfred,10,1,heard loud drilling and yelling from the construction above,14,5
1,Alfred,10,1,physically attacked Oliver,15,1
1,Ava,11,0,is Native American,1,6
1,Ava,11,0,often drives Peter to appointments and errands,2,6
1,Ava,11,0,is an artist,3,5
1,Ava,11,0,has a peanut allergy,4,5
1,Ava,11,0,regularly drinks coffee,5,5
1,Ava,11,0,has been friends with Peter for many years,6,5
1,Ava,11,0,is female,7,7
1,Ava,11,0,is a compassionate person,8,6
1,Ava,11,0,enjoys going to music concerts,9,5
1,Ava,11,0,is 26 years old,10,7
1,Ava,11,0,did her annual car maintenance,11,6
1,Ava,11,0,drove under the speed limit,12,3
1,Ava,11,0,listened to the radio while driving,13,7
1,Ava,11,0,was startled by the deer,14,7
1,Ava,11,0,slammed the brakes after seeing the deer,15,4
2,Edward,1,1,is male,1,7
2,Edward,1,1,is a clinical research assistant,2,7
2,Edward,1,1,is White,3,7
2,Edward,1,1,enjoys browsing Twitter,4,7
2,Edward,1,1,is a studious person,5,7
2,Edward,1,1,is an experienced driver,6,7
2,Edward,1,1,is 24 years old,7,7
2,Edward,1,1,is single,8,7
2,Edward,1,1,is an ambitious person,9,7
2,Edward,1,1,enjoys reading science fiction,10,7
2,Edward,1,1,did not mute phone notifications while driving,11,6
2,Edward,1,1,was not speeding,12,7
2,Edward,1,1,checked that there were no other cars nearby,13,7
2,Edward,1,1,took a peek at the text,14,6
2,Edward,1,1,veered into the cyclist while reading the text,15,2
2,Alfred,2,1,enjoys Italian cuisine,1,7
2,Alfred,2,1,is 68 years old,2,7
2,Alfred,2,1,is a veteran,3,7
2,Alfred,2,1,is male,4,7
2,Alfred,2,1,is White,5,7
2,Alfred,2,1,has PTSD,6,4
2,Alfred,2,1,is patriotic,7,7
2,Alfred,2,1,has a calm personality,8,7
2,Alfred,2,1,lives alone,9,7
2,Alfred,2,1,enjoys fishing,10,7
2,Alfred,2,1,took the subway home,11,7
2,Alfred,2,1,was quiet on the subway,12,7
2,Alfred,2,1,got off at the same stop as Oliver,13,7
2,Alfred,2,1,heard loud drilling and yelling from the construction above,14,7
2,Alfred,2,1,physically attacked Oliver,15,1
2,Darla,3,0,communicates and interacts well with children,1,7
2,Darla,3,0,has worked with Pamela for many years,2,7
2,Darla,3,0,has an absent-minded personality,3,4
2,Darla,3,0,has a laid-back personality,4,7
2,Darla,3,0,is nearsighted,5,7
2,Darla,3,0,is Black,6,7
2,Darla,3,0,is 32 years old,7,7
2,Darla,3,0,enjoys cooking,8,7
2,Darla,3,0,is female,9,7
2,Darla,3,0,runs a home daycare business,10,7
2,Darla,3,0,lives in a tornado-affected area,11,5
2,Darla,3,0,played games with the children,12,7
2,Darla,3,0,played loud upbeat music with the children,13,7
2,Darla,3,0,focused on the children,14,7
2,Darla,3,0,did not hear the tornado sirens,15,4
2,Julia,4,0,is a courteous person,1,7
2,Julia,4,0,has asthma,2,6
2,Julia,4,0,is 19 years old,3,7
2,Julia,4,0,is multiracial,4,7
2,Julia,4,0,studies psychology,5,7
2,Julia,4,0,is female,6,7
2,Julia,4,0,can be sensitive sometimes,7,7
2,Julia,4,0,is a college student,8,7
2,Julia,4,0,babysits on the weekends,9,7
2,Julia,4,0,enjoys watching TV shows,10,7
2,Julia,4,0,read children's books with Benji,11,7
2,Julia,4,0,picked up her partner's call while filling the bathtub,12,5
2,Julia,4,0,felt hurt after learning about the cheating,13,7
2,Julia,4,0,left the bathroom to talk to her partner,14,2
2,Julia,4,0,sat for a few minutes after hanging up,15,1
2,Flora,5,1,uses a white cane to guide herself,1,7
2,Flora,5,1,enjoys gardening,2,7
2,Flora,5,1,is an empathetic person,3,7
2,Flora,5,1,is female,4,7
2,Flora,5,1,is Asian,5,7
2,Flora,5,1,is a counselor,6,7
2,Flora,5,1,is legally blind,7,5
2,Flora,5,1,is an early riser,8,7
2,Flora,5,1,is 32 years old,9,7
2,Flora,5,1,composes music in her free time,10,7
2,Flora,5,1,went to a neighbor's house for dinner,11,7
2,Flora,5,1,used her white cane while walking home,12,7
2,Flora,5,1,did not call for help,13,3
2,Flora,5,1,her white cane slipped between Paul's legs,14,2
2,Flora,5,1,stepped on Paul's torso,15,1
2,Melvin,6,1,is a farmer,1,7
2,Melvin,6,1,can be stingy sometimes,2,3
2,Melvin,6,1,grows corn,3,7
2,Melvin,6,1,is male,4,7
2,Melvin,6,1,enjoys listening to rock music,5,7
2,Melvin,6,1,is 45 years old,6,7
2,Melvin,6,1,has high blood pressure,7,3
2,Melvin,6,1,has a cheerful personality,8,7
2,Melvin,6,1,grows hay,9,7
2,Melvin,6,1,is White,10,7
2,Melvin,6,1,built his barn near the border with Vincent's property,11,2
2,Melvin,6,1,was concerned with hayfires,12,7
2,Melvin,6,1,considered buying hay-drying equipment,13,7
2,Melvin,6,1,met with consultants,14,5
2,Melvin,6,1,decided not to buy hay-drying equipment,15,3
2,Qian,7,0,is a restaurant waiter,1,7
2,Qian,7,0,is Asian,2,7
2,Qian,7,0,does not smoke,3,7
2,Qian,7,0,has a humorous personality,4,7
2,Qian,7,0,enjoys watching sports,5,7
2,Qian,7,0,can be stubborn sometimes,6,7
2,Qian,7,0,is male,7,7
2,Qian,7,0,is 27 years old,8,7
2,Qian,7,0,enjoys jazz music,9,7
2,Qian,7,0,is hard-working,10,7
2,Qian,7,0,hung out at the local bar with cousins,11,7
2,Qian,7,0,had several drinks over the course of two hours,12,7
2,Qian,7,0,was angered by Wilson's comments,13,7
2,Qian,7,0,did not talk back to Wilson,14,7
2,Qian,7,0,pushed Wilson to the ground,15,7
2,Chris,8,1,is White,1,7
2,Chris,8,1,has a curious personality,2,7
2,Chris,8,1,is 10 years old,3,7
2,Chris,8,1,admires his father,4,7
2,Chris,8,1,enjoys swimming,5,7
2,Chris,8,1,enjoys playing hide-and-seek,6,7
2,Chris,8,1,has an average IQ,7,7
2,Chris,8,1,is a picky eater,8,7
2,Chris,8,1,weighs 70 lbs,9,7
2,Chris,8,1,is male,10,7
2,Chris,8,1,invited friends over to play,11,7
2,Chris,8,1,hid in the hall closet,12,7
2,Chris,8,1,found the key in his father's jacket pocket,13,4
2,Chris,8,1,opened the gun cabinet with the key,14,3
2,Chris,8,1,picked up a pistol to play with,15,1
2,Nadia,9,0,is female,1,7
2,Nadia,9,0,enjoys oil painting,2,7
2,Nadia,9,0,is 34 years old,3,7
2,Nadia,9,0,is White,4,7
2,Nadia,9,0,collects vinyl records,5,7
2,Nadia,9,0,is a timid person,6,7
2,Nadia,9,0,attended couples therapy years ago,7,7
2,Nadia,9,0,has red hair,8,7
2,Nadia,9,0,is an organized person,9,7
2,Nadia,9,0,is a software engineer,10,7
2,Nadia,9,0,went to the emergency room for bruises,11,1
2,Nadia,9,0,did not seek help after the emergency room incident,12,1
2,Nadia,9,0,was scared when Franklin screamed,13,7
2,Nadia,9,0,grabbed the revolver,14,4
2,Nadia,9,0,shot Franklin with the revolver,15,4
2,Ava,10,1,regularly drinks coffee,1,7
2,Ava,10,1,is female,2,7
2,Ava,10,1,has a peanut allergy,3,7
2,Ava,10,1,has been friends with Peter for many years,4,7
2,Ava,10,1,is an artist,5,7
2,Ava,10,1,is a compassionate person,6,7
2,Ava,10,1,is Native American,7,7
2,Ava,10,1,enjoys going to music concerts,8,7
2,Ava,10,1,is 26 years old,9,7
2,Ava,10,1,often drives Peter to appointments and errands,10,7
2,Ava,10,1,did her annual car maintenance,11,7
2,Ava,10,1,drove under the speed limit,12,7
2,Ava,10,1,listened to the radio while driving,13,7
2,Ava,10,1,was startled by the deer,14,7
2,Ava,10,1,slammed the brakes after seeing the deer,15,7
2,Tristan,11,1,is Black,1,7
2,Tristan,11,1,is 43 years old,2,7
2,Tristan,11,1,is male,3,7
2,Tristan,11,1,is extroverted and outgoing,4,7
2,Tristan,11,1,is a cardiologist,5,7
2,Tristan,11,1,can be opinionated sometimes,6,7
2,Tristan,11,1,has worked for over ten years at the same hospital,7,7
2,Tristan,11,1,is Christian,8,7
2,Tristan,11,1,enjoys listening to country music,9,7
2,Tristan,11,1,can be impatient sometimes,10,5
2,Tristan,11,1,reviewed Annie's medical history and symptoms,11,7
2,Tristan,11,1,checked Annie's vitals,12,7
2,Tristan,11,1,ordered Annie an electrocardiogram (ECG/EKG),13,7
2,Tristan,11,1,did not order any other heart tests,14,3
2,Tristan,11,1,did not order a mammogram,15,3
3,Qian,1,0,is a restaurant waiter,1,6
3,Qian,1,0,is Asian,2,6
3,Qian,1,0,has a humorous personality,3,6
3,Qian,1,0,does not smoke,4,6
3,Qian,1,0,is hard-working,5,6
3,Qian,1,0,can be stubborn sometimes,6,6
3,Qian,1,0,enjoys watching sports,7,6
3,Qian,1,0,enjoys jazz music,8,6
3,Qian,1,0,is male,9,6
3,Qian,1,0,is 27 years old,10,6
3,Qian,1,0,hung out at the local bar with cousins,11,6
3,Qian,1,0,had several drinks over the course of two hours,12,6
3,Qian,1,0,was angered by Wilson's comments,13,6
3,Qian,1,0,did not talk back to Wilson,14,6
3,Qian,1,0,pushed Wilson to the ground,15,4
3,Nadia,2,0,is a timid person,1,5
3,Nadia,2,0,collects vinyl records,2,5
3,Nadia,2,0,enjoys oil painting,3,5
3,Nadia,2,0,attended couples therapy years ago,4,4
3,Nadia,2,0,is an organized person,5,5
3,Nadia,2,0,is White,6,6
3,Nadia,2,0,is a software engineer,7,5
3,Nadia,2,0,is female,8,6
3,Nadia,2,0,has red hair,9,5
3,Nadia,2,0,is 34 years old,10,5
3,Nadia,2,0,went to the emergency room for bruises,11,2
3,Nadia,2,0,did not seek help after the emergency room incident,12,4
3,Nadia,2,0,was scared when Franklin screamed,13,5
3,Nadia,2,0,grabbed the revolver,14,4
3,Nadia,2,0,shot Franklin with the revolver,15,2
3,Edward,3,1,is male,1,6
3,Edward,3,1,is a clinical research assistant,2,6
3,Edward,3,1,is 24 years old,3,6
3,Edward,3,1,is a studious person,4,5
3,Edward,3,1,enjoys browsing Twitter,5,5
3,Edward,3,1,is White,6,5
3,Edward,3,1,is single,7,5
3,Edward,3,1,is an experienced driver,8,5
3,Edward,3,1,enjoys reading science fiction,9,5
3,Edward,3,1,is an ambitious person,10,6
3,Edward,3,1,did not mute phone notifications while driving,11,4
3,Edward,3,1,was not speeding,12,5
3,Edward,3,1,checked that there were no other cars nearby,13,5
3,Edward,3,1,took a peek at the text,14,6
3,Edward,3,1,veered into the cyclist while reading the text,15,4
3,Melvin,4,1,enjoys listening to rock music,1,6
3,Melvin,4,1,has high blood pressure,2,4
3,Melvin,4,1,has a cheerful personality,3,6
3,Melvin,4,1,grows corn,4,4
3,Melvin,4,1,grows hay,5,4
3,Melvin,4,1,can be stingy sometimes,6,5
3,Melvin,4,1,is White,7,5
3,Melvin,4,1,is male,8,5
3,Melvin,4,1,is a farmer,9,4
3,Melvin,4,1,is 45 years old,10,5
3,Melvin,4,1,built his barn near the border with Vincent's property,11,4
3,Melvin,4,1,was concerned with hayfires,12,5
3,Melvin,4,1,considered buying hay-drying equipment,13,5
3,Melvin,4,1,met with consultants,14,5
3,Melvin,4,1,decided not to buy hay-drying equipment,15,4
3,Alfred,5,1,is White,1,5
3,Alfred,5,1,lives alone,2,5
3,Alfred,5,1,enjoys Italian cuisine,3,6
3,Alfred,5,1,is 68 years old,4,5
3,Alfred,5,1,has PTSD,5,4
3,Alfred,5,1,enjoys fishing,6,5
3,Alfred,5,1,is patriotic,7,5
3,Alfred,5,1,is a veteran,8,4
3,Alfred,5,1,is male,9,5
3,Alfred,5,1,has a calm personality,10,5
3,Alfred,5,1,took the subway home,11,5
3,Alfred,5,1,was quiet on the subway,12,5
3,Alfred,5,1,got off at the same stop as Oliver,13,4
3,Alfred,5,1,heard loud drilling and yelling from the construction above,14,4
3,Alfred,5,1,physically attacked Oliver,15,3
3,Tristan,6,1,enjoys listening to country music,1,5
3,Tristan,6,1,can be impatient sometimes,2,6
3,Tristan,6,1,has worked for over ten years at the same hospital,3,4
3,Tristan,6,1,is 43 years old,4,5
3,Tristan,6,1,is Christian,5,5
3,Tristan,6,1,is Black,6,5
3,Tristan,6,1,is male,7,5
3,Tristan,6,1,is a cardiologist,8,5
3,Tristan,6,1,is extroverted and outgoing,9,5
3,Tristan,6,1,can be opinionated sometimes,10,5
3,Tristan,6,1,reviewed Annie's medical history and symptoms,11,5
3,Tristan,6,1,checked Annie's vitals,12,5
3,Tristan,6,1,ordered Annie an electrocardiogram (ECG/EKG),13,5
3,Tristan,6,1,did not order any other heart tests,14,3
3,Tristan,6,1,did not order a mammogram,15,4
3,Darla,7,0,is female,1,5
3,Darla,7,0,runs a home daycare business,2,4
3,Darla,7,0,is Black,3,5
3,Darla,7,0,enjoys cooking,4,6
3,Darla,7,0,communicates and interacts well with children,5,6
3,Darla,7,0,is nearsighted,6,5
3,Darla,7,0,is 32 years old,7,5
3,Darla,7,0,has worked with Pamela for many years,8,5
3,Darla,7,0,has a laid-back personality,9,6
3,Darla,7,0,has an absent-minded personality,10,5
3,Darla,7,0,lives in a tornado-affected area,11,4
3,Darla,7,0,played games with the children,12,5
3,Darla,7,0,played loud upbeat music with the children,13,5
3,Darla,7,0,focused on the children,14,5
3,Darla,7,0,did not hear the tornado sirens,15,4
3,Flora,8,1,uses a white cane to guide herself,1,4
3,Flora,8,1,composes music in her free time,2,5
3,Flora,8,1,is female,3,5
3,Flora,8,1,is 32 years old,4,5
3,Flora,8,1,is a counselor,5,5
3,Flora,8,1,is legally blind,6,5
3,Flora,8,1,is Asian,7,5
3,Flora,8,1,enjoys gardening,8,6
3,Flora,8,1,is an early riser,9,5
3,Flora,8,1,is an empathetic person,10,6
3,Flora,8,1,went to a neighbor's house for dinner,11,6
3,Flora,8,1,used her white cane while walking home,12,5
3,Flora,8,1,did not call for help,13,4
3,Flora,8,1,her white cane slipped between Paul's legs,14,4
3,Flora,8,1,stepped on Paul's torso,15,4
3,Chris,9,1,is male,1,5
3,Chris,9,1,has a curious personality,2,6
3,Chris,9,1,enjoys playing hide-and-seek,3,6
3,Chris,9,1,is 10 years old,4,5
3,Chris,9,1,admires his father,5,5
3,Chris,9,1,has an average IQ,6,5
3,Chris,9,1,is a picky eater,7,5
3,Chris,9,1,enjoys swimming,8,6
3,Chris,9,1,weighs 70 lbs,9,5
3,Chris,9,1,is White,10,5
3,Chris,9,1,invited friends over to play,11,5
3,Chris,9,1,hid in the hall closet,12,5
3,Chris,9,1,found the key in his father's jacket pocket,13,5
3,Chris,9,1,opened the gun cabinet with the key,14,4
3,Chris,9,1,picked up a pistol to play with,15,4
3,Ava,10,1,has a peanut allergy,1,5
3,Ava,10,1,is Native American,2,4
3,Ava,10,1,regularly drinks coffee,3,6
3,Ava,10,1,is an artist,4,5
3,Ava,10,1,is 26 years old,5,5
3,Ava,10,1,enjoys going to music concerts,6,5
3,Ava,10,1,is a compassionate person,7,6
3,Ava,10,1,has been friends with Peter for many years,8,5
3,Ava,10,1,often drives Peter to appointments and errands,9,4
3,Ava,10,1,is female,10,5
3,Ava,10,1,did her annual car maintenance,11,5
3,Ava,10,1,drove under the speed limit,12,5
3,Ava,10,1,listened to the radio while driving,13,5
3,Ava,10,1,was startled by the deer,14,5
3,Ava,10,1,slammed the brakes after seeing the deer,15,5
3,Julia,11,0,enjoys watching TV shows,1,5
3,Julia,11,0,babysits on the weekends,2,5
3,Julia,11,0,is a courteous person,3,5
3,Julia,11,0,is female,4,5
3,Julia,11,0,has asthma,5,4
3,Julia,11,0,is multiracial,6,5
3,Julia,11,0,is 19 years old,7,5
3,Julia,11,0,is a college student,8,5
3,Julia,11,0,studies psychology,9,5
3,Julia,11,0,can be sensitive sometimes,10,5
3,Julia,11,0,read children's books with Benji,11,5
3,Julia,11,0,picked up her partner's call while filling the bathtub,12,4
3,Julia,11,0,felt hurt after learning about the cheating,13,5
3,Julia,11,0,left the bathroom to talk to her partner,14,5
3,Julia,11,0,sat for a few minutes after hanging up,15,4
4,Qian,1,0,does not smoke,1,5
4,Qian,1,0,is a restaurant waiter,2,5
4,Qian,1,0,is hard-working,3,6
4,Qian,1,0,is male,4,6
4,Qian,1,0,can be stubborn sometimes,5,6
4,Qian,1,0,enjoys watching sports,6,6
4,Qian,1,0,enjoys jazz music,7,6
4,Qian,1,0,has a humorous personality,8,4
4,Qian,1,0,is Asian,9,4
4,Qian,1,0,is 27 years old,10,4
4,Qian,1,0,hung out at the local bar with cousins,11,5
4,Qian,1,0,had several drinks over the course of two hours,12,4
4,Qian,1,0,was angered by Wilson's comments,13,6
4,Qian,1,0,did not talk back to Wilson,14,5
4,Qian,1,0,pushed Wilson to the ground,15,1
4,Flora,2,1,uses a white cane to guide herself,1,2
4,Flora,2,1,is an empathetic person,2,6
4,Flora,2,1,is 32 years old,3,6
4,Flora,2,1,is a counselor,4,5
4,Flora,2,1,is an early riser,5,5
4,Flora,2,1,is female,6,6
4,Flora,2,1,composes music in her free time,7,4
4,Flora,2,1,is Asian,8,4
4,Flora,2,1,enjoys gardening,9,3
4,Flora,2,1,is legally blind,10,2
4,Flora,2,1,went to a neighbor's house for dinner,11,6
4,Flora,2,1,used her white cane while walking home,12,3
4,Flora,2,1,did not call for help,13,4
4,Flora,2,1,her white cane slipped between Paul's legs,14,2
4,Flora,2,1,stepped on Paul's torso,15,2
4,Chris,3,1,is a picky eater,1,6
4,Chris,3,1,has an average IQ,2,7
4,Chris,3,1,enjoys swimming,3,6
4,Chris,3,1,is 10 years old,4,3
4,Chris,3,1,enjoys playing hide-and-seek,5,7
4,Chris,3,1,is White,6,6
4,Chris,3,1,is male,7,6
4,Chris,3,1,admires his father,8,7
4,Chris,3,1,has a curious personality,9,3
4,Chris,3,1,weighs 70 lbs,10,4
4,Chris,3,1,invited friends over to play,11,7
4,Chris,3,1,hid in the hall closet,12,6
4,Chris,3,1,found the key in his father's jacket pocket,13,5
4,Chris,3,1,opened the gun cabinet with the key,14,4
4,Chris,3,1,picked up a pistol to play with,15,4
4,Darla,4,0,communicates and interacts well with children,1,6
4,Darla,4,0,has a laid-back personality,2,6
4,Darla,4,0,enjoys cooking,3,6
4,Darla,4,0,has worked with Pamela for many years,4,6
4,Darla,4,0,runs a home daycare business,5,5
4,Darla,4,0,is Black,6,5
4,Darla,4,0,is nearsighted,7,6
4,Darla,4,0,is female,8,6
4,Darla,4,0,is 32 years old,9,6
4,Darla,4,0,has an absent-minded personality,10,4
4,Darla,4,0,lives in a tornado-affected area,11,6
4,Darla,4,0,played games with the children,12,7
4,Darla,4,0,played loud upbeat music with the children,13,6
4,Darla,4,0,focused on the children,14,6
4,Darla,4,0,did not hear the tornado sirens,15,1
4,Alfred,5,1,has PTSD,1,5
4,Alfred,5,1,is male,2,6
4,Alfred,5,1,has a calm personality,3,3
4,Alfred,5,1,is patriotic,4,6
4,Alfred,5,1,enjoys fishing,5,5
4,Alfred,5,1,is White,6,6
4,Alfred,5,1,enjoys Italian cuisine,7,3
4,Alfred,5,1,is 68 years old,8,5
4,Alfred,5,1,is a veteran,9,4
4,Alfred,5,1,lives alone,10,5
4,Alfred,5,1,took the subway home,11,4
4,Alfred,5,1,was quiet on the subway,12,6
4,Alfred,5,1,got off at the same stop as Oliver,13,4
4,Alfred,5,1,heard loud drilling and yelling from the construction above,14,5
4,Alfred,5,1,physically attacked Oliver,15,3
4,Tristan,6,1,is Black,1,3
4,Tristan,6,1,is Christian,2,6
4,Tristan,6,1,can be impatient sometimes,3,6
4,Tristan,6,1,has worked for over ten years at the same hospital,4,6
4,Tristan,6,1,is a cardiologist,5,2
4,Tristan,6,1,is extroverted and outgoing,6,6
4,Tristan,6,1,is 43 years old,7,6
4,Tristan,6,1,can be opinionated sometimes,8,6
4,Tristan,6,1,is male,9,6
4,Tristan,6,1,enjoys listening to country music,10,2
4,Tristan,6,1,reviewed Annie's medical history and symptoms,11,7
4,Tristan,6,1,checked Annie's vitals,12,7
4,Tristan,6,1,ordered Annie an electrocardiogram (ECG/EKG),13,7
4,Tristan,6,1,did not order any other heart tests,14,2
4,Tristan,6,1,did not order a mammogram,15,7
4,Nadia,7,0,collects vinyl records,1,4
4,Nadia,7,0,enjoys oil painting,2,4
4,Nadia,7,0,is White,3,6
4,Nadia,7,0,is 34 years old,4,6
4,Nadia,7,0,is an organized person,5,7
4,Nadia,7,0,is a timid person,6,6
4,Nadia,7,0,attended couples therapy years ago,7,5
4,Nadia,7,0,has red hair,8,2
4,Nadia,7,0,is female,9,6
4,Nadia,7,0,is a software engineer,10,1
4,Nadia,7,0,went to the emergency room for bruises,11,6
4,Nadia,7,0,did not seek help after the emergency room incident,12,6
4,Nadia,7,0,was scared when Franklin screamed,13,7
4,Nadia,7,0,grabbed the revolver,14,6
4,Nadia,7,0,shot Franklin with the revolver,15,5
4,Edward,8,1,enjoys browsing Twitter,1,7
4,Edward,8,1,is an experienced driver,2,7
4,Edward,8,1,is White,3,7
4,Edward,8,1,is an ambitious person,4,7
4,Edward,8,1,is single,5,5
4,Edward,8,1,enjoys reading science fiction,6,6
4,Edward,8,1,is a studious person,7,6
4,Edward,8,1,is 24 years old,8,5
4,Edward,8,1,is a clinical research assistant,9,4
4,Edward,8,1,is male,10,7
4,Edward,8,1,did not mute phone notifications while driving,11,7
4,Edward,8,1,was not speeding,12,6
4,Edward,8,1,checked that there were no other cars nearby,13,7
4,Edward,8,1,took a peek at the text,14,7
4,Edward,8,1,veered into the cyclist while reading the text,15,4
4,Melvin,9,1,grows corn,1,4
4,Melvin,9,1,is White,2,6
4,Melvin,9,1,has high blood pressure,3,6
4,Melvin,9,1,is male,4,6
4,Melvin,9,1,is a farmer,5,3
4,Melvin,9,1,enjoys listening to rock music,6,1
4,Melvin,9,1,can be stingy sometimes,7,6
4,Melvin,9,1,has a cheerful personality,8,5
4,Melvin,9,1,is 45 years old,9,6
4,Melvin,9,1,grows hay,10,4
4,Melvin,9,1,built his barn near the border with Vincent's property,11,4
4,Melvin,9,1,was concerned with hayfires,12,6
4,Melvin,9,1,considered buying hay-drying equipment,13,6
4,Melvin,9,1,met with consultants,14,5
4,Melvin,9,1,decided not to buy hay-drying equipment,15,6
4,Julia,10,0,studies psychology,1,5
4,Julia,10,0,babysits on the weekends,2,6
4,Julia,10,0,has asthma,3,4
4,Julia,10,0,is female,4,6
4,Julia,10,0,is a college student,5,6
4,Julia,10,0,is multiracial,6,4
4,Julia,10,0,enjoys watching TV shows,7,7
4,Julia,10,0,can be sensitive sometimes,8,5
4,Julia,10,0,is a courteous person,9,7
4,Julia,10,0,is 19 years old,10,5
4,Julia,10,0,read children's books with Benji,11,7
4,Julia,10,0,picked up her partner's call while filling the bathtub,12,6
4,Julia,10,0,felt hurt after learning about the cheating,13,7
4,Julia,10,0,left the bathroom to talk to her partner,14,3
4,Julia,10,0,sat for a few minutes after hanging up,15,4
4,Ava,11,1,is female,1,6
4,Ava,11,1,has been friends with Peter for many years,2,5
4,Ava,11,1,regularly drinks coffee,3,6
4,Ava,11,1,is 26 years old,4,6
4,Ava,11,1,enjoys going to music concerts,5,7
4,Ava,11,1,often drives Peter to appointments and errands,6,4
4,Ava,11,1,is Native American,7,2
4,Ava,11,1,has a peanut allergy,8,2
4,Ava,11,1,is a compassionate person,9,6
4,Ava,11,1,is an artist,10,7
4,Ava,11,1,did her annual car maintenance,11,4
4,Ava,11,1,drove under the speed limit,12,5
4,Ava,11,1,listened to the radio while driving,13,7
4,Ava,11,1,was startled by the deer,14,7
4,Ava,11,1,slammed the brakes after seeing the deer,15,7
5,Nadia,1,0,is a software engineer,1,7
5,Nadia,1,0,is an organized person,2,7
5,Nadia,1,0,has red hair,3,7
5,Nadia,1,0,is 34 years old,4,7
5,Nadia,1,0,enjoys oil painting,5,7
5,Nadia,1,0,is female,6,7
5,Nadia,1,0,attended couples therapy years ago,7,7
5,Nadia,1,0,is White,8,7
5,Nadia,1,0,is a timid person,9,6
5,Nadia,1,0,collects vinyl records,10,6
5,Nadia,1,0,went to the emergency room for bruises,11,2
5,Nadia,1,0,did not seek help after the emergency room incident,12,6
5,Nadia,1,0,was scared when Franklin screamed,13,7
5,Nadia,1,0,grabbed the revolver,14,5
5,Nadia,1,0,shot Franklin with the revolver,15,4
5,Qian,2,0,enjoys watching sports,1,7
5,Qian,2,0,has a humorous personality,2,7
5,Qian,2,0,is hard-working,3,7
5,Qian,2,0,is 27 years old,4,7
5,Qian,2,0,enjoys jazz music,5,7
5,Qian,2,0,is Asian,6,7
5,Qian,2,0,does not smoke,7,7
5,Qian,2,0,can be stubborn sometimes,8,7
5,Qian,2,0,is male,9,7
5,Qian,2,0,is a restaurant waiter,10,7
5,Qian,2,0,hung out at the local bar with cousins,11,7
5,Qian,2,0,had several drinks over the course of two hours,12,7
5,Qian,2,0,was angered by Wilson's comments,13,7
5,Qian,2,0,did not talk back to Wilson,14,7
5,Qian,2,0,pushed Wilson to the ground,15,6
5,Edward,3,1,is a clinical research assistant,1,7
5,Edward,3,1,is single,2,7
5,Edward,3,1,is an ambitious person,3,7
5,Edward,3,1,enjoys reading science fiction,4,7
5,Edward,3,1,is male,5,7
5,Edward,3,1,is White,6,7
5,Edward,3,1,is 24 years old,7,7
5,Edward,3,1,is a studious person,8,7
5,Edward,3,1,enjoys browsing Twitter,9,7
5,Edward,3,1,is an experienced driver,10,7
5,Edward,3,1,did not mute phone notifications while driving,11,7
5,Edward,3,1,was not speeding,12,5
5,Edward,3,1,checked that there were no other cars nearby,13,7
5,Edward,3,1,took a peek at the text,14,5
5,Edward,3,1,veered into the cyclist while reading the text,15,3
5,Chris,4,1,is a picky eater,1,7
5,Chris,4,1,admires his father,2,7
5,Chris,4,1,is White,3,7
5,Chris,4,1,is 10 years old,4,7
5,Chris,4,1,is male,5,7
5,Chris,4,1,weighs 70 lbs,6,7
5,Chris,4,1,enjoys playing hide-and-seek,7,7
5,Chris,4,1,enjoys swimming,8,7
5,Chris,4,1,has a curious personality,9,7
5,Chris,4,1,has an average IQ,10,7
5,Chris,4,1,invited friends over to play,11,7
5,Chris,4,1,hid in the hall closet,12,7
5,Chris,4,1,found the key in his father's jacket pocket,13,7
5,Chris,4,1,opened the gun cabinet with the key,14,5
5,Chris,4,1,picked up a pistol to play with,15,3
5,Melvin,5,1,enjoys listening to rock music,1,7
5,Melvin,5,1,has high blood pressure,2,6
5,Melvin,5,1,is White,3,7
5,Melvin,5,1,is male,4,7
5,Melvin,5,1,grows corn,5,5
5,Melvin,5,1,is 45 years old,6,7
5,Melvin,5,1,can be stingy sometimes,7,6
5,Melvin,5,1,has a cheerful personality,8,7
5,Melvin,5,1,is a farmer,9,6
5,Melvin,5,1,grows hay,10,6
5,Melvin,5,1,built his barn near the border with Vincent's property,11,7
5,Melvin,5,1,was concerned with hayfires,12,7
5,Melvin,5,1,considered buying hay-drying equipment,13,7
5,Melvin,5,1,met with consultants,14,5
5,Melvin,5,1,decided not to buy hay-drying equipment,15,6
5,Flora,6,1,is a counselor,1,7
5,Flora,6,1,is an early riser,2,7
5,Flora,6,1,composes music in her free time,3,5
5,Flora,6,1,is female,4,7
5,Flora,6,1,is Asian,5,7
5,Flora,6,1,enjoys gardening,6,7
5,Flora,6,1,is legally blind,7,4
5,Flora,6,1,is 32 years old,8,7
5,Flora,6,1,uses a white cane to guide herself,9,6
5,Flora,6,1,is an empathetic person,10,5
5,Flora,6,1,went to a neighbor's house for dinner,11,7
5,Flora,6,1,used her white cane while walking home,12,6
5,Flora,6,1,did not call for help,13,7
5,Flora,6,1,her white cane slipped between Paul's legs,14,5
5,Flora,6,1,stepped on Paul's torso,15,4
5,Ava,7,1,is 26 years old,1,7
5,Ava,7,1,regularly drinks coffee,2,7
5,Ava,7,1,has been friends with Peter for many years,3,7
5,Ava,7,1,is female,4,7
5,Ava,7,1,enjoys going to music concerts,5,7
5,Ava,7,1,has a peanut allergy,6,5
5,Ava,7,1,is a compassionate person,7,5
5,Ava,7,1,is Native American,8,7
5,Ava,7,1,often drives Peter to appointments and errands,9,7
5,Ava,7,1,is an artist,10,6
5,Ava,7,1,did her annual car maintenance,11,7
5,Ava,7,1,drove under the speed limit,12,7
5,Ava,7,1,listened to the radio while driving,13,7
5,Ava,7,1,was startled by the deer,14,7
5,Ava,7,1,slammed the brakes after seeing the deer,15,7
5,Alfred,8,1,has a calm personality,1,5
5,Alfred,8,1,has PTSD,2,4
5,Alfred,8,1,enjoys fishing,3,7
5,Alfred,8,1,is male,4,7
5,Alfred,8,1,is patriotic,5,7
5,Alfred,8,1,is a veteran,6,6
5,Alfred,8,1,enjoys Italian cuisine,7,7
5,Alfred,8,1,lives alone,8,6
5,Alfred,8,1,is 68 years old,9,7
5,Alfred,8,1,is White,10,7
5,Alfred,8,1,took the subway home,11,6
5,Alfred,8,1,was quiet on the subway,12,7
5,Alfred,8,1,got off at the same stop as Oliver,13,7
5,Alfred,8,1,heard loud drilling and yelling from the construction above,14,4
5,Alfred,8,1,physically attacked Oliver,15,4
5,Darla,9,0,is 32 years old,1,7
5,Darla,9,0,has a laid-back personality,2,7
5,Darla,9,0,is Black,3,7
5,Darla,9,0,runs a home daycare business,4,6
5,Darla,9,0,has an absent-minded personality,5,6
5,Darla,9,0,communicates and interacts well with children,6,7
5,Darla,9,0,enjoys cooking,7,7
5,Darla,9,0,has worked with Pamela for many years,8,7
5,Darla,9,0,is nearsighted,9,7
5,Darla,9,0,is female,10,7
5,Darla,9,0,lives in a tornado-affected area,11,5
5,Darla,9,0,played games with the children,12,7
5,Darla,9,0,played loud upbeat music with the children,13,7
5,Darla,9,0,focused on the children,14,7
5,Darla,9,0,did not hear the tornado sirens,15,7
5,Julia,10,0,babysits on the weekends,1,7
5,Julia,10,0,can be sensitive sometimes,2,7
5,Julia,10,0,has asthma,3,6
5,Julia,10,0,is 19 years old,4,7
5,Julia,10,0,enjoys watching TV shows,5,7
5,Julia,10,0,is female,6,7
5,Julia,10,0,is multiracial,7,7
5,Julia,10,0,is a courteous person,8,7
5,Julia,10,0,studies psychology,9,7
5,Julia,10,0,is a college student,10,7
5,Julia,10,0,read children's books with Benji,11,7
5,Julia,10,0,picked up her partner's call while filling the bathtub,12,6
5,Julia,10,0,felt hurt after learning about the cheating,13,7
5,Julia,10,0,left the bathroom to talk to her partner,14,5
5,Julia,10,0,sat for a few minutes after hanging up,15,5
5,Tristan,11,1,is male,1,7
5,Tristan,11,1,is Christian,2,7
5,Tristan,11,1,can be impatient sometimes,3,7
5,Tristan,11,1,enjoys listening to country music,4,7
5,Tristan,11,1,is a cardiologist,5,4
5,Tristan,11,1,is 43 years old,6,7
5,Tristan,11,1,is extroverted and outgoing,7,7
5,Tristan,11,1,is Black,8,7
5,Tristan,11,1,has worked for over ten years at the same hospital,9,7
5,Tristan,11,1,can be opinionated sometimes,10,7
5,Tristan,11,1,reviewed Annie's medical history and symptoms,11,7
5,Tristan,11,1,checked Annie's vitals,12,7
5,Tristan,11,1,ordered Annie an electrocardiogram (ECG/EKG),13,7
5,Tristan,11,1,did not order any other heart tests,14,6
5,Tristan,11,1,did not order a mammogram,15,7
6,Melvin,1,1,can be stingy sometimes,1,5
6,Melvin,1,1,has a cheerful personality,2,7
6,Melvin,1,1,has high blood pressure,3,2
6,Melvin,1,1,grows hay,4,2
6,Melvin,1,1,is a farmer,5,2
6,Melvin,1,1,is White,6,4
6,Melvin,1,1,is 45 years old,7,4
6,Melvin,1,1,grows corn,8,2
6,Melvin,1,1,enjoys listening to rock music,9,6
6,Melvin,1,1,is male,10,6
6,Melvin,1,1,built his barn near the border with Vincent's property,11,6
6,Melvin,1,1,was concerned with hayfires,12,6
6,Melvin,1,1,considered buying hay-drying equipment,13,6
6,Melvin,1,1,met with consultants,14,3
6,Melvin,1,1,decided not to buy hay-drying equipment,15,3
6,Alfred,2,1,is male,1,6
6,Alfred,2,1,enjoys fishing,2,5
6,Alfred,2,1,enjoys Italian cuisine,3,7
6,Alfred,2,1,is patriotic,4,6
6,Alfred,2,1,has PTSD,5,2
6,Alfred,2,1,has a calm personality,6,7
6,Alfred,2,1,is 68 years old,7,3
6,Alfred,2,1,is a veteran,8,3
6,Alfred,2,1,lives alone,9,5
6,Alfred,2,1,is White,10,4
6,Alfred,2,1,took the subway home,11,6
6,Alfred,2,1,was quiet on the subway,12,7
6,Alfred,2,1,got off at the same stop as Oliver,13,5
6,Alfred,2,1,heard loud drilling and yelling from the construction above,14,6
6,Alfred,2,1,physically attacked Oliver,15,1
6,Tristan,3,1,can be impatient sometimes,1,5
6,Tristan,3,1,has worked for over ten years at the same hospital,2,6
6,Tristan,3,1,is a cardiologist,3,3
6,Tristan,3,1,can be opinionated sometimes,4,6
6,Tristan,3,1,is extroverted and outgoing,5,6
6,Tristan,3,1,enjoys listening to country music,6,2
6,Tristan,3,1,is male,7,6
6,Tristan,3,1,is Black,8,4
6,Tristan,3,1,is 43 years old,9,4
6,Tristan,3,1,is Christian,10,3
6,Tristan,3,1,reviewed Annie's medical history and symptoms,11,7
6,Tristan,3,1,checked Annie's vitals,12,7
6,Tristan,3,1,ordered Annie an electrocardiogram (ECG/EKG),13,7
6,Tristan,3,1,did not order any other heart tests,14,2
6,Tristan,3,1,did not order a mammogram,15,2
6,Nadia,4,0,is White,1,4
6,Nadia,4,0,is female,2,5
6,Nadia,4,0,collects vinyl records,3,5
6,Nadia,4,0,attended couples therapy years ago,4,5
6,Nadia,4,0,enjoys oil painting,5,6
6,Nadia,4,0,is a software engineer,6,3
6,Nadia,4,0,is a timid person,7,4
6,Nadia,4,0,is an organized person,8,6
6,Nadia,4,0,has red hair,9,2
6,Nadia,4,0,is 34 years old,10,4
6,Nadia,4,0,went to the emergency room for bruises,11,6
6,Nadia,4,0,did not seek help after the emergency room incident,12,2
6,Nadia,4,0,was scared when Franklin screamed,13,7
6,Nadia,4,0,grabbed the revolver,14,6
6,Nadia,4,0,shot Franklin with the revolver,15,6
6,Edward,5,1,is single,1,6
6,Edward,5,1,enjoys reading science fiction,2,5
6,Edward,5,1,is an experienced driver,3,6
6,Edward,5,1,is male,4,5
6,Edward,5,1,is White,5,4
6,Edward,5,1,is a clinical research assistant,6,3
6,Edward,5,1,is an ambitious person,7,6
6,Edward,5,1,enjoys browsing Twitter,8,6
6,Edward,5,1,is a studious person,9,6
6,Edward,5,1,is 24 years old,10,3
6,Edward,5,1,did not mute phone notifications while driving,11,3
6,Edward,5,1,was not speeding,12,6
6,Edward,5,1,checked that there were no other cars nearby,13,7
6,Edward,5,1,took a peek at the text,14,3
6,Edward,5,1,veered into the cyclist while reading the text,15,1
6,Darla,6,0,communicates and interacts well with children,1,6
6,Darla,6,0,has a laid-back personality,2,7
6,Darla,6,0,has worked with Pamela for many years,3,7
6,Darla,6,0,is 32 years old,4,4
6,Darla,6,0,is Black,5,4
6,Darla,6,0,enjoys cooking,6,7
6,Darla,6,0,is female,7,4
6,Darla,6,0,is nearsighted,8,3
6,Darla,6,0,runs a home daycare business,9,2
6,Darla,6,0,has an absent-minded personality,10,3
6,Darla,6,0,lives in a tornado-affected area,11,3
6,Darla,6,0,played games with the children,12,6
6,Darla,6,0,played loud upbeat music with the children,13,6
6,Darla,6,0,focused on the children,14,7
6,Darla,6,0,did not hear the tornado sirens,15,2
6,Ava,7,1,is female,1,5
6,Ava,7,1,often drives Peter to appointments and errands,2,6
6,Ava,7,1,enjoys going to music concerts,3,7
6,Ava,7,1,is 26 years old,4,3
6,Ava,7,1,regularly drinks coffee,5,7
6,Ava,7,1,is Native American,6,4
6,Ava,7,1,is an artist,7,5
6,Ava,7,1,is a compassionate person,8,7
6,Ava,7,1,has a peanut allergy,9,2
6,Ava,7,1,has been friends with Peter for many years,10,6
6,Ava,7,1,did her annual car maintenance,11,7
6,Ava,7,1,drove under the speed limit,12,6
6,Ava,7,1,listened to the radio while driving,13,7
6,Ava,7,1,was startled by the deer,14,3
6,Ava,7,1,slammed the brakes after seeing the deer,15,3
6,Qian,8,0,does not smoke,1,6
6,Qian,8,0,has a humorous personality,2,7
6,Qian,8,0,is Asian,3,4
6,Qian,8,0,enjoys watching sports,4,6
6,Qian,8,0,can be stubborn sometimes,5,5
6,Qian,8,0,is hard-working,6,6
6,Qian,8,0,enjoys jazz music,7,5
6,Qian,8,0,is 27 years old,8,3
6,Qian,8,0,is a restaurant waiter,9,5
6,Qian,8,0,is male,10,5
6,Qian,8,0,hung out at the local bar with cousins,11,6
6,Qian,8,0,had several drinks over the course of two hours,12,6
6,Qian,8,0,was angered by Wilson's comments,13,6
6,Qian,8,0,did not talk back to Wilson,14,6
6,Qian,8,0,pushed Wilson to the ground,15,5
6,Chris,9,1,enjoys playing hide-and-seek,1,7
6,Chris,9,1,is a picky eater,2,5
6,Chris,9,1,has an average IQ,3,7
6,Chris,9,1,admires his father,4,7
6,Chris,9,1,enjoys swimming,5,7
6,Chris,9,1,is White,6,4
6,Chris,9,1,has a curious personality,7,7
6,Chris,9,1,is male,8,5
6,Chris,9,1,weighs 70 lbs,9,7
6,Chris,9,1,is 10 years old,10,3
6,Chris,9,1,invited friends over to play,11,7
6,Chris,9,1,hid in the hall closet,12,7
6,Chris,9,1,found the key in his father's jacket pocket,13,3
6,Chris,9,1,opened the gun cabinet with the key,14,2
6,Chris,9,1,picked up a pistol to play with,15,1
6,Julia,10,0,has asthma,1,2
6,Julia,10,0,is 19 years old,2,3
6,Julia,10,0,can be sensitive sometimes,3,7
6,Julia,10,0,is a courteous person,4,7
6,Julia,10,0,is multiracial,5,7
6,Julia,10,0,studies psychology,6,3
6,Julia,10,0,is female,7,5
6,Julia,10,0,babysits on the weekends,8,5
6,Julia,10,0,enjoys watching TV shows,9,7
6,Julia,10,0,is a college student,10,6
6,Julia,10,0,read children's books with Benji,11,6
6,Julia,10,0,picked up her partner's call while filling the bathtub,12,3
6,Julia,10,0,felt hurt after learning about the cheating,13,7
6,Julia,10,0,left the bathroom to talk to her partner,14,2
6,Julia,10,0,sat for a few minutes after hanging up,15,2
6,Flora,11,1,composes music in her free time,1,3
6,Flora,11,1,is 32 years old,2,4
6,Flora,11,1,uses a white cane to guide herself,3,2
6,Flora,11,1,enjoys gardening,4,5
6,Flora,11,1,is an empathetic person,5,7
6,Flora,11,1,is a counselor,6,3
6,Flora,11,1,is female,7,4
6,Flora,11,1,is an early riser,8,5
6,Flora,11,1,is Asian,9,4
6,Flora,11,1,is legally blind,10,2
6,Flora,11,1,went to a neighbor's house for dinner,11,6
6,Flora,11,1,used her white cane while walking home,12,7
6,Flora,11,1,did not call for help,13,7
6,Flora,11,1,her white cane slipped between Paul's legs,14,5
6,Flora,11,1,stepped on Paul's torso,15,5
7,Nadia,1,0,is White,1,6
7,Nadia,1,0,has red hair,2,2
7,Nadia,1,0,collects vinyl records,3,3
7,Nadia,1,0,is 34 years old,4,7
7,Nadia,1,0,is an organized person,5,6
7,Nadia,1,0,enjoys oil painting,6,4
7,Nadia,1,0,is female,7,7
7,Nadia,1,0,is a software engineer,8,4
7,Nadia,1,0,is a timid person,9,5
7,Nadia,1,0,attended couples therapy years ago,10,5
7,Nadia,1,0,went to the emergency room for bruises,11,3
7,Nadia,1,0,did not seek help after the emergency room incident,12,5
7,Nadia,1,0,was scared when Franklin screamed,13,7
7,Nadia,1,0,grabbed the revolver,14,4
7,Nadia,1,0,shot Franklin with the revolver,15,3
7,Alfred,2,1,is patriotic,1,7
7,Alfred,2,1,is a veteran,2,4
7,Alfred,2,1,is male,3,7
7,Alfred,2,1,is White,4,7
7,Alfred,2,1,has a calm personality,5,6
7,Alfred,2,1,enjoys Italian cuisine,6,7
7,Alfred,2,1,is 68 years old,7,6
7,Alfred,2,1,enjoys fishing,8,6
7,Alfred,2,1,has PTSD,9,3
7,Alfred,2,1,lives alone,10,3
7,Alfred,2,1,took the subway home,11,5
7,Alfred,2,1,was quiet on the subway,12,7
7,Alfred,2,1,got off at the same stop as Oliver,13,7
7,Alfred,2,1,heard loud drilling and yelling from the construction above,14,6
7,Alfred,2,1,physically attacked Oliver,15,1
7,Julia,3,0,studies psychology,1,6
7,Julia,3,0,is a college student,2,6
7,Julia,3,0,enjoys watching TV shows,3,7
7,Julia,3,0,babysits on the weekends,4,5
7,Julia,3,0,can be sensitive sometimes,5,6
7,Julia,3,0,is a courteous person,6,6
7,Julia,3,0,is multiracial,7,3
7,Julia,3,0,has asthma,8,2
7,Julia,3,0,is 19 years old,9,6
7,Julia,3,0,is female,10,7
7,Julia,3,0,read children's books with Benji,11,5
7,Julia,3,0,picked up her partner's call while filling the bathtub,12,3
7,Julia,3,0,felt hurt after learning about the cheating,13,7
7,Julia,3,0,left the bathroom to talk to her partner,14,6
7,Julia,3,0,sat for a few minutes after hanging up,15,5
7,Edward,4,1,is an experienced driver,1,7
7,Edward,4,1,is single,2,5
7,Edward,4,1,is male,3,7
7,Edward,4,1,is a studious person,4,5
7,Edward,4,1,is a clinical research assistant,5,3
7,Edward,4,1,is White,6,7
7,Edward,4,1,is an ambitious person,7,5
7,Edward,4,1,enjoys reading science fiction,8,4
7,Edward,4,1,enjoys browsing Twitter,9,5
7,Edward,4,1,is 24 years old,10,6
7,Edward,4,1,did not mute phone notifications while driving,11,6
7,Edward,4,1,was not speeding,12,4
7,Edward,4,1,checked that there were no other cars nearby,13,4
7,Edward,4,1,took a peek at the text,14,6
7,Edward,4,1,veered into the cyclist while reading the text,15,2
7,Tristan,5,1,is male,1,7
7,Tristan,5,1,is a cardiologist,2,2
7,Tristan,5,1,is Christian,3,7
7,Tristan,5,1,is extroverted and outgoing,4,6
7,Tristan,5,1,is Black,5,3
7,Tristan,5,1,has worked for over ten years at the same hospital,6,4
7,Tristan,5,1,can be opinionated sometimes,7,6
7,Tristan,5,1,can be impatient sometimes,8,7
7,Tristan,5,1,is 43 years old,9,6
7,Tristan,5,1,enjoys listening to country music,10,6
7,Tristan,5,1,reviewed Annie's medical history and symptoms,11,6
7,Tristan,5,1,checked Annie's vitals,12,7
7,Tristan,5,1,ordered Annie an electrocardiogram (ECG/EKG),13,6
7,Tristan,5,1,did not order any other heart tests,14,6
7,Tristan,5,1,did not order a mammogram,15,6
7,Chris,6,1,is a picky eater,1,6
7,Chris,6,1,is White,2,7
7,Chris,6,1,enjoys swimming,3,6
7,Chris,6,1,is male,4,7
7,Chris,6,1,has an average IQ,5,7
7,Chris,6,1,admires his father,6,7
7,Chris,6,1,weighs 70 lbs,7,4
7,Chris,6,1,enjoys playing hide-and-seek,8,6
7,Chris,6,1,has a curious personality,9,6
7,Chris,6,1,is 10 years old,10,5
7,Chris,6,1,invited friends over to play,11,7
7,Chris,6,1,hid in the hall closet,12,3
7,Chris,6,1,found the key in his father's jacket pocket,13,4
7,Chris,6,1,opened the gun cabinet with the key,14,5
7,Chris,6,1,picked up a pistol to play with,15,4
7,Ava,7,1,is Native American,1,2
7,Ava,7,1,is 26 years old,2,5
7,Ava,7,1,is female,3,7
7,Ava,7,1,has been friends with Peter for many years,4,6
7,Ava,7,1,has a peanut allergy,5,4
7,Ava,7,1,enjoys going to music concerts,6,7
7,Ava,7,1,regularly drinks coffee,7,7
7,Ava,7,1,is a compassionate person,8,6
7,Ava,7,1,often drives Peter to appointments and errands,9,5
7,Ava,7,1,is an artist,10,3
7,Ava,7,1,did her annual car maintenance,11,4
7,Ava,7,1,drove under the speed limit,12,3
7,Ava,7,1,listened to the radio while driving,13,7
7,Ava,7,1,was startled by the deer,14,6
7,Ava,7,1,slammed the brakes after seeing the deer,15,7
7,Qian,8,0,is a restaurant waiter,1,4
7,Qian,8,0,is male,2,7
7,Qian,8,0,is Asian,3,2
7,Qian,8,0,enjoys watching sports,4,7
7,Qian,8,0,does not smoke,5,6
7,Qian,8,0,enjoys jazz music,6,4
7,Qian,8,0,can be stubborn sometimes,7,6
7,Qian,8,0,has a humorous personality,8,6
7,Qian,8,0,is 27 years old,9,5
7,Qian,8,0,is hard-working,10,6
7,Qian,8,0,hung out at the local bar with cousins,11,4
7,Qian,8,0,had several drinks over the course of two hours,12,7
7,Qian,8,0,was angered by Wilson's comments,13,7
7,Qian,8,0,did not talk back to Wilson,14,4
7,Qian,8,0,pushed Wilson to the ground,15,4
7,Flora,9,1,is an early riser,1,5
7,Flora,9,1,composes music in her free time,2,2
7,Flora,9,1,is a counselor,3,3
7,Flora,9,1,is legally blind,4,2
7,Flora,9,1,enjoys gardening,5,6
7,Flora,9,1,is 32 years old,6,6
7,Flora,9,1,is female,7,7
7,Flora,9,1,is Asian,8,2
7,Flora,9,1,is an empathetic person,9,6
7,Flora,9,1,uses a white cane to guide herself,10,1
7,Flora,9,1,went to a neighbor's house for dinner,11,6
7,Flora,9,1,used her white cane while walking home,12,1
7,Flora,9,1,did not call for help,13,3
7,Flora,9,1,her white cane slipped between Paul's legs,14,3
7,Flora,9,1,stepped on Paul's torso,15,2
7,Darla,10,0,enjoys cooking,1,7
7,Darla,10,0,is female,2,7
7,Darla,10,0,has a laid-back personality,3,4
7,Darla,10,0,is 32 years old,4,5
7,Darla,10,0,communicates and interacts well with children,5,4
7,Darla,10,0,has worked with Pamela for many years,6,5
7,Darla,10,0,is Black,7,3
7,Darla,10,0,has an absent-minded personality,8,5
7,Darla,10,0,runs a home daycare business,9,4
7,Darla,10,0,is nearsighted,10,6
7,Darla,10,0,lives in a tornado-affected area,11,4
7,Darla,10,0,played games with the children,12,5
7,Darla,10,0,played loud upbeat music with the children,13,5
7,Darla,10,0,focused on the children,14,5
7,Darla,10,0,did not hear the tornado sirens,15,2
7,Melvin,11,1,has high blood pressure,1,5
7,Melvin,11,1,is White,2,7
7,Melvin,11,1,is a farmer,3,3
7,Melvin,11,1,enjoys listening to rock music,4,7
7,Melvin,11,1,grows hay,5,3
7,Melvin,11,1,is 45 years old,6,5
7,Melvin,11,1,has a cheerful personality,7,5
7,Melvin,11,1,is male,8,7
7,Melvin,11,1,grows corn,9,3
7,Melvin,11,1,can be stingy sometimes,10,6
7,Melvin,11,1,built his barn near the border with Vincent's property,11,2
7,Melvin,11,1,was concerned with hayfires,12,3
7,Melvin,11,1,considered buying hay-drying equipment,13,2
7,Melvin,11,1,met with consultants,14,5
7,Melvin,11,1,decided not to buy hay-drying equipment,15,6
8,Darla,1,0,is Black,1,7
8,Darla,1,0,has an absent-minded personality,2,7
8,Darla,1,0,is female,3,7
8,Darla,1,0,has worked with Pamela for many years,4,7
8,Darla,1,0,communicates and interacts well with children,5,7
8,Darla,1,0,runs a home daycare business,6,7
8,Darla,1,0,is 32 years old,7,7
8,Darla,1,0,is nearsighted,8,7
8,Darla,1,0,has a laid-back personality,9,7
8,Darla,1,0,enjoys cooking,10,7
8,Darla,1,0,lives in a tornado-affected area,11,7
8,Darla,1,0,played games with the children,12,7
8,Darla,1,0,played loud upbeat music with the children,13,7
8,Darla,1,0,focused on the children,14,7
8,Darla,1,0,did not hear the tornado sirens,15,7
8,Flora,2,1,is an empathetic person,1,7
8,Flora,2,1,is Asian,2,7
8,Flora,2,1,is a counselor,3,3
8,Flora,2,1,is legally blind,4,7
8,Flora,2,1,is female,5,7
8,Flora,2,1,uses a white cane to guide herself,6,7
8,Flora,2,1,enjoys gardening,7,7
8,Flora,2,1,is 32 years old,8,7
8,Flora,2,1,is an early riser,9,7
8,Flora,2,1,composes music in her free time,10,7
8,Flora,2,1,went to a neighbor's house for dinner,11,7
8,Flora,2,1,used her white cane while walking home,12,7
8,Flora,2,1,did not call for help,13,7
8,Flora,2,1,her white cane slipped between Paul's legs,14,2
8,Flora,2,1,stepped on Paul's torso,15,2
8,Nadia,3,0,is White,1,7
8,Nadia,3,0,enjoys oil painting,2,7
8,Nadia,3,0,is a timid person,3,7
8,Nadia,3,0,collects vinyl records,4,7
8,Nadia,3,0,is an organized person,5,7
8,Nadia,3,0,is 34 years old,6,7
8,Nadia,3,0,has red hair,7,7
8,Nadia,3,0,is female,8,7
8,Nadia,3,0,is a software engineer,9,7
8,Nadia,3,0,attended couples therapy years ago,10,6
8,Nadia,3,0,went to the emergency room for bruises,11,3
8,Nadia,3,0,did not seek help after the emergency room incident,12,5
8,Nadia,3,0,was scared when Franklin screamed,13,7
8,Nadia,3,0,grabbed the revolver,14,4
8,Nadia,3,0,shot Franklin with the revolver,15,4
8,Melvin,4,1,is male,1,7
8,Melvin,4,1,has a cheerful personality,2,7
8,Melvin,4,1,grows hay,3,7
8,Melvin,4,1,grows corn,4,7
8,Melvin,4,1,is a farmer,5,7
8,Melvin,4,1,enjoys listening to rock music,6,7
8,Melvin,4,1,is 45 years old,7,7
8,Melvin,4,1,is White,8,7
8,Melvin,4,1,has high blood pressure,9,6
8,Melvin,4,1,can be stingy sometimes,10,7
8,Melvin,4,1,built his barn near the border with Vincent's property,11,7
8,Melvin,4,1,was concerned with hayfires,12,6
8,Melvin,4,1,considered buying hay-drying equipment,13,6
8,Melvin,4,1,met with consultants,14,6
8,Melvin,4,1,decided not to buy hay-drying equipment,15,6
8,Tristan,5,1,is Christian,1,2
8,Tristan,5,1,can be opinionated sometimes,2,6
8,Tristan,5,1,has worked for over ten years at the same hospital,3,6
8,Tristan,5,1,can be impatient sometimes,4,6
8,Tristan,5,1,is extroverted and outgoing,5,6
8,Tristan,5,1,is male,6,6
8,Tristan,5,1,is 43 years old,7,6
8,Tristan,5,1,is Black,8,6
8,Tristan,5,1,is a cardiologist,9,6
8,Tristan,5,1,enjoys listening to country music,10,3
8,Tristan,5,1,reviewed Annie's medical history and symptoms,11,4
8,Tristan,5,1,checked Annie's vitals,12,4
8,Tristan,5,1,ordered Annie an electrocardiogram (ECG/EKG),13,4
8,Tristan,5,1,did not order any other heart tests,14,3
8,Tristan,5,1,did not order a mammogram,15,5
8,Chris,6,1,has a curious personality,1,7
8,Chris,6,1,is White,2,7
8,Chris,6,1,is male,3,7
8,Chris,6,1,is a picky eater,4,7
8,Chris,6,1,enjoys swimming,5,7
8,Chris,6,1,enjoys playing hide-and-seek,6,7
8,Chris,6,1,is 10 years old,7,7
8,Chris,6,1,has an average IQ,8,7
8,Chris,6,1,weighs 70 lbs,9,7
8,Chris,6,1,admires his father,10,7
8,Chris,6,1,invited friends over to play,11,7
8,Chris,6,1,hid in the hall closet,12,4
8,Chris,6,1,found the key in his father's jacket pocket,13,4
8,Chris,6,1,opened the gun cabinet with the key,14,4
8,Chris,6,1,picked up a pistol to play with,15,4
8,Ava,7,1,enjoys going to music concerts,1,7
8,Ava,7,1,is an artist,2,7
8,Ava,7,1,has a peanut allergy,3,7
8,Ava,7,1,has been friends with Peter for many years,4,4
8,Ava,7,1,often drives Peter to appointments and errands,5,4
8,Ava,7,1,regularly drinks coffee,6,7
8,Ava,7,1,is Native American,7,7
8,Ava,7,1,is a compassionate person,8,7
8,Ava,7,1,is 26 years old,9,7
8,Ava,7,1,is female,10,7
8,Ava,7,1,did her annual car maintenance,11,7
8,Ava,7,1,drove under the speed limit,12,7
8,Ava,7,1,listened to the radio while driving,13,7
8,Ava,7,1,was startled by the deer,14,7
8,Ava,7,1,slammed the brakes after seeing the deer,15,7
8,Edward,8,1,enjoys browsing Twitter,1,7
8,Edward,8,1,enjoys reading science fiction,2,7
8,Edward,8,1,is 24 years old,3,7
8,Edward,8,1,is single,4,7
8,Edward,8,1,is an experienced driver,5,7
8,Edward,8,1,is a clinical research assistant,6,3
8,Edward,8,1,is an ambitious person,7,5
8,Edward,8,1,is a studious person,8,5
8,Edward,8,1,is White,9,7
8,Edward,8,1,is male,10,7
8,Edward,8,1,did not mute phone notifications while driving,11,7
8,Edward,8,1,was not speeding,12,7
8,Edward,8,1,checked that there were no other cars nearby,13,7
8,Edward,8,1,took a peek at the text,14,1
8,Edward,8,1,veered into the cyclist while reading the text,15,7
8,Qian,9,0,is hard-working,1,7
8,Qian,9,0,enjoys watching sports,2,7
8,Qian,9,0,is a restaurant waiter,3,5
8,Qian,9,0,does not smoke,4,3
8,Qian,9,0,is Asian,5,7
8,Qian,9,0,has a humorous personality,6,7
8,Qian,9,0,can be stubborn sometimes,7,7
8,Qian,9,0,enjoys jazz music,8,7
8,Qian,9,0,is male,9,7
8,Qian,9,0,is 27 years old,10,7
8,Qian,9,0,hung out at the local bar with cousins,11,4
8,Qian,9,0,had several drinks over the course of two hours,12,5
8,Qian,9,0,was angered by Wilson's comments,13,4
8,Qian,9,0,did not talk back to Wilson,14,4
8,Qian,9,0,pushed Wilson to the ground,15,4
8,Alfred,10,1,enjoys fishing,1,7
8,Alfred,10,1,lives alone,2,7
8,Alfred,10,1,enjoys Italian cuisine,3,7
8,Alfred,10,1,is male,4,7
8,Alfred,10,1,has PTSD,5,5
8,Alfred,10,1,is patriotic,6,3
8,Alfred,10,1,is 68 years old,7,7
8,Alfred,10,1,is a veteran,8,5
8,Alfred,10,1,is White,9,7
8,Alfred,10,1,has a calm personality,10,7
8,Alfred,10,1,took the subway home,11,7
8,Alfred,10,1,was quiet on the subway,12,7
8,Alfred,10,1,got off at the same stop as Oliver,13,4
8,Alfred,10,1,heard loud drilling and yelling from the construction above,14,7
8,Alfred,10,1,physically attacked Oliver,15,5
8,Julia,11,0,is 19 years old,1,7
8,Julia,11,0,enjoys watching TV shows,2,7
8,Julia,11,0,babysits on the weekends,3,7
8,Julia,11,0,studies psychology,4,7
8,Julia,11,0,is multiracial,5,7
8,Julia,11,0,is a college student,6,7
8,Julia,11,0,can be sensitive sometimes,7,7
8,Julia,11,0,is female,8,7
8,Julia,11,0,is a courteous person,9,7
8,Julia,11,0,has asthma,10,7
8,Julia,11,0,read children's books with Benji,11,4
8,Julia,11,0,picked up her partner's call while filling the bathtub,12,4
8,Julia,11,0,felt hurt after learning about the cheating,13,5
8,Julia,11,0,left the bathroom to talk to her partner,14,3
8,Julia,11,0,sat for a few minutes after hanging up,15,5
9,Julia,1,0,is a courteous person,1,7
9,Julia,1,0,is multiracial,2,7
9,Julia,1,0,has asthma,3,5
9,Julia,1,0,is a college student,4,7
9,Julia,1,0,studies psychology,5,6
9,Julia,1,0,is female,6,7
9,Julia,1,0,is 19 years old,7,7
9,Julia,1,0,enjoys watching TV shows,8,7
9,Julia,1,0,can be sensitive sometimes,9,7
9,Julia,1,0,babysits on the weekends,10,7
9,Julia,1,0,read children's books with Benji,11,7
9,Julia,1,0,picked up her partner's call while filling the bathtub,12,5
9,Julia,1,0,felt hurt after learning about the cheating,13,7
9,Julia,1,0,left the bathroom to talk to her partner,14,5
9,Julia,1,0,sat for a few minutes after hanging up,15,5
9,Tristan,2,1,has worked for over ten years at the same hospital,1,7
9,Tristan,2,1,is extroverted and outgoing,2,7
9,Tristan,2,1,is male,3,7
9,Tristan,2,1,is a cardiologist,4,7
9,Tristan,2,1,is 43 years old,5,7
9,Tristan,2,1,can be opinionated sometimes,6,7
9,Tristan,2,1,is Christian,7,7
9,Tristan,2,1,enjoys listening to country music,8,7
9,Tristan,2,1,can be impatient sometimes,9,7
9,Tristan,2,1,is Black,10,7
9,Tristan,2,1,reviewed Annie's medical history and symptoms,11,7
9,Tristan,2,1,checked Annie's vitals,12,7
9,Tristan,2,1,ordered Annie an electrocardiogram (ECG/EKG),13,7
9,Tristan,2,1,did not order any other heart tests,14,4
9,Tristan,2,1,did not order a mammogram,15,7
9,Darla,3,0,is 32 years old,1,7
9,Darla,3,0,is Black,2,7
9,Darla,3,0,has a laid-back personality,3,7
9,Darla,3,0,has worked with Pamela for many years,4,7
9,Darla,3,0,runs a home daycare business,5,7
9,Darla,3,0,has an absent-minded personality,6,5
9,Darla,3,0,enjoys cooking,7,7
9,Darla,3,0,is nearsighted,8,6
9,Darla,3,0,communicates and interacts well with children,9,7
9,Darla,3,0,is female,10,7
9,Darla,3,0,lives in a tornado-affected area,11,5
9,Darla,3,0,played games with the children,12,7
9,Darla,3,0,played loud upbeat music with the children,13,7
9,Darla,3,0,focused on the children,14,7
9,Darla,3,0,did not hear the tornado sirens,15,5
9,Edward,4,1,enjoys reading science fiction,1,7
9,Edward,4,1,is single,2,7
9,Edward,4,1,is an ambitious person,3,7
9,Edward,4,1,is a clinical research assistant,4,7
9,Edward,4,1,is a studious person,5,7
9,Edward,4,1,is male,6,7
9,Edward,4,1,enjoys browsing Twitter,7,7
9,Edward,4,1,is 24 years old,8,7
9,Edward,4,1,is White,9,7
9,Edward,4,1,is an experienced driver,10,7
9,Edward,4,1,did not mute phone notifications while driving,11,4
9,Edward,4,1,was not speeding,12,7
9,Edward,4,1,checked that there were no other cars nearby,13,7
9,Edward,4,1,took a peek at the text,14,6
9,Edward,4,1,veered into the cyclist while reading the text,15,3
9,Alfred,5,1,lives alone,1,7
9,Alfred,5,1,is male,2,7
9,Alfred,5,1,is 68 years old,3,7
9,Alfred,5,1,has PTSD,4,6
9,Alfred,5,1,has a calm personality,5,7
9,Alfred,5,1,is a veteran,6,7
9,Alfred,5,1,enjoys fishing,7,7
9,Alfred,5,1,is White,8,7
9,Alfred,5,1,enjoys Italian cuisine,9,7
9,Alfred,5,1,is patriotic,10,6
9,Alfred,5,1,took the subway home,11,7
9,Alfred,5,1,was quiet on the subway,12,7
9,Alfred,5,1,got off at the same stop as Oliver,13,7
9,Alfred,5,1,heard loud drilling and yelling from the construction above,14,7
9,Alfred,5,1,physically attacked Oliver,15,2
9,Melvin,6,1,is 45 years old,1,7
9,Melvin,6,1,has a cheerful personality,2,7
9,Melvin,6,1,is male,3,7
9,Melvin,6,1,enjoys listening to rock music,4,7
9,Melvin,6,1,has high blood pressure,5,6
9,Melvin,6,1,is a farmer,6,6
9,Melvin,6,1,can be stingy sometimes,7,7
9,Melvin,6,1,grows hay,8,7
9,Melvin,6,1,is White,9,7
9,Melvin,6,1,grows corn,10,7
9,Melvin,6,1,built his barn near the border with Vincent's property,11,5
9,Melvin,6,1,was concerned with hayfires,12,7
9,Melvin,6,1,considered buying hay-drying equipment,13,7
9,Melvin,6,1,met with consultants,14,7
9,Melvin,6,1,decided not to buy hay-drying equipment,15,6
9,Ava,7,1,is female,1,7
9,Ava,7,1,is Native American,2,7
9,Ava,7,1,often drives Peter to appointments and errands,3,7
9,Ava,7,1,enjoys going to music concerts,4,7
9,Ava,7,1,has been friends with Peter for many years,5,7
9,Ava,7,1,regularly drinks coffee,6,7
9,Ava,7,1,is 26 years old,7,7
9,Ava,7,1,has a peanut allergy,8,6
9,Ava,7,1,is a compassionate person,9,7
9,Ava,7,1,is an artist,10,6
9,Ava,7,1,did her annual car maintenance,11,7
9,Ava,7,1,drove under the speed limit,12,6
9,Ava,7,1,listened to the radio while driving,13,7
9,Ava,7,1,was startled by the deer,14,7
9,Ava,7,1,slammed the brakes after seeing the deer,15,6
9,Nadia,8,0,has red hair,1,7
9,Nadia,8,0,is an organized person,2,7
9,Nadia,8,0,attended couples therapy years ago,3,7
9,Nadia,8,0,is a software engineer,4,7
9,Nadia,8,0,is a timid person,5,7
9,Nadia,8,0,is White,6,7
9,Nadia,8,0,collects vinyl records,7,7
9,Nadia,8,0,enjoys oil painting,8,7
9,Nadia,8,0,is 34 years old,9,7
9,Nadia,8,0,is female,10,7
9,Nadia,8,0,went to the emergency room for bruises,11,7
9,Nadia,8,0,did not seek help after the emergency room incident,12,7
9,Nadia,8,0,was scared when Franklin screamed,13,7
9,Nadia,8,0,grabbed the revolver,14,7
9,Nadia,8,0,shot Franklin with the revolver,15,7
9,Qian,9,0,is male,1,7
9,Qian,9,0,is a restaurant waiter,2,7
9,Qian,9,0,is Asian,3,7
9,Qian,9,0,enjoys jazz music,4,7
9,Qian,9,0,can be stubborn sometimes,5,7
9,Qian,9,0,is hard-working,6,7
9,Qian,9,0,is 27 years old,7,7
9,Qian,9,0,has a humorous personality,8,7
9,Qian,9,0,enjoys watching sports,9,7
9,Qian,9,0,does not smoke,10,7
9,Qian,9,0,hung out at the local bar with cousins,11,7
9,Qian,9,0,had several drinks over the course of two hours,12,7
9,Qian,9,0,was angered by Wilson's comments,13,7
9,Qian,9,0,did not talk back to Wilson,14,7
9,Qian,9,0,pushed Wilson to the ground,15,7
9,Chris,10,1,enjoys playing hide-and-seek,1,7
9,Chris,10,1,is White,2,7
9,Chris,10,1,is a picky eater,3,7
9,Chris,10,1,has an average IQ,4,7
9,Chris,10,1,admires his father,5,7
9,Chris,10,1,has a curious personality,6,7
9,Chris,10,1,enjoys swimming,7,7
9,Chris,10,1,is 10 years old,8,7
9,Chris,10,1,weighs 70 lbs,9,7
9,Chris,10,1,is male,10,7
9,Chris,10,1,invited friends over to play,11,7
9,Chris,10,1,hid in the hall closet,12,7
9,Chris,10,1,found the key in his father's jacket pocket,13,7
9,Chris,10,1,opened the gun cabinet with the key,14,5
9,Chris,10,1,picked up a pistol to play with,15,5
9,Flora,11,1,is 32 years old,1,7
9,Flora,11,1,is a counselor,2,7
9,Flora,11,1,uses a white cane to guide herself,3,6
9,Flora,11,1,is Asian,4,7
9,Flora,11,1,composes music in her free time,5,7
9,Flora,11,1,is an early riser,6,7
9,Flora,11,1,enjoys gardening,7,7
9,Flora,11,1,is legally blind,8,6
9,Flora,11,1,is an empathetic person,9,7
9,Flora,11,1,is female,10,7
9,Flora,11,1,went to a neighbor's house for dinner,11,7
9,Flora,11,1,used her white cane while walking home,12,7
9,Flora,11,1,did not call for help,13,7
9,Flora,11,1,her white cane slipped between Paul's legs,14,7
9,Flora,11,1,stepped on Paul's torso,15,6
10,Qian,1,0,enjoys jazz music,1,7
10,Qian,1,0,is a restaurant waiter,2,6
10,Qian,1,0,can be stubborn sometimes,3,6
10,Qian,1,0,does not smoke,4,7
10,Qian,1,0,has a humorous personality,5,7
10,Qian,1,0,is 27 years old,6,7
10,Qian,1,0,is Asian,7,7
10,Qian,1,0,enjoys watching sports,8,7
10,Qian,1,0,is hard-working,9,7
10,Qian,1,0,is male,10,7
10,Qian,1,0,hung out at the local bar with cousins,11,7
10,Qian,1,0,had several drinks over the course of two hours,12,7
10,Qian,1,0,was angered by Wilson's comments,13,7
10,Qian,1,0,did not talk back to Wilson,14,6
10,Qian,1,0,pushed Wilson to the ground,15,6
10,Ava,2,1,is 26 years old,1,7
10,Ava,2,1,enjoys going to music concerts,2,7
10,Ava,2,1,is a compassionate person,3,7
10,Ava,2,1,often drives Peter to appointments and errands,4,6
10,Ava,2,1,is Native American,5,7
10,Ava,2,1,regularly drinks coffee,6,7
10,Ava,2,1,is female,7,7
10,Ava,2,1,has a peanut allergy,8,7
10,Ava,2,1,is an artist,9,7
10,Ava,2,1,has been friends with Peter for many years,10,6
10,Ava,2,1,did her annual car maintenance,11,7
10,Ava,2,1,drove under the speed limit,12,6
10,Ava,2,1,listened to the radio while driving,13,6
10,Ava,2,1,was startled by the deer,14,7
10,Ava,2,1,slammed the brakes after seeing the deer,15,7
10,Chris,3,1,enjoys playing hide-and-seek,1,7
10,Chris,3,1,is White,2,7
10,Chris,3,1,weighs 70 lbs,3,6
10,Chris,3,1,is 10 years old,4,7
10,Chris,3,1,is a picky eater,5,7
10,Chris,3,1,is male,6,7
10,Chris,3,1,has an average IQ,7,7
10,Chris,3,1,has a curious personality,8,7
10,Chris,3,1,admires his father,9,7
10,Chris,3,1,enjoys swimming,10,7
10,Chris,3,1,invited friends over to play,11,7
10,Chris,3,1,hid in the hall closet,12,6
10,Chris,3,1,found the key in his father's jacket pocket,13,5
10,Chris,3,1,opened the gun cabinet with the key,14,3
10,Chris,3,1,picked up a pistol to play with,15,2
10,Edward,4,1,enjoys reading science fiction,1,7
10,Edward,4,1,enjoys browsing Twitter,2,7
10,Edward,4,1,is an ambitious person,3,7
10,Edward,4,1,is an experienced driver,4,5
10,Edward,4,1,is 24 years old,5,7
10,Edward,4,1,is single,6,7
10,Edward,4,1,is a studious person,7,7
10,Edward,4,1,is male,8,7
10,Edward,4,1,is White,9,7
10,Edward,4,1,is a clinical research assistant,10,7
10,Edward,4,1,did not mute phone notifications while driving,11,3
10,Edward,4,1,was not speeding,12,6
10,Edward,4,1,checked that there were no other cars nearby,13,4
10,Edward,4,1,took a peek at the text,14,3
10,Edward,4,1,veered into the cyclist while reading the text,15,1
10,Darla,5,0,has an absent-minded personality,1,4
10,Darla,5,0,has worked with Pamela for many years,2,7
10,Darla,5,0,is female,3,7
10,Darla,5,0,enjoys cooking,4,7
10,Darla,5,0,communicates and interacts well with children,5,7
10,Darla,5,0,is Black,6,7
10,Darla,5,0,is 32 years old,7,7
10,Darla,5,0,is nearsighted,8,7
10,Darla,5,0,runs a home daycare business,9,7
10,Darla,5,0,has a laid-back personality,10,7
10,Darla,5,0,lives in a tornado-affected area,11,6
10,Darla,5,0,played games with the children,12,7
10,Darla,5,0,played loud upbeat music with the children,13,5
10,Darla,5,0,focused on the children,14,7
10,Darla,5,0,did not hear the tornado sirens,15,4
10,Melvin,6,1,is White,1,7
10,Melvin,6,1,has high blood pressure,2,4
10,Melvin,6,1,can be stingy sometimes,3,6
10,Melvin,6,1,has a cheerful personality,4,7
10,Melvin,6,1,is male,5,7
10,Melvin,6,1,is a farmer,6,7
10,Melvin,6,1,is 45 years old,7,7
10,Melvin,6,1,enjoys listening to rock music,8,7
10,Melvin,6,1,grows corn,9,7
10,Melvin,6,1,grows hay,10,7
10,Melvin,6,1,built his barn near the border with Vincent's property,11,6
10,Melvin,6,1,was concerned with hayfires,12,7
10,Melvin,6,1,considered buying hay-drying equipment,13,6
10,Melvin,6,1,met with consultants,14,7
10,Melvin,6,1,decided not to buy hay-drying equipment,15,4
10,Julia,7,0,has asthma,1,6
10,Julia,7,0,studies psychology,2,7
10,Julia,7,0,babysits on the weekends,3,7
10,Julia,7,0,enjoys watching TV shows,4,7
10,Julia,7,0,is multiracial,5,7
10,Julia,7,0,can be sensitive sometimes,6,6
10,Julia,7,0,is a courteous person,7,6
10,Julia,7,0,is a college student,8,7
10,Julia,7,0,is 19 years old,9,7
10,Julia,7,0,is female,10,7
10,Julia,7,0,read children's books with Benji,11,7
10,Julia,7,0,picked up her partner's call while filling the bathtub,12,7
10,Julia,7,0,felt hurt after learning about the cheating,13,7
10,Julia,7,0,left the bathroom to talk to her partner,14,3
10,Julia,7,0,sat for a few minutes after hanging up,15,3
10,Alfred,8,1,enjoys Italian cuisine,1,7
10,Alfred,8,1,has PTSD,2,5
10,Alfred,8,1,has a calm personality,3,7
10,Alfred,8,1,is patriotic,4,7
10,Alfred,8,1,is White,5,7
10,Alfred,8,1,is 68 years old,6,7
10,Alfred,8,1,lives alone,7,7
10,Alfred,8,1,is a veteran,8,7
10,Alfred,8,1,enjoys fishing,9,7
10,Alfred,8,1,is male,10,7
10,Alfred,8,1,took the subway home,11,7
10,Alfred,8,1,was quiet on the subway,12,7
10,Alfred,8,1,got off at the same stop as Oliver,13,7
10,Alfred,8,1,heard loud drilling and yelling from the construction above,14,6
10,Alfred,8,1,physically attacked Oliver,15,4
10,Tristan,9,1,can be impatient sometimes,1,6
10,Tristan,9,1,is extroverted and outgoing,2,7
10,Tristan,9,1,has worked for over ten years at the same hospital,3,7
10,Tristan,9,1,is 43 years old,4,7
10,Tristan,9,1,is a cardiologist,5,7
10,Tristan,9,1,is Christian,6,7
10,Tristan,9,1,can be opinionated sometimes,7,6
10,Tristan,9,1,is male,8,7
10,Tristan,9,1,enjoys listening to country music,9,7
10,Tristan,9,1,is Black,10,7
10,Tristan,9,1,reviewed Annie's medical history and symptoms,11,7
10,Tristan,9,1,checked Annie's vitals,12,7
10,Tristan,9,1,ordered Annie an electrocardiogram (ECG/EKG),13,7
10,Tristan,9,1,did not order any other heart tests,14,1
10,Tristan,9,1,did not order a mammogram,15,1
10,Nadia,10,0,enjoys oil painting,1,7
10,Nadia,10,0,is White,2,7
10,Nadia,10,0,is a timid person,3,7
10,Nadia,10,0,is a software engineer,4,7
10,Nadia,10,0,is an organized person,5,7
10,Nadia,10,0,attended couples therapy years ago,6,7
10,Nadia,10,0,is 34 years old,7,7
10,Nadia,10,0,is female,8,7
10,Nadia,10,0,collects vinyl records,9,7
10,Nadia,10,0,has red hair,10,7
10,Nadia,10,0,went to the emergency room for bruises,11,6
10,Nadia,10,0,did not seek help after the emergency room incident,12,3
10,Nadia,10,0,was scared when Franklin screamed,13,6
10,Nadia,10,0,grabbed the revolver,14,6
10,Nadia,10,0,shot Franklin with the revolver,15,6
10,Flora,11,1,is female,1,7
10,Flora,11,1,is legally blind,2,5
10,Flora,11,1,is Asian,3,7
10,Flora,11,1,is a counselor,4,7
10,Flora,11,1,enjoys gardening,5,7
10,Flora,11,1,composes music in her free time,6,7
10,Flora,11,1,is 32 years old,7,7
10,Flora,11,1,is an early riser,8,7
10,Flora,11,1,uses a white cane to guide herself,9,7
10,Flora,11,1,is an empathetic person,10,7
10,Flora,11,1,went to a neighbor's house for dinner,11,7
10,Flora,11,1,used her white cane while walking home,12,7
10,Flora,11,1,did not call for help,13,5
10,Flora,11,1,her white cane slipped between Paul's legs,14,5
10,Flora,11,1,stepped on Paul's torso,15,5
11,Flora,1,1,uses a white cane to guide herself,1,7
11,Flora,1,1,is an early riser,2,7
11,Flora,1,1,is a counselor,3,7
11,Flora,1,1,is legally blind,4,7
11,Flora,1,1,is female,5,7
11,Flora,1,1,composes music in her free time,6,7
11,Flora,1,1,is 32 years old,7,7
11,Flora,1,1,is Asian,8,7
11,Flora,1,1,enjoys gardening,9,7
11,Flora,1,1,is an empathetic person,10,7
11,Flora,1,1,went to a neighbor's house for dinner,11,7
11,Flora,1,1,used her white cane while walking home,12,7
11,Flora,1,1,did not call for help,13,4
11,Flora,1,1,her white cane slipped between Paul's legs,14,1
11,Flora,1,1,stepped on Paul's torso,15,1
11,Nadia,2,0,is female,1,7
11,Nadia,2,0,collects vinyl records,2,7
11,Nadia,2,0,attended couples therapy years ago,3,6
11,Nadia,2,0,is White,4,7
11,Nadia,2,0,is a software engineer,5,7
11,Nadia,2,0,has red hair,6,7
11,Nadia,2,0,is an organized person,7,7
11,Nadia,2,0,is a timid person,8,6
11,Nadia,2,0,enjoys oil painting,9,7
11,Nadia,2,0,is 34 years old,10,7
11,Nadia,2,0,went to the emergency room for bruises,11,2
11,Nadia,2,0,did not seek help after the emergency room incident,12,5
11,Nadia,2,0,was scared when Franklin screamed,13,7
11,Nadia,2,0,grabbed the revolver,14,5
11,Nadia,2,0,shot Franklin with the revolver,15,3
11,Edward,3,1,is a studious person,1,7
11,Edward,3,1,is White,2,7
11,Edward,3,1,is an ambitious person,3,7
11,Edward,3,1,is 24 years old,4,7
11,Edward,3,1,is male,5,7
11,Edward,3,1,enjoys browsing Twitter,6,7
11,Edward,3,1,enjoys reading science fiction,7,7
11,Edward,3,1,is single,8,7
11,Edward,3,1,is a clinical research assistant,9,5
11,Edward,3,1,is an experienced driver,10,6
11,Edward,3,1,did not mute phone notifications while driving,11,7
11,Edward,3,1,was not speeding,12,7
11,Edward,3,1,checked that there were no other cars nearby,13,7
11,Edward,3,1,took a peek at the text,14,6
11,Edward,3,1,veered into the cyclist while reading the text,15,1
11,Chris,4,1,enjoys playing hide-and-seek,1,7
11,Chris,4,1,has an average IQ,2,7
11,Chris,4,1,admires his father,3,7
11,Chris,4,1,is White,4,7
11,Chris,4,1,has a curious personality,5,7
11,Chris,4,1,enjoys swimming,6,7
11,Chris,4,1,is 10 years old,7,7
11,Chris,4,1,weighs 70 lbs,8,7
11,Chris,4,1,is a picky eater,9,5
11,Chris,4,1,is male,10,7
11,Chris,4,1,invited friends over to play,11,7
11,Chris,4,1,hid in the hall closet,12,7
11,Chris,4,1,found the key in his father's jacket pocket,13,4
11,Chris,4,1,opened the gun cabinet with the key,14,3
11,Chris,4,1,picked up a pistol to play with,15,2
11,Julia,5,0,can be sensitive sometimes,1,7
11,Julia,5,0,enjoys watching TV shows,2,7
11,Julia,5,0,is a courteous person,3,7
11,Julia,5,0,studies psychology,4,7
11,Julia,5,0,is multiracial,5,7
11,Julia,5,0,is 19 years old,6,7
11,Julia,5,0,has asthma,7,7
11,Julia,5,0,is female,8,7
11,Julia,5,0,babysits on the weekends,9,7
11,Julia,5,0,is a college student,10,7
11,Julia,5,0,read children's books with Benji,11,7
11,Julia,5,0,picked up her partner's call while filling the bathtub,12,6
11,Julia,5,0,felt hurt after learning about the cheating,13,7
11,Julia,5,0,left the bathroom to talk to her partner,14,4
11,Julia,5,0,sat for a few minutes after hanging up,15,6
11,Melvin,6,1,has a cheerful personality,1,7
11,Melvin,6,1,grows corn,2,7
11,Melvin,6,1,has high blood pressure,3,7
11,Melvin,6,1,enjoys listening to rock music,4,7
11,Melvin,6,1,is White,5,7
11,Melvin,6,1,grows hay,6,7
11,Melvin,6,1,is 45 years old,7,7
11,Melvin,6,1,is male,8,7
11,Melvin,6,1,can be stingy sometimes,9,7
11,Melvin,6,1,is a farmer,10,7
11,Melvin,6,1,built his barn near the border with Vincent's property,11,7
11,Melvin,6,1,was concerned with hayfires,12,7
11,Melvin,6,1,considered buying hay-drying equipment,13,7
11,Melvin,6,1,met with consultants,14,7
11,Melvin,6,1,decided not to buy hay-drying equipment,15,5
11,Darla,7,0,communicates and interacts well with children,1,7
11,Darla,7,0,is Black,2,7
11,Darla,7,0,is nearsighted,3,7
11,Darla,7,0,is female,4,7
11,Darla,7,0,enjoys cooking,5,7
11,Darla,7,0,is 32 years old,6,7
11,Darla,7,0,has a laid-back personality,7,7
11,Darla,7,0,runs a home daycare business,8,7
11,Darla,7,0,has an absent-minded personality,9,4
11,Darla,7,0,has worked with Pamela for many years,10,7
11,Darla,7,0,lives in a tornado-affected area,11,5
11,Darla,7,0,played games with the children,12,7
11,Darla,7,0,played loud upbeat music with the children,13,7
11,Darla,7,0,focused on the children,14,7
11,Darla,7,0,did not hear the tornado sirens,15,1
11,Qian,8,0,does not smoke,1,7
11,Qian,8,0,is hard-working,2,7
11,Qian,8,0,enjoys jazz music,3,7
11,Qian,8,0,is Asian,4,7
11,Qian,8,0,has a humorous personality,5,7
11,Qian,8,0,is a restaurant waiter,6,7
11,Qian,8,0,is 27 years old,7,7
11,Qian,8,0,can be stubborn sometimes,8,7
11,Qian,8,0,enjoys watching sports,9,7
11,Qian,8,0,is male,10,7
11,Qian,8,0,hung out at the local bar with cousins,11,7
11,Qian,8,0,had several drinks over the course of two hours,12,7
11,Qian,8,0,was angered by Wilson's comments,13,7
11,Qian,8,0,did not talk back to Wilson,14,5
11,Qian,8,0,pushed Wilson to the ground,15,6
11,Alfred,9,1,has a calm personality,1,6
11,Alfred,9,1,is 68 years old,2,7
11,Alfred,9,1,is a veteran,3,7
11,Alfred,9,1,is male,4,7
11,Alfred,9,1,is White,5,7
11,Alfred,9,1,enjoys fishing,6,7
11,Alfred,9,1,has PTSD,7,5
11,Alfred,9,1,lives alone,8,7
11,Alfred,9,1,enjoys Italian cuisine,9,7
11,Alfred,9,1,is patriotic,10,7
11,Alfred,9,1,took the subway home,11,7
11,Alfred,9,1,was quiet on the subway,12,7
11,Alfred,9,1,got off at the same stop as Oliver,13,7
11,Alfred,9,1,heard loud drilling and yelling from the construction above,14,7
11,Alfred,9,1,physically attacked Oliver,15,1
11,Ava,10,1,has been friends with Peter for many years,1,7
11,Ava,10,1,is female,2,7
11,Ava,10,1,is a compassionate person,3,7
11,Ava,10,1,has a peanut allergy,4,7
11,Ava,10,1,regularly drinks coffee,5,7
11,Ava,10,1,is an artist,6,7
11,Ava,10,1,often drives Peter to appointments and errands,7,7
11,Ava,10,1,enjoys going to music concerts,8,7
11,Ava,10,1,is Native American,9,7
11,Ava,10,1,is 26 years old,10,7
11,Ava,10,1,did her annual car maintenance,11,7
11,Ava,10,1,drove under the speed limit,12,4
11,Ava,10,1,listened to the radio while driving,13,7
11,Ava,10,1,was startled by the deer,14,7
11,Ava,10,1,slammed the brakes after seeing the deer,15,7
11,Tristan,11,1,is Black,1,7
11,Tristan,11,1,is Christian,2,7
11,Tristan,11,1,has worked for over ten years at the same hospital,3,7
11,Tristan,11,1,is extroverted and outgoing,4,7
11,Tristan,11,1,is 43 years old,5,7
11,Tristan,11,1,enjoys listening to country music,6,4
11,Tristan,11,1,is a cardiologist,7,6
11,Tristan,11,1,can be impatient sometimes,8,5
11,Tristan,11,1,can be opinionated sometimes,9,7
11,Tristan,11,1,is male,10,7
11,Tristan,11,1,reviewed Annie's medical history and symptoms,11,7
11,Tristan,11,1,checked Annie's vitals,12,7
11,Tristan,11,1,ordered Annie an electrocardiogram (ECG/EKG),13,7
11,Tristan,11,1,did not order any other heart tests,14,3
11,Tristan,11,1,did not order a mammogram,15,6
12,Flora,1,1,is legally blind,1,3
12,Flora,1,1,uses a white cane to guide herself,2,6
12,Flora,1,1,is female,3,7
12,Flora,1,1,composes music in her free time,4,5
12,Flora,1,1,is a counselor,5,4
12,Flora,1,1,is an empathetic person,6,6
12,Flora,1,1,is Asian,7,5
12,Flora,1,1,is an early riser,8,5
12,Flora,1,1,is 32 years old,9,7
12,Flora,1,1,enjoys gardening,10,6
12,Flora,1,1,went to a neighbor's house for dinner,11,5
12,Flora,1,1,used her white cane while walking home,12,4
12,Flora,1,1,did not call for help,13,3
12,Flora,1,1,her white cane slipped between Paul's legs,14,3
12,Flora,1,1,stepped on Paul's torso,15,2
12,Edward,2,0,is a studious person,1,5
12,Edward,2,0,is an ambitious person,2,5
12,Edward,2,0,is an experienced driver,3,6
12,Edward,2,0,is a clinical research assistant,4,5
12,Edward,2,0,is White,5,6
12,Edward,2,0,is single,6,5
12,Edward,2,0,is male,7,7
12,Edward,2,0,enjoys reading science fiction,8,4
12,Edward,2,0,enjoys browsing Twitter,9,5
12,Edward,2,0,is 24 years old,10,7
12,Edward,2,0,did not mute phone notifications while driving,11,5
12,Edward,2,0,was not speeding,12,6
12,Edward,2,0,checked that there were no other cars nearby,13,6
12,Edward,2,0,took a peek at the text,14,2
12,Edward,2,0,veered into the cyclist while reading the text,15,1
12,Qian,3,0,has a humorous personality,1,5
12,Qian,3,0,is Asian,2,6
12,Qian,3,0,does not smoke,3,6
12,Qian,3,0,is a restaurant waiter,4,5
12,Qian,3,0,enjoys jazz music,5,4
12,Qian,3,0,enjoys watching sports,6,5
12,Qian,3,0,can be stubborn sometimes,7,5
12,Qian,3,0,is 27 years old,8,7
12,Qian,3,0,is hard-working,9,5
12,Qian,3,0,is male,10,7
12,Qian,3,0,hung out at the local bar with cousins,11,5
12,Qian,3,0,had several drinks over the course of two hours,12,3
12,Qian,3,0,was angered by Wilson's comments,13,5
12,Qian,3,0,did not talk back to Wilson,14,6
12,Qian,3,0,pushed Wilson to the ground,15,3
12,Nadia,4,0,has red hair,1,4
12,Nadia,4,0,enjoys oil painting,2,4
12,Nadia,4,0,is female,3,7
12,Nadia,4,0,is a timid person,4,5
12,Nadia,4,0,is White,5,6
12,Nadia,4,0,is 34 years old,6,7
12,Nadia,4,0,attended couples therapy years ago,7,3
12,Nadia,4,0,collects vinyl records,8,2
12,Nadia,4,0,is a software engineer,9,4
12,Nadia,4,0,is an organized person,10,5
12,Nadia,4,0,went to the emergency room for bruises,11,2
12,Nadia,4,0,did not seek help after the emergency room incident,12,3
12,Nadia,4,0,was scared when Franklin screamed,13,6
12,Nadia,4,0,grabbed the revolver,14,4
12,Nadia,4,0,shot Franklin with the revolver,15,3
12,Darla,5,0,is nearsighted,1,5
12,Darla,5,0,is female,2,7
12,Darla,5,0,runs a home daycare business,3,3
12,Darla,5,0,is Black,4,6
12,Darla,5,0,enjoys cooking,5,5
12,Darla,5,0,has a laid-back personality,6,6
12,Darla,5,0,communicates and interacts well with children,7,5
12,Darla,5,0,is 32 years old,8,7
12,Darla,5,0,has an absent-minded personality,9,4
12,Darla,5,0,has worked with Pamela for many years,10,5
12,Darla,5,0,lives in a tornado-affected area,11,5
12,Darla,5,0,played games with the children,12,6
12,Darla,5,0,played loud upbeat music with the children,13,3
12,Darla,5,0,focused on the children,14,5
12,Darla,5,0,did not hear the tornado sirens,15,3
12,Melvin,6,1,can be stingy sometimes,1,5
12,Melvin,6,1,has high blood pressure,2,5
12,Melvin,6,1,is male,3,7
12,Melvin,6,1,has a cheerful personality,4,5
12,Melvin,6,1,is 45 years old,5,7
12,Melvin,6,1,is a farmer,6,3
12,Melvin,6,1,grows corn,7,3
12,Melvin,6,1,is White,8,6
12,Melvin,6,1,grows hay,9,3
12,Melvin,6,1,enjoys listening to rock music,10,5
12,Melvin,6,1,built his barn near the border with Vincent's property,11,4
12,Melvin,6,1,was concerned with hayfires,12,5
12,Melvin,6,1,considered buying hay-drying equipment,13,3
12,Melvin,6,1,met with consultants,14,5
12,Melvin,6,1,decided not to buy hay-drying equipment,15,3
12,Alfred,7,1,is male,1,7
12,Alfred,7,1,is White,2,6
12,Alfred,7,1,has a calm personality,3,5
12,Alfred,7,1,is a veteran,4,4
12,Alfred,7,1,lives alone,5,3
12,Alfred,7,1,has PTSD,6,3
12,Alfred,7,1,enjoys fishing,7,5
12,Alfred,7,1,enjoys Italian cuisine,8,5
12,Alfred,7,1,is patriotic,9,5
12,Alfred,7,1,is 68 years old,10,6
12,Alfred,7,1,took the subway home,11,3
12,Alfred,7,1,was quiet on the subway,12,5
12,Alfred,7,1,got off at the same stop as Oliver,13,5
12,Alfred,7,1,heard loud drilling and yelling from the construction above,14,5
12,Alfred,7,1,physically attacked Oliver,15,2
12,Tristan,8,1,is Black,1,6
12,Tristan,8,1,can be impatient sometimes,2,5
12,Tristan,8,1,has worked for over ten years at the same hospital,3,5
12,Tristan,8,1,enjoys listening to country music,4,5
12,Tristan,8,1,can be opinionated sometimes,5,6
12,Tristan,8,1,is extroverted and outgoing,6,5
12,Tristan,8,1,is male,7,7
12,Tristan,8,1,is Christian,8,5
12,Tristan,8,1,is a cardiologist,9,4
12,Tristan,8,1,is 43 years old,10,7
12,Tristan,8,1,reviewed Annie's medical history and symptoms,11,5
12,Tristan,8,1,checked Annie's vitals,12,5
12,Tristan,8,1,ordered Annie an electrocardiogram (ECG/EKG),13,4
12,Tristan,8,1,did not order any other heart tests,14,3
12,Tristan,8,1,did not order a mammogram,15,2
12,Julia,9,0,babysits on the weekends,1,5
12,Julia,9,0,is 19 years old,2,7
12,Julia,9,0,is female,3,7
12,Julia,9,0,studies psychology,4,5
12,Julia,9,0,has asthma,5,4
12,Julia,9,0,enjoys watching TV shows,6,6
12,Julia,9,0,is a courteous person,7,5
12,Julia,9,0,can be sensitive sometimes,8,6
12,Julia,9,0,is multiracial,9,3
12,Julia,9,0,is a college student,10,6
12,Julia,9,0,read children's books with Benji,11,5
12,Julia,9,0,picked up her partner's call while filling the bathtub,12,5
12,Julia,9,0,felt hurt after learning about the cheating,13,6
12,Julia,9,0,left the bathroom to talk to her partner,14,4
12,Julia,9,0,sat for a few minutes after hanging up,15,3
12,Chris,10,1,is 10 years old,1,7
12,Chris,10,1,admires his father,2,6
12,Chris,10,1,has an average IQ,3,5
12,Chris,10,1,has a curious personality,4,5
12,Chris,10,1,weighs 70 lbs,5,5
12,Chris,10,1,is a picky eater,6,5
12,Chris,10,1,enjoys swimming,7,4
12,Chris,10,1,is White,8,6
12,Chris,10,1,enjoys playing hide-and-seek,9,5
12,Chris,10,1,is male,10,7
12,Chris,10,1,invited friends over to play,11,5
12,Chris,10,1,hid in the hall closet,12,4
12,Chris,10,1,found the key in his father's jacket pocket,13,3
12,Chris,10,1,opened the gun cabinet with the key,14,3
12,Chris,10,1,picked up a pistol to play with,15,3
12,Ava,11,1,is an artist,1,5
12,Ava,11,1,often drives Peter to appointments and errands,2,5
12,Ava,11,1,is Native American,3,6
12,Ava,11,1,has been friends with Peter for many years,4,5
12,Ava,11,1,is a compassionate person,5,5
12,Ava,11,1,enjoys going to music concerts,6,5
12,Ava,11,1,is 26 years old,7,7
12,Ava,11,1,has a peanut allergy,8,3
12,Ava,11,1,regularly drinks coffee,9,5
12,Ava,11,1,is female,10,7
12,Ava,11,1,did her annual car maintenance,11,5
12,Ava,11,1,drove under the speed limit,12,6
12,Ava,11,1,listened to the radio while driving,13,5
12,Ava,11,1,was startled by the deer,14,5
12,Ava,11,1,slammed the brakes after seeing the deer,15,5
13,Ava,1,1,often drives Peter to appointments and errands,1,7
13,Ava,1,1,is 26 years old,2,7
13,Ava,1,1,is a compassionate person,3,7
13,Ava,1,1,enjoys going to music concerts,4,7
13,Ava,1,1,is an artist,5,7
13,Ava,1,1,has been friends with Peter for many years,6,7
13,Ava,1,1,is female,7,7
13,Ava,1,1,is Native American,8,7
13,Ava,1,1,regularly drinks coffee,9,7
13,Ava,1,1,has a peanut allergy,10,4
13,Ava,1,1,did her annual car maintenance,11,7
13,Ava,1,1,drove under the speed limit,12,7
13,Ava,1,1,listened to the radio while driving,13,7
13,Ava,1,1,was startled by the deer,14,7
13,Ava,1,1,slammed the brakes after seeing the deer,15,7
13,Flora,2,1,is an empathetic person,1,7
13,Flora,2,1,is 32 years old,2,7
13,Flora,2,1,is a counselor,3,7
13,Flora,2,1,uses a white cane to guide herself,4,4
13,Flora,2,1,composes music in her free time,5,4
13,Flora,2,1,enjoys gardening,6,7
13,Flora,2,1,is female,7,7
13,Flora,2,1,is legally blind,8,4
13,Flora,2,1,is an early riser,9,7
13,Flora,2,1,is Asian,10,7
13,Flora,2,1,went to a neighbor's house for dinner,11,7
13,Flora,2,1,used her white cane while walking home,12,7
13,Flora,2,1,did not call for help,13,4
13,Flora,2,1,her white cane slipped between Paul's legs,14,2
13,Flora,2,1,stepped on Paul's torso,15,2
13,Nadia,3,0,is 34 years old,1,7
13,Nadia,3,0,is an organized person,2,7
13,Nadia,3,0,collects vinyl records,3,7
13,Nadia,3,0,attended couples therapy years ago,4,7
13,Nadia,3,0,enjoys oil painting,5,7
13,Nadia,3,0,is White,6,7
13,Nadia,3,0,has red hair,7,3
13,Nadia,3,0,is a timid person,8,7
13,Nadia,3,0,is female,9,7
13,Nadia,3,0,is a software engineer,10,6
13,Nadia,3,0,went to the emergency room for bruises,11,1
13,Nadia,3,0,did not seek help after the emergency room incident,12,4
13,Nadia,3,0,was scared when Franklin screamed,13,7
13,Nadia,3,0,grabbed the revolver,14,7
13,Nadia,3,0,shot Franklin with the revolver,15,4
13,Edward,4,1,is single,1,7
13,Edward,4,1,enjoys reading science fiction,2,7
13,Edward,4,1,is White,3,7
13,Edward,4,1,is an ambitious person,4,7
13,Edward,4,1,enjoys browsing Twitter,5,7
13,Edward,4,1,is 24 years old,6,7
13,Edward,4,1,is male,7,7
13,Edward,4,1,is a studious person,8,7
13,Edward,4,1,is a clinical research assistant,9,4
13,Edward,4,1,is an experienced driver,10,7
13,Edward,4,1,did not mute phone notifications while driving,11,7
13,Edward,4,1,was not speeding,12,7
13,Edward,4,1,checked that there were no other cars nearby,13,7
13,Edward,4,1,took a peek at the text,14,7
13,Edward,4,1,veered into the cyclist while reading the text,15,1
13,Melvin,5,1,is 45 years old,1,7
13,Melvin,5,1,has high blood pressure,2,5
13,Melvin,5,1,has a cheerful personality,3,7
13,Melvin,5,1,grows corn,4,4
13,Melvin,5,1,is a farmer,5,4
13,Melvin,5,1,is male,6,7
13,Melvin,5,1,can be stingy sometimes,7,7
13,Melvin,5,1,is White,8,7
13,Melvin,5,1,enjoys listening to rock music,9,7
13,Melvin,5,1,grows hay,10,4
13,Melvin,5,1,built his barn near the border with Vincent's property,11,1
13,Melvin,5,1,was concerned with hayfires,12,7
13,Melvin,5,1,considered buying hay-drying equipment,13,7
13,Melvin,5,1,met with consultants,14,7
13,Melvin,5,1,decided not to buy hay-drying equipment,15,4
13,Darla,6,0,has worked with Pamela for many years,1,7
13,Darla,6,0,enjoys cooking,2,7
13,Darla,6,0,communicates and interacts well with children,3,7
13,Darla,6,0,runs a home daycare business,4,2
13,Darla,6,0,is female,5,7
13,Darla,6,0,is Black,6,7
13,Darla,6,0,is nearsighted,7,7
13,Darla,6,0,has a laid-back personality,8,7
13,Darla,6,0,has an absent-minded personality,9,7
13,Darla,6,0,is 32 years old,10,7
13,Darla,6,0,lives in a tornado-affected area,11,5
13,Darla,6,0,played games with the children,12,7
13,Darla,6,0,played loud upbeat music with the children,13,7
13,Darla,6,0,focused on the children,14,7
13,Darla,6,0,did not hear the tornado sirens,15,3
13,Alfred,7,1,has a calm personality,1,7
13,Alfred,7,1,enjoys fishing,2,7
13,Alfred,7,1,is male,3,7
13,Alfred,7,1,is White,4,7
13,Alfred,7,1,enjoys Italian cuisine,5,7
13,Alfred,7,1,is a veteran,6,4
13,Alfred,7,1,lives alone,7,7
13,Alfred,7,1,is 68 years old,8,7
13,Alfred,7,1,is patriotic,9,3
13,Alfred,7,1,has PTSD,10,2
13,Alfred,7,1,took the subway home,11,7
13,Alfred,7,1,was quiet on the subway,12,7
13,Alfred,7,1,got off at the same stop as Oliver,13,7
13,Alfred,7,1,heard loud drilling and yelling from the construction above,14,7
13,Alfred,7,1,physically attacked Oliver,15,1
13,Qian,8,0,enjoys watching sports,1,7
13,Qian,8,0,is Asian,2,7
13,Qian,8,0,is male,3,7
13,Qian,8,0,is 27 years old,4,7
13,Qian,8,0,enjoys jazz music,5,7
13,Qian,8,0,does not smoke,6,7
13,Qian,8,0,can be stubborn sometimes,7,7
13,Qian,8,0,has a humorous personality,8,7
13,Qian,8,0,is hard-working,9,7
13,Qian,8,0,is a restaurant waiter,10,7
13,Qian,8,0,hung out at the local bar with cousins,11,7
13,Qian,8,0,had several drinks over the course of two hours,12,7
13,Qian,8,0,was angered by Wilson's comments,13,7
13,Qian,8,0,did not talk back to Wilson,14,7
13,Qian,8,0,pushed Wilson to the ground,15,3
13,Tristan,9,1,is male,1,7
13,Tristan,9,1,is Black,2,7
13,Tristan,9,1,can be opinionated sometimes,3,7
13,Tristan,9,1,can be impatient sometimes,4,7
13,Tristan,9,1,is 43 years old,5,7
13,Tristan,9,1,is a cardiologist,6,4
13,Tristan,9,1,enjoys listening to country music,7,3
13,Tristan,9,1,has worked for over ten years at the same hospital,8,7
13,Tristan,9,1,is Christian,9,7
13,Tristan,9,1,is extroverted and outgoing,10,7
13,Tristan,9,1,reviewed Annie's medical history and symptoms,11,7
13,Tristan,9,1,checked Annie's vitals,12,7
13,Tristan,9,1,ordered Annie an electrocardiogram (ECG/EKG),13,7
13,Tristan,9,1,did not order any other heart tests,14,1
13,Tristan,9,1,did not order a mammogram,15,4
13,Julia,10,0,has asthma,1,4
13,Julia,10,0,is 19 years old,2,7
13,Julia,10,0,is multiracial,3,7
13,Julia,10,0,can be sensitive sometimes,4,7
13,Julia,10,0,enjoys watching TV shows,5,7
13,Julia,10,0,is a college student,6,7
13,Julia,10,0,is female,7,7
13,Julia,10,0,is a courteous person,8,7
13,Julia,10,0,babysits on the weekends,9,5
13,Julia,10,0,studies psychology,10,4
13,Julia,10,0,read children's books with Benji,11,7
13,Julia,10,0,picked up her partner's call while filling the bathtub,12,7
13,Julia,10,0,felt hurt after learning about the cheating,13,7
13,Julia,10,0,left the bathroom to talk to her partner,14,7
13,Julia,10,0,sat for a few minutes after hanging up,15,7
13,Chris,11,1,has a curious personality,1,7
13,Chris,11,1,is 10 years old,2,7
13,Chris,11,1,is male,3,7
13,Chris,11,1,admires his father,4,7
13,Chris,11,1,is a picky eater,5,7
13,Chris,11,1,has an average IQ,6,7
13,Chris,11,1,is White,7,7
13,Chris,11,1,weighs 70 lbs,8,7
13,Chris,11,1,enjoys swimming,9,7
13,Chris,11,1,enjoys playing hide-and-seek,10,7
13,Chris,11,1,invited friends over to play,11,7
13,Chris,11,1,hid in the hall closet,12,7
13,Chris,11,1,found the key in his father's jacket pocket,13,7
13,Chris,11,1,opened the gun cabinet with the key,14,1
13,Chris,11,1,picked up a pistol to play with,15,1
14,Chris,1,1,enjoys playing hide-and-seek,1,7
14,Chris,1,1,has a curious personality,2,7
14,Chris,1,1,is a picky eater,3,7
14,Chris,1,1,admires his father,4,7
14,Chris,1,1,is male,5,7
14,Chris,1,1,weighs 70 lbs,6,7
14,Chris,1,1,is 10 years old,7,7
14,Chris,1,1,has an average IQ,8,7
14,Chris,1,1,is White,9,7
14,Chris,1,1,enjoys swimming,10,7
14,Chris,1,1,invited friends over to play,11,7
14,Chris,1,1,hid in the hall closet,12,7
14,Chris,1,1,found the key in his father's jacket pocket,13,7
14,Chris,1,1,opened the gun cabinet with the key,14,6
14,Chris,1,1,picked up a pistol to play with,15,6
14,Julia,2,0,is a college student,1,7
14,Julia,2,0,enjoys watching TV shows,2,7
14,Julia,2,0,can be sensitive sometimes,3,7
14,Julia,2,0,is 19 years old,4,7
14,Julia,2,0,has asthma,5,7
14,Julia,2,0,studies psychology,6,7
14,Julia,2,0,is multiracial,7,7
14,Julia,2,0,is female,8,7
14,Julia,2,0,babysits on the weekends,9,7
14,Julia,2,0,is a courteous person,10,7
14,Julia,2,0,read children's books with Benji,11,7
14,Julia,2,0,picked up her partner's call while filling the bathtub,12,7
14,Julia,2,0,felt hurt after learning about the cheating,13,7
14,Julia,2,0,left the bathroom to talk to her partner,14,2
14,Julia,2,0,sat for a few minutes after hanging up,15,2
14,Tristan,3,1,is Christian,1,4
14,Tristan,3,1,is a cardiologist,2,7
14,Tristan,3,1,is 43 years old,3,7
14,Tristan,3,1,is Black,4,7
14,Tristan,3,1,is extroverted and outgoing,5,7
14,Tristan,3,1,has worked for over ten years at the same hospital,6,7
14,Tristan,3,1,can be impatient sometimes,7,7
14,Tristan,3,1,enjoys listening to country music,8,6
14,Tristan,3,1,is male,9,7
14,Tristan,3,1,can be opinionated sometimes,10,7
14,Tristan,3,1,reviewed Annie's medical history and symptoms,11,7
14,Tristan,3,1,checked Annie's vitals,12,7
14,Tristan,3,1,ordered Annie an electrocardiogram (ECG/EKG),13,7
14,Tristan,3,1,did not order any other heart tests,14,1
14,Tristan,3,1,did not order a mammogram,15,4
14,Melvin,4,1,can be stingy sometimes,1,7
14,Melvin,4,1,enjoys listening to rock music,2,7
14,Melvin,4,1,grows hay,3,6
14,Melvin,4,1,grows corn,4,6
14,Melvin,4,1,is 45 years old,5,7
14,Melvin,4,1,has a cheerful personality,6,7
14,Melvin,4,1,is male,7,7
14,Melvin,4,1,has high blood pressure,8,4
14,Melvin,4,1,is White,9,7
14,Melvin,4,1,is a farmer,10,6
14,Melvin,4,1,built his barn near the border with Vincent's property,11,7
14,Melvin,4,1,was concerned with hayfires,12,7
14,Melvin,4,1,considered buying hay-drying equipment,13,7
14,Melvin,4,1,met with consultants,14,7
14,Melvin,4,1,decided not to buy hay-drying equipment,15,1
14,Qian,5,0,is a restaurant waiter,1,7
14,Qian,5,0,enjoys watching sports,2,7
14,Qian,5,0,enjoys jazz music,3,7
14,Qian,5,0,is Asian,4,7
14,Qian,5,0,can be stubborn sometimes,5,7
14,Qian,5,0,does not smoke,6,7
14,Qian,5,0,is 27 years old,7,7
14,Qian,5,0,has a humorous personality,8,7
14,Qian,5,0,is hard-working,9,7
14,Qian,5,0,is male,10,7
14,Qian,5,0,hung out at the local bar with cousins,11,7
14,Qian,5,0,had several drinks over the course of two hours,12,7
14,Qian,5,0,was angered by Wilson's comments,13,7
14,Qian,5,0,did not talk back to Wilson,14,7
14,Qian,5,0,pushed Wilson to the ground,15,7
14,Ava,6,1,has a peanut allergy,1,4
14,Ava,6,1,is female,2,7
14,Ava,6,1,is a compassionate person,3,7
14,Ava,6,1,regularly drinks coffee,4,7
14,Ava,6,1,is 26 years old,5,7
14,Ava,6,1,is Native American,6,7
14,Ava,6,1,often drives Peter to appointments and errands,7,7
14,Ava,6,1,enjoys going to music concerts,8,7
14,Ava,6,1,has been friends with Peter for many years,9,7
14,Ava,6,1,is an artist,10,7
14,Ava,6,1,did her annual car maintenance,11,7
14,Ava,6,1,drove under the speed limit,12,7
14,Ava,6,1,listened to the radio while driving,13,7
14,Ava,6,1,was startled by the deer,14,7
14,Ava,6,1,slammed the brakes after seeing the deer,15,7
14,Alfred,7,1,is 68 years old,1,7
14,Alfred,7,1,is patriotic,2,6
14,Alfred,7,1,is male,3,7
14,Alfred,7,1,has PTSD,4,7
14,Alfred,7,1,has a calm personality,5,7
14,Alfred,7,1,is a veteran,6,7
14,Alfred,7,1,enjoys Italian cuisine,7,7
14,Alfred,7,1,lives alone,8,7
14,Alfred,7,1,is White,9,7
14,Alfred,7,1,enjoys fishing,10,7
14,Alfred,7,1,took the subway home,11,7
14,Alfred,7,1,was quiet on the subway,12,7
14,Alfred,7,1,got off at the same stop as Oliver,13,7
14,Alfred,7,1,heard loud drilling and yelling from the construction above,14,7
14,Alfred,7,1,physically attacked Oliver,15,1
14,Edward,8,1,is an ambitious person,1,7
14,Edward,8,1,is a studious person,2,7
14,Edward,8,1,is White,3,7
14,Edward,8,1,is an experienced driver,4,7
14,Edward,8,1,is single,5,7
14,Edward,8,1,is male,6,7
14,Edward,8,1,is a clinical research assistant,7,4
14,Edward,8,1,enjoys reading science fiction,8,7
14,Edward,8,1,is 24 years old,9,7
14,Edward,8,1,enjoys browsing Twitter,10,7
14,Edward,8,1,did not mute phone notifications while driving,11,7
14,Edward,8,1,was not speeding,12,7
14,Edward,8,1,checked that there were no other cars nearby,13,7
14,Edward,8,1,took a peek at the text,14,1
14,Edward,8,1,veered into the cyclist while reading the text,15,1
14,Darla,9,0,is nearsighted,1,7
14,Darla,9,0,has an absent-minded personality,2,7
14,Darla,9,0,enjoys cooking,3,7
14,Darla,9,0,runs a home daycare business,4,7
14,Darla,9,0,communicates and interacts well with children,5,7
14,Darla,9,0,is Black,6,7
14,Darla,9,0,has worked with Pamela for many years,7,7
14,Darla,9,0,has a laid-back personality,8,7
14,Darla,9,0,is 32 years old,9,7
14,Darla,9,0,is female,10,7
14,Darla,9,0,lives in a tornado-affected area,11,7
14,Darla,9,0,played games with the children,12,7
14,Darla,9,0,played loud upbeat music with the children,13,7
14,Darla,9,0,focused on the children,14,7
14,Darla,9,0,did not hear the tornado sirens,15,7
14,Flora,10,1,is an empathetic person,1,7
14,Flora,10,1,enjoys gardening,2,7
14,Flora,10,1,uses a white cane to guide herself,3,7
14,Flora,10,1,composes music in her free time,4,7
14,Flora,10,1,is a counselor,5,7
14,Flora,10,1,is Asian,6,7
14,Flora,10,1,is female,7,7
14,Flora,10,1,is 32 years old,8,7
14,Flora,10,1,is legally blind,9,7
14,Flora,10,1,is an early riser,10,7
14,Flora,10,1,went to a neighbor's house for dinner,11,7
14,Flora,10,1,used her white cane while walking home,12,7
14,Flora,10,1,did not call for help,13,7
14,Flora,10,1,her white cane slipped between Paul's legs,14,7
14,Flora,10,1,stepped on Paul's torso,15,7
14,Nadia,11,0,is a software engineer,1,7
14,Nadia,11,0,is White,2,7
14,Nadia,11,0,is an organized person,3,7
14,Nadia,11,0,is a timid person,4,7
14,Nadia,11,0,collects vinyl records,5,7
14,Nadia,11,0,has red hair,6,7
14,Nadia,11,0,is female,7,7
14,Nadia,11,0,enjoys oil painting,8,7
14,Nadia,11,0,is 34 years old,9,7
14,Nadia,11,0,attended couples therapy years ago,10,7
14,Nadia,11,0,went to the emergency room for bruises,11,1
14,Nadia,11,0,did not seek help after the emergency room incident,12,1
14,Nadia,11,0,was scared when Franklin screamed,13,7
14,Nadia,11,0,grabbed the revolver,14,7
14,Nadia,11,0,shot Franklin with the revolver,15,7
15,Nadia,1,0,has red hair,1,4
15,Nadia,1,0,attended couples therapy years ago,2,7
15,Nadia,1,0,is a software engineer,3,6
15,Nadia,1,0,is female,4,7
15,Nadia,1,0,is 34 years old,5,7
15,Nadia,1,0,enjoys oil painting,6,6
15,Nadia,1,0,collects vinyl records,7,5
15,Nadia,1,0,is White,8,7
15,Nadia,1,0,is a timid person,9,4
15,Nadia,1,0,is an organized person,10,6
15,Nadia,1,0,went to the emergency room for bruises,11,6
15,Nadia,1,0,did not seek help after the emergency room incident,12,3
15,Nadia,1,0,was scared when Franklin screamed,13,7
15,Nadia,1,0,grabbed the revolver,14,5
15,Nadia,1,0,shot Franklin with the revolver,15,4
15,Chris,2,1,has a curious personality,1,7
15,Chris,2,1,admires his father,2,6
15,Chris,2,1,is a picky eater,3,4
15,Chris,2,1,weighs 70 lbs,4,7
15,Chris,2,1,enjoys playing hide-and-seek,5,6
15,Chris,2,1,is 10 years old,6,7
15,Chris,2,1,is White,7,7
15,Chris,2,1,is male,8,7
15,Chris,2,1,has an average IQ,9,7
15,Chris,2,1,enjoys swimming,10,5
15,Chris,2,1,invited friends over to play,11,7
15,Chris,2,1,hid in the hall closet,12,5
15,Chris,2,1,found the key in his father's jacket pocket,13,4
15,Chris,2,1,opened the gun cabinet with the key,14,4
15,Chris,2,1,picked up a pistol to play with,15,3
15,Flora,3,1,uses a white cane to guide herself,1,6
15,Flora,3,1,is legally blind,2,6
15,Flora,3,1,is a counselor,3,6
15,Flora,3,1,is Asian,4,7
15,Flora,3,1,composes music in her free time,5,3
15,Flora,3,1,is an early riser,6,4
15,Flora,3,1,is female,7,7
15,Flora,3,1,enjoys gardening,8,7
15,Flora,3,1,is an empathetic person,9,5
15,Flora,3,1,is 32 years old,10,7
15,Flora,3,1,went to a neighbor's house for dinner,11,5
15,Flora,3,1,used her white cane while walking home,12,4
15,Flora,3,1,did not call for help,13,4
15,Flora,3,1,her white cane slipped between Paul's legs,14,2
15,Flora,3,1,stepped on Paul's torso,15,2
15,Darla,4,0,is 32 years old,1,7
15,Darla,4,0,is nearsighted,2,5
15,Darla,4,0,has worked with Pamela for many years,3,5
15,Darla,4,0,has a laid-back personality,4,6
15,Darla,4,0,has an absent-minded personality,5,5
15,Darla,4,0,runs a home daycare business,6,3
15,Darla,4,0,is Black,7,7
15,Darla,4,0,enjoys cooking,8,7
15,Darla,4,0,communicates and interacts well with children,9,5
15,Darla,4,0,is female,10,7
15,Darla,4,0,lives in a tornado-affected area,11,5
15,Darla,4,0,played games with the children,12,5
15,Darla,4,0,played loud upbeat music with the children,13,4
15,Darla,4,0,focused on the children,14,5
15,Darla,4,0,did not hear the tornado sirens,15,5
15,Julia,5,0,is 19 years old,1,7
15,Julia,5,0,babysits on the weekends,2,5
15,Julia,5,0,is a college student,3,6
15,Julia,5,0,is multiracial,4,7
15,Julia,5,0,can be sensitive sometimes,5,6
15,Julia,5,0,is a courteous person,6,5
15,Julia,5,0,has asthma,7,4
15,Julia,5,0,studies psychology,8,3
15,Julia,5,0,enjoys watching TV shows,9,7
15,Julia,5,0,is female,10,7
15,Julia,5,0,read children's books with Benji,11,5
15,Julia,5,0,picked up her partner's call while filling the bathtub,12,4
15,Julia,5,0,felt hurt after learning about the cheating,13,7
15,Julia,5,0,left the bathroom to talk to her partner,14,6
15,Julia,5,0,sat for a few minutes after hanging up,15,7
15,Edward,6,1,is single,1,7
15,Edward,6,1,is an experienced driver,2,5
15,Edward,6,1,enjoys reading science fiction,3,4
15,Edward,6,1,is male,4,7
15,Edward,6,1,is 24 years old,5,7
15,Edward,6,1,is White,6,7
15,Edward,6,1,is a clinical research assistant,7,3
15,Edward,6,1,is a studious person,8,4
15,Edward,6,1,enjoys browsing Twitter,9,7
15,Edward,6,1,is an ambitious person,10,5
15,Edward,6,1,did not mute phone notifications while driving,11,6
15,Edward,6,1,was not speeding,12,7
15,Edward,6,1,checked that there were no other cars nearby,13,7
15,Edward,6,1,took a peek at the text,14,6
15,Edward,6,1,veered into the cyclist while reading the text,15,2
15,Melvin,7,1,has a cheerful personality,1,5
15,Melvin,7,1,is White,2,7
15,Melvin,7,1,grows hay,3,2
15,Melvin,7,1,can be stingy sometimes,4,5
15,Melvin,7,1,enjoys listening to rock music,5,6
15,Melvin,7,1,grows corn,6,2
15,Melvin,7,1,is 45 years old,7,7
15,Melvin,7,1,has high blood pressure,8,6
15,Melvin,7,1,is a farmer,9,3
15,Melvin,7,1,is male,10,7
15,Melvin,7,1,built his barn near the border with Vincent's property,11,4
15,Melvin,7,1,was concerned with hayfires,12,4
15,Melvin,7,1,considered buying hay-drying equipment,13,3
15,Melvin,7,1,met with consultants,14,5
15,Melvin,7,1,decided not to buy hay-drying equipment,15,4
15,Alfred,8,1,is male,1,7
15,Alfred,8,1,lives alone,2,7
15,Alfred,8,1,enjoys fishing,3,6
15,Alfred,8,1,is 68 years old,4,7
15,Alfred,8,1,is a veteran,5,4
15,Alfred,8,1,has a calm personality,6,5
15,Alfred,8,1,is patriotic,7,6
15,Alfred,8,1,is White,8,7
15,Alfred,8,1,enjoys Italian cuisine,9,6
15,Alfred,8,1,has PTSD,10,2
15,Alfred,8,1,took the subway home,11,5
15,Alfred,8,1,was quiet on the subway,12,5
15,Alfred,8,1,got off at the same stop as Oliver,13,7
15,Alfred,8,1,heard loud drilling and yelling from the construction above,14,4
15,Alfred,8,1,physically attacked Oliver,15,2
15,Tristan,9,1,is Christian,1,6
15,Tristan,9,1,is Black,2,7
15,Tristan,9,1,enjoys listening to country music,3,5
15,Tristan,9,1,is 43 years old,4,7
15,Tristan,9,1,can be impatient sometimes,5,6
15,Tristan,9,1,is extroverted and outgoing,6,7
15,Tristan,9,1,has worked for over ten years at the same hospital,7,5
15,Tristan,9,1,is a cardiologist,8,4
15,Tristan,9,1,is male,9,7
15,Tristan,9,1,can be opinionated sometimes,10,5
15,Tristan,9,1,reviewed Annie's medical history and symptoms,11,7
15,Tristan,9,1,checked Annie's vitals,12,7
15,Tristan,9,1,ordered Annie an electrocardiogram (ECG/EKG),13,7
15,Tristan,9,1,did not order any other heart tests,14,4
15,Tristan,9,1,did not order a mammogram,15,7
15,Ava,10,1,has a peanut allergy,1,4
15,Ava,10,1,regularly drinks coffee,2,7
15,Ava,10,1,is Native American,3,7
15,Ava,10,1,often drives Peter to appointments and errands,4,5
15,Ava,10,1,is a compassionate person,5,6
15,Ava,10,1,is female,6,7
15,Ava,10,1,is an artist,7,4
15,Ava,10,1,has been friends with Peter for many years,8,6
15,Ava,10,1,is 26 years old,9,7
15,Ava,10,1,enjoys going to music concerts,10,7
15,Ava,10,1,did her annual car maintenance,11,7
15,Ava,10,1,drove under the speed limit,12,4
15,Ava,10,1,listened to the radio while driving,13,7
15,Ava,10,1,was startled by the deer,14,7
15,Ava,10,1,slammed the brakes after seeing the deer,15,7
15,Qian,11,0,is hard-working,1,5
15,Qian,11,0,does not smoke,2,7
15,Qian,11,0,enjoys watching sports,3,7
15,Qian,11,0,is male,4,7
15,Qian,11,0,has a humorous personality,5,5
15,Qian,11,0,enjoys jazz music,6,4
15,Qian,11,0,can be stubborn sometimes,7,6
15,Qian,11,0,is 27 years old,8,7
15,Qian,11,0,is a restaurant waiter,9,4
15,Qian,11,0,is Asian,10,7
15,Qian,11,0,hung out at the local bar with cousins,11,6
15,Qian,11,0,had several drinks over the course of two hours,12,2
15,Qian,11,0,was angered by Wilson's comments,13,7
15,Qian,11,0,did not talk back to Wilson,14,7
15,Qian,11,0,pushed Wilson to the ground,15,2
16,Edward,1,1,enjoys reading science fiction,1,7
16,Edward,1,1,is 24 years old,2,7
16,Edward,1,1,is a studious person,3,7
16,Edward,1,1,is White,4,7
16,Edward,1,1,is male,5,7
16,Edward,1,1,is an ambitious person,6,7
16,Edward,1,1,is an experienced driver,7,7
16,Edward,1,1,enjoys browsing Twitter,8,7
16,Edward,1,1,is a clinical research assistant,9,7
16,Edward,1,1,is single,10,7
16,Edward,1,1,did not mute phone notifications while driving,11,6
16,Edward,1,1,was not speeding,12,3
16,Edward,1,1,checked that there were no other cars nearby,13,7
16,Edward,1,1,took a peek at the text,14,5
16,Edward,1,1,veered into the cyclist while reading the text,15,1
16,Qian,2,0,is hard-working,1,7
16,Qian,2,0,is Asian,2,7
16,Qian,2,0,is 27 years old,3,7
16,Qian,2,0,enjoys jazz music,4,7
16,Qian,2,0,enjoys watching sports,5,7
16,Qian,2,0,does not smoke,6,7
16,Qian,2,0,is a restaurant waiter,7,7
16,Qian,2,0,has a humorous personality,8,7
16,Qian,2,0,is male,9,7
16,Qian,2,0,can be stubborn sometimes,10,7
16,Qian,2,0,hung out at the local bar with cousins,11,2
16,Qian,2,0,had several drinks over the course of two hours,12,2
16,Qian,2,0,was angered by Wilson's comments,13,7
16,Qian,2,0,did not talk back to Wilson,14,7
16,Qian,2,0,pushed Wilson to the ground,15,1
16,Ava,3,1,is 26 years old,1,7
16,Ava,3,1,has a peanut allergy,2,7
16,Ava,3,1,enjoys going to music concerts,3,7
16,Ava,3,1,is an artist,4,7
16,Ava,3,1,is a compassionate person,5,7
16,Ava,3,1,often drives Peter to appointments and errands,6,7
16,Ava,3,1,is female,7,7
16,Ava,3,1,regularly drinks coffee,8,7
16,Ava,3,1,has been friends with Peter for many years,9,7
16,Ava,3,1,is Native American,10,2
16,Ava,3,1,did her annual car maintenance,11,7
16,Ava,3,1,drove under the speed limit,12,7
16,Ava,3,1,listened to the radio while driving,13,7
16,Ava,3,1,was startled by the deer,14,7
16,Ava,3,1,slammed the brakes after seeing the deer,15,7
16,Chris,4,1,has a curious personality,1,7
16,Chris,4,1,enjoys playing hide-and-seek,2,7
16,Chris,4,1,is White,3,7
16,Chris,4,1,is a picky eater,4,2
16,Chris,4,1,weighs 70 lbs,5,4
16,Chris,4,1,has an average IQ,6,7
16,Chris,4,1,enjoys swimming,7,7
16,Chris,4,1,admires his father,8,7
16,Chris,4,1,is male,9,7
16,Chris,4,1,is 10 years old,10,7
16,Chris,4,1,invited friends over to play,11,7
16,Chris,4,1,hid in the hall closet,12,7
16,Chris,4,1,found the key in his father's jacket pocket,13,3
16,Chris,4,1,opened the gun cabinet with the key,14,1
16,Chris,4,1,picked up a pistol to play with,15,1
16,Julia,5,0,is a courteous person,1,7
16,Julia,5,0,babysits on the weekends,2,7
16,Julia,5,0,can be sensitive sometimes,3,7
16,Julia,5,0,has asthma,4,7
16,Julia,5,0,is multiracial,5,7
16,Julia,5,0,is a college student,6,7
16,Julia,5,0,is 19 years old,7,7
16,Julia,5,0,is female,8,7
16,Julia,5,0,studies psychology,9,7
16,Julia,5,0,enjoys watching TV shows,10,7
16,Julia,5,0,read children's books with Benji,11,7
16,Julia,5,0,picked up her partner's call while filling the bathtub,12,3
16,Julia,5,0,felt hurt after learning about the cheating,13,7
16,Julia,5,0,left the bathroom to talk to her partner,14,4
16,Julia,5,0,sat for a few minutes after hanging up,15,4
16,Alfred,6,1,enjoys Italian cuisine,1,7
16,Alfred,6,1,is 68 years old,2,7
16,Alfred,6,1,is male,3,7
16,Alfred,6,1,enjoys fishing,4,7
16,Alfred,6,1,has a calm personality,5,7
16,Alfred,6,1,is a veteran,6,7
16,Alfred,6,1,has PTSD,7,4
16,Alfred,6,1,lives alone,8,4
16,Alfred,6,1,is patriotic,9,7
16,Alfred,6,1,is White,10,7
16,Alfred,6,1,took the subway home,11,7
16,Alfred,6,1,was quiet on the subway,12,7
16,Alfred,6,1,got off at the same stop as Oliver,13,7
16,Alfred,6,1,heard loud drilling and yelling from the construction above,14,7
16,Alfred,6,1,physically attacked Oliver,15,1
16,Nadia,7,0,enjoys oil painting,1,7
16,Nadia,7,0,collects vinyl records,2,7
16,Nadia,7,0,is female,3,7
16,Nadia,7,0,is an organized person,4,7
16,Nadia,7,0,has red hair,5,7
16,Nadia,7,0,is White,6,7
16,Nadia,7,0,is a software engineer,7,7
16,Nadia,7,0,is 34 years old,8,7
16,Nadia,7,0,attended couples therapy years ago,9,7
16,Nadia,7,0,is a timid person,10,7
16,Nadia,7,0,went to the emergency room for bruises,11,7
16,Nadia,7,0,did not seek help after the emergency room incident,12,7
16,Nadia,7,0,was scared when Franklin screamed,13,7
16,Nadia,7,0,grabbed the revolver,14,1
16,Nadia,7,0,shot Franklin with the revolver,15,1
16,Darla,8,0,has worked with Pamela for many years,1,7
16,Darla,8,0,is female,2,7
16,Darla,8,0,runs a home daycare business,3,7
16,Darla,8,0,communicates and interacts well with children,4,7
16,Darla,8,0,has an absent-minded personality,5,4
16,Darla,8,0,has a laid-back personality,6,7
16,Darla,8,0,enjoys cooking,7,7
16,Darla,8,0,is 32 years old,8,7
16,Darla,8,0,is Black,9,7
16,Darla,8,0,is nearsighted,10,7
16,Darla,8,0,lives in a tornado-affected area,11,3
16,Darla,8,0,played games with the children,12,7
16,Darla,8,0,played loud upbeat music with the children,13,7
16,Darla,8,0,focused on the children,14,7
16,Darla,8,0,did not hear the tornado sirens,15,4
16,Flora,9,1,is a counselor,1,7
16,Flora,9,1,is an early riser,2,7
16,Flora,9,1,enjoys gardening,3,7
16,Flora,9,1,is an empathetic person,4,7
16,Flora,9,1,composes music in her free time,5,7
16,Flora,9,1,is legally blind,6,1
16,Flora,9,1,is 32 years old,7,7
16,Flora,9,1,uses a white cane to guide herself,8,1
16,Flora,9,1,is female,9,7
16,Flora,9,1,is Asian,10,7
16,Flora,9,1,went to a neighbor's house for dinner,11,7
16,Flora,9,1,used her white cane while walking home,12,3
16,Flora,9,1,did not call for help,13,3
16,Flora,9,1,her white cane slipped between Paul's legs,14,4
16,Flora,9,1,stepped on Paul's torso,15,4
16,Melvin,10,1,is a farmer,1,4
16,Melvin,10,1,grows hay,2,4
16,Melvin,10,1,is White,3,7
16,Melvin,10,1,can be stingy sometimes,4,7
16,Melvin,10,1,grows corn,5,2
16,Melvin,10,1,has high blood pressure,6,5
16,Melvin,10,1,has a cheerful personality,7,6
16,Melvin,10,1,is male,8,7
16,Melvin,10,1,enjoys listening to rock music,9,7
16,Melvin,10,1,is 45 years old,10,7
16,Melvin,10,1,built his barn near the border with Vincent's property,11,7
16,Melvin,10,1,was concerned with hayfires,12,4
16,Melvin,10,1,considered buying hay-drying equipment,13,2
16,Melvin,10,1,met with consultants,14,4
16,Melvin,10,1,decided not to buy hay-drying equipment,15,6
16,Tristan,11,1,is extroverted and outgoing,1,7
16,Tristan,11,1,is Christian,2,7
16,Tristan,11,1,is male,3,7
16,Tristan,11,1,has worked for over ten years at the same hospital,4,7
16,Tristan,11,1,is a cardiologist,5,2
16,Tristan,11,1,is Black,6,7
16,Tristan,11,1,enjoys listening to country music,7,2
16,Tristan,11,1,is 43 years old,8,7
16,Tristan,11,1,can be impatient sometimes,9,7
16,Tristan,11,1,can be opinionated sometimes,10,7
16,Tristan,11,1,reviewed Annie's medical history and symptoms,11,7
16,Tristan,11,1,checked Annie's vitals,12,7
16,Tristan,11,1,ordered Annie an electrocardiogram (ECG/EKG),13,7
16,Tristan,11,1,did not order any other heart tests,14,4
16,Tristan,11,1,did not order a mammogram,15,4
17,Flora,1,1,is an empathetic person,1,7
17,Flora,1,1,is Asian,2,7
17,Flora,1,1,enjoys gardening,3,7
17,Flora,1,1,is female,4,7
17,Flora,1,1,uses a white cane to guide herself,5,3
17,Flora,1,1,is a counselor,6,7
17,Flora,1,1,is 32 years old,7,7
17,Flora,1,1,is an early riser,8,4
17,Flora,1,1,composes music in her free time,9,5
17,Flora,1,1,is legally blind,10,3
17,Flora,1,1,went to a neighbor's house for dinner,11,6
17,Flora,1,1,used her white cane while walking home,12,7
17,Flora,1,1,did not call for help,13,5
17,Flora,1,1,her white cane slipped between Paul's legs,14,4
17,Flora,1,1,stepped on Paul's torso,15,4
17,Edward,2,1,is 24 years old,1,7
17,Edward,2,1,is male,2,7
17,Edward,2,1,is a clinical research assistant,3,7
17,Edward,2,1,is an experienced driver,4,7
17,Edward,2,1,enjoys reading science fiction,5,6
17,Edward,2,1,is single,6,7
17,Edward,2,1,is an ambitious person,7,6
17,Edward,2,1,is White,8,5
17,Edward,2,1,enjoys browsing Twitter,9,5
17,Edward,2,1,is a studious person,10,5
17,Edward,2,1,did not mute phone notifications while driving,11,5
17,Edward,2,1,was not speeding,12,5
17,Edward,2,1,checked that there were no other cars nearby,13,5
17,Edward,2,1,took a peek at the text,14,3
17,Edward,2,1,veered into the cyclist while reading the text,15,2
17,Ava,3,1,is Native American,1,7
17,Ava,3,1,is an artist,2,7
17,Ava,3,1,is 26 years old,3,7
17,Ava,3,1,has a peanut allergy,4,3
17,Ava,3,1,has been friends with Peter for many years,5,6
17,Ava,3,1,is a compassionate person,6,6
17,Ava,3,1,enjoys going to music concerts,7,6
17,Ava,3,1,is female,8,7
17,Ava,3,1,regularly drinks coffee,9,6
17,Ava,3,1,often drives Peter to appointments and errands,10,6
17,Ava,3,1,did her annual car maintenance,11,6
17,Ava,3,1,drove under the speed limit,12,3
17,Ava,3,1,listened to the radio while driving,13,5
17,Ava,3,1,was startled by the deer,14,7
17,Ava,3,1,slammed the brakes after seeing the deer,15,6
17,Melvin,4,1,grows hay,1,6
17,Melvin,4,1,is 45 years old,2,6
17,Melvin,4,1,has high blood pressure,3,5
17,Melvin,4,1,is White,4,5
17,Melvin,4,1,grows corn,5,3
17,Melvin,4,1,can be stingy sometimes,6,4
17,Melvin,4,1,is male,7,7
17,Melvin,4,1,has a cheerful personality,8,6
17,Melvin,4,1,is a farmer,9,5
17,Melvin,4,1,enjoys listening to rock music,10,6
17,Melvin,4,1,built his barn near the border with Vincent's property,11,5
17,Melvin,4,1,was concerned with hayfires,12,5
17,Melvin,4,1,considered buying hay-drying equipment,13,5
17,Melvin,4,1,met with consultants,14,5
17,Melvin,4,1,decided not to buy hay-drying equipment,15,4
17,Julia,5,0,babysits on the weekends,1,6
17,Julia,5,0,is a courteous person,2,6
17,Julia,5,0,is multiracial,3,5
17,Julia,5,0,is 19 years old,4,6
17,Julia,5,0,studies psychology,5,6
17,Julia,5,0,is female,6,7
17,Julia,5,0,can be sensitive sometimes,7,7
17,Julia,5,0,is a college student,8,6
17,Julia,5,0,enjoys watching TV shows,9,6
17,Julia,5,0,has asthma,10,5
17,Julia,5,0,read children's books with Benji,11,6
17,Julia,5,0,picked up her partner's call while filling the bathtub,12,6
17,Julia,5,0,felt hurt after learning about the cheating,13,6
17,Julia,5,0,left the bathroom to talk to her partner,14,6
17,Julia,5,0,sat for a few minutes after hanging up,15,5
17,Darla,6,0,communicates and interacts well with children,1,7
17,Darla,6,0,is Black,2,5
17,Darla,6,0,is 32 years old,3,6
17,Darla,6,0,has worked with Pamela for many years,4,6
17,Darla,6,0,runs a home daycare business,5,5
17,Darla,6,0,is nearsighted,6,6
17,Darla,6,0,is female,7,7
17,Darla,6,0,has an absent-minded personality,8,4
17,Darla,6,0,enjoys cooking,9,5
17,Darla,6,0,has a laid-back personality,10,5
17,Darla,6,0,lives in a tornado-affected area,11,5
17,Darla,6,0,played games with the children,12,6
17,Darla,6,0,played loud upbeat music with the children,13,5
17,Darla,6,0,focused on the children,14,6
17,Darla,6,0,did not hear the tornado sirens,15,3
17,Alfred,7,1,lives alone,1,6
17,Alfred,7,1,is male,2,7
17,Alfred,7,1,is a veteran,3,5
17,Alfred,7,1,has a calm personality,4,6
17,Alfred,7,1,enjoys Italian cuisine,5,6
17,Alfred,7,1,enjoys fishing,6,5
17,Alfred,7,1,is patriotic,7,5
17,Alfred,7,1,has PTSD,8,5
17,Alfred,7,1,is 68 years old,9,4
17,Alfred,7,1,is White,10,5
17,Alfred,7,1,took the subway home,11,4
17,Alfred,7,1,was quiet on the subway,12,3
17,Alfred,7,1,got off at the same stop as Oliver,13,4
17,Alfred,7,1,heard loud drilling and yelling from the construction above,14,2
17,Alfred,7,1,physically attacked Oliver,15,2
17,Qian,8,0,can be stubborn sometimes,1,5
17,Qian,8,0,is a restaurant waiter,2,5
17,Qian,8,0,is Asian,3,5
17,Qian,8,0,has a humorous personality,4,5
17,Qian,8,0,enjoys jazz music,5,5
17,Qian,8,0,does not smoke,6,5
17,Qian,8,0,is 27 years old,7,5
17,Qian,8,0,is male,8,7
17,Qian,8,0,enjoys watching sports,9,5
17,Qian,8,0,is hard-working,10,6
17,Qian,8,0,hung out at the local bar with cousins,11,5
17,Qian,8,0,had several drinks over the course of two hours,12,5
17,Qian,8,0,was angered by Wilson's comments,13,5
17,Qian,8,0,did not talk back to Wilson,14,4
17,Qian,8,0,pushed Wilson to the ground,15,2
17,Chris,9,1,enjoys playing hide-and-seek,1,6
17,Chris,9,1,admires his father,2,6
17,Chris,9,1,has a curious personality,3,6
17,Chris,9,1,has an average IQ,4,6
17,Chris,9,1,is White,5,5
17,Chris,9,1,is 10 years old,6,5
17,Chris,9,1,is male,7,7
17,Chris,9,1,is a picky eater,8,3
17,Chris,9,1,enjoys swimming,9,5
17,Chris,9,1,weighs 70 lbs,10,4
17,Chris,9,1,invited friends over to play,11,5
17,Chris,9,1,hid in the hall closet,12,4
17,Chris,9,1,found the key in his father's jacket pocket,13,5
17,Chris,9,1,opened the gun cabinet with the key,14,3
17,Chris,9,1,picked up a pistol to play with,15,2
17,Nadia,10,0,is a software engineer,1,5
17,Nadia,10,0,is 34 years old,2,5
17,Nadia,10,0,enjoys oil painting,3,5
17,Nadia,10,0,has red hair,4,3
17,Nadia,10,0,is White,5,5
17,Nadia,10,0,is an organized person,6,5
17,Nadia,10,0,attended couples therapy years ago,7,6
17,Nadia,10,0,is a timid person,8,5
17,Nadia,10,0,is female,9,7
17,Nadia,10,0,collects vinyl records,10,4
17,Nadia,10,0,went to the emergency room for bruises,11,3
17,Nadia,10,0,did not seek help after the emergency room incident,12,4
17,Nadia,10,0,was scared when Franklin screamed,13,5
17,Nadia,10,0,grabbed the revolver,14,3
17,Nadia,10,0,shot Franklin with the revolver,15,3
17,Tristan,11,1,has worked for over ten years at the same hospital,1,5
17,Tristan,11,1,is extroverted and outgoing,2,5
17,Tristan,11,1,can be impatient sometimes,3,5
17,Tristan,11,1,is male,4,7
17,Tristan,11,1,is 43 years old,5,5
17,Tristan,11,1,is Christian,6,5
17,Tristan,11,1,is Black,7,5
17,Tristan,11,1,enjoys listening to country music,8,5
17,Tristan,11,1,is a cardiologist,9,5
17,Tristan,11,1,can be opinionated sometimes,10,5
17,Tristan,11,1,reviewed Annie's medical history and symptoms,11,5
17,Tristan,11,1,checked Annie's vitals,12,5
17,Tristan,11,1,ordered Annie an electrocardiogram (ECG/EKG),13,5
17,Tristan,11,1,did not order any other heart tests,14,3
17,Tristan,11,1,did not order a mammogram,15,3
18,Ava,1,1,is 26 years old,1,7
18,Ava,1,1,is an artist,2,7
18,Ava,1,1,is a compassionate person,3,7
18,Ava,1,1,is female,4,7
18,Ava,1,1,has a peanut allergy,5,7
18,Ava,1,1,enjoys going to music concerts,6,7
18,Ava,1,1,regularly drinks coffee,7,7
18,Ava,1,1,has been friends with Peter for many years,8,7
18,Ava,1,1,is Native American,9,7
18,Ava,1,1,often drives Peter to appointments and errands,10,5
18,Ava,1,1,did her annual car maintenance,11,7
18,Ava,1,1,drove under the speed limit,12,6
18,Ava,1,1,listened to the radio while driving,13,6
18,Ava,1,1,was startled by the deer,14,7
18,Ava,1,1,slammed the brakes after seeing the deer,15,7
18,Julia,2,0,enjoys watching TV shows,1,7
18,Julia,2,0,is multiracial,2,7
18,Julia,2,0,has asthma,3,6
18,Julia,2,0,is a college student,4,7
18,Julia,2,0,is a courteous person,5,7
18,Julia,2,0,studies psychology,6,7
18,Julia,2,0,is female,7,7
18,Julia,2,0,is 19 years old,8,7
18,Julia,2,0,can be sensitive sometimes,9,7
18,Julia,2,0,babysits on the weekends,10,7
18,Julia,2,0,read children's books with Benji,11,7
18,Julia,2,0,picked up her partner's call while filling the bathtub,12,5
18,Julia,2,0,felt hurt after learning about the cheating,13,7
18,Julia,2,0,left the bathroom to talk to her partner,14,2
18,Julia,2,0,sat for a few minutes after hanging up,15,2
18,Flora,3,1,is a counselor,1,7
18,Flora,3,1,is legally blind,2,7
18,Flora,3,1,composes music in her free time,3,7
18,Flora,3,1,is female,4,7
18,Flora,3,1,is an early riser,5,7
18,Flora,3,1,uses a white cane to guide herself,6,7
18,Flora,3,1,enjoys gardening,7,7
18,Flora,3,1,is Asian,8,7
18,Flora,3,1,is an empathetic person,9,7
18,Flora,3,1,is 32 years old,10,7
18,Flora,3,1,went to a neighbor's house for dinner,11,7
18,Flora,3,1,used her white cane while walking home,12,7
18,Flora,3,1,did not call for help,13,1
18,Flora,3,1,her white cane slipped between Paul's legs,14,4
18,Flora,3,1,stepped on Paul's torso,15,2
18,Alfred,4,1,lives alone,1,7
18,Alfred,4,1,has PTSD,2,7
18,Alfred,4,1,enjoys Italian cuisine,3,7
18,Alfred,4,1,has a calm personality,4,7
18,Alfred,4,1,is patriotic,5,7
18,Alfred,4,1,is male,6,7
18,Alfred,4,1,enjoys fishing,7,7
18,Alfred,4,1,is a veteran,8,7
18,Alfred,4,1,is White,9,7
18,Alfred,4,1,is 68 years old,10,7
18,Alfred,4,1,took the subway home,11,7
18,Alfred,4,1,was quiet on the subway,12,7
18,Alfred,4,1,got off at the same stop as Oliver,13,7
18,Alfred,4,1,heard loud drilling and yelling from the construction above,14,7
18,Alfred,4,1,physically attacked Oliver,15,2
18,Tristan,5,1,is male,1,7
18,Tristan,5,1,can be impatient sometimes,2,7
18,Tristan,5,1,has worked for over ten years at the same hospital,3,7
18,Tristan,5,1,can be opinionated sometimes,4,7
18,Tristan,5,1,is a cardiologist,5,7
18,Tristan,5,1,is Christian,6,7
18,Tristan,5,1,is Black,7,7
18,Tristan,5,1,is 43 years old,8,7
18,Tristan,5,1,enjoys listening to country music,9,7
18,Tristan,5,1,is extroverted and outgoing,10,7
18,Tristan,5,1,reviewed Annie's medical history and symptoms,11,7
18,Tristan,5,1,checked Annie's vitals,12,7
18,Tristan,5,1,ordered Annie an electrocardiogram (ECG/EKG),13,7
18,Tristan,5,1,did not order any other heart tests,14,4
18,Tristan,5,1,did not order a mammogram,15,7
18,Nadia,6,0,is White,1,7
18,Nadia,6,0,enjoys oil painting,2,7
18,Nadia,6,0,is female,3,7
18,Nadia,6,0,is 34 years old,4,7
18,Nadia,6,0,collects vinyl records,5,7
18,Nadia,6,0,attended couples therapy years ago,6,7
18,Nadia,6,0,has red hair,7,7
18,Nadia,6,0,is a software engineer,8,7
18,Nadia,6,0,is a timid person,9,7
18,Nadia,6,0,is an organized person,10,7
18,Nadia,6,0,went to the emergency room for bruises,11,4
18,Nadia,6,0,did not seek help after the emergency room incident,12,7
18,Nadia,6,0,was scared when Franklin screamed,13,7
18,Nadia,6,0,grabbed the revolver,14,5
18,Nadia,6,0,shot Franklin with the revolver,15,6
18,Melvin,7,1,has a cheerful personality,1,7
18,Melvin,7,1,is male,2,7
18,Melvin,7,1,has high blood pressure,3,7
18,Melvin,7,1,is a farmer,4,7
18,Melvin,7,1,grows hay,5,7
18,Melvin,7,1,grows corn,6,7
18,Melvin,7,1,enjoys listening to rock music,7,7
18,Melvin,7,1,can be stingy sometimes,8,7
18,Melvin,7,1,is White,9,7
18,Melvin,7,1,is 45 years old,10,7
18,Melvin,7,1,built his barn near the border with Vincent's property,11,7
18,Melvin,7,1,was concerned with hayfires,12,7
18,Melvin,7,1,considered buying hay-drying equipment,13,7
18,Melvin,7,1,met with consultants,14,7
18,Melvin,7,1,decided not to buy hay-drying equipment,15,3
18,Darla,8,0,has a laid-back personality,1,7
18,Darla,8,0,is 32 years old,2,7
18,Darla,8,0,has an absent-minded personality,3,7
18,Darla,8,0,runs a home daycare business,4,7
18,Darla,8,0,communicates and interacts well with children,5,7
18,Darla,8,0,enjoys cooking,6,7
18,Darla,8,0,is Black,7,7
18,Darla,8,0,is nearsighted,8,7
18,Darla,8,0,has worked with Pamela for many years,9,7
18,Darla,8,0,is female,10,7
18,Darla,8,0,lives in a tornado-affected area,11,7
18,Darla,8,0,played games with the children,12,7
18,Darla,8,0,played loud upbeat music with the children,13,6
18,Darla,8,0,focused on the children,14,7
18,Darla,8,0,did not hear the tornado sirens,15,5
18,Qian,9,0,has a humorous personality,1,7
18,Qian,9,0,is a restaurant waiter,2,7
18,Qian,9,0,enjoys watching sports,3,7
18,Qian,9,0,enjoys jazz music,4,7
18,Qian,9,0,is hard-working,5,7
18,Qian,9,0,is 27 years old,6,7
18,Qian,9,0,can be stubborn sometimes,7,7
18,Qian,9,0,is male,8,7
18,Qian,9,0,is Asian,9,7
18,Qian,9,0,does not smoke,10,7
18,Qian,9,0,hung out at the local bar with cousins,11,7
18,Qian,9,0,had several drinks over the course of two hours,12,7
18,Qian,9,0,was angered by Wilson's comments,13,7
18,Qian,9,0,did not talk back to Wilson,14,3
18,Qian,9,0,pushed Wilson to the ground,15,7
18,Edward,10,1,is an experienced driver,1,7
18,Edward,10,1,enjoys reading science fiction,2,7
18,Edward,10,1,is male,3,7
18,Edward,10,1,is 24 years old,4,7
18,Edward,10,1,enjoys browsing Twitter,5,7
18,Edward,10,1,is an ambitious person,6,7
18,Edward,10,1,is White,7,7
18,Edward,10,1,is single,8,7
18,Edward,10,1,is a studious person,9,7
18,Edward,10,1,is a clinical research assistant,10,7
18,Edward,10,1,did not mute phone notifications while driving,11,7
18,Edward,10,1,was not speeding,12,7
18,Edward,10,1,checked that there were no other cars nearby,13,4
18,Edward,10,1,took a peek at the text,14,6
18,Edward,10,1,veered into the cyclist while reading the text,15,3
18,Chris,11,1,is 10 years old,1,7
18,Chris,11,1,has an average IQ,2,7
18,Chris,11,1,admires his father,3,7
18,Chris,11,1,is male,4,7
18,Chris,11,1,weighs 70 lbs,5,7
18,Chris,11,1,enjoys playing hide-and-seek,6,7
18,Chris,11,1,enjoys swimming,7,7
18,Chris,11,1,is White,8,7
18,Chris,11,1,has a curious personality,9,7
18,Chris,11,1,is a picky eater,10,7
18,Chris,11,1,invited friends over to play,11,7
18,Chris,11,1,hid in the hall closet,12,7
18,Chris,11,1,found the key in his father's jacket pocket,13,4
18,Chris,11,1,opened the gun cabinet with the key,14,6
18,Chris,11,1,picked up a pistol to play with,15,5
19,Darla,1,0,runs a home daycare business,1,7
19,Darla,1,0,has an absent-minded personality,2,5
19,Darla,1,0,is nearsighted,3,7
19,Darla,1,0,is Black,4,7
19,Darla,1,0,has worked with Pamela for many years,5,7
19,Darla,1,0,is female,6,7
19,Darla,1,0,enjoys cooking,7,7
19,Darla,1,0,is 32 years old,8,7
19,Darla,1,0,communicates and interacts well with children,9,6
19,Darla,1,0,has a laid-back personality,10,6
19,Darla,1,0,lives in a tornado-affected area,11,6
19,Darla,1,0,played games with the children,12,7
19,Darla,1,0,played loud upbeat music with the children,13,5
19,Darla,1,0,focused on the children,14,7
19,Darla,1,0,did not hear the tornado sirens,15,5
19,Qian,2,0,enjoys watching sports,1,7
19,Qian,2,0,is a restaurant waiter,2,7
19,Qian,2,0,is hard-working,3,7
19,Qian,2,0,is Asian,4,7
19,Qian,2,0,enjoys jazz music,5,5
19,Qian,2,0,is 27 years old,6,7
19,Qian,2,0,has a humorous personality,7,7
19,Qian,2,0,is male,8,7
19,Qian,2,0,can be stubborn sometimes,9,7
19,Qian,2,0,does not smoke,10,7
19,Qian,2,0,hung out at the local bar with cousins,11,7
19,Qian,2,0,had several drinks over the course of two hours,12,6
19,Qian,2,0,was angered by Wilson's comments,13,7
19,Qian,2,0,did not talk back to Wilson,14,5
19,Qian,2,0,pushed Wilson to the ground,15,2
19,Melvin,3,1,is 45 years old,1,7
19,Melvin,3,1,grows corn,2,4
19,Melvin,3,1,is a farmer,3,6
19,Melvin,3,1,enjoys listening to rock music,4,7
19,Melvin,3,1,has high blood pressure,5,7
19,Melvin,3,1,is White,6,7
19,Melvin,3,1,can be stingy sometimes,7,6
19,Melvin,3,1,grows hay,8,4
19,Melvin,3,1,is male,9,7
19,Melvin,3,1,has a cheerful personality,10,7
19,Melvin,3,1,built his barn near the border with Vincent's property,11,3
19,Melvin,3,1,was concerned with hayfires,12,3
19,Melvin,3,1,considered buying hay-drying equipment,13,3
19,Melvin,3,1,met with consultants,14,4
19,Melvin,3,1,decided not to buy hay-drying equipment,15,4
19,Chris,4,1,has a curious personality,1,7
19,Chris,4,1,has an average IQ,2,7
19,Chris,4,1,is 10 years old,3,7
19,Chris,4,1,is a picky eater,4,7
19,Chris,4,1,admires his father,5,7
19,Chris,4,1,enjoys swimming,6,7
19,Chris,4,1,enjoys playing hide-and-seek,7,6
19,Chris,4,1,is male,8,7
19,Chris,4,1,is White,9,7
19,Chris,4,1,weighs 70 lbs,10,6
19,Chris,4,1,invited friends over to play,11,7
19,Chris,4,1,hid in the hall closet,12,5
19,Chris,4,1,found the key in his father's jacket pocket,13,5
19,Chris,4,1,opened the gun cabinet with the key,14,3
19,Chris,4,1,picked up a pistol to play with,15,1
19,Flora,5,1,composes music in her free time,1,5
19,Flora,5,1,is an early riser,2,6
19,Flora,5,1,is legally blind,3,4
19,Flora,5,1,is an empathetic person,4,7
19,Flora,5,1,is a counselor,5,5
19,Flora,5,1,is female,6,7
19,Flora,5,1,enjoys gardening,7,7
19,Flora,5,1,is 32 years old,8,7
19,Flora,5,1,uses a white cane to guide herself,9,4
19,Flora,5,1,is Asian,10,7
19,Flora,5,1,went to a neighbor's house for dinner,11,6
19,Flora,5,1,used her white cane while walking home,12,4
19,Flora,5,1,did not call for help,13,3
19,Flora,5,1,her white cane slipped between Paul's legs,14,3
19,Flora,5,1,stepped on Paul's torso,15,2
19,Tristan,6,1,is a cardiologist,1,5
19,Tristan,6,1,is extroverted and outgoing,2,6
19,Tristan,6,1,is Christian,3,4
19,Tristan,6,1,is Black,4,7
19,Tristan,6,1,is 43 years old,5,7
19,Tristan,6,1,enjoys listening to country music,6,6
19,Tristan,6,1,can be impatient sometimes,7,7
19,Tristan,6,1,has worked for over ten years at the same hospital,8,5
19,Tristan,6,1,can be opinionated sometimes,9,7
19,Tristan,6,1,is male,10,7
19,Tristan,6,1,reviewed Annie's medical history and symptoms,11,3
19,Tristan,6,1,checked Annie's vitals,12,3
19,Tristan,6,1,ordered Annie an electrocardiogram (ECG/EKG),13,4
19,Tristan,6,1,did not order any other heart tests,14,2
19,Tristan,6,1,did not order a mammogram,15,4
19,Alfred,7,1,has PTSD,1,4
19,Alfred,7,1,is 68 years old,2,7
19,Alfred,7,1,enjoys fishing,3,7
19,Alfred,7,1,is White,4,7
19,Alfred,7,1,lives alone,5,6
19,Alfred,7,1,is patriotic,6,6
19,Alfred,7,1,is a veteran,7,7
19,Alfred,7,1,has a calm personality,8,7
19,Alfred,7,1,is male,9,7
19,Alfred,7,1,enjoys Italian cuisine,10,7
19,Alfred,7,1,took the subway home,11,6
19,Alfred,7,1,was quiet on the subway,12,6
19,Alfred,7,1,got off at the same stop as Oliver,13,4
19,Alfred,7,1,heard loud drilling and yelling from the construction above,14,4
19,Alfred,7,1,physically attacked Oliver,15,1
19,Nadia,8,0,is an organized person,1,7
19,Nadia,8,0,enjoys oil painting,2,6
19,Nadia,8,0,is a timid person,3,7
19,Nadia,8,0,attended couples therapy years ago,4,5
19,Nadia,8,0,collects vinyl records,5,6
19,Nadia,8,0,is 34 years old,6,7
19,Nadia,8,0,has red hair,7,7
19,Nadia,8,0,is female,8,7
19,Nadia,8,0,is White,9,7
19,Nadia,8,0,is a software engineer,10,6
19,Nadia,8,0,went to the emergency room for bruises,11,3
19,Nadia,8,0,did not seek help after the emergency room incident,12,2
19,Nadia,8,0,was scared when Franklin screamed,13,5
19,Nadia,8,0,grabbed the revolver,14,3
19,Nadia,8,0,shot Franklin with the revolver,15,2
19,Edward,9,1,enjoys reading science fiction,1,7
19,Edward,9,1,is an ambitious person,2,7
19,Edward,9,1,is a clinical research assistant,3,5
19,Edward,9,1,is White,4,7
19,Edward,9,1,is a studious person,5,6
19,Edward,9,1,is 24 years old,6,7
19,Edward,9,1,is male,7,7
19,Edward,9,1,is an experienced driver,8,6
19,Edward,9,1,is single,9,7
19,Edward,9,1,enjoys browsing Twitter,10,6
19,Edward,9,1,did not mute phone notifications while driving,11,7
19,Edward,9,1,was not speeding,12,7
19,Edward,9,1,checked that there were no other cars nearby,13,6
19,Edward,9,1,took a peek at the text,14,5
19,Edward,9,1,veered into the cyclist while reading the text,15,1
19,Ava,10,1,has a peanut allergy,1,7
19,Ava,10,1,is Native American,2,7
19,Ava,10,1,is an artist,3,7
19,Ava,10,1,is 26 years old,4,7
19,Ava,10,1,often drives Peter to appointments and errands,5,6
19,Ava,10,1,is female,6,7
19,Ava,10,1,regularly drinks coffee,7,7
19,Ava,10,1,is a compassionate person,8,7
19,Ava,10,1,enjoys going to music concerts,9,7
19,Ava,10,1,has been friends with Peter for many years,10,7
19,Ava,10,1,did her annual car maintenance,11,5
19,Ava,10,1,drove under the speed limit,12,4
19,Ava,10,1,listened to the radio while driving,13,5
19,Ava,10,1,was startled by the deer,14,7
19,Ava,10,1,slammed the brakes after seeing the deer,15,7
19,Julia,11,0,is female,1,7
19,Julia,11,0,is multiracial,2,7
19,Julia,11,0,has asthma,3,7
19,Julia,11,0,can be sensitive sometimes,4,7
19,Julia,11,0,is a college student,5,7
19,Julia,11,0,is a courteous person,6,7
19,Julia,11,0,studies psychology,7,6
19,Julia,11,0,enjoys watching TV shows,8,7
19,Julia,11,0,is 19 years old,9,7
19,Julia,11,0,babysits on the weekends,10,6
19,Julia,11,0,read children's books with Benji,11,7
19,Julia,11,0,picked up her partner's call while filling the bathtub,12,6
19,Julia,11,0,felt hurt after learning about the cheating,13,7
19,Julia,11,0,left the bathroom to talk to her partner,14,5
19,Julia,11,0,sat for a few minutes after hanging up,15,5
20,Edward,1,1,is 24 years old,1,7
20,Edward,1,1,is male,2,7
20,Edward,1,1,is White,3,4
20,Edward,1,1,is an experienced driver,4,4
20,Edward,1,1,is an ambitious person,5,5
20,Edward,1,1,enjoys reading science fiction,6,7
20,Edward,1,1,is a clinical research assistant,7,7
20,Edward,1,1,is a studious person,8,7
20,Edward,1,1,is single,9,7
20,Edward,1,1,enjoys browsing Twitter,10,7
20,Edward,1,1,did not mute phone notifications while driving,11,1
20,Edward,1,1,was not speeding,12,7
20,Edward,1,1,checked that there were no other cars nearby,13,7
20,Edward,1,1,took a peek at the text,14,7
20,Edward,1,1,veered into the cyclist while reading the text,15,7
20,Melvin,2,1,is a farmer,1,7
20,Melvin,2,1,is White,2,7
20,Melvin,2,1,grows hay,3,7
20,Melvin,2,1,can be stingy sometimes,4,4
20,Melvin,2,1,enjoys listening to rock music,5,7
20,Melvin,2,1,is male,6,7
20,Melvin,2,1,grows corn,7,4
20,Melvin,2,1,is 45 years old,8,7
20,Melvin,2,1,has high blood pressure,9,7
20,Melvin,2,1,has a cheerful personality,10,7
20,Melvin,2,1,built his barn near the border with Vincent's property,11,7
20,Melvin,2,1,was concerned with hayfires,12,7
20,Melvin,2,1,considered buying hay-drying equipment,13,7
20,Melvin,2,1,met with consultants,14,7
20,Melvin,2,1,decided not to buy hay-drying equipment,15,1
20,Darla,3,1,has an absent-minded personality,1,4
20,Darla,3,1,has worked with Pamela for many years,2,7
20,Darla,3,1,runs a home daycare business,3,7
20,Darla,3,1,is 32 years old,4,7
20,Darla,3,1,is nearsighted,5,7
20,Darla,3,1,communicates and interacts well with children,6,7
20,Darla,3,1,has a laid-back personality,7,7
20,Darla,3,1,is female,8,7
20,Darla,3,1,enjoys cooking,9,7
20,Darla,3,1,is Black,10,7
20,Darla,3,1,lives in a tornado-affected area,11,7
20,Darla,3,1,played games with the children,12,7
20,Darla,3,1,played loud upbeat music with the children,13,7
20,Darla,3,1,focused on the children,14,7
20,Darla,3,1,did not hear the tornado sirens,15,7
20,Tristan,4,1,can be opinionated sometimes,1,4
20,Tristan,4,1,is Black,2,7
20,Tristan,4,1,enjoys listening to country music,3,7
20,Tristan,4,1,is 43 years old,4,7
20,Tristan,4,1,has worked for over ten years at the same hospital,5,7
20,Tristan,4,1,is male,6,7
20,Tristan,4,1,is Christian,7,7
20,Tristan,4,1,can be impatient sometimes,8,7
20,Tristan,4,1,is a cardiologist,9,7
20,Tristan,4,1,is extroverted and outgoing,10,7
20,Tristan,4,1,reviewed Annie's medical history and symptoms,11,7
20,Tristan,4,1,checked Annie's vitals,12,7
20,Tristan,4,1,ordered Annie an electrocardiogram (ECG/EKG),13,7
20,Tristan,4,1,did not order any other heart tests,14,1
20,Tristan,4,1,did not order a mammogram,15,1
20,Ava,5,1,is female,1,7
20,Ava,5,1,has a peanut allergy,2,7
20,Ava,5,1,is Native American,3,7
20,Ava,5,1,is 26 years old,4,7
20,Ava,5,1,often drives Peter to appointments and errands,5,7
20,Ava,5,1,enjoys going to music concerts,6,7
20,Ava,5,1,is a compassionate person,7,7
20,Ava,5,1,is an artist,8,7
20,Ava,5,1,has been friends with Peter for many years,9,7
20,Ava,5,1,regularly drinks coffee,10,7
20,Ava,5,1,did her annual car maintenance,11,4
20,Ava,5,1,drove under the speed limit,12,4
20,Ava,5,1,listened to the radio while driving,13,1
20,Ava,5,1,was startled by the deer,14,7
20,Ava,5,1,slammed the brakes after seeing the deer,15,7
20,Julia,6,1,is multiracial,1,7
20,Julia,6,1,is a courteous person,2,7
20,Julia,6,1,is female,3,7
20,Julia,6,1,is a college student,4,7
20,Julia,6,1,studies psychology,5,7
20,Julia,6,1,babysits on the weekends,6,7
20,Julia,6,1,has asthma,7,7
20,Julia,6,1,enjoys watching TV shows,8,7
20,Julia,6,1,is 19 years old,9,7
20,Julia,6,1,can be sensitive sometimes,10,7
20,Julia,6,1,read children's books with Benji,11,7
20,Julia,6,1,picked up her partner's call while filling the bathtub,12,7
20,Julia,6,1,felt hurt after learning about the cheating,13,4
20,Julia,6,1,left the bathroom to talk to her partner,14,4
20,Julia,6,1,sat for a few minutes after hanging up,15,1
20,Nadia,7,0,attended couples therapy years ago,1,7
20,Nadia,7,0,is a timid person,2,7
20,Nadia,7,0,collects vinyl records,3,7
20,Nadia,7,0,has red hair,4,7
20,Nadia,7,0,is 34 years old,5,7
20,Nadia,7,0,is an organized person,6,7
20,Nadia,7,0,is White,7,7
20,Nadia,7,0,is a software engineer,8,7
20,Nadia,7,0,enjoys oil painting,9,7
20,Nadia,7,0,is female,10,7
20,Nadia,7,0,went to the emergency room for bruises,11,7
20,Nadia,7,0,did not seek help after the emergency room incident,12,7
20,Nadia,7,0,was scared when Franklin screamed,13,7
20,Nadia,7,0,grabbed the revolver,14,7
20,Nadia,7,0,shot Franklin with the revolver,15,7
20,Qian,8,0,can be stubborn sometimes,1,7
20,Qian,8,0,is male,2,7
20,Qian,8,0,is 27 years old,3,7
20,Qian,8,0,enjoys jazz music,4,7
20,Qian,8,0,has a humorous personality,5,7
20,Qian,8,0,is hard-working,6,7
20,Qian,8,0,is Asian,7,7
20,Qian,8,0,enjoys watching sports,8,7
20,Qian,8,0,is a restaurant waiter,9,7
20,Qian,8,0,does not smoke,10,7
20,Qian,8,0,hung out at the local bar with cousins,11,7
20,Qian,8,0,had several drinks over the course of two hours,12,7
20,Qian,8,0,was angered by Wilson's comments,13,7
20,Qian,8,0,did not talk back to Wilson,14,7
20,Qian,8,0,pushed Wilson to the ground,15,7
20,Flora,9,1,uses a white cane to guide herself,1,7
20,Flora,9,1,is an empathetic person,2,7
20,Flora,9,1,is Asian,3,7
20,Flora,9,1,is an early riser,4,7
20,Flora,9,1,is legally blind,5,7
20,Flora,9,1,enjoys gardening,6,7
20,Flora,9,1,is female,7,7
20,Flora,9,1,is 32 years old,8,7
20,Flora,9,1,is a counselor,9,7
20,Flora,9,1,composes music in her free time,10,7
20,Flora,9,1,went to a neighbor's house for dinner,11,7
20,Flora,9,1,used her white cane while walking home,12,7
20,Flora,9,1,did not call for help,13,1
20,Flora,9,1,her white cane slipped between Paul's legs,14,7
20,Flora,9,1,stepped on Paul's torso,15,7
20,Chris,10,0,is 10 years old,1,7
20,Chris,10,0,has an average IQ,2,7
20,Chris,10,0,enjoys playing hide-and-seek,3,7
20,Chris,10,0,enjoys swimming,4,7
20,Chris,10,0,is a picky eater,5,7
20,Chris,10,0,has a curious personality,6,7
20,Chris,10,0,weighs 70 lbs,7,7
20,Chris,10,0,is male,8,7
20,Chris,10,0,is White,9,7
20,Chris,10,0,admires his father,10,7
20,Chris,10,0,invited friends over to play,11,7
20,Chris,10,0,hid in the hall closet,12,7
20,Chris,10,0,found the key in his father's jacket pocket,13,7
20,Chris,10,0,opened the gun cabinet with the key,14,7
20,Chris,10,0,picked up a pistol to play with,15,7
20,Alfred,11,1,enjoys Italian cuisine,1,7
20,Alfred,11,1,is a veteran,2,7
20,Alfred,11,1,lives alone,3,7
20,Alfred,11,1,has a calm personality,4,7
20,Alfred,11,1,has PTSD,5,7
20,Alfred,11,1,is male,6,7
20,Alfred,11,1,is White,7,7
20,Alfred,11,1,enjoys fishing,8,7
20,Alfred,11,1,is 68 years old,9,7
20,Alfred,11,1,is patriotic,10,7
20,Alfred,11,1,took the subway home,11,7
20,Alfred,11,1,was quiet on the subway,12,7
20,Alfred,11,1,got off at the same stop as Oliver,13,7
20,Alfred,11,1,heard loud drilling and yelling from the construction above,14,7
20,Alfred,11,1,physically attacked Oliver,15,7
21,Melvin,1,1,grows hay,1,7
21,Melvin,1,1,has a cheerful personality,2,7
21,Melvin,1,1,is White,3,7
21,Melvin,1,1,enjoys listening to rock music,4,7
21,Melvin,1,1,is a farmer,5,7
21,Melvin,1,1,grows corn,6,7
21,Melvin,1,1,is 45 years old,7,7
21,Melvin,1,1,has high blood pressure,8,7
21,Melvin,1,1,can be stingy sometimes,9,4
21,Melvin,1,1,is male,10,7
21,Melvin,1,1,built his barn near the border with Vincent's property,11,7
21,Melvin,1,1,was concerned with hayfires,12,7
21,Melvin,1,1,considered buying hay-drying equipment,13,7
21,Melvin,1,1,met with consultants,14,7
21,Melvin,1,1,decided not to buy hay-drying equipment,15,7
21,Nadia,2,0,is White,1,7
21,Nadia,2,0,is 34 years old,2,7
21,Nadia,2,0,attended couples therapy years ago,3,7
21,Nadia,2,0,has red hair,4,7
21,Nadia,2,0,is an organized person,5,4
21,Nadia,2,0,is a timid person,6,4
21,Nadia,2,0,is a software engineer,7,7
21,Nadia,2,0,enjoys oil painting,8,7
21,Nadia,2,0,is female,9,7
21,Nadia,2,0,collects vinyl records,10,7
21,Nadia,2,0,went to the emergency room for bruises,11,7
21,Nadia,2,0,did not seek help after the emergency room incident,12,7
21,Nadia,2,0,was scared when Franklin screamed,13,7
21,Nadia,2,0,grabbed the revolver,14,7
21,Nadia,2,0,shot Franklin with the revolver,15,7
21,Julia,3,0,is female,1,7
21,Julia,3,0,babysits on the weekends,2,7
21,Julia,3,0,enjoys watching TV shows,3,7
21,Julia,3,0,is a college student,4,7
21,Julia,3,0,is 19 years old,5,7
21,Julia,3,0,has asthma,6,7
21,Julia,3,0,can be sensitive sometimes,7,7
21,Julia,3,0,is a courteous person,8,7
21,Julia,3,0,studies psychology,9,7
21,Julia,3,0,is multiracial,10,7
21,Julia,3,0,read children's books with Benji,11,7
21,Julia,3,0,picked up her partner's call while filling the bathtub,12,7
21,Julia,3,0,felt hurt after learning about the cheating,13,7
21,Julia,3,0,left the bathroom to talk to her partner,14,7
21,Julia,3,0,sat for a few minutes after hanging up,15,7
21,Tristan,4,1,can be impatient sometimes,1,7
21,Tristan,4,1,is 43 years old,2,7
21,Tristan,4,1,is a cardiologist,3,7
21,Tristan,4,1,is Black,4,7
21,Tristan,4,1,is male,5,7
21,Tristan,4,1,enjoys listening to country music,6,7
21,Tristan,4,1,is extroverted and outgoing,7,7
21,Tristan,4,1,is Christian,8,7
21,Tristan,4,1,has worked for over ten years at the same hospital,9,7
21,Tristan,4,1,can be opinionated sometimes,10,7
21,Tristan,4,1,reviewed Annie's medical history and symptoms,11,7
21,Tristan,4,1,checked Annie's vitals,12,7
21,Tristan,4,1,ordered Annie an electrocardiogram (ECG/EKG),13,7
21,Tristan,4,1,did not order any other heart tests,14,7
21,Tristan,4,1,did not order a mammogram,15,7
21,Ava,5,1,often drives Peter to appointments and errands,1,7
21,Ava,5,1,has a peanut allergy,2,7
21,Ava,5,1,is 26 years old,3,7
21,Ava,5,1,is an artist,4,7
21,Ava,5,1,enjoys going to music concerts,5,7
21,Ava,5,1,has been friends with Peter for many years,6,7
21,Ava,5,1,is Native American,7,7
21,Ava,5,1,is a compassionate person,8,7
21,Ava,5,1,is female,9,7
21,Ava,5,1,regularly drinks coffee,10,7
21,Ava,5,1,did her annual car maintenance,11,2
21,Ava,5,1,drove under the speed limit,12,2
21,Ava,5,1,listened to the radio while driving,13,2
21,Ava,5,1,was startled by the deer,14,7
21,Ava,5,1,slammed the brakes after seeing the deer,15,7
21,Qian,6,0,is male,1,7
21,Qian,6,0,has a humorous personality,2,7
21,Qian,6,0,enjoys jazz music,3,7
21,Qian,6,0,is Asian,4,7
21,Qian,6,0,can be stubborn sometimes,5,7
21,Qian,6,0,is a restaurant waiter,6,7
21,Qian,6,0,enjoys watching sports,7,7
21,Qian,6,0,does not smoke,8,7
21,Qian,6,0,is hard-working,9,7
21,Qian,6,0,is 27 years old,10,7
21,Qian,6,0,hung out at the local bar with cousins,11,7
21,Qian,6,0,had several drinks over the course of two hours,12,7
21,Qian,6,0,was angered by Wilson's comments,13,7
21,Qian,6,0,did not talk back to Wilson,14,7
21,Qian,6,0,pushed Wilson to the ground,15,7
21,Alfred,7,1,is White,1,7
21,Alfred,7,1,is 68 years old,2,7
21,Alfred,7,1,is patriotic,3,4
21,Alfred,7,1,enjoys Italian cuisine,4,7
21,Alfred,7,1,has a calm personality,5,7
21,Alfred,7,1,enjoys fishing,6,7
21,Alfred,7,1,lives alone,7,7
21,Alfred,7,1,is male,8,7
21,Alfred,7,1,has PTSD,9,7
21,Alfred,7,1,is a veteran,10,7
21,Alfred,7,1,took the subway home,11,7
21,Alfred,7,1,was quiet on the subway,12,7
21,Alfred,7,1,got off at the same stop as Oliver,13,7
21,Alfred,7,1,heard loud drilling and yelling from the construction above,14,7
21,Alfred,7,1,physically attacked Oliver,15,7
21,Chris,8,1,has a curious personality,1,7
21,Chris,8,1,admires his father,2,7
21,Chris,8,1,weighs 70 lbs,3,7
21,Chris,8,1,is a picky eater,4,7
21,Chris,8,1,is White,5,7
21,Chris,8,1,enjoys playing hide-and-seek,6,7
21,Chris,8,1,is male,7,7
21,Chris,8,1,has an average IQ,8,7
21,Chris,8,1,enjoys swimming,9,7
21,Chris,8,1,is 10 years old,10,7
21,Chris,8,1,invited friends over to play,11,7
21,Chris,8,1,hid in the hall closet,12,7
21,Chris,8,1,found the key in his father's jacket pocket,13,7
21,Chris,8,1,opened the gun cabinet with the key,14,7
21,Chris,8,1,picked up a pistol to play with,15,7
21,Edward,9,1,is a studious person,1,7
21,Edward,9,1,is male,2,7
21,Edward,9,1,is an ambitious person,3,7
21,Edward,9,1,is 24 years old,4,7
21,Edward,9,1,is a clinical research assistant,5,7
21,Edward,9,1,is White,6,7
21,Edward,9,1,enjoys reading science fiction,7,7
21,Edward,9,1,enjoys browsing Twitter,8,7
21,Edward,9,1,is an experienced driver,9,7
21,Edward,9,1,is single,10,7
21,Edward,9,1,did not mute phone notifications while driving,11,7
21,Edward,9,1,was not speeding,12,4
21,Edward,9,1,checked that there were no other cars nearby,13,7
21,Edward,9,1,took a peek at the text,14,6
21,Edward,9,1,veered into the cyclist while reading the text,15,7
21,Darla,10,0,enjoys cooking,1,7
21,Darla,10,0,runs a home daycare business,2,7
21,Darla,10,0,has worked with Pamela for many years,3,7
21,Darla,10,0,is 32 years old,4,7
21,Darla,10,0,communicates and interacts well with children,5,7
21,Darla,10,0,has an absent-minded personality,6,7
21,Darla,10,0,is nearsighted,7,7
21,Darla,10,0,is female,8,7
21,Darla,10,0,has a laid-back personality,9,7
21,Darla,10,0,is Black,10,7
21,Darla,10,0,lives in a tornado-affected area,11,7
21,Darla,10,0,played games with the children,12,7
21,Darla,10,0,played loud upbeat music with the children,13,7
21,Darla,10,0,focused on the children,14,7
21,Darla,10,0,did not hear the tornado sirens,15,7
21,Flora,11,1,is Asian,1,7
21,Flora,11,1,is legally blind,2,7
21,Flora,11,1,is an early riser,3,7
21,Flora,11,1,uses a white cane to guide herself,4,7
21,Flora,11,1,enjoys gardening,5,7
21,Flora,11,1,is an empathetic person,6,7
21,Flora,11,1,is 32 years old,7,7
21,Flora,11,1,is female,8,7
21,Flora,11,1,composes music in her free time,9,7
21,Flora,11,1,is a counselor,10,7
21,Flora,11,1,went to a neighbor's house for dinner,11,7
21,Flora,11,1,used her white cane while walking home,12,7
21,Flora,11,1,did not call for help,13,4
21,Flora,11,1,her white cane slipped between Paul's legs,14,7
21,Flora,11,1,stepped on Paul's torso,15,5
22,Chris,1,1,enjoys swimming,1,4
22,Chris,1,1,is a picky eater,2,4
22,Chris,1,1,admires his father,3,7
22,Chris,1,1,weighs 70 lbs,4,7
22,Chris,1,1,enjoys playing hide-and-seek,5,7
22,Chris,1,1,is White,6,7
22,Chris,1,1,has an average IQ,7,7
22,Chris,1,1,is male,8,7
22,Chris,1,1,is 10 years old,9,7
22,Chris,1,1,has a curious personality,10,7
22,Chris,1,1,invited friends over to play,11,7
22,Chris,1,1,hid in the hall closet,12,7
22,Chris,1,1,found the key in his father's jacket pocket,13,7
22,Chris,1,1,opened the gun cabinet with the key,14,4
22,Chris,1,1,picked up a pistol to play with,15,4
22,Tristan,2,1,is a cardiologist,1,7
22,Tristan,2,1,can be impatient sometimes,2,7
22,Tristan,2,1,has worked for over ten years at the same hospital,3,7
22,Tristan,2,1,is 43 years old,4,7
22,Tristan,2,1,is Black,5,7
22,Tristan,2,1,can be opinionated sometimes,6,7
22,Tristan,2,1,is male,7,7
22,Tristan,2,1,is extroverted and outgoing,8,6
22,Tristan,2,1,enjoys listening to country music,9,4
22,Tristan,2,1,is Christian,10,7
22,Tristan,2,1,reviewed Annie's medical history and symptoms,11,7
22,Tristan,2,1,checked Annie's vitals,12,7
22,Tristan,2,1,ordered Annie an electrocardiogram (ECG/EKG),13,7
22,Tristan,2,1,did not order any other heart tests,14,4
22,Tristan,2,1,did not order a mammogram,15,4
22,Julia,3,0,is 19 years old,1,7
22,Julia,3,0,can be sensitive sometimes,2,7
22,Julia,3,0,is multiracial,3,7
22,Julia,3,0,has asthma,4,5
22,Julia,3,0,studies psychology,5,4
22,Julia,3,0,is female,6,7
22,Julia,3,0,is a courteous person,7,7
22,Julia,3,0,enjoys watching TV shows,8,7
22,Julia,3,0,is a college student,9,7
22,Julia,3,0,babysits on the weekends,10,6
22,Julia,3,0,read children's books with Benji,11,7
22,Julia,3,0,picked up her partner's call while filling the bathtub,12,5
22,Julia,3,0,felt hurt after learning about the cheating,13,7
22,Julia,3,0,left the bathroom to talk to her partner,14,4
22,Julia,3,0,sat for a few minutes after hanging up,15,4
22,Edward,4,1,is a studious person,1,7
22,Edward,4,1,is single,2,7
22,Edward,4,1,enjoys browsing Twitter,3,7
22,Edward,4,1,is 24 years old,4,7
22,Edward,4,1,is male,5,7
22,Edward,4,1,is an experienced driver,6,7
22,Edward,4,1,enjoys reading science fiction,7,5
22,Edward,4,1,is White,8,7
22,Edward,4,1,is a clinical research assistant,9,5
22,Edward,4,1,is an ambitious person,10,5
22,Edward,4,1,did not mute phone notifications while driving,11,4
22,Edward,4,1,was not speeding,12,7
22,Edward,4,1,checked that there were no other cars nearby,13,7
22,Edward,4,1,took a peek at the text,14,4
22,Edward,4,1,veered into the cyclist while reading the text,15,3
22,Alfred,5,1,has a calm personality,1,7
22,Alfred,5,1,is patriotic,2,7
22,Alfred,5,1,lives alone,3,7
22,Alfred,5,1,is male,4,7
22,Alfred,5,1,is 68 years old,5,7
22,Alfred,5,1,enjoys Italian cuisine,6,7
22,Alfred,5,1,is White,7,7
22,Alfred,5,1,has PTSD,8,4
22,Alfred,5,1,enjoys fishing,9,7
22,Alfred,5,1,is a veteran,10,7
22,Alfred,5,1,took the subway home,11,6
22,Alfred,5,1,was quiet on the subway,12,7
22,Alfred,5,1,got off at the same stop as Oliver,13,7
22,Alfred,5,1,heard loud drilling and yelling from the construction above,14,5
22,Alfred,5,1,physically attacked Oliver,15,3
22,Ava,6,1,is a compassionate person,1,7
22,Ava,6,1,is female,2,7
22,Ava,6,1,is an artist,3,5
22,Ava,6,1,has been friends with Peter for many years,4,7
22,Ava,6,1,has a peanut allergy,5,5
22,Ava,6,1,enjoys going to music concerts,6,5
22,Ava,6,1,often drives Peter to appointments and errands,7,7
22,Ava,6,1,regularly drinks coffee,8,7
22,Ava,6,1,is 26 years old,9,7
22,Ava,6,1,is Native American,10,3
22,Ava,6,1,did her annual car maintenance,11,7
22,Ava,6,1,drove under the speed limit,12,7
22,Ava,6,1,listened to the radio while driving,13,7
22,Ava,6,1,was startled by the deer,14,7
22,Ava,6,1,slammed the brakes after seeing the deer,15,7
22,Darla,7,0,has a laid-back personality,1,7
22,Darla,7,0,is 32 years old,2,7
22,Darla,7,0,has worked with Pamela for many years,3,7
22,Darla,7,0,is nearsighted,4,7
22,Darla,7,0,communicates and interacts well with children,5,7
22,Darla,7,0,runs a home daycare business,6,4
22,Darla,7,0,enjoys cooking,7,5
22,Darla,7,0,is female,8,7
22,Darla,7,0,is Black,9,7
22,Darla,7,0,has an absent-minded personality,10,4
22,Darla,7,0,lives in a tornado-affected area,11,4
22,Darla,7,0,played games with the children,12,7
22,Darla,7,0,played loud upbeat music with the children,13,3
22,Darla,7,0,focused on the children,14,7
22,Darla,7,0,did not hear the tornado sirens,15,4
22,Nadia,8,0,is 34 years old,1,7
22,Nadia,8,0,is White,2,7
22,Nadia,8,0,is female,3,7
22,Nadia,8,0,attended couples therapy years ago,4,7
22,Nadia,8,0,collects vinyl records,5,5
22,Nadia,8,0,has red hair,6,4
22,Nadia,8,0,enjoys oil painting,7,4
22,Nadia,8,0,is an organized person,8,7
22,Nadia,8,0,is a timid person,9,7
22,Nadia,8,0,is a software engineer,10,4
22,Nadia,8,0,went to the emergency room for bruises,11,3
22,Nadia,8,0,did not seek help after the emergency room incident,12,4
22,Nadia,8,0,was scared when Franklin screamed,13,4
22,Nadia,8,0,grabbed the revolver,14,4
22,Nadia,8,0,shot Franklin with the revolver,15,4
22,Flora,9,1,enjoys gardening,1,7
22,Flora,9,1,is female,2,7
22,Flora,9,1,is legally blind,3,2
22,Flora,9,1,composes music in her free time,4,2
22,Flora,9,1,is an empathetic person,5,7
22,Flora,9,1,is 32 years old,6,7
22,Flora,9,1,uses a white cane to guide herself,7,7
22,Flora,9,1,is a counselor,8,4
22,Flora,9,1,is Asian,9,4
22,Flora,9,1,is an early riser,10,7
22,Flora,9,1,went to a neighbor's house for dinner,11,4
22,Flora,9,1,used her white cane while walking home,12,4
22,Flora,9,1,did not call for help,13,3
22,Flora,9,1,her white cane slipped between Paul's legs,14,4
22,Flora,9,1,stepped on Paul's torso,15,4
22,Melvin,10,1,can be stingy sometimes,1,7
22,Melvin,10,1,is White,2,7
22,Melvin,10,1,is 45 years old,3,7
22,Melvin,10,1,grows corn,4,4
22,Melvin,10,1,has high blood pressure,5,7
22,Melvin,10,1,enjoys listening to rock music,6,5
22,Melvin,10,1,is male,7,7
22,Melvin,10,1,grows hay,8,4
22,Melvin,10,1,is a farmer,9,4
22,Melvin,10,1,has a cheerful personality,10,7
22,Melvin,10,1,built his barn near the border with Vincent's property,11,4
22,Melvin,10,1,was concerned with hayfires,12,5
22,Melvin,10,1,considered buying hay-drying equipment,13,4
22,Melvin,10,1,met with consultants,14,4
22,Melvin,10,1,decided not to buy hay-drying equipment,15,4
22,Qian,11,0,does not smoke,1,7
22,Qian,11,0,is Asian,2,5
22,Qian,11,0,is 27 years old,3,7
22,Qian,11,0,is male,4,7
22,Qian,11,0,has a humorous personality,5,7
22,Qian,11,0,is a restaurant waiter,6,7
22,Qian,11,0,enjoys jazz music,7,5
22,Qian,11,0,enjoys watching sports,8,6
22,Qian,11,0,is hard-working,9,7
22,Qian,11,0,can be stubborn sometimes,10,7
22,Qian,11,0,hung out at the local bar with cousins,11,7
22,Qian,11,0,had several drinks over the course of two hours,12,7
22,Qian,11,0,was angered by Wilson's comments,13,4
22,Qian,11,0,did not talk back to Wilson,14,4
22,Qian,11,0,pushed Wilson to the ground,15,4
23,Melvin,1,1,grows corn,1,6
23,Melvin,1,1,is 45 years old,2,6
23,Melvin,1,1,is male,3,6
23,Melvin,1,1,can be stingy sometimes,4,5
23,Melvin,1,1,has high blood pressure,5,3
23,Melvin,1,1,is a farmer,6,5
23,Melvin,1,1,is White,7,6
23,Melvin,1,1,enjoys listening to rock music,8,7
23,Melvin,1,1,has a cheerful personality,9,5
23,Melvin,1,1,grows hay,10,3
23,Melvin,1,1,built his barn near the border with Vincent's property,11,4
23,Melvin,1,1,was concerned with hayfires,12,5
23,Melvin,1,1,considered buying hay-drying equipment,13,5
23,Melvin,1,1,met with consultants,14,3
23,Melvin,1,1,decided not to buy hay-drying equipment,15,5
23,Ava,2,1,regularly drinks coffee,1,7
23,Ava,2,1,enjoys going to music concerts,2,7
23,Ava,2,1,has been friends with Peter for many years,3,2
23,Ava,2,1,has a peanut allergy,4,3
23,Ava,2,1,is a compassionate person,5,5
23,Ava,2,1,is Native American,6,6
23,Ava,2,1,is 26 years old,7,6
23,Ava,2,1,is an artist,8,3
23,Ava,2,1,is female,9,5
23,Ava,2,1,often drives Peter to appointments and errands,10,1
23,Ava,2,1,did her annual car maintenance,11,5
23,Ava,2,1,drove under the speed limit,12,4
23,Ava,2,1,listened to the radio while driving,13,6
23,Ava,2,1,was startled by the deer,14,7
23,Ava,2,1,slammed the brakes after seeing the deer,15,6
23,Edward,3,1,is male,1,5
23,Edward,3,1,enjoys browsing Twitter,2,6
23,Edward,3,1,is a studious person,3,5
23,Edward,3,1,is an experienced driver,4,6
23,Edward,3,1,is 24 years old,5,6
23,Edward,3,1,is White,6,6
23,Edward,3,1,is an ambitious person,7,5
23,Edward,3,1,enjoys reading science fiction,8,3
23,Edward,3,1,is a clinical research assistant,9,3
23,Edward,3,1,is single,10,6
23,Edward,3,1,did not mute phone notifications while driving,11,7
23,Edward,3,1,was not speeding,12,5
23,Edward,3,1,checked that there were no other cars nearby,13,6
23,Edward,3,1,took a peek at the text,14,5
23,Edward,3,1,veered into the cyclist while reading the text,15,2
23,Julia,4,0,is a courteous person,1,6
23,Julia,4,0,babysits on the weekends,2,5
23,Julia,4,0,studies psychology,3,5
23,Julia,4,0,is female,4,5
23,Julia,4,0,is multiracial,5,3
23,Julia,4,0,can be sensitive sometimes,6,7
23,Julia,4,0,is a college student,7,6
23,Julia,4,0,is 19 years old,8,6
23,Julia,4,0,has asthma,9,3
23,Julia,4,0,enjoys watching TV shows,10,7
23,Julia,4,0,read children's books with Benji,11,7
23,Julia,4,0,picked up her partner's call while filling the bathtub,12,5
23,Julia,4,0,felt hurt after learning about the cheating,13,7
23,Julia,4,0,left the bathroom to talk to her partner,14,3
23,Julia,4,0,sat for a few minutes after hanging up,15,2
23,Alfred,5,1,has PTSD,1,2
23,Alfred,5,1,enjoys fishing,2,6
23,Alfred,5,1,is a veteran,3,3
23,Alfred,5,1,has a calm personality,4,6
23,Alfred,5,1,is patriotic,5,5
23,Alfred,5,1,is 68 years old,6,6
23,Alfred,5,1,lives alone,7,5
23,Alfred,5,1,is male,8,5
23,Alfred,5,1,enjoys Italian cuisine,9,6
23,Alfred,5,1,is White,10,5
23,Alfred,5,1,took the subway home,11,6
23,Alfred,5,1,was quiet on the subway,12,6
23,Alfred,5,1,got off at the same stop as Oliver,13,6
23,Alfred,5,1,heard loud drilling and yelling from the construction above,14,6
23,Alfred,5,1,physically attacked Oliver,15,1
23,Flora,6,1,is 32 years old,1,5
23,Flora,6,1,is female,2,5
23,Flora,6,1,is an early riser,3,3
23,Flora,6,1,is Asian,4,5
23,Flora,6,1,is a counselor,5,3
23,Flora,6,1,enjoys gardening,6,3
23,Flora,6,1,is legally blind,7,2
23,Flora,6,1,uses a white cane to guide herself,8,2
23,Flora,6,1,composes music in her free time,9,3
23,Flora,6,1,is an empathetic person,10,5
23,Flora,6,1,went to a neighbor's house for dinner,11,5
23,Flora,6,1,used her white cane while walking home,12,5
23,Flora,6,1,did not call for help,13,6
23,Flora,6,1,her white cane slipped between Paul's legs,14,5
23,Flora,6,1,stepped on Paul's torso,15,3
23,Qian,7,0,has a humorous personality,1,6
23,Qian,7,0,enjoys watching sports,2,6
23,Qian,7,0,is hard-working,3,5
23,Qian,7,0,is a restaurant waiter,4,5
23,Qian,7,0,does not smoke,5,6
23,Qian,7,0,is male,6,5
23,Qian,7,0,is Asian,7,5
23,Qian,7,0,can be stubborn sometimes,8,5
23,Qian,7,0,is 27 years old,9,5
23,Qian,7,0,enjoys jazz music,10,5
23,Qian,7,0,hung out at the local bar with cousins,11,3
23,Qian,7,0,had several drinks over the course of two hours,12,6
23,Qian,7,0,was angered by Wilson's comments,13,7
23,Qian,7,0,did not talk back to Wilson,14,5
23,Qian,7,0,pushed Wilson to the ground,15,3
23,Nadia,8,0,collects vinyl records,1,3
23,Nadia,8,0,enjoys oil painting,2,3
23,Nadia,8,0,is a timid person,3,5
23,Nadia,8,0,is White,4,5
23,Nadia,8,0,is 34 years old,5,5
23,Nadia,8,0,is female,6,5
23,Nadia,8,0,has red hair,7,3
23,Nadia,8,0,is an organized person,8,5
23,Nadia,8,0,is a software engineer,9,3
23,Nadia,8,0,attended couples therapy years ago,10,3
23,Nadia,8,0,went to the emergency room for bruises,11,2
23,Nadia,8,0,did not seek help after the emergency room incident,12,5
23,Nadia,8,0,was scared when Franklin screamed,13,7
23,Nadia,8,0,grabbed the revolver,14,6
23,Nadia,8,0,shot Franklin with the revolver,15,6
23,Chris,9,1,is a picky eater,1,6
23,Chris,9,1,has an average IQ,2,7
23,Chris,9,1,is White,3,5
23,Chris,9,1,is 10 years old,4,5
23,Chris,9,1,has a curious personality,5,6
23,Chris,9,1,admires his father,6,6
23,Chris,9,1,enjoys playing hide-and-seek,7,7
23,Chris,9,1,is male,8,5
23,Chris,9,1,weighs 70 lbs,9,5
23,Chris,9,1,enjoys swimming,10,6
23,Chris,9,1,invited friends over to play,11,7
23,Chris,9,1,hid in the hall closet,12,6
23,Chris,9,1,found the key in his father's jacket pocket,13,6
23,Chris,9,1,opened the gun cabinet with the key,14,5
23,Chris,9,1,picked up a pistol to play with,15,6
23,Tristan,10,1,has worked for over ten years at the same hospital,1,6
23,Tristan,10,1,is male,2,5
23,Tristan,10,1,is a cardiologist,3,3
23,Tristan,10,1,is Black,4,5
23,Tristan,10,1,is extroverted and outgoing,5,6
23,Tristan,10,1,is Christian,6,5
23,Tristan,10,1,can be impatient sometimes,7,5
23,Tristan,10,1,is 43 years old,8,5
23,Tristan,10,1,enjoys listening to country music,9,3
23,Tristan,10,1,can be opinionated sometimes,10,5
23,Tristan,10,1,reviewed Annie's medical history and symptoms,11,6
23,Tristan,10,1,checked Annie's vitals,12,6
23,Tristan,10,1,ordered Annie an electrocardiogram (ECG/EKG),13,6
23,Tristan,10,1,did not order any other heart tests,14,3
23,Tristan,10,1,did not order a mammogram,15,3
23,Darla,11,0,has a laid-back personality,1,6
23,Darla,11,0,runs a home daycare business,2,3
23,Darla,11,0,communicates and interacts well with children,3,5
23,Darla,11,0,has an absent-minded personality,4,5
23,Darla,11,0,is nearsighted,5,3
23,Darla,11,0,is female,6,5
23,Darla,11,0,enjoys cooking,7,5
23,Darla,11,0,is Black,8,5
23,Darla,11,0,is 32 years old,9,5
23,Darla,11,0,has worked with Pamela for many years,10,5
23,Darla,11,0,lives in a tornado-affected area,11,5
23,Darla,11,0,played games with the children,12,6
23,Darla,11,0,played loud upbeat music with the children,13,6
23,Darla,11,0,focused on the children,14,6
23,Darla,11,0,did not hear the tornado sirens,15,2
24,Melvin,1,1,has high blood pressure,1,7
24,Melvin,1,1,can be stingy sometimes,2,7
24,Melvin,1,1,is White,3,7
24,Melvin,1,1,grows hay,4,6
24,Melvin,1,1,enjoys listening to rock music,5,7
24,Melvin,1,1,has a cheerful personality,6,7
24,Melvin,1,1,grows corn,7,6
24,Melvin,1,1,is a farmer,8,6
24,Melvin,1,1,is 45 years old,9,7
24,Melvin,1,1,is male,10,7
24,Melvin,1,1,built his barn near the border with Vincent's property,11,5
24,Melvin,1,1,was concerned with hayfires,12,6
24,Melvin,1,1,considered buying hay-drying equipment,13,6
24,Melvin,1,1,met with consultants,14,6
24,Melvin,1,1,decided not to buy hay-drying equipment,15,5
24,Darla,2,0,enjoys cooking,1,7
24,Darla,2,0,is nearsighted,2,7
24,Darla,2,0,communicates and interacts well with children,3,7
24,Darla,2,0,has a laid-back personality,4,7
24,Darla,2,0,has an absent-minded personality,5,7
24,Darla,2,0,runs a home daycare business,6,6
24,Darla,2,0,is 32 years old,7,7
24,Darla,2,0,is female,8,7
24,Darla,2,0,is Black,9,7
24,Darla,2,0,has worked with Pamela for many years,10,7
24,Darla,2,0,lives in a tornado-affected area,11,6
24,Darla,2,0,played games with the children,12,6
24,Darla,2,0,played loud upbeat music with the children,13,6
24,Darla,2,0,focused on the children,14,6
24,Darla,2,0,did not hear the tornado sirens,15,5
24,Tristan,3,1,is male,1,7
24,Tristan,3,1,is a cardiologist,2,6
24,Tristan,3,1,is Black,3,7
24,Tristan,3,1,can be opinionated sometimes,4,7
24,Tristan,3,1,is 43 years old,5,7
24,Tristan,3,1,is extroverted and outgoing,6,7
24,Tristan,3,1,enjoys listening to country music,7,7
24,Tristan,3,1,is Christian,8,7
24,Tristan,3,1,has worked for over ten years at the same hospital,9,6
24,Tristan,3,1,can be impatient sometimes,10,7
24,Tristan,3,1,reviewed Annie's medical history and symptoms,11,7
24,Tristan,3,1,checked Annie's vitals,12,7
24,Tristan,3,1,ordered Annie an electrocardiogram (ECG/EKG),13,7
24,Tristan,3,1,did not order any other heart tests,14,4
24,Tristan,3,1,did not order a mammogram,15,6
24,Edward,4,1,is a studious person,1,7
24,Edward,4,1,is a clinical research assistant,2,6
24,Edward,4,1,is White,3,7
24,Edward,4,1,enjoys browsing Twitter,4,7
24,Edward,4,1,is an experienced driver,5,7
24,Edward,4,1,is 24 years old,6,7
24,Edward,4,1,is an ambitious person,7,7
24,Edward,4,1,is male,8,7
24,Edward,4,1,is single,9,7
24,Edward,4,1,enjoys reading science fiction,10,7
24,Edward,4,1,did not mute phone notifications while driving,11,7
24,Edward,4,1,was not speeding,12,7
24,Edward,4,1,checked that there were no other cars nearby,13,7
24,Edward,4,1,took a peek at the text,14,6
24,Edward,4,1,veered into the cyclist while reading the text,15,4
24,Nadia,5,0,is female,1,7
24,Nadia,5,0,attended couples therapy years ago,2,6
24,Nadia,5,0,collects vinyl records,3,6
24,Nadia,5,0,is a software engineer,4,6
24,Nadia,5,0,is White,5,7
24,Nadia,5,0,is an organized person,6,7
24,Nadia,5,0,enjoys oil painting,7,6
24,Nadia,5,0,has red hair,8,7
24,Nadia,5,0,is 34 years old,9,7
24,Nadia,5,0,is a timid person,10,7
24,Nadia,5,0,went to the emergency room for bruises,11,5
24,Nadia,5,0,did not seek help after the emergency room incident,12,6
24,Nadia,5,0,was scared when Franklin screamed,13,7
24,Nadia,5,0,grabbed the revolver,14,6
24,Nadia,5,0,shot Franklin with the revolver,15,5
24,Qian,6,0,is a restaurant waiter,1,6
24,Qian,6,0,is male,2,7
24,Qian,6,0,enjoys jazz music,3,7
24,Qian,6,0,does not smoke,4,7
24,Qian,6,0,is 27 years old,5,7
24,Qian,6,0,enjoys watching sports,6,7
24,Qian,6,0,can be stubborn sometimes,7,7
24,Qian,6,0,is hard-working,8,7
24,Qian,6,0,is Asian,9,7
24,Qian,6,0,has a humorous personality,10,7
24,Qian,6,0,hung out at the local bar with cousins,11,7
24,Qian,6,0,had several drinks over the course of two hours,12,7
24,Qian,6,0,was angered by Wilson's comments,13,7
24,Qian,6,0,did not talk back to Wilson,14,6
24,Qian,6,0,pushed Wilson to the ground,15,6
24,Alfred,7,1,enjoys fishing,1,7
24,Alfred,7,1,has PTSD,2,6
24,Alfred,7,1,is male,3,7
24,Alfred,7,1,is a veteran,4,6
24,Alfred,7,1,is 68 years old,5,7
24,Alfred,7,1,is White,6,7
24,Alfred,7,1,is patriotic,7,7
24,Alfred,7,1,lives alone,8,7
24,Alfred,7,1,has a calm personality,9,7
24,Alfred,7,1,enjoys Italian cuisine,10,7
24,Alfred,7,1,took the subway home,11,7
24,Alfred,7,1,was quiet on the subway,12,7
24,Alfred,7,1,got off at the same stop as Oliver,13,6
24,Alfred,7,1,heard loud drilling and yelling from the construction above,14,7
24,Alfred,7,1,physically attacked Oliver,15,5
24,Julia,8,0,is a college student,1,7
24,Julia,8,0,can be sensitive sometimes,2,7
24,Julia,8,0,is multiracial,3,7
24,Julia,8,0,is 19 years old,4,7
24,Julia,8,0,has asthma,5,7
24,Julia,8,0,studies psychology,6,6
24,Julia,8,0,enjoys watching TV shows,7,7
24,Julia,8,0,babysits on the weekends,8,6
24,Julia,8,0,is a courteous person,9,7
24,Julia,8,0,is female,10,7
24,Julia,8,0,read children's books with Benji,11,7
24,Julia,8,0,picked up her partner's call while filling the bathtub,12,6
24,Julia,8,0,felt hurt after learning about the cheating,13,7
24,Julia,8,0,left the bathroom to talk to her partner,14,6
24,Julia,8,0,sat for a few minutes after hanging up,15,6
24,Flora,9,1,is a counselor,1,6
24,Flora,9,1,is female,2,7
24,Flora,9,1,enjoys gardening,3,7
24,Flora,9,1,is 32 years old,4,7
24,Flora,9,1,is Asian,5,7
24,Flora,9,1,is an empathetic person,6,7
24,Flora,9,1,composes music in her free time,7,6
24,Flora,9,1,is legally blind,8,6
24,Flora,9,1,uses a white cane to guide herself,9,7
24,Flora,9,1,is an early riser,10,7
24,Flora,9,1,went to a neighbor's house for dinner,11,7
24,Flora,9,1,used her white cane while walking home,12,7
24,Flora,9,1,did not call for help,13,6
24,Flora,9,1,her white cane slipped between Paul's legs,14,6
24,Flora,9,1,stepped on Paul's torso,15,6
24,Ava,10,1,is 26 years old,1,7
24,Ava,10,1,enjoys going to music concerts,2,7
24,Ava,10,1,regularly drinks coffee,3,7
24,Ava,10,1,often drives Peter to appointments and errands,4,6
24,Ava,10,1,is female,5,7
24,Ava,10,1,has been friends with Peter for many years,6,7
24,Ava,10,1,is a compassionate person,7,7
24,Ava,10,1,is an artist,8,7
24,Ava,10,1,is Native American,9,7
24,Ava,10,1,has a peanut allergy,10,7
24,Ava,10,1,did her annual car maintenance,11,7
24,Ava,10,1,drove under the speed limit,12,6
24,Ava,10,1,listened to the radio while driving,13,7
24,Ava,10,1,was startled by the deer,14,7
24,Ava,10,1,slammed the brakes after seeing the deer,15,7
24,Chris,11,1,weighs 70 lbs,1,7
24,Chris,11,1,is a picky eater,2,7
24,Chris,11,1,has an average IQ,3,7
24,Chris,11,1,is 10 years old,4,7
24,Chris,11,1,has a curious personality,5,7
24,Chris,11,1,admires his father,6,7
24,Chris,11,1,is male,7,7
24,Chris,11,1,enjoys swimming,8,7
24,Chris,11,1,is White,9,7
24,Chris,11,1,enjoys playing hide-and-seek,10,7
24,Chris,11,1,invited friends over to play,11,7
24,Chris,11,1,hid in the hall closet,12,7
24,Chris,11,1,found the key in his father's jacket pocket,13,6
24,Chris,11,1,opened the gun cabinet with the key,14,6
24,Chris,11,1,picked up a pistol to play with,15,6
25,Edward,1,1,is a clinical research assistant,1,6
25,Edward,1,1,is a studious person,2,6
25,Edward,1,1,is 24 years old,3,6
25,Edward,1,1,enjoys browsing Twitter,4,5
25,Edward,1,1,enjoys reading science fiction,5,5
25,Edward,1,1,is an experienced driver,6,6
25,Edward,1,1,is an ambitious person,7,6
25,Edward,1,1,is male,8,7
25,Edward,1,1,is single,9,6
25,Edward,1,1,is White,10,5
25,Edward,1,1,did not mute phone notifications while driving,11,5
25,Edward,1,1,was not speeding,12,5
25,Edward,1,1,checked that there were no other cars nearby,13,5
25,Edward,1,1,took a peek at the text,14,5
25,Edward,1,1,veered into the cyclist while reading the text,15,3
25,Melvin,2,1,is White,1,5
25,Melvin,2,1,grows corn,2,3
25,Melvin,2,1,is male,3,5
25,Melvin,2,1,grows hay,4,4
25,Melvin,2,1,has high blood pressure,5,5
25,Melvin,2,1,can be stingy sometimes,6,5
25,Melvin,2,1,has a cheerful personality,7,5
25,Melvin,2,1,enjoys listening to rock music,8,5
25,Melvin,2,1,is a farmer,9,4
25,Melvin,2,1,is 45 years old,10,5
25,Melvin,2,1,built his barn near the border with Vincent's property,11,5
25,Melvin,2,1,was concerned with hayfires,12,5
25,Melvin,2,1,considered buying hay-drying equipment,13,5
25,Melvin,2,1,met with consultants,14,4
25,Melvin,2,1,decided not to buy hay-drying equipment,15,4
25,Ava,3,1,regularly drinks coffee,1,6
25,Ava,3,1,has been friends with Peter for many years,2,6
25,Ava,3,1,has a peanut allergy,3,4
25,Ava,3,1,often drives Peter to appointments and errands,4,5
25,Ava,3,1,is an artist,5,5
25,Ava,3,1,is 26 years old,6,6
25,Ava,3,1,is Native American,7,4
25,Ava,3,1,is a compassionate person,8,6
25,Ava,3,1,is female,9,6
25,Ava,3,1,enjoys going to music concerts,10,5
25,Ava,3,1,did her annual car maintenance,11,5
25,Ava,3,1,drove under the speed limit,12,4
25,Ava,3,1,listened to the radio while driving,13,5
25,Ava,3,1,was startled by the deer,14,7
25,Ava,3,1,slammed the brakes after seeing the deer,15,6
25,Alfred,4,1,has PTSD,1,4
25,Alfred,4,1,is patriotic,2,5
25,Alfred,4,1,lives alone,3,5
25,Alfred,4,1,enjoys fishing,4,5
25,Alfred,4,1,is White,5,6
25,Alfred,4,1,has a calm personality,6,6
25,Alfred,4,1,is male,7,6
25,Alfred,4,1,enjoys Italian cuisine,8,5
25,Alfred,4,1,is a veteran,9,5
25,Alfred,4,1,is 68 years old,10,5
25,Alfred,4,1,took the subway home,11,5
25,Alfred,4,1,was quiet on the subway,12,6
25,Alfred,4,1,got off at the same stop as Oliver,13,5
25,Alfred,4,1,heard loud drilling and yelling from the construction above,14,6
25,Alfred,4,1,physically attacked Oliver,15,2
25,Chris,5,1,has a curious personality,1,6
25,Chris,5,1,admires his father,2,6
25,Chris,5,1,is White,3,6
25,Chris,5,1,enjoys swimming,4,5
25,Chris,5,1,has an average IQ,5,6
25,Chris,5,1,enjoys playing hide-and-seek,6,6
25,Chris,5,1,weighs 70 lbs,7,6
25,Chris,5,1,is 10 years old,8,5
25,Chris,5,1,is a picky eater,9,5
25,Chris,5,1,is male,10,6
25,Chris,5,1,invited friends over to play,11,7
25,Chris,5,1,hid in the hall closet,12,5
25,Chris,5,1,found the key in his father's jacket pocket,13,5
25,Chris,5,1,opened the gun cabinet with the key,14,4
25,Chris,5,1,picked up a pistol to play with,15,3
25,Nadia,6,0,is 34 years old,1,6
25,Nadia,6,0,is an organized person,2,6
25,Nadia,6,0,is a timid person,3,5
25,Nadia,6,0,is female,4,6
25,Nadia,6,0,is a software engineer,5,4
25,Nadia,6,0,attended couples therapy years ago,6,3
25,Nadia,6,0,is White,7,6
25,Nadia,6,0,has red hair,8,3
25,Nadia,6,0,enjoys oil painting,9,4
25,Nadia,6,0,collects vinyl records,10,4
25,Nadia,6,0,went to the emergency room for bruises,11,4
25,Nadia,6,0,did not seek help after the emergency room incident,12,4
25,Nadia,6,0,was scared when Franklin screamed,13,6
25,Nadia,6,0,grabbed the revolver,14,6
25,Nadia,6,0,shot Franklin with the revolver,15,6
25,Qian,7,0,enjoys jazz music,1,4
25,Qian,7,0,is Asian,2,4
25,Qian,7,0,enjoys watching sports,3,5
25,Qian,7,0,is 27 years old,4,6
25,Qian,7,0,is a restaurant waiter,5,5
25,Qian,7,0,can be stubborn sometimes,6,5
25,Qian,7,0,is hard-working,7,6
25,Qian,7,0,is male,8,6
25,Qian,7,0,does not smoke,9,6
25,Qian,7,0,has a humorous personality,10,5
25,Qian,7,0,hung out at the local bar with cousins,11,6
25,Qian,7,0,had several drinks over the course of two hours,12,6
25,Qian,7,0,was angered by Wilson's comments,13,7
25,Qian,7,0,did not talk back to Wilson,14,4
25,Qian,7,0,pushed Wilson to the ground,15,6
25,Flora,8,1,is an empathetic person,1,6
25,Flora,8,1,is Asian,2,5
25,Flora,8,1,is 32 years old,3,6
25,Flora,8,1,is a counselor,4,4
25,Flora,8,1,enjoys gardening,5,6
25,Flora,8,1,composes music in her free time,6,4
25,Flora,8,1,uses a white cane to guide herself,7,6
25,Flora,8,1,is female,8,6
25,Flora,8,1,is an early riser,9,4
25,Flora,8,1,is legally blind,10,3
25,Flora,8,1,went to a neighbor's house for dinner,11,6
25,Flora,8,1,used her white cane while walking home,12,6
25,Flora,8,1,did not call for help,13,3
25,Flora,8,1,her white cane slipped between Paul's legs,14,4
25,Flora,8,1,stepped on Paul's torso,15,4
25,Darla,9,0,is female,1,5
25,Darla,9,0,communicates and interacts well with children,2,5
25,Darla,9,0,has worked with Pamela for many years,3,5
25,Darla,9,0,enjoys cooking,4,5
25,Darla,9,0,is 32 years old,5,5
25,Darla,9,0,runs a home daycare business,6,3
25,Darla,9,0,is Black,7,5
25,Darla,9,0,is nearsighted,8,6
25,Darla,9,0,has a laid-back personality,9,6
25,Darla,9,0,has an absent-minded personality,10,5
25,Darla,9,0,lives in a tornado-affected area,11,5
25,Darla,9,0,played games with the children,12,6
25,Darla,9,0,played loud upbeat music with the children,13,5
25,Darla,9,0,focused on the children,14,7
25,Darla,9,0,did not hear the tornado sirens,15,5
25,Tristan,10,1,is Black,1,5
25,Tristan,10,1,has worked for over ten years at the same hospital,2,6
25,Tristan,10,1,is Christian,3,5
25,Tristan,10,1,is extroverted and outgoing,4,5
25,Tristan,10,1,is a cardiologist,5,3
25,Tristan,10,1,is 43 years old,6,5
25,Tristan,10,1,enjoys listening to country music,7,4
25,Tristan,10,1,can be opinionated sometimes,8,5
25,Tristan,10,1,can be impatient sometimes,9,5
25,Tristan,10,1,is male,10,5
25,Tristan,10,1,reviewed Annie's medical history and symptoms,11,6
25,Tristan,10,1,checked Annie's vitals,12,7
25,Tristan,10,1,ordered Annie an electrocardiogram (ECG/EKG),13,6
25,Tristan,10,1,did not order any other heart tests,14,4
25,Tristan,10,1,did not order a mammogram,15,5
25,Julia,11,0,is a college student,1,6
25,Julia,11,0,is a courteous person,2,5
25,Julia,11,0,enjoys watching TV shows,3,6
25,Julia,11,0,studies psychology,4,5
25,Julia,11,0,babysits on the weekends,5,4
25,Julia,11,0,is female,6,6
25,Julia,11,0,can be sensitive sometimes,7,6
25,Julia,11,0,is multiracial,8,4
25,Julia,11,0,has asthma,9,4
25,Julia,11,0,is 19 years old,10,5
25,Julia,11,0,read children's books with Benji,11,6
25,Julia,11,0,picked up her partner's call while filling the bathtub,12,5
25,Julia,11,0,felt hurt after learning about the cheating,13,6
25,Julia,11,0,left the bathroom to talk to her partner,14,4
25,Julia,11,0,sat for a few minutes after hanging up,15,4
26,Chris,1,1,has a curious personality,1,7
26,Chris,1,1,weighs 70 lbs,2,6
26,Chris,1,1,is a picky eater,3,6
26,Chris,1,1,is 10 years old,4,7
26,Chris,1,1,is White,5,7
26,Chris,1,1,admires his father,6,7
26,Chris,1,1,is male,7,7
26,Chris,1,1,has an average IQ,8,7
26,Chris,1,1,enjoys playing hide-and-seek,9,7
26,Chris,1,1,enjoys swimming,10,7
26,Chris,1,1,invited friends over to play,11,7
26,Chris,1,1,hid in the hall closet,12,6
26,Chris,1,1,found the key in his father's jacket pocket,13,3
26,Chris,1,1,opened the gun cabinet with the key,14,4
26,Chris,1,1,picked up a pistol to play with,15,3
26,Ava,2,1,regularly drinks coffee,1,7
26,Ava,2,1,has a peanut allergy,2,3
26,Ava,2,1,is 26 years old,3,7
26,Ava,2,1,is female,4,7
26,Ava,2,1,is Native American,5,5
26,Ava,2,1,has been friends with Peter for many years,6,4
26,Ava,2,1,is an artist,7,5
26,Ava,2,1,is a compassionate person,8,5
26,Ava,2,1,enjoys going to music concerts,9,5
26,Ava,2,1,often drives Peter to appointments and errands,10,3
26,Ava,2,1,did her annual car maintenance,11,7
26,Ava,2,1,drove under the speed limit,12,7
26,Ava,2,1,listened to the radio while driving,13,7
26,Ava,2,1,was startled by the deer,14,7
26,Ava,2,1,slammed the brakes after seeing the deer,15,7
26,Darla,3,1,communicates and interacts well with children,1,7
26,Darla,3,1,has worked with Pamela for many years,2,7
26,Darla,3,1,enjoys cooking,3,7
26,Darla,3,1,is 32 years old,4,7
26,Darla,3,1,has an absent-minded personality,5,2
26,Darla,3,1,runs a home daycare business,6,4
26,Darla,3,1,is Black,7,7
26,Darla,3,1,has a laid-back personality,8,7
26,Darla,3,1,is nearsighted,9,4
26,Darla,3,1,is female,10,7
26,Darla,3,1,lives in a tornado-affected area,11,3
26,Darla,3,1,played games with the children,12,7
26,Darla,3,1,played loud upbeat music with the children,13,6
26,Darla,3,1,focused on the children,14,7
26,Darla,3,1,did not hear the tornado sirens,15,4
26,Qian,4,0,is hard-working,1,7
26,Qian,4,0,enjoys jazz music,2,7
26,Qian,4,0,is male,3,7
26,Qian,4,0,enjoys watching sports,4,7
26,Qian,4,0,does not smoke,5,7
26,Qian,4,0,is 27 years old,6,7
26,Qian,4,0,can be stubborn sometimes,7,5
26,Qian,4,0,is Asian,8,6
26,Qian,4,0,has a humorous personality,9,7
26,Qian,4,0,is a restaurant waiter,10,5
26,Qian,4,0,hung out at the local bar with cousins,11,4
26,Qian,4,0,had several drinks over the course of two hours,12,3
26,Qian,4,0,was angered by Wilson's comments,13,6
26,Qian,4,0,did not talk back to Wilson,14,3
26,Qian,4,0,pushed Wilson to the ground,15,2
26,Flora,5,1,is an empathetic person,1,7
26,Flora,5,1,composes music in her free time,2,7
26,Flora,5,1,uses a white cane to guide herself,3,3
26,Flora,5,1,is an early riser,4,7
26,Flora,5,1,is a counselor,5,7
26,Flora,5,1,is legally blind,6,2
26,Flora,5,1,enjoys gardening,7,7
26,Flora,5,1,is female,8,7
26,Flora,5,1,is 32 years old,9,7
26,Flora,5,1,is Asian,10,7
26,Flora,5,1,went to a neighbor's house for dinner,11,5
26,Flora,5,1,used her white cane while walking home,12,3
26,Flora,5,1,did not call for help,13,4
26,Flora,5,1,her white cane slipped between Paul's legs,14,3
26,Flora,5,1,stepped on Paul's torso,15,3
26,Edward,6,1,is an ambitious person,1,7
26,Edward,6,1,enjoys reading science fiction,2,6
26,Edward,6,1,is a studious person,3,5
26,Edward,6,1,is single,4,6
26,Edward,6,1,is 24 years old,5,7
26,Edward,6,1,enjoys browsing Twitter,6,6
26,Edward,6,1,is White,7,7
26,Edward,6,1,is male,8,7
26,Edward,6,1,is a clinical research assistant,9,5
26,Edward,6,1,is an experienced driver,10,5
26,Edward,6,1,did not mute phone notifications while driving,11,6
26,Edward,6,1,was not speeding,12,7
26,Edward,6,1,checked that there were no other cars nearby,13,5
26,Edward,6,1,took a peek at the text,14,6
26,Edward,6,1,veered into the cyclist while reading the text,15,2
26,Alfred,7,1,is patriotic,1,7
26,Alfred,7,1,has PTSD,2,5
26,Alfred,7,1,lives alone,3,7
26,Alfred,7,1,is a veteran,4,4
26,Alfred,7,1,is male,5,7
26,Alfred,7,1,enjoys Italian cuisine,6,4
26,Alfred,7,1,is 68 years old,7,7
26,Alfred,7,1,has a calm personality,8,7
26,Alfred,7,1,enjoys fishing,9,7
26,Alfred,7,1,is White,10,7
26,Alfred,7,1,took the subway home,11,5
26,Alfred,7,1,was quiet on the subway,12,6
26,Alfred,7,1,got off at the same stop as Oliver,13,4
26,Alfred,7,1,heard loud drilling and yelling from the construction above,14,2
26,Alfred,7,1,physically attacked Oliver,15,1
26,Nadia,8,0,attended couples therapy years ago,1,5
26,Nadia,8,0,is White,2,7
26,Nadia,8,0,is a timid person,3,7
26,Nadia,8,0,is an organized person,4,7
26,Nadia,8,0,enjoys oil painting,5,7
26,Nadia,8,0,is female,6,7
26,Nadia,8,0,is a software engineer,7,5
26,Nadia,8,0,has red hair,8,5
26,Nadia,8,0,is 34 years old,9,7
26,Nadia,8,0,collects vinyl records,10,4
26,Nadia,8,0,went to the emergency room for bruises,11,3
26,Nadia,8,0,did not seek help after the emergency room incident,12,2
26,Nadia,8,0,was scared when Franklin screamed,13,7
26,Nadia,8,0,grabbed the revolver,14,5
26,Nadia,8,0,shot Franklin with the revolver,15,3
26,Tristan,9,1,is a cardiologist,1,4
26,Tristan,9,1,has worked for over ten years at the same hospital,2,5
26,Tristan,9,1,is male,3,7
26,Tristan,9,1,is Christian,4,4
26,Tristan,9,1,enjoys listening to country music,5,5
26,Tristan,9,1,can be impatient sometimes,6,7
26,Tristan,9,1,is Black,7,7
26,Tristan,9,1,is extroverted and outgoing,8,7
26,Tristan,9,1,can be opinionated sometimes,9,7
26,Tristan,9,1,is 43 years old,10,7
26,Tristan,9,1,reviewed Annie's medical history and symptoms,11,6
26,Tristan,9,1,checked Annie's vitals,12,6
26,Tristan,9,1,ordered Annie an electrocardiogram (ECG/EKG),13,5
26,Tristan,9,1,did not order any other heart tests,14,3
26,Tristan,9,1,did not order a mammogram,15,3
26,Melvin,10,1,grows corn,1,5
26,Melvin,10,1,is 45 years old,2,7
26,Melvin,10,1,enjoys listening to rock music,3,6
26,Melvin,10,1,is male,4,7
26,Melvin,10,1,has a cheerful personality,5,7
26,Melvin,10,1,has high blood pressure,6,5
26,Melvin,10,1,is a farmer,7,6
26,Melvin,10,1,can be stingy sometimes,8,5
26,Melvin,10,1,is White,9,7
26,Melvin,10,1,grows hay,10,4
26,Melvin,10,1,built his barn near the border with Vincent's property,11,5
26,Melvin,10,1,was concerned with hayfires,12,7
26,Melvin,10,1,considered buying hay-drying equipment,13,6
26,Melvin,10,1,met with consultants,14,5
26,Melvin,10,1,decided not to buy hay-drying equipment,15,4
26,Julia,11,0,is a college student,1,7
26,Julia,11,0,has asthma,2,5
26,Julia,11,0,babysits on the weekends,3,6
26,Julia,11,0,is 19 years old,4,7
26,Julia,11,0,enjoys watching TV shows,5,7
26,Julia,11,0,is female,6,7
26,Julia,11,0,studies psychology,7,6
26,Julia,11,0,can be sensitive sometimes,8,7
26,Julia,11,0,is a courteous person,9,7
26,Julia,11,0,is multiracial,10,5
26,Julia,11,0,read children's books with Benji,11,6
26,Julia,11,0,picked up her partner's call while filling the bathtub,12,5
26,Julia,11,0,felt hurt after learning about the cheating,13,7
26,Julia,11,0,left the bathroom to talk to her partner,14,3
26,Julia,11,0,sat for a few minutes after hanging up,15,3
27,Tristan,1,1,is a cardiologist,1,7
27,Tristan,1,1,is extroverted and outgoing,2,6
27,Tristan,1,1,has worked for over ten years at the same hospital,3,7
27,Tristan,1,1,is Black,4,7
27,Tristan,1,1,enjoys listening to country music,5,7
27,Tristan,1,1,is 43 years old,6,7
27,Tristan,1,1,is male,7,7
27,Tristan,1,1,is Christian,8,7
27,Tristan,1,1,can be impatient sometimes,9,7
27,Tristan,1,1,can be opinionated sometimes,10,7
27,Tristan,1,1,reviewed Annie's medical history and symptoms,11,7
27,Tristan,1,1,checked Annie's vitals,12,7
27,Tristan,1,1,ordered Annie an electrocardiogram (ECG/EKG),13,7
27,Tristan,1,1,did not order any other heart tests,14,3
27,Tristan,1,1,did not order a mammogram,15,6
27,Melvin,2,1,is male,1,7
27,Melvin,2,1,is 45 years old,2,7
27,Melvin,2,1,has high blood pressure,3,5
27,Melvin,2,1,grows hay,4,5
27,Melvin,2,1,has a cheerful personality,5,7
27,Melvin,2,1,grows corn,6,5
27,Melvin,2,1,can be stingy sometimes,7,5
27,Melvin,2,1,is a farmer,8,7
27,Melvin,2,1,enjoys listening to rock music,9,7
27,Melvin,2,1,is White,10,7
27,Melvin,2,1,built his barn near the border with Vincent's property,11,7
27,Melvin,2,1,was concerned with hayfires,12,7
27,Melvin,2,1,considered buying hay-drying equipment,13,6
27,Melvin,2,1,met with consultants,14,7
27,Melvin,2,1,decided not to buy hay-drying equipment,15,5
27,Nadia,3,0,attended couples therapy years ago,1,4
27,Nadia,3,0,has red hair,2,7
27,Nadia,3,0,is an organized person,3,7
27,Nadia,3,0,is 34 years old,4,7
27,Nadia,3,0,is a software engineer,5,7
27,Nadia,3,0,is a timid person,6,6
27,Nadia,3,0,is White,7,7
27,Nadia,3,0,collects vinyl records,8,6
27,Nadia,3,0,is female,9,7
27,Nadia,3,0,enjoys oil painting,10,7
27,Nadia,3,0,went to the emergency room for bruises,11,7
27,Nadia,3,0,did not seek help after the emergency room incident,12,5
27,Nadia,3,0,was scared when Franklin screamed,13,7
27,Nadia,3,0,grabbed the revolver,14,4
27,Nadia,3,0,shot Franklin with the revolver,15,4
27,Qian,4,0,is Asian,1,7
27,Qian,4,0,enjoys jazz music,2,7
27,Qian,4,0,has a humorous personality,3,7
27,Qian,4,0,is hard-working,4,7
27,Qian,4,0,does not smoke,5,7
27,Qian,4,0,is 27 years old,6,7
27,Qian,4,0,is male,7,7
27,Qian,4,0,is a restaurant waiter,8,7
27,Qian,4,0,can be stubborn sometimes,9,6
27,Qian,4,0,enjoys watching sports,10,7
27,Qian,4,0,hung out at the local bar with cousins,11,7
27,Qian,4,0,had several drinks over the course of two hours,12,5
27,Qian,4,0,was angered by Wilson's comments,13,7
27,Qian,4,0,did not talk back to Wilson,14,6
27,Qian,4,0,pushed Wilson to the ground,15,4
27,Edward,5,1,enjoys browsing Twitter,1,7
27,Edward,5,1,enjoys reading science fiction,2,7
27,Edward,5,1,is a clinical research assistant,3,6
27,Edward,5,1,is an ambitious person,4,6
27,Edward,5,1,is White,5,7
27,Edward,5,1,is male,6,7
27,Edward,5,1,is single,7,7
27,Edward,5,1,is an experienced driver,8,6
27,Edward,5,1,is a studious person,9,6
27,Edward,5,1,is 24 years old,10,7
27,Edward,5,1,did not mute phone notifications while driving,11,6
27,Edward,5,1,was not speeding,12,7
27,Edward,5,1,checked that there were no other cars nearby,13,7
27,Edward,5,1,took a peek at the text,14,7
27,Edward,5,1,veered into the cyclist while reading the text,15,7
27,Alfred,6,1,has a calm personality,1,6
27,Alfred,6,1,is a veteran,2,6
27,Alfred,6,1,is White,3,7
27,Alfred,6,1,enjoys fishing,4,7
27,Alfred,6,1,enjoys Italian cuisine,5,7
27,Alfred,6,1,is male,6,7
27,Alfred,6,1,is 68 years old,7,7
27,Alfred,6,1,lives alone,8,7
27,Alfred,6,1,has PTSD,9,5
27,Alfred,6,1,is patriotic,10,7
27,Alfred,6,1,took the subway home,11,7
27,Alfred,6,1,was quiet on the subway,12,7
27,Alfred,6,1,got off at the same stop as Oliver,13,7
27,Alfred,6,1,heard loud drilling and yelling from the construction above,14,7
27,Alfred,6,1,physically attacked Oliver,15,4
27,Ava,7,1,has a peanut allergy,1,6
27,Ava,7,1,enjoys going to music concerts,2,6
27,Ava,7,1,regularly drinks coffee,3,7
27,Ava,7,1,is a compassionate person,4,7
27,Ava,7,1,is 26 years old,5,7
27,Ava,7,1,is female,6,7
27,Ava,7,1,is Native American,7,7
27,Ava,7,1,is an artist,8,6
27,Ava,7,1,often drives Peter to appointments and errands,9,6
27,Ava,7,1,has been friends with Peter for many years,10,7
27,Ava,7,1,did her annual car maintenance,11,5
27,Ava,7,1,drove under the speed limit,12,7
27,Ava,7,1,listened to the radio while driving,13,7
27,Ava,7,1,was startled by the deer,14,7
27,Ava,7,1,slammed the brakes after seeing the deer,15,7
27,Julia,8,1,studies psychology,1,6
27,Julia,8,1,enjoys watching TV shows,2,7
27,Julia,8,1,is a courteous person,3,7
27,Julia,8,1,is a college student,4,7
27,Julia,8,1,can be sensitive sometimes,5,7
27,Julia,8,1,has asthma,6,6
27,Julia,8,1,babysits on the weekends,7,6
27,Julia,8,1,is multiracial,8,6
27,Julia,8,1,is 19 years old,9,7
27,Julia,8,1,is female,10,7
27,Julia,8,1,read children's books with Benji,11,7
27,Julia,8,1,picked up her partner's call while filling the bathtub,12,5
27,Julia,8,1,felt hurt after learning about the cheating,13,7
27,Julia,8,1,left the bathroom to talk to her partner,14,7
27,Julia,8,1,sat for a few minutes after hanging up,15,7
27,Chris,9,1,is 10 years old,1,7
27,Chris,9,1,has an average IQ,2,7
27,Chris,9,1,is male,3,7
27,Chris,9,1,is White,4,7
27,Chris,9,1,enjoys playing hide-and-seek,5,7
27,Chris,9,1,is a picky eater,6,7
27,Chris,9,1,enjoys swimming,7,7
27,Chris,9,1,weighs 70 lbs,8,7
27,Chris,9,1,admires his father,9,7
27,Chris,9,1,has a curious personality,10,7
27,Chris,9,1,invited friends over to play,11,7
27,Chris,9,1,hid in the hall closet,12,5
27,Chris,9,1,found the key in his father's jacket pocket,13,7
27,Chris,9,1,opened the gun cabinet with the key,14,6
27,Chris,9,1,picked up a pistol to play with,15,5
27,Darla,10,0,has a laid-back personality,1,7
27,Darla,10,0,is nearsighted,2,7
27,Darla,10,0,is female,3,7
27,Darla,10,0,enjoys cooking,4,7
27,Darla,10,0,is Black,5,7
27,Darla,10,0,communicates and interacts well with children,6,6
27,Darla,10,0,is 32 years old,7,7
27,Darla,10,0,runs a home daycare business,8,7
27,Darla,10,0,has worked with Pamela for many years,9,7
27,Darla,10,0,has an absent-minded personality,10,7
27,Darla,10,0,lives in a tornado-affected area,11,7
27,Darla,10,0,played games with the children,12,7
27,Darla,10,0,played loud upbeat music with the children,13,7
27,Darla,10,0,focused on the children,14,6
27,Darla,10,0,did not hear the tornado sirens,15,4
27,Flora,11,1,is 32 years old,1,7
27,Flora,11,1,uses a white cane to guide herself,2,7
27,Flora,11,1,is legally blind,3,7
27,Flora,11,1,is female,4,7
27,Flora,11,1,is Asian,5,7
27,Flora,11,1,enjoys gardening,6,7
27,Flora,11,1,is an early riser,7,7
27,Flora,11,1,composes music in her free time,8,7
27,Flora,11,1,is a counselor,9,7
27,Flora,11,1,is an empathetic person,10,7
27,Flora,11,1,went to a neighbor's house for dinner,11,6
27,Flora,11,1,used her white cane while walking home,12,7
27,Flora,11,1,did not call for help,13,5
27,Flora,11,1,her white cane slipped between Paul's legs,14,6
27,Flora,11,1,stepped on Paul's torso,15,5
28,Flora,1,1,is a counselor,1,6
28,Flora,1,1,is an early riser,2,6
28,Flora,1,1,is 32 years old,3,7
28,Flora,1,1,uses a white cane to guide herself,4,5
28,Flora,1,1,is Asian,5,6
28,Flora,1,1,is an empathetic person,6,6
28,Flora,1,1,enjoys gardening,7,6
28,Flora,1,1,is female,8,7
28,Flora,1,1,composes music in her free time,9,7
28,Flora,1,1,is legally blind,10,2
28,Flora,1,1,went to a neighbor's house for dinner,11,7
28,Flora,1,1,used her white cane while walking home,12,3
28,Flora,1,1,did not call for help,13,2
28,Flora,1,1,her white cane slipped between Paul's legs,14,2
28,Flora,1,1,stepped on Paul's torso,15,3
28,Julia,2,0,is multiracial,1,6
28,Julia,2,0,is a college student,2,6
28,Julia,2,0,can be sensitive sometimes,3,5
28,Julia,2,0,is a courteous person,4,6
28,Julia,2,0,has asthma,5,2
28,Julia,2,0,is 19 years old,6,7
28,Julia,2,0,babysits on the weekends,7,6
28,Julia,2,0,studies psychology,8,6
28,Julia,2,0,enjoys watching TV shows,9,6
28,Julia,2,0,is female,10,7
28,Julia,2,0,read children's books with Benji,11,6
28,Julia,2,0,picked up her partner's call while filling the bathtub,12,6
28,Julia,2,0,felt hurt after learning about the cheating,13,7
28,Julia,2,0,left the bathroom to talk to her partner,14,3
28,Julia,2,0,sat for a few minutes after hanging up,15,4
28,Edward,3,1,is single,1,6
28,Edward,3,1,is 24 years old,2,7
28,Edward,3,1,is a studious person,3,6
28,Edward,3,1,is White,4,7
28,Edward,3,1,is a clinical research assistant,5,6
28,Edward,3,1,enjoys reading science fiction,6,6
28,Edward,3,1,enjoys browsing Twitter,7,6
28,Edward,3,1,is male,8,7
28,Edward,3,1,is an ambitious person,9,6
28,Edward,3,1,is an experienced driver,10,6
28,Edward,3,1,did not mute phone notifications while driving,11,3
28,Edward,3,1,was not speeding,12,6
28,Edward,3,1,checked that there were no other cars nearby,13,6
28,Edward,3,1,took a peek at the text,14,3
28,Edward,3,1,veered into the cyclist while reading the text,15,1
28,Nadia,4,0,is a timid person,1,6
28,Nadia,4,0,enjoys oil painting,2,7
28,Nadia,4,0,is 34 years old,3,7
28,Nadia,4,0,is female,4,7
28,Nadia,4,0,is White,5,7
28,Nadia,4,0,is an organized person,6,6
28,Nadia,4,0,attended couples therapy years ago,7,3
28,Nadia,4,0,has red hair,8,6
28,Nadia,4,0,is a software engineer,9,7
28,Nadia,4,0,collects vinyl records,10,7
28,Nadia,4,0,went to the emergency room for bruises,11,1
28,Nadia,4,0,did not seek help after the emergency room incident,12,1
28,Nadia,4,0,was scared when Franklin screamed,13,2
28,Nadia,4,0,grabbed the revolver,14,1
28,Nadia,4,0,shot Franklin with the revolver,15,1
28,Ava,5,1,is a compassionate person,1,6
28,Ava,5,1,enjoys going to music concerts,2,7
28,Ava,5,1,has a peanut allergy,3,4
28,Ava,5,1,is Native American,4,7
28,Ava,5,1,often drives Peter to appointments and errands,5,5
28,Ava,5,1,has been friends with Peter for many years,6,7
28,Ava,5,1,is an artist,7,6
28,Ava,5,1,is 26 years old,8,7
28,Ava,5,1,is female,9,7
28,Ava,5,1,regularly drinks coffee,10,6
28,Ava,5,1,did her annual car maintenance,11,7
28,Ava,5,1,drove under the speed limit,12,3
28,Ava,5,1,listened to the radio while driving,13,6
28,Ava,5,1,was startled by the deer,14,7
28,Ava,5,1,slammed the brakes after seeing the deer,15,7
28,Qian,6,0,does not smoke,1,7
28,Qian,6,0,is a restaurant waiter,2,7
28,Qian,6,0,can be stubborn sometimes,3,5
28,Qian,6,0,is 27 years old,4,7
28,Qian,6,0,enjoys jazz music,5,6
28,Qian,6,0,is male,6,7
28,Qian,6,0,is Asian,7,7
28,Qian,6,0,has a humorous personality,8,6
28,Qian,6,0,is hard-working,9,7
28,Qian,6,0,enjoys watching sports,10,7
28,Qian,6,0,hung out at the local bar with cousins,11,7
28,Qian,6,0,had several drinks over the course of two hours,12,7
28,Qian,6,0,was angered by Wilson's comments,13,4
28,Qian,6,0,did not talk back to Wilson,14,5
28,Qian,6,0,pushed Wilson to the ground,15,3
28,Tristan,7,1,is 43 years old,1,7
28,Tristan,7,1,is a cardiologist,2,7
28,Tristan,7,1,can be opinionated sometimes,3,5
28,Tristan,7,1,is Christian,4,7
28,Tristan,7,1,is male,5,7
28,Tristan,7,1,is Black,6,7
28,Tristan,7,1,can be impatient sometimes,7,3
28,Tristan,7,1,enjoys listening to country music,8,4
28,Tristan,7,1,has worked for over ten years at the same hospital,9,6
28,Tristan,7,1,is extroverted and outgoing,10,6
28,Tristan,7,1,reviewed Annie's medical history and symptoms,11,7
28,Tristan,7,1,checked Annie's vitals,12,7
28,Tristan,7,1,ordered Annie an electrocardiogram (ECG/EKG),13,7
28,Tristan,7,1,did not order any other heart tests,14,2
28,Tristan,7,1,did not order a mammogram,15,4
28,Alfred,8,1,is patriotic,1,6
28,Alfred,8,1,is White,2,7
28,Alfred,8,1,enjoys fishing,3,7
28,Alfred,8,1,is 68 years old,4,7
28,Alfred,8,1,is a veteran,5,6
28,Alfred,8,1,has a calm personality,6,7
28,Alfred,8,1,enjoys Italian cuisine,7,7
28,Alfred,8,1,has PTSD,8,1
28,Alfred,8,1,is male,9,7
28,Alfred,8,1,lives alone,10,5
28,Alfred,8,1,took the subway home,11,7
28,Alfred,8,1,was quiet on the subway,12,7
28,Alfred,8,1,got off at the same stop as Oliver,13,7
28,Alfred,8,1,heard loud drilling and yelling from the construction above,14,4
28,Alfred,8,1,physically attacked Oliver,15,1
28,Chris,9,1,enjoys swimming,1,7
28,Chris,9,1,is 10 years old,2,7
28,Chris,9,1,has a curious personality,3,7
28,Chris,9,1,is a picky eater,4,6
28,Chris,9,1,enjoys playing hide-and-seek,5,7
28,Chris,9,1,admires his father,6,7
28,Chris,9,1,has an average IQ,7,6
28,Chris,9,1,is male,8,7
28,Chris,9,1,is White,9,7
28,Chris,9,1,weighs 70 lbs,10,7
28,Chris,9,1,invited friends over to play,11,7
28,Chris,9,1,hid in the hall closet,12,6
28,Chris,9,1,found the key in his father's jacket pocket,13,1
28,Chris,9,1,opened the gun cabinet with the key,14,3
28,Chris,9,1,picked up a pistol to play with,15,3
28,Melvin,10,1,enjoys listening to rock music,1,7
28,Melvin,10,1,is 45 years old,2,7
28,Melvin,10,1,is a farmer,3,6
28,Melvin,10,1,has high blood pressure,4,6
28,Melvin,10,1,can be stingy sometimes,5,6
28,Melvin,10,1,grows hay,6,6
28,Melvin,10,1,grows corn,7,6
28,Melvin,10,1,is White,8,7
28,Melvin,10,1,is male,9,7
28,Melvin,10,1,has a cheerful personality,10,7
28,Melvin,10,1,built his barn near the border with Vincent's property,11,5
28,Melvin,10,1,was concerned with hayfires,12,6
28,Melvin,10,1,considered buying hay-drying equipment,13,6
28,Melvin,10,1,met with consultants,14,6
28,Melvin,10,1,decided not to buy hay-drying equipment,15,6
28,Darla,11,0,is nearsighted,1,4
28,Darla,11,0,enjoys cooking,2,7
28,Darla,11,0,runs a home daycare business,3,5
28,Darla,11,0,communicates and interacts well with children,4,6
28,Darla,11,0,has worked with Pamela for many years,5,7
28,Darla,11,0,is female,6,7
28,Darla,11,0,is 32 years old,7,7
28,Darla,11,0,has an absent-minded personality,8,2
28,Darla,11,0,is Black,9,7
28,Darla,11,0,has a laid-back personality,10,6
28,Darla,11,0,lives in a tornado-affected area,11,4
28,Darla,11,0,played games with the children,12,6
28,Darla,11,0,played loud upbeat music with the children,13,6
28,Darla,11,0,focused on the children,14,6
28,Darla,11,0,did not hear the tornado sirens,15,1
29,Nadia,1,0,collects vinyl records,1,6
29,Nadia,1,0,has red hair,2,6
29,Nadia,1,0,attended couples therapy years ago,3,6
29,Nadia,1,0,is a software engineer,4,6
29,Nadia,1,0,enjoys oil painting,5,6
29,Nadia,1,0,is 34 years old,6,6
29,Nadia,1,0,is an organized person,7,6
29,Nadia,1,0,is female,8,6
29,Nadia,1,0,is a timid person,9,6
29,Nadia,1,0,is White,10,6
29,Nadia,1,0,went to the emergency room for bruises,11,3
29,Nadia,1,0,did not seek help after the emergency room incident,12,3
29,Nadia,1,0,was scared when Franklin screamed,13,6
29,Nadia,1,0,grabbed the revolver,14,4
29,Nadia,1,0,shot Franklin with the revolver,15,3
29,Melvin,2,1,is 45 years old,1,7
29,Melvin,2,1,has a cheerful personality,2,7
29,Melvin,2,1,is White,3,7
29,Melvin,2,1,grows hay,4,7
29,Melvin,2,1,is a farmer,5,7
29,Melvin,2,1,has high blood pressure,6,7
29,Melvin,2,1,grows corn,7,7
29,Melvin,2,1,is male,8,7
29,Melvin,2,1,enjoys listening to rock music,9,7
29,Melvin,2,1,can be stingy sometimes,10,6
29,Melvin,2,1,built his barn near the border with Vincent's property,11,5
29,Melvin,2,1,was concerned with hayfires,12,6
29,Melvin,2,1,considered buying hay-drying equipment,13,6
29,Melvin,2,1,met with consultants,14,6
29,Melvin,2,1,decided not to buy hay-drying equipment,15,4
29,Qian,3,0,is a restaurant waiter,1,7
29,Qian,3,0,has a humorous personality,2,7
29,Qian,3,0,is 27 years old,3,7
29,Qian,3,0,is Asian,4,7
29,Qian,3,0,enjoys watching sports,5,7
29,Qian,3,0,enjoys jazz music,6,7
29,Qian,3,0,can be stubborn sometimes,7,7
29,Qian,3,0,does not smoke,8,7
29,Qian,3,0,is hard-working,9,7
29,Qian,3,0,is male,10,7
29,Qian,3,0,hung out at the local bar with cousins,11,6
29,Qian,3,0,had several drinks over the course of two hours,12,4
29,Qian,3,0,was angered by Wilson's comments,13,7
29,Qian,3,0,did not talk back to Wilson,14,6
29,Qian,3,0,pushed Wilson to the ground,15,5
29,Chris,4,1,is White,1,7
29,Chris,4,1,enjoys playing hide-and-seek,2,7
29,Chris,4,1,is 10 years old,3,7
29,Chris,4,1,has an average IQ,4,7
29,Chris,4,1,is a picky eater,5,7
29,Chris,4,1,enjoys swimming,6,7
29,Chris,4,1,is male,7,7
29,Chris,4,1,has a curious personality,8,7
29,Chris,4,1,admires his father,9,7
29,Chris,4,1,weighs 70 lbs,10,7
29,Chris,4,1,invited friends over to play,11,7
29,Chris,4,1,hid in the hall closet,12,7
29,Chris,4,1,found the key in his father's jacket pocket,13,6
29,Chris,4,1,opened the gun cabinet with the key,14,3
29,Chris,4,1,picked up a pistol to play with,15,2
29,Darla,5,0,communicates and interacts well with children,1,7
29,Darla,5,0,has an absent-minded personality,2,6
29,Darla,5,0,has a laid-back personality,3,7
29,Darla,5,0,is female,4,7
29,Darla,5,0,enjoys cooking,5,7
29,Darla,5,0,has worked with Pamela for many years,6,6
29,Darla,5,0,runs a home daycare business,7,5
29,Darla,5,0,is Black,8,7
29,Darla,5,0,is nearsighted,9,7
29,Darla,5,0,is 32 years old,10,7
29,Darla,5,0,lives in a tornado-affected area,11,7
29,Darla,5,0,played games with the children,12,7
29,Darla,5,0,played loud upbeat music with the children,13,5
29,Darla,5,0,focused on the children,14,7
29,Darla,5,0,did not hear the tornado sirens,15,6
29,Julia,6,0,is a college student,1,7
29,Julia,6,0,is a courteous person,2,7
29,Julia,6,0,can be sensitive sometimes,3,7
29,Julia,6,0,has asthma,4,7
29,Julia,6,0,is female,5,7
29,Julia,6,0,studies psychology,6,7
29,Julia,6,0,is 19 years old,7,7
29,Julia,6,0,babysits on the weekends,8,7
29,Julia,6,0,enjoys watching TV shows,9,7
29,Julia,6,0,is multiracial,10,7
29,Julia,6,0,read children's books with Benji,11,7
29,Julia,6,0,picked up her partner's call while filling the bathtub,12,4
29,Julia,6,0,felt hurt after learning about the cheating,13,7
29,Julia,6,0,left the bathroom to talk to her partner,14,4
29,Julia,6,0,sat for a few minutes after hanging up,15,3
29,Ava,7,1,has been friends with Peter for many years,1,7
29,Ava,7,1,is 26 years old,2,7
29,Ava,7,1,has a peanut allergy,3,6
29,Ava,7,1,regularly drinks coffee,4,7
29,Ava,7,1,is a compassionate person,5,7
29,Ava,7,1,often drives Peter to appointments and errands,6,6
29,Ava,7,1,is an artist,7,7
29,Ava,7,1,is Native American,8,7
29,Ava,7,1,is female,9,7
29,Ava,7,1,enjoys going to music concerts,10,7
29,Ava,7,1,did her annual car maintenance,11,7
29,Ava,7,1,drove under the speed limit,12,6
29,Ava,7,1,listened to the radio while driving,13,7
29,Ava,7,1,was startled by the deer,14,7
29,Ava,7,1,slammed the brakes after seeing the deer,15,6
29,Edward,8,1,is 24 years old,1,7
29,Edward,8,1,is an experienced driver,2,7
29,Edward,8,1,is a clinical research assistant,3,7
29,Edward,8,1,enjoys browsing Twitter,4,7
29,Edward,8,1,is single,5,7
29,Edward,8,1,enjoys reading science fiction,6,7
29,Edward,8,1,is a studious person,7,7
29,Edward,8,1,is male,8,7
29,Edward,8,1,is White,9,7
29,Edward,8,1,is an ambitious person,10,7
29,Edward,8,1,did not mute phone notifications while driving,11,5
29,Edward,8,1,was not speeding,12,5
29,Edward,8,1,checked that there were no other cars nearby,13,5
29,Edward,8,1,took a peek at the text,14,2
29,Edward,8,1,veered into the cyclist while reading the text,15,3
29,Alfred,9,1,is patriotic,1,7
29,Alfred,9,1,is White,2,7
29,Alfred,9,1,lives alone,3,7
29,Alfred,9,1,has PTSD,4,6
29,Alfred,9,1,is a veteran,5,7
29,Alfred,9,1,is male,6,7
29,Alfred,9,1,has a calm personality,7,7
29,Alfred,9,1,enjoys fishing,8,7
29,Alfred,9,1,is 68 years old,9,7
29,Alfred,9,1,enjoys Italian cuisine,10,7
29,Alfred,9,1,took the subway home,11,7
29,Alfred,9,1,was quiet on the subway,12,7
29,Alfred,9,1,got off at the same stop as Oliver,13,7
29,Alfred,9,1,heard loud drilling and yelling from the construction above,14,7
29,Alfred,9,1,physically attacked Oliver,15,3
29,Flora,10,1,is an empathetic person,1,7
29,Flora,10,1,is 32 years old,2,7
29,Flora,10,1,uses a white cane to guide herself,3,7
29,Flora,10,1,is female,4,7
29,Flora,10,1,is an early riser,5,7
29,Flora,10,1,is legally blind,6,6
29,Flora,10,1,is a counselor,7,7
29,Flora,10,1,enjoys gardening,8,7
29,Flora,10,1,is Asian,9,7
29,Flora,10,1,composes music in her free time,10,7
29,Flora,10,1,went to a neighbor's house for dinner,11,7
29,Flora,10,1,used her white cane while walking home,12,7
29,Flora,10,1,did not call for help,13,5
29,Flora,10,1,her white cane slipped between Paul's legs,14,5
29,Flora,10,1,stepped on Paul's torso,15,5
29,Tristan,11,1,is Black,1,7
29,Tristan,11,1,is Christian,2,7
29,Tristan,11,1,is extroverted and outgoing,3,7
29,Tristan,11,1,has worked for over ten years at the same hospital,4,7
29,Tristan,11,1,can be opinionated sometimes,5,7
29,Tristan,11,1,is a cardiologist,6,7
29,Tristan,11,1,can be impatient sometimes,7,7
29,Tristan,11,1,enjoys listening to country music,8,7
29,Tristan,11,1,is 43 years old,9,7
29,Tristan,11,1,is male,10,7
29,Tristan,11,1,reviewed Annie's medical history and symptoms,11,7
29,Tristan,11,1,checked Annie's vitals,12,7
29,Tristan,11,1,ordered Annie an electrocardiogram (ECG/EKG),13,7
29,Tristan,11,1,did not order any other heart tests,14,3
29,Tristan,11,1,did not order a mammogram,15,5
30,Ava,1,1,is a compassionate person,1,7
30,Ava,1,1,has a peanut allergy,2,7
30,Ava,1,1,often drives Peter to appointments and errands,3,7
30,Ava,1,1,is 26 years old,4,7
30,Ava,1,1,is female,5,7
30,Ava,1,1,is Native American,6,7
30,Ava,1,1,regularly drinks coffee,7,7
30,Ava,1,1,has been friends with Peter for many years,8,7
30,Ava,1,1,enjoys going to music concerts,9,7
30,Ava,1,1,is an artist,10,7
30,Ava,1,1,did her annual car maintenance,11,4
30,Ava,1,1,drove under the speed limit,12,4
30,Ava,1,1,listened to the radio while driving,13,4
30,Ava,1,1,was startled by the deer,14,7
30,Ava,1,1,slammed the brakes after seeing the deer,15,7
30,Qian,2,0,is 27 years old,1,7
30,Qian,2,0,enjoys jazz music,2,7
30,Qian,2,0,is Asian,3,7
30,Qian,2,0,does not smoke,4,7
30,Qian,2,0,is male,5,7
30,Qian,2,0,is hard-working,6,7
30,Qian,2,0,is a restaurant waiter,7,7
30,Qian,2,0,has a humorous personality,8,7
30,Qian,2,0,enjoys watching sports,9,7
30,Qian,2,0,can be stubborn sometimes,10,7
30,Qian,2,0,hung out at the local bar with cousins,11,7
30,Qian,2,0,had several drinks over the course of two hours,12,7
30,Qian,2,0,was angered by Wilson's comments,13,7
30,Qian,2,0,did not talk back to Wilson,14,4
30,Qian,2,0,pushed Wilson to the ground,15,7
30,Julia,3,0,is female,1,7
30,Julia,3,0,enjoys watching TV shows,2,7
30,Julia,3,0,is a college student,3,7
30,Julia,3,0,babysits on the weekends,4,7
30,Julia,3,0,is a courteous person,5,7
30,Julia,3,0,can be sensitive sometimes,6,7
30,Julia,3,0,has asthma,7,7
30,Julia,3,0,is multiracial,8,7
30,Julia,3,0,is 19 years old,9,7
30,Julia,3,0,studies psychology,10,7
30,Julia,3,0,read children's books with Benji,11,7
30,Julia,3,0,picked up her partner's call while filling the bathtub,12,7
30,Julia,3,0,felt hurt after learning about the cheating,13,7
30,Julia,3,0,left the bathroom to talk to her partner,14,7
30,Julia,3,0,sat for a few minutes after hanging up,15,7
30,Chris,4,1,admires his father,1,7
30,Chris,4,1,has an average IQ,2,7
30,Chris,4,1,is male,3,7
30,Chris,4,1,enjoys swimming,4,7
30,Chris,4,1,weighs 70 lbs,5,7
30,Chris,4,1,is 10 years old,6,7
30,Chris,4,1,is a picky eater,7,7
30,Chris,4,1,enjoys playing hide-and-seek,8,7
30,Chris,4,1,is White,9,7
30,Chris,4,1,has a curious personality,10,7
30,Chris,4,1,invited friends over to play,11,6
30,Chris,4,1,hid in the hall closet,12,7
30,Chris,4,1,found the key in his father's jacket pocket,13,7
30,Chris,4,1,opened the gun cabinet with the key,14,7
30,Chris,4,1,picked up a pistol to play with,15,7
30,Nadia,5,0,attended couples therapy years ago,1,4
30,Nadia,5,0,is an organized person,2,3
30,Nadia,5,0,collects vinyl records,3,7
30,Nadia,5,0,is 34 years old,4,7
30,Nadia,5,0,is a timid person,5,7
30,Nadia,5,0,is White,6,7
30,Nadia,5,0,enjoys oil painting,7,7
30,Nadia,5,0,has red hair,8,7
30,Nadia,5,0,is a software engineer,9,7
30,Nadia,5,0,is female,10,7
30,Nadia,5,0,went to the emergency room for bruises,11,7
30,Nadia,5,0,did not seek help after the emergency room incident,12,7
30,Nadia,5,0,was scared when Franklin screamed,13,7
30,Nadia,5,0,grabbed the revolver,14,7
30,Nadia,5,0,shot Franklin with the revolver,15,7
30,Alfred,6,1,is 68 years old,1,7
30,Alfred,6,1,is patriotic,2,5
30,Alfred,6,1,is White,3,7
30,Alfred,6,1,is a veteran,4,7
30,Alfred,6,1,lives alone,5,7
30,Alfred,6,1,enjoys fishing,6,7
30,Alfred,6,1,is male,7,7
30,Alfred,6,1,has PTSD,8,7
30,Alfred,6,1,enjoys Italian cuisine,9,7
30,Alfred,6,1,has a calm personality,10,7
30,Alfred,6,1,took the subway home,11,7
30,Alfred,6,1,was quiet on the subway,12,7
30,Alfred,6,1,got off at the same stop as Oliver,13,7
30,Alfred,6,1,heard loud drilling and yelling from the construction above,14,7
30,Alfred,6,1,physically attacked Oliver,15,7
30,Tristan,7,1,is extroverted and outgoing,1,7
30,Tristan,7,1,is Black,2,7
30,Tristan,7,1,can be impatient sometimes,3,7
30,Tristan,7,1,is a cardiologist,4,7
30,Tristan,7,1,is male,5,7
30,Tristan,7,1,is 43 years old,6,7
30,Tristan,7,1,can be opinionated sometimes,7,7
30,Tristan,7,1,is Christian,8,7
30,Tristan,7,1,enjoys listening to country music,9,7
30,Tristan,7,1,has worked for over ten years at the same hospital,10,7
30,Tristan,7,1,reviewed Annie's medical history and symptoms,11,7
30,Tristan,7,1,checked Annie's vitals,12,7
30,Tristan,7,1,ordered Annie an electrocardiogram (ECG/EKG),13,7
30,Tristan,7,1,did not order any other heart tests,14,2
30,Tristan,7,1,did not order a mammogram,15,7
30,Darla,8,0,has a laid-back personality,1,7
30,Darla,8,0,runs a home daycare business,2,7
30,Darla,8,0,is Black,3,7
30,Darla,8,0,is 32 years old,4,7
30,Darla,8,0,has an absent-minded personality,5,7
30,Darla,8,0,enjoys cooking,6,7
30,Darla,8,0,communicates and interacts well with children,7,7
30,Darla,8,0,is nearsighted,8,1
30,Darla,8,0,has worked with Pamela for many years,9,7
30,Darla,8,0,is female,10,7
30,Darla,8,0,lives in a tornado-affected area,11,7
30,Darla,8,0,played games with the children,12,7
30,Darla,8,0,played loud upbeat music with the children,13,7
30,Darla,8,0,focused on the children,14,7
30,Darla,8,0,did not hear the tornado sirens,15,7
30,Edward,9,1,is White,1,7
30,Edward,9,1,is an experienced driver,2,7
30,Edward,9,1,is male,3,7
30,Edward,9,1,enjoys reading science fiction,4,7
30,Edward,9,1,is a studious person,5,7
30,Edward,9,1,is a clinical research assistant,6,7
30,Edward,9,1,is an ambitious person,7,7
30,Edward,9,1,is single,8,7
30,Edward,9,1,enjoys browsing Twitter,9,7
30,Edward,9,1,is 24 years old,10,7
30,Edward,9,1,did not mute phone notifications while driving,11,7
30,Edward,9,1,was not speeding,12,6
30,Edward,9,1,checked that there were no other cars nearby,13,7
30,Edward,9,1,took a peek at the text,14,7
30,Edward,9,1,veered into the cyclist while reading the text,15,7
30,Melvin,10,1,enjoys listening to rock music,1,1
30,Melvin,10,1,has high blood pressure,2,7
30,Melvin,10,1,can be stingy sometimes,3,7
30,Melvin,10,1,is a farmer,4,7
30,Melvin,10,1,grows corn,5,7
30,Melvin,10,1,is male,6,7
30,Melvin,10,1,is White,7,7
30,Melvin,10,1,has a cheerful personality,8,7
30,Melvin,10,1,is 45 years old,9,7
30,Melvin,10,1,grows hay,10,7
30,Melvin,10,1,built his barn near the border with Vincent's property,11,7
30,Melvin,10,1,was concerned with hayfires,12,5
30,Melvin,10,1,considered buying hay-drying equipment,13,7
30,Melvin,10,1,met with consultants,14,7
30,Melvin,10,1,decided not to buy hay-drying equipment,15,7
30,Flora,11,1,uses a white cane to guide herself,1,7
30,Flora,11,1,is an early riser,2,7
30,Flora,11,1,is a counselor,3,7
30,Flora,11,1,is 32 years old,4,7
30,Flora,11,1,enjoys gardening,5,7
30,Flora,11,1,is legally blind,6,7
30,Flora,11,1,is an empathetic person,7,7
30,Flora,11,1,is Asian,8,7
30,Flora,11,1,composes music in her free time,9,7
30,Flora,11,1,is female,10,7
30,Flora,11,1,went to a neighbor's house for dinner,11,7
30,Flora,11,1,used her white cane while walking home,12,7
30,Flora,11,1,did not call for help,13,5
30,Flora,11,1,her white cane slipped between Paul's legs,14,7
30,Flora,11,1,stepped on Paul's torso,15,7
31,Alfred,1,1,has a calm personality,1,1
31,Alfred,1,1,is patriotic,2,5
31,Alfred,1,1,enjoys fishing,3,4
31,Alfred,1,1,is White,4,4
31,Alfred,1,1,enjoys Italian cuisine,5,4
31,Alfred,1,1,has PTSD,6,1
31,Alfred,1,1,is male,7,7
31,Alfred,1,1,is a veteran,8,7
31,Alfred,1,1,lives alone,9,7
31,Alfred,1,1,is 68 years old,10,7
31,Alfred,1,1,took the subway home,11,7
31,Alfred,1,1,was quiet on the subway,12,7
31,Alfred,1,1,got off at the same stop as Oliver,13,7
31,Alfred,1,1,heard loud drilling and yelling from the construction above,14,7
31,Alfred,1,1,physically attacked Oliver,15,1
31,Edward,2,0,is 24 years old,1,7
31,Edward,2,0,is male,2,7
31,Edward,2,0,is a clinical research assistant,3,5
31,Edward,2,0,is an ambitious person,4,5
31,Edward,2,0,is an experienced driver,5,5
31,Edward,2,0,enjoys reading science fiction,6,5
31,Edward,2,0,enjoys browsing Twitter,7,5
31,Edward,2,0,is single,8,5
31,Edward,2,0,is White,9,5
31,Edward,2,0,is a studious person,10,5
31,Edward,2,0,did not mute phone notifications while driving,11,4
31,Edward,2,0,was not speeding,12,5
31,Edward,2,0,checked that there were no other cars nearby,13,5
31,Edward,2,0,took a peek at the text,14,4
31,Edward,2,0,veered into the cyclist while reading the text,15,1
31,Julia,3,0,is a courteous person,1,5
31,Julia,3,0,has asthma,2,4
31,Julia,3,0,is multiracial,3,4
31,Julia,3,0,enjoys watching TV shows,4,5
31,Julia,3,0,is a college student,5,5
31,Julia,3,0,is 19 years old,6,5
31,Julia,3,0,babysits on the weekends,7,5
31,Julia,3,0,studies psychology,8,5
31,Julia,3,0,can be sensitive sometimes,9,5
31,Julia,3,0,is female,10,5
31,Julia,3,0,read children's books with Benji,11,5
31,Julia,3,0,picked up her partner's call while filling the bathtub,12,4
31,Julia,3,0,felt hurt after learning about the cheating,13,6
31,Julia,3,0,left the bathroom to talk to her partner,14,5
31,Julia,3,0,sat for a few minutes after hanging up,15,5
31,Flora,4,1,enjoys gardening,1,7
31,Flora,4,1,is legally blind,2,3
31,Flora,4,1,is 32 years old,3,5
31,Flora,4,1,is a counselor,4,4
31,Flora,4,1,is an early riser,5,5
31,Flora,4,1,composes music in her free time,6,4
31,Flora,4,1,is an empathetic person,7,5
31,Flora,4,1,uses a white cane to guide herself,8,4
31,Flora,4,1,is female,9,5
31,Flora,4,1,is Asian,10,4
31,Flora,4,1,went to a neighbor's house for dinner,11,4
31,Flora,4,1,used her white cane while walking home,12,3
31,Flora,4,1,did not call for help,13,4
31,Flora,4,1,her white cane slipped between Paul's legs,14,3
31,Flora,4,1,stepped on Paul's torso,15,1
31,Chris,5,1,weighs 70 lbs,1,4
31,Chris,5,1,enjoys playing hide-and-seek,2,7
31,Chris,5,1,admires his father,3,7
31,Chris,5,1,is 10 years old,4,7
31,Chris,5,1,has an average IQ,5,7
31,Chris,5,1,is White,6,6
31,Chris,5,1,is a picky eater,7,5
31,Chris,5,1,enjoys swimming,8,4
31,Chris,5,1,has a curious personality,9,5
31,Chris,5,1,is male,10,5
31,Chris,5,1,invited friends over to play,11,5
31,Chris,5,1,hid in the hall closet,12,4
31,Chris,5,1,found the key in his father's jacket pocket,13,4
31,Chris,5,1,opened the gun cabinet with the key,14,2
31,Chris,5,1,picked up a pistol to play with,15,1
31,Tristan,6,1,is extroverted and outgoing,1,4
31,Tristan,6,1,can be opinionated sometimes,2,4
31,Tristan,6,1,is Black,3,4
31,Tristan,6,1,is male,4,5
31,Tristan,6,1,is 43 years old,5,5
31,Tristan,6,1,can be impatient sometimes,6,5
31,Tristan,6,1,has worked for over ten years at the same hospital,7,3
31,Tristan,6,1,is a cardiologist,8,3
31,Tristan,6,1,enjoys listening to country music,9,4
31,Tristan,6,1,is Christian,10,4
31,Tristan,6,1,reviewed Annie's medical history and symptoms,11,5
31,Tristan,6,1,checked Annie's vitals,12,7
31,Tristan,6,1,ordered Annie an electrocardiogram (ECG/EKG),13,6
31,Tristan,6,1,did not order any other heart tests,14,2
31,Tristan,6,1,did not order a mammogram,15,1
31,Darla,7,1,is female,1,5
31,Darla,7,1,has an absent-minded personality,2,5
31,Darla,7,1,is nearsighted,3,4
31,Darla,7,1,is 32 years old,4,5
31,Darla,7,1,runs a home daycare business,5,4
31,Darla,7,1,has a laid-back personality,6,4
31,Darla,7,1,is Black,7,4
31,Darla,7,1,enjoys cooking,8,4
31,Darla,7,1,has worked with Pamela for many years,9,4
31,Darla,7,1,communicates and interacts well with children,10,4
31,Darla,7,1,lives in a tornado-affected area,11,3
31,Darla,7,1,played games with the children,12,5
31,Darla,7,1,played loud upbeat music with the children,13,5
31,Darla,7,1,focused on the children,14,5
31,Darla,7,1,did not hear the tornado sirens,15,1
31,Qian,8,0,can be stubborn sometimes,1,4
31,Qian,8,0,does not smoke,2,4
31,Qian,8,0,is a restaurant waiter,3,4
31,Qian,8,0,is hard-working,4,4
31,Qian,8,0,has a humorous personality,5,5
31,Qian,8,0,is Asian,6,4
31,Qian,8,0,is male,7,4
31,Qian,8,0,is 27 years old,8,4
31,Qian,8,0,enjoys jazz music,9,5
31,Qian,8,0,enjoys watching sports,10,4
31,Qian,8,0,hung out at the local bar with cousins,11,4
31,Qian,8,0,had several drinks over the course of two hours,12,4
31,Qian,8,0,was angered by Wilson's comments,13,5
31,Qian,8,0,did not talk back to Wilson,14,4
31,Qian,8,0,pushed Wilson to the ground,15,3
31,Ava,9,1,is 26 years old,1,4
31,Ava,9,1,has a peanut allergy,2,3
31,Ava,9,1,is Native American,3,3
31,Ava,9,1,regularly drinks coffee,4,5
31,Ava,9,1,is female,5,5
31,Ava,9,1,often drives Peter to appointments and errands,6,3
31,Ava,9,1,is an artist,7,3
31,Ava,9,1,has been friends with Peter for many years,8,3
31,Ava,9,1,enjoys going to music concerts,9,6
31,Ava,9,1,is a compassionate person,10,6
31,Ava,9,1,did her annual car maintenance,11,6
31,Ava,9,1,drove under the speed limit,12,6
31,Ava,9,1,listened to the radio while driving,13,6
31,Ava,9,1,was startled by the deer,14,7
31,Ava,9,1,slammed the brakes after seeing the deer,15,7
31,Melvin,10,1,grows hay,1,3
31,Melvin,10,1,is a farmer,2,3
31,Melvin,10,1,has a cheerful personality,3,5
31,Melvin,10,1,is White,4,5
31,Melvin,10,1,enjoys listening to rock music,5,5
31,Melvin,10,1,grows corn,6,3
31,Melvin,10,1,is 45 years old,7,5
31,Melvin,10,1,is male,8,6
31,Melvin,10,1,can be stingy sometimes,9,4
31,Melvin,10,1,has high blood pressure,10,5
31,Melvin,10,1,built his barn near the border with Vincent's property,11,3
31,Melvin,10,1,was concerned with hayfires,12,4
31,Melvin,10,1,considered buying hay-drying equipment,13,4
31,Melvin,10,1,met with consultants,14,5
31,Melvin,10,1,decided not to buy hay-drying equipment,15,2
31,Nadia,11,0,is a timid person,1,4
31,Nadia,11,0,has red hair,2,4
31,Nadia,11,0,collects vinyl records,3,3
31,Nadia,11,0,is 34 years old,4,4
31,Nadia,11,0,is female,5,5
31,Nadia,11,0,enjoys oil painting,6,4
31,Nadia,11,0,is a software engineer,7,3
31,Nadia,11,0,is White,8,5
31,Nadia,11,0,is an organized person,9,5
31,Nadia,11,0,attended couples therapy years ago,10,5
31,Nadia,11,0,went to the emergency room for bruises,11,3
31,Nadia,11,0,did not seek help after the emergency room incident,12,3
31,Nadia,11,0,was scared when Franklin screamed,13,7
31,Nadia,11,0,grabbed the revolver,14,6
31,Nadia,11,0,shot Franklin with the revolver,15,7
32,Darla,1,0,runs a home daycare business,1,7
32,Darla,1,0,enjoys cooking,2,7
32,Darla,1,0,is Black,3,7
32,Darla,1,0,communicates and interacts well with children,4,7
32,Darla,1,0,has worked with Pamela for many years,5,7
32,Darla,1,0,is nearsighted,6,7
32,Darla,1,0,is female,7,7
32,Darla,1,0,is 32 years old,8,7
32,Darla,1,0,has an absent-minded personality,9,5
32,Darla,1,0,has a laid-back personality,10,7
32,Darla,1,0,lives in a tornado-affected area,11,5
32,Darla,1,0,played games with the children,12,7
32,Darla,1,0,played loud upbeat music with the children,13,6
32,Darla,1,0,focused on the children,14,7
32,Darla,1,0,did not hear the tornado sirens,15,6
32,Chris,2,1,has an average IQ,1,7
32,Chris,2,1,enjoys playing hide-and-seek,2,7
32,Chris,2,1,is White,3,7
32,Chris,2,1,is 10 years old,4,7
32,Chris,2,1,weighs 70 lbs,5,7
32,Chris,2,1,is a picky eater,6,7
32,Chris,2,1,has a curious personality,7,7
32,Chris,2,1,enjoys swimming,8,7
32,Chris,2,1,is male,9,7
32,Chris,2,1,admires his father,10,7
32,Chris,2,1,invited friends over to play,11,7
32,Chris,2,1,hid in the hall closet,12,7
32,Chris,2,1,found the key in his father's jacket pocket,13,7
32,Chris,2,1,opened the gun cabinet with the key,14,3
32,Chris,2,1,picked up a pistol to play with,15,1
32,Melvin,3,1,has high blood pressure,1,5
32,Melvin,3,1,is male,2,7
32,Melvin,3,1,can be stingy sometimes,3,7
32,Melvin,3,1,has a cheerful personality,4,7
32,Melvin,3,1,is a farmer,5,7
32,Melvin,3,1,grows hay,6,7
32,Melvin,3,1,grows corn,7,7
32,Melvin,3,1,is 45 years old,8,7
32,Melvin,3,1,is White,9,7
32,Melvin,3,1,enjoys listening to rock music,10,7
32,Melvin,3,1,built his barn near the border with Vincent's property,11,5
32,Melvin,3,1,was concerned with hayfires,12,7
32,Melvin,3,1,considered buying hay-drying equipment,13,7
32,Melvin,3,1,met with consultants,14,7
32,Melvin,3,1,decided not to buy hay-drying equipment,15,7
32,Alfred,4,1,enjoys Italian cuisine,1,7
32,Alfred,4,1,is 68 years old,2,7
32,Alfred,4,1,lives alone,3,7
32,Alfred,4,1,is patriotic,4,7
32,Alfred,4,1,has a calm personality,5,7
32,Alfred,4,1,is White,6,7
32,Alfred,4,1,is male,7,7
32,Alfred,4,1,has PTSD,8,2
32,Alfred,4,1,is a veteran,9,5
32,Alfred,4,1,enjoys fishing,10,7
32,Alfred,4,1,took the subway home,11,7
32,Alfred,4,1,was quiet on the subway,12,7
32,Alfred,4,1,got off at the same stop as Oliver,13,7
32,Alfred,4,1,heard loud drilling and yelling from the construction above,14,7
32,Alfred,4,1,physically attacked Oliver,15,1
32,Julia,5,0,is female,1,7
32,Julia,5,0,studies psychology,2,7
32,Julia,5,0,babysits on the weekends,3,7
32,Julia,5,0,has asthma,4,6
32,Julia,5,0,is multiracial,5,7
32,Julia,5,0,is a courteous person,6,7
32,Julia,5,0,is 19 years old,7,7
32,Julia,5,0,can be sensitive sometimes,8,7
32,Julia,5,0,is a college student,9,7
32,Julia,5,0,enjoys watching TV shows,10,7
32,Julia,5,0,read children's books with Benji,11,7
32,Julia,5,0,picked up her partner's call while filling the bathtub,12,4
32,Julia,5,0,felt hurt after learning about the cheating,13,7
32,Julia,5,0,left the bathroom to talk to her partner,14,3
32,Julia,5,0,sat for a few minutes after hanging up,15,2
32,Ava,6,1,is an artist,1,7
32,Ava,6,1,has been friends with Peter for many years,2,7
32,Ava,6,1,has a peanut allergy,3,7
32,Ava,6,1,is Native American,4,7
32,Ava,6,1,is 26 years old,5,7
32,Ava,6,1,regularly drinks coffee,6,7
32,Ava,6,1,enjoys going to music concerts,7,7
32,Ava,6,1,is female,8,7
32,Ava,6,1,is a compassionate person,9,7
32,Ava,6,1,often drives Peter to appointments and errands,10,6
32,Ava,6,1,did her annual car maintenance,11,7
32,Ava,6,1,drove under the speed limit,12,6
32,Ava,6,1,listened to the radio while driving,13,6
32,Ava,6,1,was startled by the deer,14,7
32,Ava,6,1,slammed the brakes after seeing the deer,15,5
32,Qian,7,0,is Asian,1,7
32,Qian,7,0,is a restaurant waiter,2,7
32,Qian,7,0,enjoys watching sports,3,7
32,Qian,7,0,is 27 years old,4,7
32,Qian,7,0,enjoys jazz music,5,7
32,Qian,7,0,does not smoke,6,7
32,Qian,7,0,is male,7,7
32,Qian,7,0,has a humorous personality,8,7
32,Qian,7,0,is hard-working,9,7
32,Qian,7,0,can be stubborn sometimes,10,7
32,Qian,7,0,hung out at the local bar with cousins,11,7
32,Qian,7,0,had several drinks over the course of two hours,12,7
32,Qian,7,0,was angered by Wilson's comments,13,7
32,Qian,7,0,did not talk back to Wilson,14,7
32,Qian,7,0,pushed Wilson to the ground,15,6
32,Tristan,8,1,is 43 years old,1,7
32,Tristan,8,1,is Black,2,7
32,Tristan,8,1,is male,3,7
32,Tristan,8,1,can be opinionated sometimes,4,7
32,Tristan,8,1,is a cardiologist,5,5
32,Tristan,8,1,has worked for over ten years at the same hospital,6,6
32,Tristan,8,1,is extroverted and outgoing,7,7
32,Tristan,8,1,can be impatient sometimes,8,7
32,Tristan,8,1,is Christian,9,7
32,Tristan,8,1,enjoys listening to country music,10,5
32,Tristan,8,1,reviewed Annie's medical history and symptoms,11,7
32,Tristan,8,1,checked Annie's vitals,12,7
32,Tristan,8,1,ordered Annie an electrocardiogram (ECG/EKG),13,7
32,Tristan,8,1,did not order any other heart tests,14,4
32,Tristan,8,1,did not order a mammogram,15,4
32,Nadia,9,0,is 34 years old,1,7
32,Nadia,9,0,has red hair,2,7
32,Nadia,9,0,collects vinyl records,3,7
32,Nadia,9,0,is an organized person,4,7
32,Nadia,9,0,enjoys oil painting,5,7
32,Nadia,9,0,is a timid person,6,7
32,Nadia,9,0,is a software engineer,7,7
32,Nadia,9,0,attended couples therapy years ago,8,7
32,Nadia,9,0,is White,9,7
32,Nadia,9,0,is female,10,7
32,Nadia,9,0,went to the emergency room for bruises,11,4
32,Nadia,9,0,did not seek help after the emergency room incident,12,5
32,Nadia,9,0,was scared when Franklin screamed,13,6
32,Nadia,9,0,grabbed the revolver,14,6
32,Nadia,9,0,shot Franklin with the revolver,15,7
32,Edward,10,1,enjoys browsing Twitter,1,3
32,Edward,10,1,is a clinical research assistant,2,7
32,Edward,10,1,is an experienced driver,3,7
32,Edward,10,1,is an ambitious person,4,7
32,Edward,10,1,is single,5,7
32,Edward,10,1,is 24 years old,6,7
32,Edward,10,1,is a studious person,7,7
32,Edward,10,1,is White,8,7
32,Edward,10,1,enjoys reading science fiction,9,7
32,Edward,10,1,is male,10,7
32,Edward,10,1,did not mute phone notifications while driving,11,4
32,Edward,10,1,was not speeding,12,7
32,Edward,10,1,checked that there were no other cars nearby,13,6
32,Edward,10,1,took a peek at the text,14,5
32,Edward,10,1,veered into the cyclist while reading the text,15,3
32,Flora,11,1,is an early riser,1,7
32,Flora,11,1,is 32 years old,2,7
32,Flora,11,1,composes music in her free time,3,6
32,Flora,11,1,enjoys gardening,4,6
32,Flora,11,1,uses a white cane to guide herself,5,7
32,Flora,11,1,is female,6,7
32,Flora,11,1,is an empathetic person,7,7
32,Flora,11,1,is a counselor,8,6
32,Flora,11,1,is Asian,9,7
32,Flora,11,1,is legally blind,10,4
32,Flora,11,1,went to a neighbor's house for dinner,11,6
32,Flora,11,1,used her white cane while walking home,12,7
32,Flora,11,1,did not call for help,13,6
32,Flora,11,1,her white cane slipped between Paul's legs,14,7
32,Flora,11,1,stepped on Paul's torso,15,6
33,Alfred,1,1,enjoys Italian cuisine,1,4
33,Alfred,1,1,is patriotic,2,5
33,Alfred,1,1,lives alone,3,5
33,Alfred,1,1,is male,4,5
33,Alfred,1,1,is a veteran,5,5
33,Alfred,1,1,is White,6,6
33,Alfred,1,1,has a calm personality,7,4
33,Alfred,1,1,enjoys fishing,8,4
33,Alfred,1,1,is 68 years old,9,5
33,Alfred,1,1,has PTSD,10,6
33,Alfred,1,1,took the subway home,11,3
33,Alfred,1,1,was quiet on the subway,12,4
33,Alfred,1,1,got off at the same stop as Oliver,13,4
33,Alfred,1,1,heard loud drilling and yelling from the construction above,14,4
33,Alfred,1,1,physically attacked Oliver,15,4
33,Nadia,2,0,is a timid person,1,5
33,Nadia,2,0,is White,2,4
33,Nadia,2,0,collects vinyl records,3,4
33,Nadia,2,0,enjoys oil painting,4,4
33,Nadia,2,0,is a software engineer,5,4
33,Nadia,2,0,attended couples therapy years ago,6,4
33,Nadia,2,0,is female,7,4
33,Nadia,2,0,is 34 years old,8,4
33,Nadia,2,0,has red hair,9,3
33,Nadia,2,0,is an organized person,10,4
33,Nadia,2,0,went to the emergency room for bruises,11,3
33,Nadia,2,0,did not seek help after the emergency room incident,12,3
33,Nadia,2,0,was scared when Franklin screamed,13,7
33,Nadia,2,0,grabbed the revolver,14,7
33,Nadia,2,0,shot Franklin with the revolver,15,7
33,Flora,3,1,is Asian,1,7
33,Flora,3,1,is an early riser,2,5
33,Flora,3,1,uses a white cane to guide herself,3,5
33,Flora,3,1,enjoys gardening,4,7
33,Flora,3,1,is female,5,6
33,Flora,3,1,composes music in her free time,6,4
33,Flora,3,1,is legally blind,7,5
33,Flora,3,1,is an empathetic person,8,7
33,Flora,3,1,is a counselor,9,4
33,Flora,3,1,is 32 years old,10,6
33,Flora,3,1,went to a neighbor's house for dinner,11,7
33,Flora,3,1,used her white cane while walking home,12,7
33,Flora,3,1,did not call for help,13,6
33,Flora,3,1,her white cane slipped between Paul's legs,14,4
33,Flora,3,1,stepped on Paul's torso,15,4
33,Melvin,4,1,is male,1,6
33,Melvin,4,1,is White,2,6
33,Melvin,4,1,grows corn,3,6
33,Melvin,4,1,has a cheerful personality,4,6
33,Melvin,4,1,is a farmer,5,5
33,Melvin,4,1,is 45 years old,6,6
33,Melvin,4,1,grows hay,7,5
33,Melvin,4,1,has high blood pressure,8,6
33,Melvin,4,1,enjoys listening to rock music,9,6
33,Melvin,4,1,can be stingy sometimes,10,4
33,Melvin,4,1,built his barn near the border with Vincent's property,11,5
33,Melvin,4,1,was concerned with hayfires,12,5
33,Melvin,4,1,considered buying hay-drying equipment,13,4
33,Melvin,4,1,met with consultants,14,5
33,Melvin,4,1,decided not to buy hay-drying equipment,15,5
33,Darla,5,0,is Black,1,7
33,Darla,5,0,has worked with Pamela for many years,2,6
33,Darla,5,0,is nearsighted,3,5
33,Darla,5,0,is female,4,7
33,Darla,5,0,communicates and interacts well with children,5,7
33,Darla,5,0,is 32 years old,6,7
33,Darla,5,0,runs a home daycare business,7,7
33,Darla,5,0,has an absent-minded personality,8,5
33,Darla,5,0,enjoys cooking,9,6
33,Darla,5,0,has a laid-back personality,10,6
33,Darla,5,0,lives in a tornado-affected area,11,5
33,Darla,5,0,played games with the children,12,7
33,Darla,5,0,played loud upbeat music with the children,13,5
33,Darla,5,0,focused on the children,14,5
33,Darla,5,0,did not hear the tornado sirens,15,6
33,Tristan,6,1,enjoys listening to country music,1,4
33,Tristan,6,1,is Black,2,7
33,Tristan,6,1,is 43 years old,3,7
33,Tristan,6,1,is extroverted and outgoing,4,6
33,Tristan,6,1,is Christian,5,6
33,Tristan,6,1,can be impatient sometimes,6,5
33,Tristan,6,1,can be opinionated sometimes,7,6
33,Tristan,6,1,has worked for over ten years at the same hospital,8,7
33,Tristan,6,1,is male,9,7
33,Tristan,6,1,is a cardiologist,10,5
33,Tristan,6,1,reviewed Annie's medical history and symptoms,11,5
33,Tristan,6,1,checked Annie's vitals,12,6
33,Tristan,6,1,ordered Annie an electrocardiogram (ECG/EKG),13,6
33,Tristan,6,1,did not order any other heart tests,14,2
33,Tristan,6,1,did not order a mammogram,15,6
33,Edward,7,1,is an experienced driver,1,7
33,Edward,7,1,is male,2,6
33,Edward,7,1,is 24 years old,3,6
33,Edward,7,1,enjoys reading science fiction,4,6
33,Edward,7,1,is a studious person,5,5
33,Edward,7,1,is an ambitious person,6,5
33,Edward,7,1,is White,7,6
33,Edward,7,1,enjoys browsing Twitter,8,5
33,Edward,7,1,is single,9,6
33,Edward,7,1,is a clinical research assistant,10,5
33,Edward,7,1,did not mute phone notifications while driving,11,5
33,Edward,7,1,was not speeding,12,7
33,Edward,7,1,checked that there were no other cars nearby,13,7
33,Edward,7,1,took a peek at the text,14,3
33,Edward,7,1,veered into the cyclist while reading the text,15,1
33,Chris,8,1,has a curious personality,1,7
33,Chris,8,1,is a picky eater,2,7
33,Chris,8,1,is White,3,6
33,Chris,8,1,enjoys swimming,4,6
33,Chris,8,1,admires his father,5,6
33,Chris,8,1,weighs 70 lbs,6,6
33,Chris,8,1,has an average IQ,7,7
33,Chris,8,1,enjoys playing hide-and-seek,8,6
33,Chris,8,1,is 10 years old,9,6
33,Chris,8,1,is male,10,7
33,Chris,8,1,invited friends over to play,11,7
33,Chris,8,1,hid in the hall closet,12,7
33,Chris,8,1,found the key in his father's jacket pocket,13,6
33,Chris,8,1,opened the gun cabinet with the key,14,3
33,Chris,8,1,picked up a pistol to play with,15,3
33,Julia,9,0,is a courteous person,1,7
33,Julia,9,0,has asthma,2,6
33,Julia,9,0,enjoys watching TV shows,3,7
33,Julia,9,0,babysits on the weekends,4,7
33,Julia,9,0,can be sensitive sometimes,5,7
33,Julia,9,0,is multiracial,6,7
33,Julia,9,0,is a college student,7,7
33,Julia,9,0,is 19 years old,8,6
33,Julia,9,0,is female,9,6
33,Julia,9,0,studies psychology,10,6
33,Julia,9,0,read children's books with Benji,11,7
33,Julia,9,0,picked up her partner's call while filling the bathtub,12,6
33,Julia,9,0,felt hurt after learning about the cheating,13,7
33,Julia,9,0,left the bathroom to talk to her partner,14,5
33,Julia,9,0,sat for a few minutes after hanging up,15,6
33,Qian,10,0,enjoys watching sports,1,7
33,Qian,10,0,is Asian,2,7
33,Qian,10,0,enjoys jazz music,3,7
33,Qian,10,0,has a humorous personality,4,7
33,Qian,10,0,is male,5,7
33,Qian,10,0,can be stubborn sometimes,6,7
33,Qian,10,0,is hard-working,7,7
33,Qian,10,0,does not smoke,8,6
33,Qian,10,0,is a restaurant waiter,9,6
33,Qian,10,0,is 27 years old,10,7
33,Qian,10,0,hung out at the local bar with cousins,11,7
33,Qian,10,0,had several drinks over the course of two hours,12,7
33,Qian,10,0,was angered by Wilson's comments,13,7
33,Qian,10,0,did not talk back to Wilson,14,6
33,Qian,10,0,pushed Wilson to the ground,15,2
33,Ava,11,1,enjoys going to music concerts,1,7
33,Ava,11,1,regularly drinks coffee,2,7
33,Ava,11,1,is female,3,7
33,Ava,11,1,is Native American,4,6
33,Ava,11,1,has been friends with Peter for many years,5,6
33,Ava,11,1,is 26 years old,6,7
33,Ava,11,1,has a peanut allergy,7,5
33,Ava,11,1,is a compassionate person,8,7
33,Ava,11,1,is an artist,9,6
33,Ava,11,1,often drives Peter to appointments and errands,10,6
33,Ava,11,1,did her annual car maintenance,11,7
33,Ava,11,1,drove under the speed limit,12,4
33,Ava,11,1,listened to the radio while driving,13,6
33,Ava,11,1,was startled by the deer,14,3
33,Ava,11,1,slammed the brakes after seeing the deer,15,7
34,Flora,1,1,is a counselor,1,6
34,Flora,1,1,is 32 years old,2,7
34,Flora,1,1,enjoys gardening,3,4
34,Flora,1,1,is legally blind,4,7
34,Flora,1,1,is Asian,5,7
34,Flora,1,1,is an early riser,6,6
34,Flora,1,1,is female,7,7
34,Flora,1,1,is an empathetic person,8,6
34,Flora,1,1,uses a white cane to guide herself,9,6
34,Flora,1,1,composes music in her free time,10,2
34,Flora,1,1,went to a neighbor's house for dinner,11,7
34,Flora,1,1,used her white cane while walking home,12,5
34,Flora,1,1,did not call for help,13,5
34,Flora,1,1,her white cane slipped between Paul's legs,14,2
34,Flora,1,1,stepped on Paul's torso,15,1
34,Chris,2,1,is a picky eater,1,6
34,Chris,2,1,has an average IQ,2,7
34,Chris,2,1,admires his father,3,6
34,Chris,2,1,is White,4,7
34,Chris,2,1,enjoys playing hide-and-seek,5,6
34,Chris,2,1,is 10 years old,6,7
34,Chris,2,1,is male,7,7
34,Chris,2,1,weighs 70 lbs,8,7
34,Chris,2,1,enjoys swimming,9,6
34,Chris,2,1,has a curious personality,10,6
34,Chris,2,1,invited friends over to play,11,7
34,Chris,2,1,hid in the hall closet,12,6
34,Chris,2,1,found the key in his father's jacket pocket,13,5
34,Chris,2,1,opened the gun cabinet with the key,14,4
34,Chris,2,1,picked up a pistol to play with,15,3
34,Darla,3,0,has a laid-back personality,1,7
34,Darla,3,0,is female,2,7
34,Darla,3,0,communicates and interacts well with children,3,6
34,Darla,3,0,enjoys cooking,4,6
34,Darla,3,0,has worked with Pamela for many years,5,7
34,Darla,3,0,runs a home daycare business,6,2
34,Darla,3,0,has an absent-minded personality,7,6
34,Darla,3,0,is Black,8,7
34,Darla,3,0,is nearsighted,9,6
34,Darla,3,0,is 32 years old,10,7
34,Darla,3,0,lives in a tornado-affected area,11,4
34,Darla,3,0,played games with the children,12,6
34,Darla,3,0,played loud upbeat music with the children,13,4
34,Darla,3,0,focused on the children,14,6
34,Darla,3,0,did not hear the tornado sirens,15,4
34,Melvin,4,1,has high blood pressure,1,6
34,Melvin,4,1,enjoys listening to rock music,2,7
34,Melvin,4,1,is White,3,7
34,Melvin,4,1,is male,4,7
34,Melvin,4,1,can be stingy sometimes,5,6
34,Melvin,4,1,grows corn,6,4
34,Melvin,4,1,has a cheerful personality,7,5
34,Melvin,4,1,grows hay,8,3
34,Melvin,4,1,is a farmer,9,4
34,Melvin,4,1,is 45 years old,10,7
34,Melvin,4,1,built his barn near the border with Vincent's property,11,3
34,Melvin,4,1,was concerned with hayfires,12,4
34,Melvin,4,1,considered buying hay-drying equipment,13,3
34,Melvin,4,1,met with consultants,14,5
34,Melvin,4,1,decided not to buy hay-drying equipment,15,4
34,Edward,5,1,is an ambitious person,1,6
34,Edward,5,1,is White,2,7
34,Edward,5,1,is single,3,7
34,Edward,5,1,is 24 years old,4,7
34,Edward,5,1,is an experienced driver,5,6
34,Edward,5,1,is male,6,7
34,Edward,5,1,is a clinical research assistant,7,3
34,Edward,5,1,enjoys reading science fiction,8,6
34,Edward,5,1,is a studious person,9,6
34,Edward,5,1,enjoys browsing Twitter,10,3
34,Edward,5,1,did not mute phone notifications while driving,11,5
34,Edward,5,1,was not speeding,12,4
34,Edward,5,1,checked that there were no other cars nearby,13,5
34,Edward,5,1,took a peek at the text,14,5
34,Edward,5,1,veered into the cyclist while reading the text,15,1
34,Tristan,6,1,is Christian,1,4
34,Tristan,6,1,is Black,2,7
34,Tristan,6,1,is a cardiologist,3,3
34,Tristan,6,1,is 43 years old,4,7
34,Tristan,6,1,has worked for over ten years at the same hospital,5,5
34,Tristan,6,1,can be impatient sometimes,6,6
34,Tristan,6,1,can be opinionated sometimes,7,7
34,Tristan,6,1,is male,8,7
34,Tristan,6,1,enjoys listening to country music,9,4
34,Tristan,6,1,is extroverted and outgoing,10,5
34,Tristan,6,1,reviewed Annie's medical history and symptoms,11,5
34,Tristan,6,1,checked Annie's vitals,12,6
34,Tristan,6,1,ordered Annie an electrocardiogram (ECG/EKG),13,5
34,Tristan,6,1,did not order any other heart tests,14,3
34,Tristan,6,1,did not order a mammogram,15,4
34,Julia,7,0,babysits on the weekends,1,4
34,Julia,7,0,is a college student,2,6
34,Julia,7,0,is 19 years old,3,7
34,Julia,7,0,is multiracial,4,6
34,Julia,7,0,is female,5,7
34,Julia,7,0,is a courteous person,6,6
34,Julia,7,0,studies psychology,7,6
34,Julia,7,0,can be sensitive sometimes,8,6
34,Julia,7,0,has asthma,9,4
34,Julia,7,0,enjoys watching TV shows,10,7
34,Julia,7,0,read children's books with Benji,11,5
34,Julia,7,0,picked up her partner's call while filling the bathtub,12,5
34,Julia,7,0,felt hurt after learning about the cheating,13,7
34,Julia,7,0,left the bathroom to talk to her partner,14,3
34,Julia,7,0,sat for a few minutes after hanging up,15,6
34,Ava,8,1,is 26 years old,1,7
34,Ava,8,1,has been friends with Peter for many years,2,7
34,Ava,8,1,regularly drinks coffee,3,7
34,Ava,8,1,is an artist,4,5
34,Ava,8,1,enjoys going to music concerts,5,6
34,Ava,8,1,often drives Peter to appointments and errands,6,4
34,Ava,8,1,is a compassionate person,7,6
34,Ava,8,1,is female,8,7
34,Ava,8,1,has a peanut allergy,9,5
34,Ava,8,1,is Native American,10,6
34,Ava,8,1,did her annual car maintenance,11,5
34,Ava,8,1,drove under the speed limit,12,4
34,Ava,8,1,listened to the radio while driving,13,7
34,Ava,8,1,was startled by the deer,14,7
34,Ava,8,1,slammed the brakes after seeing the deer,15,7
34,Alfred,9,1,has a calm personality,1,6
34,Alfred,9,1,enjoys fishing,2,6
34,Alfred,9,1,is White,3,7
34,Alfred,9,1,is patriotic,4,4
34,Alfred,9,1,is 68 years old,5,6
34,Alfred,9,1,has PTSD,6,5
34,Alfred,9,1,lives alone,7,6
34,Alfred,9,1,is male,8,7
34,Alfred,9,1,enjoys Italian cuisine,9,6
34,Alfred,9,1,is a veteran,10,5
34,Alfred,9,1,took the subway home,11,5
34,Alfred,9,1,was quiet on the subway,12,7
34,Alfred,9,1,got off at the same stop as Oliver,13,6
34,Alfred,9,1,heard loud drilling and yelling from the construction above,14,6
34,Alfred,9,1,physically attacked Oliver,15,1
34,Nadia,10,0,enjoys oil painting,1,5
34,Nadia,10,0,collects vinyl records,2,3
34,Nadia,10,0,attended couples therapy years ago,3,6
34,Nadia,10,0,is female,4,7
34,Nadia,10,0,is a timid person,5,5
34,Nadia,10,0,is a software engineer,6,5
34,Nadia,10,0,is White,7,7
34,Nadia,10,0,is an organized person,8,6
34,Nadia,10,0,has red hair,9,6
34,Nadia,10,0,is 34 years old,10,7
34,Nadia,10,0,went to the emergency room for bruises,11,4
34,Nadia,10,0,did not seek help after the emergency room incident,12,6
34,Nadia,10,0,was scared when Franklin screamed,13,7
34,Nadia,10,0,grabbed the revolver,14,5
34,Nadia,10,0,shot Franklin with the revolver,15,5
34,Qian,11,0,has a humorous personality,1,6
34,Qian,11,0,is Asian,2,7
34,Qian,11,0,enjoys watching sports,3,7
34,Qian,11,0,enjoys jazz music,4,5
34,Qian,11,0,is a restaurant waiter,5,6
34,Qian,11,0,does not smoke,6,7
34,Qian,11,0,is male,7,7
34,Qian,11,0,is 27 years old,8,7
34,Qian,11,0,is hard-working,9,6
34,Qian,11,0,can be stubborn sometimes,10,6
34,Qian,11,0,hung out at the local bar with cousins,11,5
34,Qian,11,0,had several drinks over the course of two hours,12,6
34,Qian,11,0,was angered by Wilson's comments,13,6
34,Qian,11,0,did not talk back to Wilson,14,6
34,Qian,11,0,pushed Wilson to the ground,15,2
35,Edward,1,1,enjoys browsing Twitter,1,6
35,Edward,1,1,is White,2,7
35,Edward,1,1,is an ambitious person,3,7
35,Edward,1,1,is a clinical research assistant,4,7
35,Edward,1,1,is an experienced driver,5,7
35,Edward,1,1,is male,6,7
35,Edward,1,1,is a studious person,7,7
35,Edward,1,1,is 24 years old,8,7
35,Edward,1,1,is single,9,7
35,Edward,1,1,enjoys reading science fiction,10,7
35,Edward,1,1,did not mute phone notifications while driving,11,5
35,Edward,1,1,was not speeding,12,7
35,Edward,1,1,checked that there were no other cars nearby,13,7
35,Edward,1,1,took a peek at the text,14,3
35,Edward,1,1,veered into the cyclist while reading the text,15,1
35,Darla,2,0,is 32 years old,1,7
35,Darla,2,0,runs a home daycare business,2,5
35,Darla,2,0,is female,3,7
35,Darla,2,0,is nearsighted,4,7
35,Darla,2,0,communicates and interacts well with children,5,6
35,Darla,2,0,has an absent-minded personality,6,7
35,Darla,2,0,has worked with Pamela for many years,7,3
35,Darla,2,0,is Black,8,7
35,Darla,2,0,has a laid-back personality,9,7
35,Darla,2,0,enjoys cooking,10,7
35,Darla,2,0,lives in a tornado-affected area,11,6
35,Darla,2,0,played games with the children,12,7
35,Darla,2,0,played loud upbeat music with the children,13,4
35,Darla,2,0,focused on the children,14,7
35,Darla,2,0,did not hear the tornado sirens,15,4
35,Qian,3,1,has a humorous personality,1,7
35,Qian,3,1,enjoys jazz music,2,7
35,Qian,3,1,is Asian,3,7
35,Qian,3,1,can be stubborn sometimes,4,7
35,Qian,3,1,is male,5,7
35,Qian,3,1,is a restaurant waiter,6,6
35,Qian,3,1,is hard-working,7,7
35,Qian,3,1,does not smoke,8,7
35,Qian,3,1,enjoys watching sports,9,7
35,Qian,3,1,is 27 years old,10,7
35,Qian,3,1,hung out at the local bar with cousins,11,6
35,Qian,3,1,had several drinks over the course of two hours,12,4
35,Qian,3,1,was angered by Wilson's comments,13,4
35,Qian,3,1,did not talk back to Wilson,14,4
35,Qian,3,1,pushed Wilson to the ground,15,1
35,Tristan,4,1,is extroverted and outgoing,1,7
35,Tristan,4,1,can be impatient sometimes,2,7
35,Tristan,4,1,has worked for over ten years at the same hospital,3,5
35,Tristan,4,1,is 43 years old,4,7
35,Tristan,4,1,is Christian,5,7
35,Tristan,4,1,is male,6,7
35,Tristan,4,1,is a cardiologist,7,5
35,Tristan,4,1,is Black,8,7
35,Tristan,4,1,can be opinionated sometimes,9,7
35,Tristan,4,1,enjoys listening to country music,10,7
35,Tristan,4,1,reviewed Annie's medical history and symptoms,11,4
35,Tristan,4,1,checked Annie's vitals,12,4
35,Tristan,4,1,ordered Annie an electrocardiogram (ECG/EKG),13,4
35,Tristan,4,1,did not order any other heart tests,14,3
35,Tristan,4,1,did not order a mammogram,15,3
35,Alfred,5,1,is male,1,7
35,Alfred,5,1,has PTSD,2,2
35,Alfred,5,1,lives alone,3,7
35,Alfred,5,1,enjoys Italian cuisine,4,7
35,Alfred,5,1,is 68 years old,5,7
35,Alfred,5,1,is patriotic,6,6
35,Alfred,5,1,is a veteran,7,6
35,Alfred,5,1,has a calm personality,8,7
35,Alfred,5,1,enjoys fishing,9,7
35,Alfred,5,1,is White,10,7
35,Alfred,5,1,took the subway home,11,7
35,Alfred,5,1,was quiet on the subway,12,7
35,Alfred,5,1,got off at the same stop as Oliver,13,4
35,Alfred,5,1,heard loud drilling and yelling from the construction above,14,4
35,Alfred,5,1,physically attacked Oliver,15,1
35,Chris,6,1,is 10 years old,1,7
35,Chris,6,1,is male,2,7
35,Chris,6,1,weighs 70 lbs,3,7
35,Chris,6,1,is a picky eater,4,6
35,Chris,6,1,enjoys swimming,5,7
35,Chris,6,1,admires his father,6,7
35,Chris,6,1,enjoys playing hide-and-seek,7,7
35,Chris,6,1,is White,8,7
35,Chris,6,1,has a curious personality,9,7
35,Chris,6,1,has an average IQ,10,7
35,Chris,6,1,invited friends over to play,11,7
35,Chris,6,1,hid in the hall closet,12,7
35,Chris,6,1,found the key in his father's jacket pocket,13,4
35,Chris,6,1,opened the gun cabinet with the key,14,2
35,Chris,6,1,picked up a pistol to play with,15,1
35,Flora,7,1,composes music in her free time,1,4
35,Flora,7,1,is a counselor,2,7
35,Flora,7,1,is legally blind,3,3
35,Flora,7,1,uses a white cane to guide herself,4,3
35,Flora,7,1,is 32 years old,5,7
35,Flora,7,1,is Asian,6,7
35,Flora,7,1,is female,7,7
35,Flora,7,1,enjoys gardening,8,6
35,Flora,7,1,is an early riser,9,6
35,Flora,7,1,is an empathetic person,10,7
35,Flora,7,1,went to a neighbor's house for dinner,11,6
35,Flora,7,1,used her white cane while walking home,12,3
35,Flora,7,1,did not call for help,13,4
35,Flora,7,1,her white cane slipped between Paul's legs,14,2
35,Flora,7,1,stepped on Paul's torso,15,2
35,Nadia,8,0,has red hair,1,7
35,Nadia,8,0,is female,2,7
35,Nadia,8,0,is a software engineer,3,6
35,Nadia,8,0,is 34 years old,4,7
35,Nadia,8,0,collects vinyl records,5,5
35,Nadia,8,0,is a timid person,6,7
35,Nadia,8,0,attended couples therapy years ago,7,3
35,Nadia,8,0,enjoys oil painting,8,6
35,Nadia,8,0,is an organized person,9,7
35,Nadia,8,0,is White,10,7
35,Nadia,8,0,went to the emergency room for bruises,11,3
35,Nadia,8,0,did not seek help after the emergency room incident,12,3
35,Nadia,8,0,was scared when Franklin screamed,13,6
35,Nadia,8,0,grabbed the revolver,14,3
35,Nadia,8,0,shot Franklin with the revolver,15,1
35,Ava,9,1,is a compassionate person,1,7
35,Ava,9,1,has a peanut allergy,2,5
35,Ava,9,1,is female,3,7
35,Ava,9,1,has been friends with Peter for many years,4,4
35,Ava,9,1,enjoys going to music concerts,5,6
35,Ava,9,1,regularly drinks coffee,6,7
35,Ava,9,1,often drives Peter to appointments and errands,7,4
35,Ava,9,1,is an artist,8,5
35,Ava,9,1,is Native American,9,6
35,Ava,9,1,is 26 years old,10,7
35,Ava,9,1,did her annual car maintenance,11,6
35,Ava,9,1,drove under the speed limit,12,7
35,Ava,9,1,listened to the radio while driving,13,7
35,Ava,9,1,was startled by the deer,14,7
35,Ava,9,1,slammed the brakes after seeing the deer,15,7
35,Melvin,10,1,is White,1,7
35,Melvin,10,1,grows hay,2,4
35,Melvin,10,1,is 45 years old,3,7
35,Melvin,10,1,can be stingy sometimes,4,7
35,Melvin,10,1,enjoys listening to rock music,5,7
35,Melvin,10,1,is a farmer,6,6
35,Melvin,10,1,grows corn,7,5
35,Melvin,10,1,has a cheerful personality,8,7
35,Melvin,10,1,is male,9,7
35,Melvin,10,1,has high blood pressure,10,7
35,Melvin,10,1,built his barn near the border with Vincent's property,11,4
35,Melvin,10,1,was concerned with hayfires,12,6
35,Melvin,10,1,considered buying hay-drying equipment,13,4
35,Melvin,10,1,met with consultants,14,4
35,Melvin,10,1,decided not to buy hay-drying equipment,15,4
35,Julia,11,0,is 19 years old,1,7
35,Julia,11,0,is multiracial,2,7
35,Julia,11,0,is a courteous person,3,7
35,Julia,11,0,babysits on the weekends,4,6
35,Julia,11,0,can be sensitive sometimes,5,7
35,Julia,11,0,is a college student,6,7
35,Julia,11,0,has asthma,7,7
35,Julia,11,0,is female,8,7
35,Julia,11,0,studies psychology,9,6
35,Julia,11,0,enjoys watching TV shows,10,7
35,Julia,11,0,read children's books with Benji,11,4
35,Julia,11,0,picked up her partner's call while filling the bathtub,12,4
35,Julia,11,0,felt hurt after learning about the cheating,13,7
35,Julia,11,0,left the bathroom to talk to her partner,14,6
35,Julia,11,0,sat for a few minutes after hanging up,15,6
36,Qian,1,0,does not smoke,1,7
36,Qian,1,0,has a humorous personality,2,7
36,Qian,1,0,is hard-working,3,7
36,Qian,1,0,is male,4,7
36,Qian,1,0,is a restaurant waiter,5,7
36,Qian,1,0,is 27 years old,6,7
36,Qian,1,0,enjoys jazz music,7,5
36,Qian,1,0,is Asian,8,7
36,Qian,1,0,enjoys watching sports,9,7
36,Qian,1,0,can be stubborn sometimes,10,7
36,Qian,1,0,hung out at the local bar with cousins,11,7
36,Qian,1,0,had several drinks over the course of two hours,12,7
36,Qian,1,0,was angered by Wilson's comments,13,7
36,Qian,1,0,did not talk back to Wilson,14,3
36,Qian,1,0,pushed Wilson to the ground,15,7
36,Alfred,2,1,is 68 years old,1,7
36,Alfred,2,1,is patriotic,2,7
36,Alfred,2,1,is White,3,7
36,Alfred,2,1,enjoys Italian cuisine,4,7
36,Alfred,2,1,is male,5,7
36,Alfred,2,1,is a veteran,6,6
36,Alfred,2,1,has PTSD,7,3
36,Alfred,2,1,enjoys fishing,8,7
36,Alfred,2,1,has a calm personality,9,7
36,Alfred,2,1,lives alone,10,7
36,Alfred,2,1,took the subway home,11,7
36,Alfred,2,1,was quiet on the subway,12,7
36,Alfred,2,1,got off at the same stop as Oliver,13,7
36,Alfred,2,1,heard loud drilling and yelling from the construction above,14,7
36,Alfred,2,1,physically attacked Oliver,15,1
36,Ava,3,1,often drives Peter to appointments and errands,1,7
36,Ava,3,1,is 26 years old,2,7
36,Ava,3,1,enjoys going to music concerts,3,7
36,Ava,3,1,is female,4,7
36,Ava,3,1,is an artist,5,6
36,Ava,3,1,is a compassionate person,6,7
36,Ava,3,1,has been friends with Peter for many years,7,7
36,Ava,3,1,has a peanut allergy,8,5
36,Ava,3,1,is Native American,9,5
36,Ava,3,1,regularly drinks coffee,10,7
36,Ava,3,1,did her annual car maintenance,11,7
36,Ava,3,1,drove under the speed limit,12,7
36,Ava,3,1,listened to the radio while driving,13,7
36,Ava,3,1,was startled by the deer,14,7
36,Ava,3,1,slammed the brakes after seeing the deer,15,7
36,Chris,4,1,is White,1,7
36,Chris,4,1,enjoys swimming,2,7
36,Chris,4,1,has an average IQ,3,7
36,Chris,4,1,admires his father,4,7
36,Chris,4,1,has a curious personality,5,7
36,Chris,4,1,is 10 years old,6,7
36,Chris,4,1,weighs 70 lbs,7,7
36,Chris,4,1,is a picky eater,8,6
36,Chris,4,1,is male,9,7
36,Chris,4,1,enjoys playing hide-and-seek,10,7
36,Chris,4,1,invited friends over to play,11,7
36,Chris,4,1,hid in the hall closet,12,7
36,Chris,4,1,found the key in his father's jacket pocket,13,7
36,Chris,4,1,opened the gun cabinet with the key,14,6
36,Chris,4,1,picked up a pistol to play with,15,5
36,Julia,5,0,is a courteous person,1,7
36,Julia,5,0,babysits on the weekends,2,7
36,Julia,5,0,is female,3,7
36,Julia,5,0,studies psychology,4,7
36,Julia,5,0,is a college student,5,7
36,Julia,5,0,is 19 years old,6,7
36,Julia,5,0,has asthma,7,4
36,Julia,5,0,can be sensitive sometimes,8,7
36,Julia,5,0,is multiracial,9,7
36,Julia,5,0,enjoys watching TV shows,10,7
36,Julia,5,0,read children's books with Benji,11,7
36,Julia,5,0,picked up her partner's call while filling the bathtub,12,7
36,Julia,5,0,felt hurt after learning about the cheating,13,7
36,Julia,5,0,left the bathroom to talk to her partner,14,7
36,Julia,5,0,sat for a few minutes after hanging up,15,7
36,Edward,6,1,enjoys reading science fiction,1,7
36,Edward,6,1,is an ambitious person,2,7
36,Edward,6,1,is White,3,7
36,Edward,6,1,enjoys browsing Twitter,4,7
36,Edward,6,1,is a clinical research assistant,5,5
36,Edward,6,1,is an experienced driver,6,7
36,Edward,6,1,is a studious person,7,7
36,Edward,6,1,is 24 years old,8,7
36,Edward,6,1,is male,9,7
36,Edward,6,1,is single,10,7
36,Edward,6,1,did not mute phone notifications while driving,11,7
36,Edward,6,1,was not speeding,12,7
36,Edward,6,1,checked that there were no other cars nearby,13,7
36,Edward,6,1,took a peek at the text,14,7
36,Edward,6,1,veered into the cyclist while reading the text,15,2
36,Flora,7,1,composes music in her free time,1,4
36,Flora,7,1,is legally blind,2,2
36,Flora,7,1,is an early riser,3,7
36,Flora,7,1,is 32 years old,4,7
36,Flora,7,1,is female,5,7
36,Flora,7,1,uses a white cane to guide herself,6,4
36,Flora,7,1,is an empathetic person,7,7
36,Flora,7,1,is a counselor,8,7
36,Flora,7,1,is Asian,9,7
36,Flora,7,1,enjoys gardening,10,7
36,Flora,7,1,went to a neighbor's house for dinner,11,7
36,Flora,7,1,used her white cane while walking home,12,7
36,Flora,7,1,did not call for help,13,3
36,Flora,7,1,her white cane slipped between Paul's legs,14,4
36,Flora,7,1,stepped on Paul's torso,15,4
36,Melvin,8,1,is 45 years old,1,7
36,Melvin,8,1,can be stingy sometimes,2,7
36,Melvin,8,1,grows corn,3,4
36,Melvin,8,1,has a cheerful personality,4,7
36,Melvin,8,1,is a farmer,5,4
36,Melvin,8,1,is male,6,7
36,Melvin,8,1,is White,7,7
36,Melvin,8,1,has high blood pressure,8,7
36,Melvin,8,1,enjoys listening to rock music,9,7
36,Melvin,8,1,grows hay,10,4
36,Melvin,8,1,built his barn near the border with Vincent's property,11,5
36,Melvin,8,1,was concerned with hayfires,12,7
36,Melvin,8,1,considered buying hay-drying equipment,13,7
36,Melvin,8,1,met with consultants,14,6
36,Melvin,8,1,decided not to buy hay-drying equipment,15,7
36,Darla,9,0,has worked with Pamela for many years,1,7
36,Darla,9,0,communicates and interacts well with children,2,7
36,Darla,9,0,runs a home daycare business,3,6
36,Darla,9,0,is 32 years old,4,7
36,Darla,9,0,is nearsighted,5,7
36,Darla,9,0,is Black,6,7
36,Darla,9,0,has a laid-back personality,7,7
36,Darla,9,0,has an absent-minded personality,8,5
36,Darla,9,0,enjoys cooking,9,7
36,Darla,9,0,is female,10,7
36,Darla,9,0,lives in a tornado-affected area,11,6
36,Darla,9,0,played games with the children,12,7
36,Darla,9,0,played loud upbeat music with the children,13,5
36,Darla,9,0,focused on the children,14,7
36,Darla,9,0,did not hear the tornado sirens,15,6
36,Nadia,10,0,is a timid person,1,7
36,Nadia,10,0,is a software engineer,2,7
36,Nadia,10,0,is White,3,7
36,Nadia,10,0,is female,4,7
36,Nadia,10,0,attended couples therapy years ago,5,6
36,Nadia,10,0,has red hair,6,7
36,Nadia,10,0,collects vinyl records,7,5
36,Nadia,10,0,is 34 years old,8,7
36,Nadia,10,0,enjoys oil painting,9,6
36,Nadia,10,0,is an organized person,10,7
36,Nadia,10,0,went to the emergency room for bruises,11,4
36,Nadia,10,0,did not seek help after the emergency room incident,12,5
36,Nadia,10,0,was scared when Franklin screamed,13,7
36,Nadia,10,0,grabbed the revolver,14,4
36,Nadia,10,0,shot Franklin with the revolver,15,4
36,Tristan,11,1,is Black,1,7
36,Tristan,11,1,is male,2,7
36,Tristan,11,1,is a cardiologist,3,4
36,Tristan,11,1,enjoys listening to country music,4,5
36,Tristan,11,1,can be opinionated sometimes,5,7
36,Tristan,11,1,is Christian,6,7
36,Tristan,11,1,is extroverted and outgoing,7,7
36,Tristan,11,1,can be impatient sometimes,8,7
36,Tristan,11,1,has worked for over ten years at the same hospital,9,7
36,Tristan,11,1,is 43 years old,10,7
36,Tristan,11,1,reviewed Annie's medical history and symptoms,11,7
36,Tristan,11,1,checked Annie's vitals,12,7
36,Tristan,11,1,ordered Annie an electrocardiogram (ECG/EKG),13,7
36,Tristan,11,1,did not order any other heart tests,14,7
36,Tristan,11,1,did not order a mammogram,15,7
37,Melvin,1,1,has a cheerful personality,1,4
37,Melvin,1,1,has high blood pressure,2,5
37,Melvin,1,1,grows corn,3,5
37,Melvin,1,1,can be stingy sometimes,4,5
37,Melvin,1,1,grows hay,5,5
37,Melvin,1,1,is White,6,7
37,Melvin,1,1,is male,7,7
37,Melvin,1,1,is a farmer,8,7
37,Melvin,1,1,is 45 years old,9,7
37,Melvin,1,1,enjoys listening to rock music,10,5
37,Melvin,1,1,built his barn near the border with Vincent's property,11,6
37,Melvin,1,1,was concerned with hayfires,12,5
37,Melvin,1,1,considered buying hay-drying equipment,13,5
37,Melvin,1,1,met with consultants,14,6
37,Melvin,1,1,decided not to buy hay-drying equipment,15,4
37,Flora,2,1,is an empathetic person,1,6
37,Flora,2,1,composes music in her free time,2,6
37,Flora,2,1,is female,3,7
37,Flora,2,1,is legally blind,4,2
37,Flora,2,1,enjoys gardening,5,6
37,Flora,2,1,is Asian,6,7
37,Flora,2,1,is 32 years old,7,7
37,Flora,2,1,is an early riser,8,7
37,Flora,2,1,uses a white cane to guide herself,9,5
37,Flora,2,1,is a counselor,10,7
37,Flora,2,1,went to a neighbor's house for dinner,11,7
37,Flora,2,1,used her white cane while walking home,12,7
37,Flora,2,1,did not call for help,13,4
37,Flora,2,1,her white cane slipped between Paul's legs,14,2
37,Flora,2,1,stepped on Paul's torso,15,2
37,Julia,3,0,is 19 years old,1,7
37,Julia,3,0,is a courteous person,2,7
37,Julia,3,0,enjoys watching TV shows,3,7
37,Julia,3,0,is a college student,4,7
37,Julia,3,0,is multiracial,5,6
37,Julia,3,0,babysits on the weekends,6,7
37,Julia,3,0,can be sensitive sometimes,7,7
37,Julia,3,0,has asthma,8,5
37,Julia,3,0,is female,9,7
37,Julia,3,0,studies psychology,10,7
37,Julia,3,0,read children's books with Benji,11,7
37,Julia,3,0,picked up her partner's call while filling the bathtub,12,3
37,Julia,3,0,felt hurt after learning about the cheating,13,7
37,Julia,3,0,left the bathroom to talk to her partner,14,5
37,Julia,3,0,sat for a few minutes after hanging up,15,4
37,Qian,4,0,is male,1,7
37,Qian,4,0,enjoys jazz music,2,5
37,Qian,4,0,is a restaurant waiter,3,7
37,Qian,4,0,is 27 years old,4,7
37,Qian,4,0,is hard-working,5,7
37,Qian,4,0,enjoys watching sports,6,7
37,Qian,4,0,has a humorous personality,7,7
37,Qian,4,0,is Asian,8,7
37,Qian,4,0,can be stubborn sometimes,9,5
37,Qian,4,0,does not smoke,10,7
37,Qian,4,0,hung out at the local bar with cousins,11,6
37,Qian,4,0,had several drinks over the course of two hours,12,6
37,Qian,4,0,was angered by Wilson's comments,13,7
37,Qian,4,0,did not talk back to Wilson,14,2
37,Qian,4,0,pushed Wilson to the ground,15,1
37,Chris,5,1,is male,1,7
37,Chris,5,1,is a picky eater,2,5
37,Chris,5,1,is 10 years old,3,7
37,Chris,5,1,has an average IQ,4,7
37,Chris,5,1,enjoys swimming,5,7
37,Chris,5,1,enjoys playing hide-and-seek,6,7
37,Chris,5,1,is White,7,7
37,Chris,5,1,admires his father,8,7
37,Chris,5,1,has a curious personality,9,7
37,Chris,5,1,weighs 70 lbs,10,7
37,Chris,5,1,invited friends over to play,11,7
37,Chris,5,1,hid in the hall closet,12,7
37,Chris,5,1,found the key in his father's jacket pocket,13,5
37,Chris,5,1,opened the gun cabinet with the key,14,2
37,Chris,5,1,picked up a pistol to play with,15,1
37,Tristan,6,1,is extroverted and outgoing,1,7
37,Tristan,6,1,is male,2,7
37,Tristan,6,1,is Black,3,7
37,Tristan,6,1,can be opinionated sometimes,4,5
37,Tristan,6,1,is 43 years old,5,7
37,Tristan,6,1,is a cardiologist,6,7
37,Tristan,6,1,has worked for over ten years at the same hospital,7,7
37,Tristan,6,1,can be impatient sometimes,8,5
37,Tristan,6,1,is Christian,9,7
37,Tristan,6,1,enjoys listening to country music,10,7
37,Tristan,6,1,reviewed Annie's medical history and symptoms,11,7
37,Tristan,6,1,checked Annie's vitals,12,7
37,Tristan,6,1,ordered Annie an electrocardiogram (ECG/EKG),13,7
37,Tristan,6,1,did not order any other heart tests,14,2
37,Tristan,6,1,did not order a mammogram,15,2
37,Darla,7,0,communicates and interacts well with children,1,7
37,Darla,7,0,is Black,2,7
37,Darla,7,0,enjoys cooking,3,7
37,Darla,7,0,is 32 years old,4,7
37,Darla,7,0,is nearsighted,5,7
37,Darla,7,0,is female,6,7
37,Darla,7,0,has a laid-back personality,7,7
37,Darla,7,0,has an absent-minded personality,8,7
37,Darla,7,0,runs a home daycare business,9,7
37,Darla,7,0,has worked with Pamela for many years,10,7
37,Darla,7,0,lives in a tornado-affected area,11,7
37,Darla,7,0,played games with the children,12,7
37,Darla,7,0,played loud upbeat music with the children,13,7
37,Darla,7,0,focused on the children,14,7
37,Darla,7,0,did not hear the tornado sirens,15,5
37,Nadia,8,0,is a software engineer,1,7
37,Nadia,8,0,attended couples therapy years ago,2,6
37,Nadia,8,0,is female,3,7
37,Nadia,8,0,is a timid person,4,7
37,Nadia,8,0,is White,5,7
37,Nadia,8,0,collects vinyl records,6,7
37,Nadia,8,0,enjoys oil painting,7,7
37,Nadia,8,0,has red hair,8,7
37,Nadia,8,0,is an organized person,9,7
37,Nadia,8,0,is 34 years old,10,7
37,Nadia,8,0,went to the emergency room for bruises,11,7
37,Nadia,8,0,did not seek help after the emergency room incident,12,3
37,Nadia,8,0,was scared when Franklin screamed,13,7
37,Nadia,8,0,grabbed the revolver,14,5
37,Nadia,8,0,shot Franklin with the revolver,15,5
37,Ava,9,1,has a peanut allergy,1,7
37,Ava,9,1,is an artist,2,7
37,Ava,9,1,has been friends with Peter for many years,3,7
37,Ava,9,1,is Native American,4,5
37,Ava,9,1,is a compassionate person,5,7
37,Ava,9,1,often drives Peter to appointments and errands,6,7
37,Ava,9,1,enjoys going to music concerts,7,7
37,Ava,9,1,is female,8,7
37,Ava,9,1,is 26 years old,9,7
37,Ava,9,1,regularly drinks coffee,10,7
37,Ava,9,1,did her annual car maintenance,11,7
37,Ava,9,1,drove under the speed limit,12,7
37,Ava,9,1,listened to the radio while driving,13,7
37,Ava,9,1,was startled by the deer,14,7
37,Ava,9,1,slammed the brakes after seeing the deer,15,7
37,Edward,10,1,is 24 years old,1,7
37,Edward,10,1,is an experienced driver,2,7
37,Edward,10,1,enjoys browsing Twitter,3,7
37,Edward,10,1,is male,4,7
37,Edward,10,1,is single,5,7
37,Edward,10,1,enjoys reading science fiction,6,7
37,Edward,10,1,is an ambitious person,7,7
37,Edward,10,1,is a clinical research assistant,8,7
37,Edward,10,1,is a studious person,9,7
37,Edward,10,1,is White,10,7
37,Edward,10,1,did not mute phone notifications while driving,11,7
37,Edward,10,1,was not speeding,12,7
37,Edward,10,1,checked that there were no other cars nearby,13,7
37,Edward,10,1,took a peek at the text,14,5
37,Edward,10,1,veered into the cyclist while reading the text,15,1
37,Alfred,11,1,is 68 years old,1,7
37,Alfred,11,1,lives alone,2,7
37,Alfred,11,1,is a veteran,3,7
37,Alfred,11,1,enjoys Italian cuisine,4,7
37,Alfred,11,1,has a calm personality,5,7
37,Alfred,11,1,is patriotic,6,7
37,Alfred,11,1,is White,7,7
37,Alfred,11,1,has PTSD,8,6
37,Alfred,11,1,enjoys fishing,9,7
37,Alfred,11,1,is male,10,7
37,Alfred,11,1,took the subway home,11,7
37,Alfred,11,1,was quiet on the subway,12,7
37,Alfred,11,1,got off at the same stop as Oliver,13,7
37,Alfred,11,1,heard loud drilling and yelling from the construction above,14,7
37,Alfred,11,1,physically attacked Oliver,15,1
38,Flora,1,1,composes music in her free time,1,5
38,Flora,1,1,is a counselor,2,6
38,Flora,1,1,is female,3,7
38,Flora,1,1,uses a white cane to guide herself,4,2
38,Flora,1,1,is legally blind,5,2
38,Flora,1,1,is 32 years old,6,7
38,Flora,1,1,enjoys gardening,7,5
38,Flora,1,1,is an early riser,8,6
38,Flora,1,1,is Asian,9,7
38,Flora,1,1,is an empathetic person,10,5
38,Flora,1,1,went to a neighbor's house for dinner,11,6
38,Flora,1,1,used her white cane while walking home,12,7
38,Flora,1,1,did not call for help,13,5
38,Flora,1,1,her white cane slipped between Paul's legs,14,1
38,Flora,1,1,stepped on Paul's torso,15,1
38,Qian,2,0,can be stubborn sometimes,1,7
38,Qian,2,0,is male,2,7
38,Qian,2,0,is Asian,3,7
38,Qian,2,0,does not smoke,4,7
38,Qian,2,0,enjoys jazz music,5,4
38,Qian,2,0,is a restaurant waiter,6,6
38,Qian,2,0,enjoys watching sports,7,6
38,Qian,2,0,has a humorous personality,8,5
38,Qian,2,0,is hard-working,9,5
38,Qian,2,0,is 27 years old,10,7
38,Qian,2,0,hung out at the local bar with cousins,11,5
38,Qian,2,0,had several drinks over the course of two hours,12,6
38,Qian,2,0,was angered by Wilson's comments,13,7
38,Qian,2,0,did not talk back to Wilson,14,4
38,Qian,2,0,pushed Wilson to the ground,15,5
38,Chris,3,1,enjoys swimming,1,6
38,Chris,3,1,has an average IQ,2,7
38,Chris,3,1,is White,3,7
38,Chris,3,1,is male,4,7
38,Chris,3,1,is a picky eater,5,4
38,Chris,3,1,enjoys playing hide-and-seek,6,6
38,Chris,3,1,has a curious personality,7,6
38,Chris,3,1,admires his father,8,5
38,Chris,3,1,is 10 years old,9,7
38,Chris,3,1,weighs 70 lbs,10,6
38,Chris,3,1,invited friends over to play,11,7
38,Chris,3,1,hid in the hall closet,12,6
38,Chris,3,1,found the key in his father's jacket pocket,13,5
38,Chris,3,1,opened the gun cabinet with the key,14,3
38,Chris,3,1,picked up a pistol to play with,15,2
38,Nadia,4,0,enjoys oil painting,1,4
38,Nadia,4,0,is a timid person,2,6
38,Nadia,4,0,attended couples therapy years ago,3,4
38,Nadia,4,0,has red hair,4,2
38,Nadia,4,0,collects vinyl records,5,3
38,Nadia,4,0,is female,6,7
38,Nadia,4,0,is an organized person,7,5
38,Nadia,4,0,is a software engineer,8,4
38,Nadia,4,0,is White,9,7
38,Nadia,4,0,is 34 years old,10,7
38,Nadia,4,0,went to the emergency room for bruises,11,1
38,Nadia,4,0,did not seek help after the emergency room incident,12,5
38,Nadia,4,0,was scared when Franklin screamed,13,7
38,Nadia,4,0,grabbed the revolver,14,4
38,Nadia,4,0,shot Franklin with the revolver,15,4
38,Ava,5,1,is an artist,1,3
38,Ava,5,1,is Native American,2,2
38,Ava,5,1,enjoys going to music concerts,3,5
38,Ava,5,1,is female,4,7
38,Ava,5,1,is a compassionate person,5,6
38,Ava,5,1,is 26 years old,6,7
38,Ava,5,1,often drives Peter to appointments and errands,7,3
38,Ava,5,1,has a peanut allergy,8,2
38,Ava,5,1,has been friends with Peter for many years,9,4
38,Ava,5,1,regularly drinks coffee,10,5
38,Ava,5,1,did her annual car maintenance,11,7
38,Ava,5,1,drove under the speed limit,12,2
38,Ava,5,1,listened to the radio while driving,13,6
38,Ava,5,1,was startled by the deer,14,7
38,Ava,5,1,slammed the brakes after seeing the deer,15,7
38,Edward,6,1,is a studious person,1,4
38,Edward,6,1,is 24 years old,2,7
38,Edward,6,1,is male,3,7
38,Edward,6,1,is a clinical research assistant,4,2
38,Edward,6,1,is single,5,6
38,Edward,6,1,is an experienced driver,6,5
38,Edward,6,1,enjoys reading science fiction,7,2
38,Edward,6,1,is an ambitious person,8,5
38,Edward,6,1,enjoys browsing Twitter,9,4
38,Edward,6,1,is White,10,7
38,Edward,6,1,did not mute phone notifications while driving,11,7
38,Edward,6,1,was not speeding,12,5
38,Edward,6,1,checked that there were no other cars nearby,13,2
38,Edward,6,1,took a peek at the text,14,6
38,Edward,6,1,veered into the cyclist while reading the text,15,1
38,Tristan,7,1,is 43 years old,1,7
38,Tristan,7,1,is a cardiologist,2,1
38,Tristan,7,1,can be impatient sometimes,3,7
38,Tristan,7,1,enjoys listening to country music,4,2
38,Tristan,7,1,is Christian,5,6
38,Tristan,7,1,has worked for over ten years at the same hospital,6,5
38,Tristan,7,1,is extroverted and outgoing,7,5
38,Tristan,7,1,is Black,8,5
38,Tristan,7,1,is male,9,7
38,Tristan,7,1,can be opinionated sometimes,10,6
38,Tristan,7,1,reviewed Annie's medical history and symptoms,11,7
38,Tristan,7,1,checked Annie's vitals,12,7
38,Tristan,7,1,ordered Annie an electrocardiogram (ECG/EKG),13,7
38,Tristan,7,1,did not order any other heart tests,14,4
38,Tristan,7,1,did not order a mammogram,15,4
38,Melvin,8,1,can be stingy sometimes,1,6
38,Melvin,8,1,grows hay,2,1
38,Melvin,8,1,is 45 years old,3,7
38,Melvin,8,1,is a farmer,4,2
38,Melvin,8,1,grows corn,5,2
38,Melvin,8,1,has a cheerful personality,6,6
38,Melvin,8,1,has high blood pressure,7,5
38,Melvin,8,1,enjoys listening to rock music,8,5
38,Melvin,8,1,is White,9,7
38,Melvin,8,1,is male,10,7
38,Melvin,8,1,built his barn near the border with Vincent's property,11,3
38,Melvin,8,1,was concerned with hayfires,12,3
38,Melvin,8,1,considered buying hay-drying equipment,13,2
38,Melvin,8,1,met with consultants,14,5
38,Melvin,8,1,decided not to buy hay-drying equipment,15,6
38,Darla,9,0,communicates and interacts well with children,1,6
38,Darla,9,0,has a laid-back personality,2,6
38,Darla,9,0,is Black,3,7
38,Darla,9,0,is nearsighted,4,4
38,Darla,9,0,enjoys cooking,5,5
38,Darla,9,0,is 32 years old,6,7
38,Darla,9,0,has worked with Pamela for many years,7,6
38,Darla,9,0,has an absent-minded personality,8,6
38,Darla,9,0,is female,9,7
38,Darla,9,0,runs a home daycare business,10,4
38,Darla,9,0,lives in a tornado-affected area,11,4
38,Darla,9,0,played games with the children,12,6
38,Darla,9,0,played loud upbeat music with the children,13,5
38,Darla,9,0,focused on the children,14,6
38,Darla,9,0,did not hear the tornado sirens,15,3
38,Julia,10,0,can be sensitive sometimes,1,7
38,Julia,10,0,is a college student,2,4
38,Julia,10,0,is 19 years old,3,7
38,Julia,10,0,babysits on the weekends,4,5
38,Julia,10,0,has asthma,5,2
38,Julia,10,0,studies psychology,6,4
38,Julia,10,0,enjoys watching TV shows,7,6
38,Julia,10,0,is female,8,7
38,Julia,10,0,is a courteous person,9,6
38,Julia,10,0,is multiracial,10,3
38,Julia,10,0,read children's books with Benji,11,7
38,Julia,10,0,picked up her partner's call while filling the bathtub,12,7
38,Julia,10,0,felt hurt after learning about the cheating,13,7
38,Julia,10,0,left the bathroom to talk to her partner,14,4
38,Julia,10,0,sat for a few minutes after hanging up,15,5
38,Alfred,11,1,is male,1,7
38,Alfred,11,1,is 68 years old,2,7
38,Alfred,11,1,is patriotic,3,5
38,Alfred,11,1,is White,4,7
38,Alfred,11,1,lives alone,5,4
38,Alfred,11,1,has PTSD,6,2
38,Alfred,11,1,has a calm personality,7,5
38,Alfred,11,1,is a veteran,8,4
38,Alfred,11,1,enjoys Italian cuisine,9,6
38,Alfred,11,1,enjoys fishing,10,4
38,Alfred,11,1,took the subway home,11,5
38,Alfred,11,1,was quiet on the subway,12,6
38,Alfred,11,1,got off at the same stop as Oliver,13,7
38,Alfred,11,1,heard loud drilling and yelling from the construction above,14,7
38,Alfred,11,1,physically attacked Oliver,15,1
39,Edward,1,0,is an experienced driver,1,5
39,Edward,1,0,is White,2,6
39,Edward,1,0,is 24 years old,3,6
39,Edward,1,0,enjoys browsing Twitter,4,6
39,Edward,1,0,is an ambitious person,5,6
39,Edward,1,0,is single,6,6
39,Edward,1,0,enjoys reading science fiction,7,6
39,Edward,1,0,is a studious person,8,6
39,Edward,1,0,is male,9,5
39,Edward,1,0,is a clinical research assistant,10,6
39,Edward,1,0,did not mute phone notifications while driving,11,3
39,Edward,1,0,was not speeding,12,5
39,Edward,1,0,checked that there were no other cars nearby,13,5
39,Edward,1,0,took a peek at the text,14,3
39,Edward,1,0,veered into the cyclist while reading the text,15,4
39,Melvin,2,1,grows corn,1,6
39,Melvin,2,1,is a farmer,2,6
39,Melvin,2,1,enjoys listening to rock music,3,6
39,Melvin,2,1,is male,4,6
39,Melvin,2,1,is 45 years old,5,6
39,Melvin,2,1,has high blood pressure,6,6
39,Melvin,2,1,grows hay,7,6
39,Melvin,2,1,can be stingy sometimes,8,7
39,Melvin,2,1,is White,9,6
39,Melvin,2,1,has a cheerful personality,10,6
39,Melvin,2,1,built his barn near the border with Vincent's property,11,5
39,Melvin,2,1,was concerned with hayfires,12,5
39,Melvin,2,1,considered buying hay-drying equipment,13,6
39,Melvin,2,1,met with consultants,14,3
39,Melvin,2,1,decided not to buy hay-drying equipment,15,3
39,Chris,3,1,has an average IQ,1,6
39,Chris,3,1,enjoys swimming,2,6
39,Chris,3,1,is White,3,6
39,Chris,3,1,is a picky eater,4,6
39,Chris,3,1,enjoys playing hide-and-seek,5,6
39,Chris,3,1,weighs 70 lbs,6,6
39,Chris,3,1,admires his father,7,7
39,Chris,3,1,has a curious personality,8,7
39,Chris,3,1,is male,9,6
39,Chris,3,1,is 10 years old,10,6
39,Chris,3,1,invited friends over to play,11,7
39,Chris,3,1,hid in the hall closet,12,7
39,Chris,3,1,found the key in his father's jacket pocket,13,4
39,Chris,3,1,opened the gun cabinet with the key,14,3
39,Chris,3,1,picked up a pistol to play with,15,2
39,Qian,4,0,is a restaurant waiter,1,6
39,Qian,4,0,enjoys watching sports,2,6
39,Qian,4,0,is Asian,3,5
39,Qian,4,0,enjoys jazz music,4,5
39,Qian,4,0,does not smoke,5,6
39,Qian,4,0,can be stubborn sometimes,6,6
39,Qian,4,0,is 27 years old,7,5
39,Qian,4,0,has a humorous personality,8,6
39,Qian,4,0,is male,9,5
39,Qian,4,0,is hard-working,10,7
39,Qian,4,0,hung out at the local bar with cousins,11,6
39,Qian,4,0,had several drinks over the course of two hours,12,6
39,Qian,4,0,was angered by Wilson's comments,13,7
39,Qian,4,0,did not talk back to Wilson,14,5
39,Qian,4,0,pushed Wilson to the ground,15,6
39,Tristan,5,1,is Christian,1,6
39,Tristan,5,1,is 43 years old,2,6
39,Tristan,5,1,is Black,3,5
39,Tristan,5,1,is extroverted and outgoing,4,5
39,Tristan,5,1,can be impatient sometimes,5,6
39,Tristan,5,1,has worked for over ten years at the same hospital,6,6
39,Tristan,5,1,can be opinionated sometimes,7,5
39,Tristan,5,1,is a cardiologist,8,6
39,Tristan,5,1,enjoys listening to country music,9,4
39,Tristan,5,1,is male,10,6
39,Tristan,5,1,reviewed Annie's medical history and symptoms,11,6
39,Tristan,5,1,checked Annie's vitals,12,6
39,Tristan,5,1,ordered Annie an electrocardiogram (ECG/EKG),13,6
39,Tristan,5,1,did not order any other heart tests,14,4
39,Tristan,5,1,did not order a mammogram,15,4
39,Darla,6,0,has a laid-back personality,1,6
39,Darla,6,0,is female,2,6
39,Darla,6,0,has worked with Pamela for many years,3,6
39,Darla,6,0,is nearsighted,4,6
39,Darla,6,0,has an absent-minded personality,5,5
39,Darla,6,0,is 32 years old,6,6
39,Darla,6,0,enjoys cooking,7,6
39,Darla,6,0,communicates and interacts well with children,8,6
39,Darla,6,0,runs a home daycare business,9,6
39,Darla,6,0,is Black,10,6
39,Darla,6,0,lives in a tornado-affected area,11,6
39,Darla,6,0,played games with the children,12,6
39,Darla,6,0,played loud upbeat music with the children,13,6
39,Darla,6,0,focused on the children,14,6
39,Darla,6,0,did not hear the tornado sirens,15,5
39,Flora,7,1,composes music in her free time,1,6
39,Flora,7,1,is Asian,2,6
39,Flora,7,1,is legally blind,3,6
39,Flora,7,1,is an empathetic person,4,6
39,Flora,7,1,uses a white cane to guide herself,5,6
39,Flora,7,1,is 32 years old,6,5
39,Flora,7,1,is an early riser,7,6
39,Flora,7,1,enjoys gardening,8,5
39,Flora,7,1,is female,9,6
39,Flora,7,1,is a counselor,10,6
39,Flora,7,1,went to a neighbor's house for dinner,11,6
39,Flora,7,1,used her white cane while walking home,12,6
39,Flora,7,1,did not call for help,13,6
39,Flora,7,1,her white cane slipped between Paul's legs,14,5
39,Flora,7,1,stepped on Paul's torso,15,5
39,Nadia,8,0,is a software engineer,1,6
39,Nadia,8,0,enjoys oil painting,2,6
39,Nadia,8,0,is female,3,6
39,Nadia,8,0,is a timid person,4,6
39,Nadia,8,0,is White,5,6
39,Nadia,8,0,is 34 years old,6,6
39,Nadia,8,0,attended couples therapy years ago,7,6
39,Nadia,8,0,collects vinyl records,8,7
39,Nadia,8,0,has red hair,9,6
39,Nadia,8,0,is an organized person,10,6
39,Nadia,8,0,went to the emergency room for bruises,11,6
39,Nadia,8,0,did not seek help after the emergency room incident,12,3
39,Nadia,8,0,was scared when Franklin screamed,13,7
39,Nadia,8,0,grabbed the revolver,14,7
39,Nadia,8,0,shot Franklin with the revolver,15,5
39,Alfred,9,1,enjoys Italian cuisine,1,6
39,Alfred,9,1,is male,2,6
39,Alfred,9,1,has PTSD,3,6
39,Alfred,9,1,is 68 years old,4,6
39,Alfred,9,1,lives alone,5,6
39,Alfred,9,1,is patriotic,6,6
39,Alfred,9,1,is White,7,6
39,Alfred,9,1,has a calm personality,8,6
39,Alfred,9,1,is a veteran,9,6
39,Alfred,9,1,enjoys fishing,10,7
39,Alfred,9,1,took the subway home,11,7
39,Alfred,9,1,was quiet on the subway,12,7
39,Alfred,9,1,got off at the same stop as Oliver,13,7
39,Alfred,9,1,heard loud drilling and yelling from the construction above,14,6
39,Alfred,9,1,physically attacked Oliver,15,2
39,Ava,10,1,enjoys going to music concerts,1,6
39,Ava,10,1,often drives Peter to appointments and errands,2,6
39,Ava,10,1,is Native American,3,6
39,Ava,10,1,is 26 years old,4,6
39,Ava,10,1,has a peanut allergy,5,5
39,Ava,10,1,is a compassionate person,6,5
39,Ava,10,1,regularly drinks coffee,7,6
39,Ava,10,1,has been friends with Peter for many years,8,6
39,Ava,10,1,is an artist,9,6
39,Ava,10,1,is female,10,6
39,Ava,10,1,did her annual car maintenance,11,6
39,Ava,10,1,drove under the speed limit,12,6
39,Ava,10,1,listened to the radio while driving,13,6
39,Ava,10,1,was startled by the deer,14,7
39,Ava,10,1,slammed the brakes after seeing the deer,15,7
39,Julia,11,0,studies psychology,1,6
39,Julia,11,0,is female,2,6
39,Julia,11,0,babysits on the weekends,3,6
39,Julia,11,0,is a college student,4,7
39,Julia,11,0,is 19 years old,5,7
39,Julia,11,0,has asthma,6,5
39,Julia,11,0,enjoys watching TV shows,7,6
39,Julia,11,0,is a courteous person,8,6
39,Julia,11,0,is multiracial,9,7
39,Julia,11,0,can be sensitive sometimes,10,7
39,Julia,11,0,read children's books with Benji,11,6
39,Julia,11,0,picked up her partner's call while filling the bathtub,12,6
39,Julia,11,0,felt hurt after learning about the cheating,13,7
39,Julia,11,0,left the bathroom to talk to her partner,14,5
39,Julia,11,0,sat for a few minutes after hanging up,15,5
40,Nadia,1,0,has red hair,1,3
40,Nadia,1,0,is a software engineer,2,5
40,Nadia,1,0,enjoys oil painting,3,3
40,Nadia,1,0,collects vinyl records,4,5
40,Nadia,1,0,is a timid person,5,6
40,Nadia,1,0,is 34 years old,6,7
40,Nadia,1,0,is an organized person,7,6
40,Nadia,1,0,is female,8,7
40,Nadia,1,0,attended couples therapy years ago,9,5
40,Nadia,1,0,is White,10,7
40,Nadia,1,0,went to the emergency room for bruises,11,2
40,Nadia,1,0,did not seek help after the emergency room incident,12,4
40,Nadia,1,0,was scared when Franklin screamed,13,7
40,Nadia,1,0,grabbed the revolver,14,7
40,Nadia,1,0,shot Franklin with the revolver,15,7
40,Edward,2,1,is a clinical research assistant,1,5
40,Edward,2,1,is male,2,7
40,Edward,2,1,is White,3,7
40,Edward,2,1,is an ambitious person,4,6
40,Edward,2,1,is single,5,6
40,Edward,2,1,is a studious person,6,6
40,Edward,2,1,enjoys reading science fiction,7,6
40,Edward,2,1,enjoys browsing Twitter,8,7
40,Edward,2,1,is an experienced driver,9,5
40,Edward,2,1,is 24 years old,10,7
40,Edward,2,1,did not mute phone notifications while driving,11,7
40,Edward,2,1,was not speeding,12,6
40,Edward,2,1,checked that there were no other cars nearby,13,6
40,Edward,2,1,took a peek at the text,14,6
40,Edward,2,1,veered into the cyclist while reading the text,15,3
40,Darla,3,0,is Black,1,7
40,Darla,3,0,has an absent-minded personality,2,6
40,Darla,3,0,runs a home daycare business,3,3
40,Darla,3,0,enjoys cooking,4,5
40,Darla,3,0,has worked with Pamela for many years,5,6
40,Darla,3,0,is female,6,7
40,Darla,3,0,is nearsighted,7,6
40,Darla,3,0,communicates and interacts well with children,8,6
40,Darla,3,0,is 32 years old,9,7
40,Darla,3,0,has a laid-back personality,10,6
40,Darla,3,0,lives in a tornado-affected area,11,6
40,Darla,3,0,played games with the children,12,7
40,Darla,3,0,played loud upbeat music with the children,13,6
40,Darla,3,0,focused on the children,14,7
40,Darla,3,0,did not hear the tornado sirens,15,3
40,Alfred,4,1,enjoys Italian cuisine,1,6
40,Alfred,4,1,is 68 years old,2,7
40,Alfred,4,1,has PTSD,3,2
40,Alfred,4,1,enjoys fishing,4,5
40,Alfred,4,1,has a calm personality,5,6
40,Alfred,4,1,is White,6,7
40,Alfred,4,1,is male,7,7
40,Alfred,4,1,is patriotic,8,4
40,Alfred,4,1,is a veteran,9,5
40,Alfred,4,1,lives alone,10,6
40,Alfred,4,1,took the subway home,11,3
40,Alfred,4,1,was quiet on the subway,12,6
40,Alfred,4,1,got off at the same stop as Oliver,13,7
40,Alfred,4,1,heard loud drilling and yelling from the construction above,14,6
40,Alfred,4,1,physically attacked Oliver,15,1
40,Melvin,5,1,is male,1,6
40,Melvin,5,1,enjoys listening to rock music,2,5
40,Melvin,5,1,is a farmer,3,2
40,Melvin,5,1,grows corn,4,2
40,Melvin,5,1,has high blood pressure,5,5
40,Melvin,5,1,has a cheerful personality,6,6
40,Melvin,5,1,is 45 years old,7,6
40,Melvin,5,1,grows hay,8,1
40,Melvin,5,1,can be stingy sometimes,9,5
40,Melvin,5,1,is White,10,7
40,Melvin,5,1,built his barn near the border with Vincent's property,11,6
40,Melvin,5,1,was concerned with hayfires,12,5
40,Melvin,5,1,considered buying hay-drying equipment,13,5
40,Melvin,5,1,met with consultants,14,5
40,Melvin,5,1,decided not to buy hay-drying equipment,15,3
40,Flora,6,1,is Asian,1,6
40,Flora,6,1,is a counselor,2,7
40,Flora,6,1,uses a white cane to guide herself,3,2
40,Flora,6,1,is female,4,7
40,Flora,6,1,is an empathetic person,5,6
40,Flora,6,1,composes music in her free time,6,2
40,Flora,6,1,enjoys gardening,7,5
40,Flora,6,1,is an early riser,8,3
40,Flora,6,1,is 32 years old,9,7
40,Flora,6,1,is legally blind,10,2
40,Flora,6,1,went to a neighbor's house for dinner,11,7
40,Flora,6,1,used her white cane while walking home,12,2
40,Flora,6,1,did not call for help,13,3
40,Flora,6,1,her white cane slipped between Paul's legs,14,2
40,Flora,6,1,stepped on Paul's torso,15,2
40,Ava,7,1,is a compassionate person,1,6
40,Ava,7,1,regularly drinks coffee,2,7
40,Ava,7,1,has a peanut allergy,3,3
40,Ava,7,1,is Native American,4,1
40,Ava,7,1,is 26 years old,5,6
40,Ava,7,1,is an artist,6,4
40,Ava,7,1,has been friends with Peter for many years,7,5
40,Ava,7,1,enjoys going to music concerts,8,6
40,Ava,7,1,is female,9,7
40,Ava,7,1,often drives Peter to appointments and errands,10,5
40,Ava,7,1,did her annual car maintenance,11,6
40,Ava,7,1,drove under the speed limit,12,6
40,Ava,7,1,listened to the radio while driving,13,6
40,Ava,7,1,was startled by the deer,14,7
40,Ava,7,1,slammed the brakes after seeing the deer,15,7
40,Julia,8,0,has asthma,1,3
40,Julia,8,0,is 19 years old,2,7
40,Julia,8,0,studies psychology,3,7
40,Julia,8,0,babysits on the weekends,4,7
40,Julia,8,0,is female,5,7
40,Julia,8,0,can be sensitive sometimes,6,6
40,Julia,8,0,enjoys watching TV shows,7,7
40,Julia,8,0,is a college student,8,7
40,Julia,8,0,is a courteous person,9,7
40,Julia,8,0,is multiracial,10,5
40,Julia,8,0,read children's books with Benji,11,7
40,Julia,8,0,picked up her partner's call while filling the bathtub,12,4
40,Julia,8,0,felt hurt after learning about the cheating,13,7
40,Julia,8,0,left the bathroom to talk to her partner,14,6
40,Julia,8,0,sat for a few minutes after hanging up,15,6
40,Tristan,9,1,can be opinionated sometimes,1,7
40,Tristan,9,1,is male,2,7
40,Tristan,9,1,is Black,3,7
40,Tristan,9,1,is a cardiologist,4,5
40,Tristan,9,1,is extroverted and outgoing,5,6
40,Tristan,9,1,has worked for over ten years at the same hospital,6,6
40,Tristan,9,1,is 43 years old,7,7
40,Tristan,9,1,is Christian,8,6
40,Tristan,9,1,can be impatient sometimes,9,6
40,Tristan,9,1,enjoys listening to country music,10,5
40,Tristan,9,1,reviewed Annie's medical history and symptoms,11,7
40,Tristan,9,1,checked Annie's vitals,12,7
40,Tristan,9,1,ordered Annie an electrocardiogram (ECG/EKG),13,7
40,Tristan,9,1,did not order any other heart tests,14,5
40,Tristan,9,1,did not order a mammogram,15,6
40,Qian,10,0,enjoys watching sports,1,7
40,Qian,10,0,is 27 years old,2,7
40,Qian,10,0,does not smoke,3,7
40,Qian,10,0,is male,4,7
40,Qian,10,0,has a humorous personality,5,6
40,Qian,10,0,is hard-working,6,6
40,Qian,10,0,can be stubborn sometimes,7,6
40,Qian,10,0,enjoys jazz music,8,5
40,Qian,10,0,is Asian,9,6
40,Qian,10,0,is a restaurant waiter,10,6
40,Qian,10,0,hung out at the local bar with cousins,11,7
40,Qian,10,0,had several drinks over the course of two hours,12,6
40,Qian,10,0,was angered by Wilson's comments,13,7
40,Qian,10,0,did not talk back to Wilson,14,6
40,Qian,10,0,pushed Wilson to the ground,15,7
40,Chris,11,1,has a curious personality,1,6
40,Chris,11,1,has an average IQ,2,7
40,Chris,11,1,is male,3,7
40,Chris,11,1,enjoys swimming,4,7
40,Chris,11,1,admires his father,5,7
40,Chris,11,1,is 10 years old,6,7
40,Chris,11,1,is a picky eater,7,5
40,Chris,11,1,is White,8,7
40,Chris,11,1,enjoys playing hide-and-seek,9,6
40,Chris,11,1,weighs 70 lbs,10,7
40,Chris,11,1,invited friends over to play,11,7
40,Chris,11,1,hid in the hall closet,12,7
40,Chris,11,1,found the key in his father's jacket pocket,13,7
40,Chris,11,1,opened the gun cabinet with the key,14,3
40,Chris,11,1,picked up a pistol to play with,15,4
41,Qian,1,0,does not smoke,1,7
41,Qian,1,0,is a restaurant waiter,2,7
41,Qian,1,0,enjoys jazz music,3,4
41,Qian,1,0,is hard-working,4,5
41,Qian,1,0,is 27 years old,5,7
41,Qian,1,0,is male,6,7
41,Qian,1,0,has a humorous personality,7,6
41,Qian,1,0,can be stubborn sometimes,8,6
41,Qian,1,0,is Asian,9,7
41,Qian,1,0,enjoys watching sports,10,6
41,Qian,1,0,hung out at the local bar with cousins,11,6
41,Qian,1,0,had several drinks over the course of two hours,12,5
41,Qian,1,0,was angered by Wilson's comments,13,7
41,Qian,1,0,did not talk back to Wilson,14,2
41,Qian,1,0,pushed Wilson to the ground,15,3
41,Julia,2,0,is 19 years old,1,7
41,Julia,2,0,is a courteous person,2,6
41,Julia,2,0,can be sensitive sometimes,3,5
41,Julia,2,0,has asthma,4,3
41,Julia,2,0,studies psychology,5,4
41,Julia,2,0,is a college student,6,6
41,Julia,2,0,is multiracial,7,7
41,Julia,2,0,babysits on the weekends,8,5
41,Julia,2,0,is female,9,7
41,Julia,2,0,enjoys watching TV shows,10,7
41,Julia,2,0,read children's books with Benji,11,7
41,Julia,2,0,picked up her partner's call while filling the bathtub,12,7
41,Julia,2,0,felt hurt after learning about the cheating,13,7
41,Julia,2,0,left the bathroom to talk to her partner,14,1
41,Julia,2,0,sat for a few minutes after hanging up,15,4
41,Chris,3,1,admires his father,1,7
41,Chris,3,1,has a curious personality,2,6
41,Chris,3,1,weighs 70 lbs,3,7
41,Chris,3,1,is male,4,7
41,Chris,3,1,enjoys playing hide-and-seek,5,6
41,Chris,3,1,is 10 years old,6,7
41,Chris,3,1,is White,7,7
41,Chris,3,1,enjoys swimming,8,6
41,Chris,3,1,is a picky eater,9,3
41,Chris,3,1,has an average IQ,10,7
41,Chris,3,1,invited friends over to play,11,7
41,Chris,3,1,hid in the hall closet,12,6
41,Chris,3,1,found the key in his father's jacket pocket,13,4
41,Chris,3,1,opened the gun cabinet with the key,14,3
41,Chris,3,1,picked up a pistol to play with,15,2
41,Edward,4,1,is 24 years old,1,7
41,Edward,4,1,enjoys browsing Twitter,2,7
41,Edward,4,1,is an ambitious person,3,6
41,Edward,4,1,is male,4,7
41,Edward,4,1,is single,5,6
41,Edward,4,1,is White,6,7
41,Edward,4,1,is an experienced driver,7,7
41,Edward,4,1,is a clinical research assistant,8,4
41,Edward,4,1,is a studious person,9,5
41,Edward,4,1,enjoys reading science fiction,10,6
41,Edward,4,1,did not mute phone notifications while driving,11,7
41,Edward,4,1,was not speeding,12,7
41,Edward,4,1,checked that there were no other cars nearby,13,7
41,Edward,4,1,took a peek at the text,14,4
41,Edward,4,1,veered into the cyclist while reading the text,15,2
41,Flora,5,1,is Asian,1,7
41,Flora,5,1,is female,2,7
41,Flora,5,1,is 32 years old,3,7
41,Flora,5,1,enjoys gardening,4,5
41,Flora,5,1,composes music in her free time,5,2
41,Flora,5,1,uses a white cane to guide herself,6,2
41,Flora,5,1,is legally blind,7,2
41,Flora,5,1,is a counselor,8,5
41,Flora,5,1,is an empathetic person,9,5
41,Flora,5,1,is an early riser,10,5
41,Flora,5,1,went to a neighbor's house for dinner,11,6
41,Flora,5,1,used her white cane while walking home,12,5
41,Flora,5,1,did not call for help,13,2
41,Flora,5,1,her white cane slipped between Paul's legs,14,2
41,Flora,5,1,stepped on Paul's torso,15,2
41,Ava,6,1,is Native American,1,7
41,Ava,6,1,has been friends with Peter for many years,2,7
41,Ava,6,1,regularly drinks coffee,3,7
41,Ava,6,1,often drives Peter to appointments and errands,4,7
41,Ava,6,1,has a peanut allergy,5,2
41,Ava,6,1,is female,6,7
41,Ava,6,1,enjoys going to music concerts,7,7
41,Ava,6,1,is 26 years old,8,7
41,Ava,6,1,is an artist,9,3
41,Ava,6,1,is a compassionate person,10,6
41,Ava,6,1,did her annual car maintenance,11,6
41,Ava,6,1,drove under the speed limit,12,6
41,Ava,6,1,listened to the radio while driving,13,7
41,Ava,6,1,was startled by the deer,14,7
41,Ava,6,1,slammed the brakes after seeing the deer,15,7
41,Nadia,7,0,has red hair,1,4
41,Nadia,7,0,is 34 years old,2,7
41,Nadia,7,0,is a timid person,3,5
41,Nadia,7,0,is White,4,7
41,Nadia,7,0,is an organized person,5,6
41,Nadia,7,0,enjoys oil painting,6,4
41,Nadia,7,0,attended couples therapy years ago,7,5
41,Nadia,7,0,is female,8,7
41,Nadia,7,0,collects vinyl records,9,5
41,Nadia,7,0,is a software engineer,10,5
41,Nadia,7,0,went to the emergency room for bruises,11,3
41,Nadia,7,0,did not seek help after the emergency room incident,12,3
41,Nadia,7,0,was scared when Franklin screamed,13,7
41,Nadia,7,0,grabbed the revolver,14,4
41,Nadia,7,0,shot Franklin with the revolver,15,2
41,Tristan,8,1,can be impatient sometimes,1,6
41,Tristan,8,1,is Black,2,7
41,Tristan,8,1,enjoys listening to country music,3,6
41,Tristan,8,1,is male,4,7
41,Tristan,8,1,is 43 years old,5,7
41,Tristan,8,1,can be opinionated sometimes,6,7
41,Tristan,8,1,is extroverted and outgoing,7,6
41,Tristan,8,1,is Christian,8,6
41,Tristan,8,1,has worked for over ten years at the same hospital,9,5
41,Tristan,8,1,is a cardiologist,10,4
41,Tristan,8,1,reviewed Annie's medical history and symptoms,11,7
41,Tristan,8,1,checked Annie's vitals,12,7
41,Tristan,8,1,ordered Annie an electrocardiogram (ECG/EKG),13,7
41,Tristan,8,1,did not order any other heart tests,14,4
41,Tristan,8,1,did not order a mammogram,15,4
41,Alfred,9,1,is patriotic,1,6
41,Alfred,9,1,lives alone,2,6
41,Alfred,9,1,has PTSD,3,3
41,Alfred,9,1,is 68 years old,4,7
41,Alfred,9,1,is a veteran,5,5
41,Alfred,9,1,has a calm personality,6,6
41,Alfred,9,1,enjoys Italian cuisine,7,6
41,Alfred,9,1,is male,8,7
41,Alfred,9,1,is White,9,7
41,Alfred,9,1,enjoys fishing,10,6
41,Alfred,9,1,took the subway home,11,7
41,Alfred,9,1,was quiet on the subway,12,7
41,Alfred,9,1,got off at the same stop as Oliver,13,7
41,Alfred,9,1,heard loud drilling and yelling from the construction above,14,3
41,Alfred,9,1,physically attacked Oliver,15,1
41,Melvin,10,1,is a farmer,1,4
41,Melvin,10,1,has a cheerful personality,2,6
41,Melvin,10,1,is White,3,7
41,Melvin,10,1,has high blood pressure,4,5
41,Melvin,10,1,is male,5,7
41,Melvin,10,1,grows corn,6,4
41,Melvin,10,1,grows hay,7,4
41,Melvin,10,1,can be stingy sometimes,8,6
41,Melvin,10,1,enjoys listening to rock music,9,6
41,Melvin,10,1,is 45 years old,10,7
41,Melvin,10,1,built his barn near the border with Vincent's property,11,6
41,Melvin,10,1,was concerned with hayfires,12,7
41,Melvin,10,1,considered buying hay-drying equipment,13,7
41,Melvin,10,1,met with consultants,14,7
41,Melvin,10,1,decided not to buy hay-drying equipment,15,6
41,Darla,11,0,has an absent-minded personality,1,5
41,Darla,11,0,is female,2,7
41,Darla,11,0,is nearsighted,3,6
41,Darla,11,0,has a laid-back personality,4,6
41,Darla,11,0,runs a home daycare business,5,4
41,Darla,11,0,has worked with Pamela for many years,6,7
41,Darla,11,0,communicates and interacts well with children,7,6
41,Darla,11,0,is 32 years old,8,7
41,Darla,11,0,is Black,9,7
41,Darla,11,0,enjoys cooking,10,5
41,Darla,11,0,lives in a tornado-affected area,11,5
41,Darla,11,0,played games with the children,12,7
41,Darla,11,0,played loud upbeat music with the children,13,6
41,Darla,11,0,focused on the children,14,7
41,Darla,11,0,did not hear the tornado sirens,15,3
42,Ava,1,1,is female,1,7
42,Ava,1,1,often drives Peter to appointments and errands,2,7
42,Ava,1,1,is an artist,3,7
42,Ava,1,1,has been friends with Peter for many years,4,7
42,Ava,1,1,is 26 years old,5,7
42,Ava,1,1,regularly drinks coffee,6,7
42,Ava,1,1,has a peanut allergy,7,7
42,Ava,1,1,is Native American,8,7
42,Ava,1,1,is a compassionate person,9,7
42,Ava,1,1,enjoys going to music concerts,10,7
42,Ava,1,1,did her annual car maintenance,11,7
42,Ava,1,1,drove under the speed limit,12,6
42,Ava,1,1,listened to the radio while driving,13,7
42,Ava,1,1,was startled by the deer,14,4
42,Ava,1,1,slammed the brakes after seeing the deer,15,6
42,Julia,2,0,is multiracial,1,7
42,Julia,2,0,is 19 years old,2,7
42,Julia,2,0,is a college student,3,7
42,Julia,2,0,can be sensitive sometimes,4,4
42,Julia,2,0,enjoys watching TV shows,5,7
42,Julia,2,0,has asthma,6,6
42,Julia,2,0,is female,7,7
42,Julia,2,0,studies psychology,8,7
42,Julia,2,0,babysits on the weekends,9,7
42,Julia,2,0,is a courteous person,10,4
42,Julia,2,0,read children's books with Benji,11,7
42,Julia,2,0,picked up her partner's call while filling the bathtub,12,6
42,Julia,2,0,felt hurt after learning about the cheating,13,4
42,Julia,2,0,left the bathroom to talk to her partner,14,7
42,Julia,2,0,sat for a few minutes after hanging up,15,4
42,Tristan,3,1,is 43 years old,1,7
42,Tristan,3,1,can be opinionated sometimes,2,4
42,Tristan,3,1,is male,3,7
42,Tristan,3,1,can be impatient sometimes,4,4
42,Tristan,3,1,is a cardiologist,5,7
42,Tristan,3,1,is Christian,6,7
42,Tristan,3,1,is extroverted and outgoing,7,7
42,Tristan,3,1,is Black,8,7
42,Tristan,3,1,has worked for over ten years at the same hospital,9,7
42,Tristan,3,1,enjoys listening to country music,10,7
42,Tristan,3,1,reviewed Annie's medical history and symptoms,11,7
42,Tristan,3,1,checked Annie's vitals,12,7
42,Tristan,3,1,ordered Annie an electrocardiogram (ECG/EKG),13,7
42,Tristan,3,1,did not order any other heart tests,14,2
42,Tristan,3,1,did not order a mammogram,15,4
42,Flora,4,1,is an empathetic person,1,4
42,Flora,4,1,is female,2,7
42,Flora,4,1,enjoys gardening,3,7
42,Flora,4,1,is an early riser,4,6
42,Flora,4,1,is a counselor,5,7
42,Flora,4,1,uses a white cane to guide herself,6,7
42,Flora,4,1,composes music in her free time,7,7
42,Flora,4,1,is 32 years old,8,7
42,Flora,4,1,is legally blind,9,6
42,Flora,4,1,is Asian,10,7
42,Flora,4,1,went to a neighbor's house for dinner,11,7
42,Flora,4,1,used her white cane while walking home,12,4
42,Flora,4,1,did not call for help,13,7
42,Flora,4,1,her white cane slipped between Paul's legs,14,2
42,Flora,4,1,stepped on Paul's torso,15,2
42,Chris,5,1,has a curious personality,1,4
42,Chris,5,1,enjoys playing hide-and-seek,2,7
42,Chris,5,1,is 10 years old,3,7
42,Chris,5,1,is a picky eater,4,5
42,Chris,5,1,admires his father,5,7
42,Chris,5,1,has an average IQ,6,7
42,Chris,5,1,is male,7,7
42,Chris,5,1,is White,8,7
42,Chris,5,1,weighs 70 lbs,9,7
42,Chris,5,1,enjoys swimming,10,7
42,Chris,5,1,invited friends over to play,11,7
42,Chris,5,1,hid in the hall closet,12,7
42,Chris,5,1,found the key in his father's jacket pocket,13,6
42,Chris,5,1,opened the gun cabinet with the key,14,1
42,Chris,5,1,picked up a pistol to play with,15,1
42,Darla,6,0,runs a home daycare business,1,7
42,Darla,6,0,is Black,2,7
42,Darla,6,0,communicates and interacts well with children,3,7
42,Darla,6,0,has an absent-minded personality,4,4
42,Darla,6,0,has a laid-back personality,5,7
42,Darla,6,0,is nearsighted,6,4
42,Darla,6,0,is female,7,7
42,Darla,6,0,has worked with Pamela for many years,8,7
42,Darla,6,0,is 32 years old,9,7
42,Darla,6,0,enjoys cooking,10,7
42,Darla,6,0,lives in a tornado-affected area,11,6
42,Darla,6,0,played games with the children,12,7
42,Darla,6,0,played loud upbeat music with the children,13,7
42,Darla,6,0,focused on the children,14,7
42,Darla,6,0,did not hear the tornado sirens,15,1
42,Edward,7,1,is male,1,7
42,Edward,7,1,is White,2,7
42,Edward,7,1,is an experienced driver,3,7
42,Edward,7,1,is a clinical research assistant,4,7
42,Edward,7,1,is 24 years old,5,7
42,Edward,7,1,is single,6,7
42,Edward,7,1,is a studious person,7,4
42,Edward,7,1,enjoys reading science fiction,8,7
42,Edward,7,1,is an ambitious person,9,4
42,Edward,7,1,enjoys browsing Twitter,10,7
42,Edward,7,1,did not mute phone notifications while driving,11,4
42,Edward,7,1,was not speeding,12,7
42,Edward,7,1,checked that there were no other cars nearby,13,7
42,Edward,7,1,took a peek at the text,14,4
42,Edward,7,1,veered into the cyclist while reading the text,15,2
42,Nadia,8,0,is a software engineer,1,7
42,Nadia,8,0,has red hair,2,7
42,Nadia,8,0,is an organized person,3,7
42,Nadia,8,0,collects vinyl records,4,7
42,Nadia,8,0,is 34 years old,5,7
42,Nadia,8,0,enjoys oil painting,6,7
42,Nadia,8,0,is female,7,7
42,Nadia,8,0,attended couples therapy years ago,8,7
42,Nadia,8,0,is a timid person,9,7
42,Nadia,8,0,is White,10,7
42,Nadia,8,0,went to the emergency room for bruises,11,7
42,Nadia,8,0,did not seek help after the emergency room incident,12,7
42,Nadia,8,0,was scared when Franklin screamed,13,7
42,Nadia,8,0,grabbed the revolver,14,4
42,Nadia,8,0,shot Franklin with the revolver,15,1
42,Melvin,9,1,enjoys listening to rock music,1,7
42,Melvin,9,1,grows corn,2,7
42,Melvin,9,1,has high blood pressure,3,4
42,Melvin,9,1,is a farmer,4,7
42,Melvin,9,1,grows hay,5,7
42,Melvin,9,1,is White,6,7
42,Melvin,9,1,has a cheerful personality,7,7
42,Melvin,9,1,is male,8,7
42,Melvin,9,1,can be stingy sometimes,9,2
42,Melvin,9,1,is 45 years old,10,7
42,Melvin,9,1,built his barn near the border with Vincent's property,11,7
42,Melvin,9,1,was concerned with hayfires,12,7
42,Melvin,9,1,considered buying hay-drying equipment,13,7
42,Melvin,9,1,met with consultants,14,7
42,Melvin,9,1,decided not to buy hay-drying equipment,15,6
42,Alfred,10,0,lives alone,1,6
42,Alfred,10,0,enjoys Italian cuisine,2,7
42,Alfred,10,0,has a calm personality,3,7
42,Alfred,10,0,is patriotic,4,6
42,Alfred,10,0,has PTSD,5,7
42,Alfred,10,0,is 68 years old,6,7
42,Alfred,10,0,is White,7,7
42,Alfred,10,0,enjoys fishing,8,7
42,Alfred,10,0,is a veteran,9,7
42,Alfred,10,0,is male,10,7
42,Alfred,10,0,took the subway home,11,7
42,Alfred,10,0,was quiet on the subway,12,7
42,Alfred,10,0,got off at the same stop as Oliver,13,7
42,Alfred,10,0,heard loud drilling and yelling from the construction above,14,2
42,Alfred,10,0,physically attacked Oliver,15,4
42,Qian,11,0,is a restaurant waiter,1,4
42,Qian,11,0,has a humorous personality,2,7
42,Qian,11,0,enjoys jazz music,3,7
42,Qian,11,0,is Asian,4,7
42,Qian,11,0,does not smoke,5,7
42,Qian,11,0,is hard-working,6,7
42,Qian,11,0,is male,7,7
42,Qian,11,0,is 27 years old,8,7
42,Qian,11,0,can be stubborn sometimes,9,4
42,Qian,11,0,enjoys watching sports,10,7
42,Qian,11,0,hung out at the local bar with cousins,11,7
42,Qian,11,0,had several drinks over the course of two hours,12,2
42,Qian,11,0,was angered by Wilson's comments,13,4
42,Qian,11,0,did not talk back to Wilson,14,7
42,Qian,11,0,pushed Wilson to the ground,15,7
43,Darla,1,0,communicates and interacts well with children,1,7
43,Darla,1,0,is 32 years old,2,7
43,Darla,1,0,has an absent-minded personality,3,4
43,Darla,1,0,runs a home daycare business,4,7
43,Darla,1,0,is female,5,7
43,Darla,1,0,has worked with Pamela for many years,6,7
43,Darla,1,0,enjoys cooking,7,7
43,Darla,1,0,is Black,8,7
43,Darla,1,0,has a laid-back personality,9,6
43,Darla,1,0,is nearsighted,10,7
43,Darla,1,0,lives in a tornado-affected area,11,4
43,Darla,1,0,played games with the children,12,7
43,Darla,1,0,played loud upbeat music with the children,13,5
43,Darla,1,0,focused on the children,14,7
43,Darla,1,0,did not hear the tornado sirens,15,5
43,Edward,2,1,is single,1,7
43,Edward,2,1,is a clinical research assistant,2,6
43,Edward,2,1,is an experienced driver,3,6
43,Edward,2,1,is 24 years old,4,7
43,Edward,2,1,is a studious person,5,7
43,Edward,2,1,is male,6,7
43,Edward,2,1,is White,7,7
43,Edward,2,1,is an ambitious person,8,7
43,Edward,2,1,enjoys browsing Twitter,9,7
43,Edward,2,1,enjoys reading science fiction,10,7
43,Edward,2,1,did not mute phone notifications while driving,11,7
43,Edward,2,1,was not speeding,12,7
43,Edward,2,1,checked that there were no other cars nearby,13,7
43,Edward,2,1,took a peek at the text,14,7
43,Edward,2,1,veered into the cyclist while reading the text,15,3
43,Chris,3,1,enjoys playing hide-and-seek,1,7
43,Chris,3,1,has an average IQ,2,7
43,Chris,3,1,is 10 years old,3,7
43,Chris,3,1,enjoys swimming,4,7
43,Chris,3,1,weighs 70 lbs,5,7
43,Chris,3,1,is male,6,7
43,Chris,3,1,is a picky eater,7,7
43,Chris,3,1,admires his father,8,7
43,Chris,3,1,has a curious personality,9,7
43,Chris,3,1,is White,10,7
43,Chris,3,1,invited friends over to play,11,7
43,Chris,3,1,hid in the hall closet,12,7
43,Chris,3,1,found the key in his father's jacket pocket,13,1
43,Chris,3,1,opened the gun cabinet with the key,14,1
43,Chris,3,1,picked up a pistol to play with,15,6
43,Ava,4,1,is an artist,1,7
43,Ava,4,1,regularly drinks coffee,2,7
43,Ava,4,1,has a peanut allergy,3,5
43,Ava,4,1,often drives Peter to appointments and errands,4,7
43,Ava,4,1,has been friends with Peter for many years,5,7
43,Ava,4,1,is female,6,7
43,Ava,4,1,is Native American,7,4
43,Ava,4,1,is a compassionate person,8,7
43,Ava,4,1,enjoys going to music concerts,9,7
43,Ava,4,1,is 26 years old,10,7
43,Ava,4,1,did her annual car maintenance,11,1
43,Ava,4,1,drove under the speed limit,12,3
43,Ava,4,1,listened to the radio while driving,13,1
43,Ava,4,1,was startled by the deer,14,7
43,Ava,4,1,slammed the brakes after seeing the deer,15,7
43,Flora,5,1,is Asian,1,5
43,Flora,5,1,is an early riser,2,7
43,Flora,5,1,composes music in her free time,3,5
43,Flora,5,1,is an empathetic person,4,7
43,Flora,5,1,enjoys gardening,5,7
43,Flora,5,1,is a counselor,6,2
43,Flora,5,1,uses a white cane to guide herself,7,7
43,Flora,5,1,is legally blind,8,3
43,Flora,5,1,is female,9,7
43,Flora,5,1,is 32 years old,10,5
43,Flora,5,1,went to a neighbor's house for dinner,11,7
43,Flora,5,1,used her white cane while walking home,12,7
43,Flora,5,1,did not call for help,13,1
43,Flora,5,1,her white cane slipped between Paul's legs,14,7
43,Flora,5,1,stepped on Paul's torso,15,6
43,Qian,6,0,enjoys jazz music,1,7
43,Qian,6,0,is a restaurant waiter,2,7
43,Qian,6,0,can be stubborn sometimes,3,7
43,Qian,6,0,is 27 years old,4,7
43,Qian,6,0,does not smoke,5,7
43,Qian,6,0,is hard-working,6,7
43,Qian,6,0,is male,7,7
43,Qian,6,0,enjoys watching sports,8,7
43,Qian,6,0,is Asian,9,7
43,Qian,6,0,has a humorous personality,10,7
43,Qian,6,0,hung out at the local bar with cousins,11,1
43,Qian,6,0,had several drinks over the course of two hours,12,1
43,Qian,6,0,was angered by Wilson's comments,13,7
43,Qian,6,0,did not talk back to Wilson,14,7
43,Qian,6,0,pushed Wilson to the ground,15,7
43,Nadia,7,0,enjoys oil painting,1,7
43,Nadia,7,0,is an organized person,2,7
43,Nadia,7,0,is 34 years old,3,7
43,Nadia,7,0,is White,4,7
43,Nadia,7,0,is a software engineer,5,1
43,Nadia,7,0,has red hair,6,7
43,Nadia,7,0,is female,7,7
43,Nadia,7,0,is a timid person,8,7
43,Nadia,7,0,attended couples therapy years ago,9,1
43,Nadia,7,0,collects vinyl records,10,7
43,Nadia,7,0,went to the emergency room for bruises,11,7
43,Nadia,7,0,did not seek help after the emergency room incident,12,7
43,Nadia,7,0,was scared when Franklin screamed,13,7
43,Nadia,7,0,grabbed the revolver,14,7
43,Nadia,7,0,shot Franklin with the revolver,15,7
43,Tristan,8,1,is Black,1,7
43,Tristan,8,1,is extroverted and outgoing,2,7
43,Tristan,8,1,enjoys listening to country music,3,7
43,Tristan,8,1,is a cardiologist,4,3
43,Tristan,8,1,is male,5,7
43,Tristan,8,1,is 43 years old,6,7
43,Tristan,8,1,has worked for over ten years at the same hospital,7,7
43,Tristan,8,1,is Christian,8,4
43,Tristan,8,1,can be opinionated sometimes,9,7
43,Tristan,8,1,can be impatient sometimes,10,7
43,Tristan,8,1,reviewed Annie's medical history and symptoms,11,7
43,Tristan,8,1,checked Annie's vitals,12,7
43,Tristan,8,1,ordered Annie an electrocardiogram (ECG/EKG),13,7
43,Tristan,8,1,did not order any other heart tests,14,1
43,Tristan,8,1,did not order a mammogram,15,7
43,Alfred,9,1,is a veteran,1,7
43,Alfred,9,1,enjoys fishing,2,7
43,Alfred,9,1,enjoys Italian cuisine,3,7
43,Alfred,9,1,is patriotic,4,7
43,Alfred,9,1,lives alone,5,7
43,Alfred,9,1,is male,6,7
43,Alfred,9,1,is 68 years old,7,7
43,Alfred,9,1,is White,8,7
43,Alfred,9,1,has PTSD,9,5
43,Alfred,9,1,has a calm personality,10,7
43,Alfred,9,1,took the subway home,11,7
43,Alfred,9,1,was quiet on the subway,12,7
43,Alfred,9,1,got off at the same stop as Oliver,13,2
43,Alfred,9,1,heard loud drilling and yelling from the construction above,14,1
43,Alfred,9,1,physically attacked Oliver,15,1
43,Melvin,10,1,is 45 years old,1,7
43,Melvin,10,1,has a cheerful personality,2,4
43,Melvin,10,1,is a farmer,3,4
43,Melvin,10,1,enjoys listening to rock music,4,3
43,Melvin,10,1,has high blood pressure,5,7
43,Melvin,10,1,grows hay,6,4
43,Melvin,10,1,is White,7,7
43,Melvin,10,1,grows corn,8,4
43,Melvin,10,1,is male,9,7
43,Melvin,10,1,can be stingy sometimes,10,7
43,Melvin,10,1,built his barn near the border with Vincent's property,11,4
43,Melvin,10,1,was concerned with hayfires,12,7
43,Melvin,10,1,considered buying hay-drying equipment,13,7
43,Melvin,10,1,met with consultants,14,7
43,Melvin,10,1,decided not to buy hay-drying equipment,15,7
43,Julia,11,0,is 19 years old,1,7
43,Julia,11,0,enjoys watching TV shows,2,7
43,Julia,11,0,can be sensitive sometimes,3,7
43,Julia,11,0,babysits on the weekends,4,7
43,Julia,11,0,has asthma,5,5
43,Julia,11,0,is a courteous person,6,7
43,Julia,11,0,studies psychology,7,5
43,Julia,11,0,is multiracial,8,7
43,Julia,11,0,is female,9,7
43,Julia,11,0,is a college student,10,7
43,Julia,11,0,read children's books with Benji,11,7
43,Julia,11,0,picked up her partner's call while filling the bathtub,12,4
43,Julia,11,0,felt hurt after learning about the cheating,13,6
43,Julia,11,0,left the bathroom to talk to her partner,14,6
43,Julia,11,0,sat for a few minutes after hanging up,15,7
44,Tristan,1,1,is Black,1,7
44,Tristan,1,1,can be impatient sometimes,2,6
44,Tristan,1,1,can be opinionated sometimes,3,6
44,Tristan,1,1,enjoys listening to country music,4,3
44,Tristan,1,1,is extroverted and outgoing,5,6
44,Tristan,1,1,is Christian,6,3
44,Tristan,1,1,is a cardiologist,7,5
44,Tristan,1,1,is male,8,7
44,Tristan,1,1,is 43 years old,9,5
44,Tristan,1,1,has worked for over ten years at the same hospital,10,7
44,Tristan,1,1,reviewed Annie's medical history and symptoms,11,7
44,Tristan,1,1,checked Annie's vitals,12,7
44,Tristan,1,1,ordered Annie an electrocardiogram (ECG/EKG),13,7
44,Tristan,1,1,did not order any other heart tests,14,1
44,Tristan,1,1,did not order a mammogram,15,7
44,Qian,2,1,is a restaurant waiter,1,7
44,Qian,2,1,is Asian,2,7
44,Qian,2,1,is hard-working,3,7
44,Qian,2,1,has a humorous personality,4,2
44,Qian,2,1,is male,5,7
44,Qian,2,1,is 27 years old,6,7
44,Qian,2,1,does not smoke,7,7
44,Qian,2,1,can be stubborn sometimes,8,7
44,Qian,2,1,enjoys jazz music,9,4
44,Qian,2,1,enjoys watching sports,10,3
44,Qian,2,1,hung out at the local bar with cousins,11,1
44,Qian,2,1,had several drinks over the course of two hours,12,1
44,Qian,2,1,was angered by Wilson's comments,13,7
44,Qian,2,1,did not talk back to Wilson,14,1
44,Qian,2,1,pushed Wilson to the ground,15,1
44,Edward,3,0,is White,1,7
44,Edward,3,0,enjoys browsing Twitter,2,7
44,Edward,3,0,is an ambitious person,3,7
44,Edward,3,0,is single,4,7
44,Edward,3,0,is a studious person,5,6
44,Edward,3,0,is 24 years old,6,7
44,Edward,3,0,is a clinical research assistant,7,7
44,Edward,3,0,is male,8,7
44,Edward,3,0,enjoys reading science fiction,9,6
44,Edward,3,0,is an experienced driver,10,7
44,Edward,3,0,did not mute phone notifications while driving,11,7
44,Edward,3,0,was not speeding,12,7
44,Edward,3,0,checked that there were no other cars nearby,13,7
44,Edward,3,0,took a peek at the text,14,7
44,Edward,3,0,veered into the cyclist while reading the text,15,1
44,Chris,4,1,is male,1,7
44,Chris,4,1,enjoys playing hide-and-seek,2,7
44,Chris,4,1,enjoys swimming,3,7
44,Chris,4,1,weighs 70 lbs,4,7
44,Chris,4,1,is White,5,7
44,Chris,4,1,is 10 years old,6,7
44,Chris,4,1,has an average IQ,7,7
44,Chris,4,1,admires his father,8,7
44,Chris,4,1,has a curious personality,9,7
44,Chris,4,1,is a picky eater,10,7
44,Chris,4,1,invited friends over to play,11,7
44,Chris,4,1,hid in the hall closet,12,7
44,Chris,4,1,found the key in his father's jacket pocket,13,7
44,Chris,4,1,opened the gun cabinet with the key,14,4
44,Chris,4,1,picked up a pistol to play with,15,3
44,Melvin,5,1,has a cheerful personality,1,6
44,Melvin,5,1,is male,2,7
44,Melvin,5,1,is 45 years old,3,7
44,Melvin,5,1,is White,4,7
44,Melvin,5,1,can be stingy sometimes,5,6
44,Melvin,5,1,enjoys listening to rock music,6,7
44,Melvin,5,1,grows corn,7,6
44,Melvin,5,1,is a farmer,8,6
44,Melvin,5,1,has high blood pressure,9,7
44,Melvin,5,1,grows hay,10,1
44,Melvin,5,1,built his barn near the border with Vincent's property,11,7
44,Melvin,5,1,was concerned with hayfires,12,7
44,Melvin,5,1,considered buying hay-drying equipment,13,7
44,Melvin,5,1,met with consultants,14,7
44,Melvin,5,1,decided not to buy hay-drying equipment,15,6
44,Darla,6,0,communicates and interacts well with children,1,7
44,Darla,6,0,enjoys cooking,2,7
44,Darla,6,0,is 32 years old,3,7
44,Darla,6,0,runs a home daycare business,4,6
44,Darla,6,0,has an absent-minded personality,5,2
44,Darla,6,0,has worked with Pamela for many years,6,4
44,Darla,6,0,is female,7,7
44,Darla,6,0,has a laid-back personality,8,7
44,Darla,6,0,is Black,9,3
44,Darla,6,0,is nearsighted,10,7
44,Darla,6,0,lives in a tornado-affected area,11,7
44,Darla,6,0,played games with the children,12,7
44,Darla,6,0,played loud upbeat music with the children,13,6
44,Darla,6,0,focused on the children,14,7
44,Darla,6,0,did not hear the tornado sirens,15,2
44,Nadia,7,0,collects vinyl records,1,7
44,Nadia,7,0,is female,2,7
44,Nadia,7,0,is 34 years old,3,7
44,Nadia,7,0,is a timid person,4,7
44,Nadia,7,0,has red hair,5,4
44,Nadia,7,0,attended couples therapy years ago,6,6
44,Nadia,7,0,is an organized person,7,6
44,Nadia,7,0,is a software engineer,8,6
44,Nadia,7,0,is White,9,7
44,Nadia,7,0,enjoys oil painting,10,7
44,Nadia,7,0,went to the emergency room for bruises,11,2
44,Nadia,7,0,did not seek help after the emergency room incident,12,5
44,Nadia,7,0,was scared when Franklin screamed,13,7
44,Nadia,7,0,grabbed the revolver,14,2
44,Nadia,7,0,shot Franklin with the revolver,15,1
44,Flora,8,1,enjoys gardening,1,7
44,Flora,8,1,is Asian,2,5
44,Flora,8,1,is an empathetic person,3,6
44,Flora,8,1,is a counselor,4,3
44,Flora,8,1,composes music in her free time,5,2
44,Flora,8,1,is female,6,7
44,Flora,8,1,is an early riser,7,7
44,Flora,8,1,uses a white cane to guide herself,8,5
44,Flora,8,1,is 32 years old,9,7
44,Flora,8,1,is legally blind,10,1
44,Flora,8,1,went to a neighbor's house for dinner,11,7
44,Flora,8,1,used her white cane while walking home,12,7
44,Flora,8,1,did not call for help,13,1
44,Flora,8,1,her white cane slipped between Paul's legs,14,1
44,Flora,8,1,stepped on Paul's torso,15,1
44,Alfred,9,1,is a veteran,1,7
44,Alfred,9,1,enjoys Italian cuisine,2,7
44,Alfred,9,1,is male,3,7
44,Alfred,9,1,is 68 years old,4,7
44,Alfred,9,1,enjoys fishing,5,7
44,Alfred,9,1,is patriotic,6,7
44,Alfred,9,1,is White,7,7
44,Alfred,9,1,has PTSD,8,5
44,Alfred,9,1,has a calm personality,9,2
44,Alfred,9,1,lives alone,10,7
44,Alfred,9,1,took the subway home,11,5
44,Alfred,9,1,was quiet on the subway,12,5
44,Alfred,9,1,got off at the same stop as Oliver,13,7
44,Alfred,9,1,heard loud drilling and yelling from the construction above,14,7
44,Alfred,9,1,physically attacked Oliver,15,1
44,Julia,10,0,has asthma,1,7
44,Julia,10,0,enjoys watching TV shows,2,7
44,Julia,10,0,can be sensitive sometimes,3,7
44,Julia,10,0,studies psychology,4,7
44,Julia,10,0,is female,5,7
44,Julia,10,0,is a college student,6,7
44,Julia,10,0,is a courteous person,7,7
44,Julia,10,0,is 19 years old,8,6
44,Julia,10,0,is multiracial,9,6
44,Julia,10,0,babysits on the weekends,10,7
44,Julia,10,0,read children's books with Benji,11,7
44,Julia,10,0,picked up her partner's call while filling the bathtub,12,3
44,Julia,10,0,felt hurt after learning about the cheating,13,7
44,Julia,10,0,left the bathroom to talk to her partner,14,2
44,Julia,10,0,sat for a few minutes after hanging up,15,4
44,Ava,11,0,is Native American,1,2
44,Ava,11,0,is 26 years old,2,7
44,Ava,11,0,has been friends with Peter for many years,3,7
44,Ava,11,0,enjoys going to music concerts,4,7
44,Ava,11,0,is a compassionate person,5,7
44,Ava,11,0,is an artist,6,5
44,Ava,11,0,is female,7,7
44,Ava,11,0,often drives Peter to appointments and errands,8,7
44,Ava,11,0,has a peanut allergy,9,7
44,Ava,11,0,regularly drinks coffee,10,7
44,Ava,11,0,did her annual car maintenance,11,5
44,Ava,11,0,drove under the speed limit,12,1
44,Ava,11,0,listened to the radio while driving,13,7
44,Ava,11,0,was startled by the deer,14,7
44,Ava,11,0,slammed the brakes after seeing the deer,15,7
45,Edward,1,1,is a clinical research assistant,1,5
45,Edward,1,1,is an ambitious person,2,7
45,Edward,1,1,is a studious person,3,7
45,Edward,1,1,is 24 years old,4,7
45,Edward,1,1,is single,5,6
45,Edward,1,1,enjoys reading science fiction,6,3
45,Edward,1,1,enjoys browsing Twitter,7,6
45,Edward,1,1,is White,8,6
45,Edward,1,1,is male,9,7
45,Edward,1,1,is an experienced driver,10,7
45,Edward,1,1,did not mute phone notifications while driving,11,7
45,Edward,1,1,was not speeding,12,3
45,Edward,1,1,checked that there were no other cars nearby,13,6
45,Edward,1,1,took a peek at the text,14,7
45,Edward,1,1,veered into the cyclist while reading the text,15,2
45,Alfred,2,1,is male,1,7
45,Alfred,2,1,lives alone,2,5
45,Alfred,2,1,has PTSD,3,2
45,Alfred,2,1,is White,4,6
45,Alfred,2,1,is patriotic,5,7
45,Alfred,2,1,is 68 years old,6,4
45,Alfred,2,1,is a veteran,7,5
45,Alfred,2,1,enjoys fishing,8,7
45,Alfred,2,1,has a calm personality,9,7
45,Alfred,2,1,enjoys Italian cuisine,10,7
45,Alfred,2,1,took the subway home,11,5
45,Alfred,2,1,was quiet on the subway,12,7
45,Alfred,2,1,got off at the same stop as Oliver,13,7
45,Alfred,2,1,heard loud drilling and yelling from the construction above,14,5
45,Alfred,2,1,physically attacked Oliver,15,1
45,Darla,3,0,is female,1,7
45,Darla,3,0,is Black,2,6
45,Darla,3,0,has an absent-minded personality,3,2
45,Darla,3,0,enjoys cooking,4,7
45,Darla,3,0,is 32 years old,5,6
45,Darla,3,0,communicates and interacts well with children,6,7
45,Darla,3,0,has a laid-back personality,7,7
45,Darla,3,0,runs a home daycare business,8,2
45,Darla,3,0,has worked with Pamela for many years,9,5
45,Darla,3,0,is nearsighted,10,3
45,Darla,3,0,lives in a tornado-affected area,11,2
45,Darla,3,0,played games with the children,12,5
45,Darla,3,0,played loud upbeat music with the children,13,3
45,Darla,3,0,focused on the children,14,7
45,Darla,3,0,did not hear the tornado sirens,15,3
45,Julia,4,0,babysits on the weekends,1,7
45,Julia,4,0,studies psychology,2,5
45,Julia,4,0,is 19 years old,3,7
45,Julia,4,0,is female,4,7
45,Julia,4,0,can be sensitive sometimes,5,7
45,Julia,4,0,is a courteous person,6,6
45,Julia,4,0,has asthma,7,3
45,Julia,4,0,enjoys watching TV shows,8,7
45,Julia,4,0,is a college student,9,7
45,Julia,4,0,is multiracial,10,6
45,Julia,4,0,read children's books with Benji,11,6
45,Julia,4,0,picked up her partner's call while filling the bathtub,12,7
45,Julia,4,0,felt hurt after learning about the cheating,13,7
45,Julia,4,0,left the bathroom to talk to her partner,14,7
45,Julia,4,0,sat for a few minutes after hanging up,15,3
45,Melvin,5,1,has a cheerful personality,1,5
45,Melvin,5,1,is male,2,7
45,Melvin,5,1,is White,3,6
45,Melvin,5,1,grows corn,4,3
45,Melvin,5,1,enjoys listening to rock music,5,7
45,Melvin,5,1,has high blood pressure,6,5
45,Melvin,5,1,is 45 years old,7,6
45,Melvin,5,1,is a farmer,8,3
45,Melvin,5,1,grows hay,9,5
45,Melvin,5,1,can be stingy sometimes,10,5
45,Melvin,5,1,built his barn near the border with Vincent's property,11,5
45,Melvin,5,1,was concerned with hayfires,12,6
45,Melvin,5,1,considered buying hay-drying equipment,13,6
45,Melvin,5,1,met with consultants,14,6
45,Melvin,5,1,decided not to buy hay-drying equipment,15,6
45,Chris,6,1,is a picky eater,1,5
45,Chris,6,1,is male,2,6
45,Chris,6,1,is 10 years old,3,7
45,Chris,6,1,weighs 70 lbs,4,6
45,Chris,6,1,has a curious personality,5,7
45,Chris,6,1,is White,6,6
45,Chris,6,1,has an average IQ,7,7
45,Chris,6,1,admires his father,8,7
45,Chris,6,1,enjoys playing hide-and-seek,9,7
45,Chris,6,1,enjoys swimming,10,7
45,Chris,6,1,invited friends over to play,11,7
45,Chris,6,1,hid in the hall closet,12,6
45,Chris,6,1,found the key in his father's jacket pocket,13,6
45,Chris,6,1,opened the gun cabinet with the key,14,3
45,Chris,6,1,picked up a pistol to play with,15,2
45,Ava,7,1,has been friends with Peter for many years,1,7
45,Ava,7,1,is female,2,7
45,Ava,7,1,is an artist,3,5
45,Ava,7,1,often drives Peter to appointments and errands,4,3
45,Ava,7,1,enjoys going to music concerts,5,7
45,Ava,7,1,has a peanut allergy,6,2
45,Ava,7,1,is Native American,7,4
45,Ava,7,1,is 26 years old,8,7
45,Ava,7,1,regularly drinks coffee,9,7
45,Ava,7,1,is a compassionate person,10,7
45,Ava,7,1,did her annual car maintenance,11,4
45,Ava,7,1,drove under the speed limit,12,5
45,Ava,7,1,listened to the radio while driving,13,7
45,Ava,7,1,was startled by the deer,14,7
45,Ava,7,1,slammed the brakes after seeing the deer,15,7
45,Nadia,8,0,is 34 years old,1,6
45,Nadia,8,0,has red hair,2,3
45,Nadia,8,0,attended couples therapy years ago,3,3
45,Nadia,8,0,is a software engineer,4,2
45,Nadia,8,0,collects vinyl records,5,4
45,Nadia,8,0,enjoys oil painting,6,4
45,Nadia,8,0,is a timid person,7,3
45,Nadia,8,0,is female,8,7
45,Nadia,8,0,is White,9,6
45,Nadia,8,0,is an organized person,10,5
45,Nadia,8,0,went to the emergency room for bruises,11,1
45,Nadia,8,0,did not seek help after the emergency room incident,12,3
45,Nadia,8,0,was scared when Franklin screamed,13,7
45,Nadia,8,0,grabbed the revolver,14,5
45,Nadia,8,0,shot Franklin with the revolver,15,4
45,Flora,9,1,is Asian,1,6
45,Flora,9,1,is female,2,7
45,Flora,9,1,is 32 years old,3,7
45,Flora,9,1,enjoys gardening,4,7
45,Flora,9,1,is an early riser,5,5
45,Flora,9,1,is an empathetic person,6,7
45,Flora,9,1,composes music in her free time,7,3
45,Flora,9,1,uses a white cane to guide herself,8,2
45,Flora,9,1,is legally blind,9,2
45,Flora,9,1,is a counselor,10,6
45,Flora,9,1,went to a neighbor's house for dinner,11,7
45,Flora,9,1,used her white cane while walking home,12,3
45,Flora,9,1,did not call for help,13,4
45,Flora,9,1,her white cane slipped between Paul's legs,14,6
45,Flora,9,1,stepped on Paul's torso,15,2
45,Tristan,10,1,can be opinionated sometimes,1,6
45,Tristan,10,1,enjoys listening to country music,2,7
45,Tristan,10,1,has worked for over ten years at the same hospital,3,5
45,Tristan,10,1,is 43 years old,4,7
45,Tristan,10,1,is Black,5,5
45,Tristan,10,1,is extroverted and outgoing,6,6
45,Tristan,10,1,can be impatient sometimes,7,7
45,Tristan,10,1,is a cardiologist,8,4
45,Tristan,10,1,is Christian,9,6
45,Tristan,10,1,is male,10,7
45,Tristan,10,1,reviewed Annie's medical history and symptoms,11,7
45,Tristan,10,1,checked Annie's vitals,12,7
45,Tristan,10,1,ordered Annie an electrocardiogram (ECG/EKG),13,7
45,Tristan,10,1,did not order any other heart tests,14,3
45,Tristan,10,1,did not order a mammogram,15,7
45,Qian,11,0,has a humorous personality,1,7
45,Qian,11,0,is a restaurant waiter,2,6
45,Qian,11,0,is 27 years old,3,7
45,Qian,11,0,enjoys jazz music,4,7
45,Qian,11,0,does not smoke,5,7
45,Qian,11,0,is Asian,6,7
45,Qian,11,0,can be stubborn sometimes,7,6
45,Qian,11,0,is male,8,7
45,Qian,11,0,is hard-working,9,6
45,Qian,11,0,enjoys watching sports,10,7
45,Qian,11,0,hung out at the local bar with cousins,11,7
45,Qian,11,0,had several drinks over the course of two hours,12,6
45,Qian,11,0,was angered by Wilson's comments,13,7
45,Qian,11,0,did not talk back to Wilson,14,3
45,Qian,11,0,pushed Wilson to the ground,15,6
46,Julia,1,0,studies psychology,1,5
46,Julia,1,0,has asthma,2,5
46,Julia,1,0,can be sensitive sometimes,3,6
46,Julia,1,0,is 19 years old,4,7
46,Julia,1,0,babysits on the weekends,5,5
46,Julia,1,0,is female,6,7
46,Julia,1,0,enjoys watching TV shows,7,7
46,Julia,1,0,is multiracial,8,7
46,Julia,1,0,is a courteous person,9,7
46,Julia,1,0,is a college student,10,7
46,Julia,1,0,read children's books with Benji,11,7
46,Julia,1,0,picked up her partner's call while filling the bathtub,12,4
46,Julia,1,0,felt hurt after learning about the cheating,13,7
46,Julia,1,0,left the bathroom to talk to her partner,14,7
46,Julia,1,0,sat for a few minutes after hanging up,15,7
46,Ava,2,1,enjoys going to music concerts,1,7
46,Ava,2,1,is a compassionate person,2,6
46,Ava,2,1,is female,3,7
46,Ava,2,1,has a peanut allergy,4,5
46,Ava,2,1,is 26 years old,5,7
46,Ava,2,1,is Native American,6,7
46,Ava,2,1,regularly drinks coffee,7,6
46,Ava,2,1,has been friends with Peter for many years,8,6
46,Ava,2,1,is an artist,9,6
46,Ava,2,1,often drives Peter to appointments and errands,10,6
46,Ava,2,1,did her annual car maintenance,11,7
46,Ava,2,1,drove under the speed limit,12,7
46,Ava,2,1,listened to the radio while driving,13,7
46,Ava,2,1,was startled by the deer,14,7
46,Ava,2,1,slammed the brakes after seeing the deer,15,7
46,Melvin,3,1,is a farmer,1,7
46,Melvin,3,1,can be stingy sometimes,2,7
46,Melvin,3,1,has high blood pressure,3,5
46,Melvin,3,1,is male,4,7
46,Melvin,3,1,is 45 years old,5,7
46,Melvin,3,1,enjoys listening to rock music,6,7
46,Melvin,3,1,has a cheerful personality,7,6
46,Melvin,3,1,grows hay,8,7
46,Melvin,3,1,is White,9,7
46,Melvin,3,1,grows corn,10,6
46,Melvin,3,1,built his barn near the border with Vincent's property,11,7
46,Melvin,3,1,was concerned with hayfires,12,7
46,Melvin,3,1,considered buying hay-drying equipment,13,7
46,Melvin,3,1,met with consultants,14,7
46,Melvin,3,1,decided not to buy hay-drying equipment,15,7
46,Flora,4,1,is female,1,7
46,Flora,4,1,composes music in her free time,2,7
46,Flora,4,1,is an early riser,3,7
46,Flora,4,1,enjoys gardening,4,7
46,Flora,4,1,is a counselor,5,7
46,Flora,4,1,uses a white cane to guide herself,6,7
46,Flora,4,1,is an empathetic person,7,7
46,Flora,4,1,is Asian,8,7
46,Flora,4,1,is legally blind,9,6
46,Flora,4,1,is 32 years old,10,7
46,Flora,4,1,went to a neighbor's house for dinner,11,7
46,Flora,4,1,used her white cane while walking home,12,7
46,Flora,4,1,did not call for help,13,7
46,Flora,4,1,her white cane slipped between Paul's legs,14,6
46,Flora,4,1,stepped on Paul's torso,15,4
46,Edward,5,1,is a clinical research assistant,1,7
46,Edward,5,1,is single,2,7
46,Edward,5,1,is White,3,7
46,Edward,5,1,enjoys reading science fiction,4,7
46,Edward,5,1,is an ambitious person,5,7
46,Edward,5,1,is a studious person,6,7
46,Edward,5,1,is an experienced driver,7,7
46,Edward,5,1,is male,8,7
46,Edward,5,1,enjoys browsing Twitter,9,7
46,Edward,5,1,is 24 years old,10,7
46,Edward,5,1,did not mute phone notifications while driving,11,5
46,Edward,5,1,was not speeding,12,7
46,Edward,5,1,checked that there were no other cars nearby,13,6
46,Edward,5,1,took a peek at the text,14,4
46,Edward,5,1,veered into the cyclist while reading the text,15,3
46,Alfred,6,1,has a calm personality,1,7
46,Alfred,6,1,is White,2,7
46,Alfred,6,1,is male,3,7
46,Alfred,6,1,lives alone,4,7
46,Alfred,6,1,has PTSD,5,6
46,Alfred,6,1,is 68 years old,6,7
46,Alfred,6,1,enjoys Italian cuisine,7,7
46,Alfred,6,1,is a veteran,8,7
46,Alfred,6,1,is patriotic,9,7
46,Alfred,6,1,enjoys fishing,10,7
46,Alfred,6,1,took the subway home,11,7
46,Alfred,6,1,was quiet on the subway,12,7
46,Alfred,6,1,got off at the same stop as Oliver,13,7
46,Alfred,6,1,heard loud drilling and yelling from the construction above,14,7
46,Alfred,6,1,physically attacked Oliver,15,3
46,Chris,7,1,is a picky eater,1,6
46,Chris,7,1,is male,2,7
46,Chris,7,1,admires his father,3,7
46,Chris,7,1,weighs 70 lbs,4,7
46,Chris,7,1,enjoys playing hide-and-seek,5,7
46,Chris,7,1,is White,6,7
46,Chris,7,1,has a curious personality,7,7
46,Chris,7,1,is 10 years old,8,7
46,Chris,7,1,has an average IQ,9,7
46,Chris,7,1,enjoys swimming,10,7
46,Chris,7,1,invited friends over to play,11,7
46,Chris,7,1,hid in the hall closet,12,7
46,Chris,7,1,found the key in his father's jacket pocket,13,7
46,Chris,7,1,opened the gun cabinet with the key,14,3
46,Chris,7,1,picked up a pistol to play with,15,2
46,Qian,8,0,has a humorous personality,1,7
46,Qian,8,0,is Asian,2,7
46,Qian,8,0,is 27 years old,3,7
46,Qian,8,0,does not smoke,4,7
46,Qian,8,0,is hard-working,5,7
46,Qian,8,0,can be stubborn sometimes,6,7
46,Qian,8,0,is a restaurant waiter,7,7
46,Qian,8,0,is male,8,7
46,Qian,8,0,enjoys jazz music,9,7
46,Qian,8,0,enjoys watching sports,10,7
46,Qian,8,0,hung out at the local bar with cousins,11,7
46,Qian,8,0,had several drinks over the course of two hours,12,6
46,Qian,8,0,was angered by Wilson's comments,13,6
46,Qian,8,0,did not talk back to Wilson,14,6
46,Qian,8,0,pushed Wilson to the ground,15,4
46,Darla,9,0,is 32 years old,1,7
46,Darla,9,0,is female,2,7
46,Darla,9,0,has an absent-minded personality,3,7
46,Darla,9,0,is nearsighted,4,7
46,Darla,9,0,has a laid-back personality,5,7
46,Darla,9,0,is Black,6,7
46,Darla,9,0,enjoys cooking,7,7
46,Darla,9,0,communicates and interacts well with children,8,6
46,Darla,9,0,has worked with Pamela for many years,9,7
46,Darla,9,0,runs a home daycare business,10,7
46,Darla,9,0,lives in a tornado-affected area,11,6
46,Darla,9,0,played games with the children,12,7
46,Darla,9,0,played loud upbeat music with the children,13,7
46,Darla,9,0,focused on the children,14,7
46,Darla,9,0,did not hear the tornado sirens,15,5
46,Nadia,10,0,is a timid person,1,7
46,Nadia,10,0,collects vinyl records,2,7
46,Nadia,10,0,enjoys oil painting,3,7
46,Nadia,10,0,is an organized person,4,7
46,Nadia,10,0,is a software engineer,5,7
46,Nadia,10,0,is White,6,7
46,Nadia,10,0,attended couples therapy years ago,7,6
46,Nadia,10,0,has red hair,8,7
46,Nadia,10,0,is female,9,7
46,Nadia,10,0,is 34 years old,10,7
46,Nadia,10,0,went to the emergency room for bruises,11,5
46,Nadia,10,0,did not seek help after the emergency room incident,12,4
46,Nadia,10,0,was scared when Franklin screamed,13,7
46,Nadia,10,0,grabbed the revolver,14,7
46,Nadia,10,0,shot Franklin with the revolver,15,6
46,Tristan,11,1,enjoys listening to country music,1,7
46,Tristan,11,1,has worked for over ten years at the same hospital,2,7
46,Tristan,11,1,is 43 years old,3,7
46,Tristan,11,1,is Christian,4,7
46,Tristan,11,1,is male,5,7
46,Tristan,11,1,is extroverted and outgoing,6,7
46,Tristan,11,1,can be impatient sometimes,7,7
46,Tristan,11,1,can be opinionated sometimes,8,7
46,Tristan,11,1,is Black,9,7
46,Tristan,11,1,is a cardiologist,10,7
46,Tristan,11,1,reviewed Annie's medical history and symptoms,11,7
46,Tristan,11,1,checked Annie's vitals,12,7
46,Tristan,11,1,ordered Annie an electrocardiogram (ECG/EKG),13,7
46,Tristan,11,1,did not order any other heart tests,14,4
46,Tristan,11,1,did not order a mammogram,15,5
47,Alfred,1,1,lives alone,1,6
47,Alfred,1,1,enjoys fishing,2,4
47,Alfred,1,1,is White,3,6
47,Alfred,1,1,has a calm personality,4,4
47,Alfred,1,1,is male,5,7
47,Alfred,1,1,has PTSD,6,1
47,Alfred,1,1,is patriotic,7,4
47,Alfred,1,1,is a veteran,8,7
47,Alfred,1,1,enjoys Italian cuisine,9,4
47,Alfred,1,1,is 68 years old,10,7
47,Alfred,1,1,took the subway home,11,7
47,Alfred,1,1,was quiet on the subway,12,7
47,Alfred,1,1,got off at the same stop as Oliver,13,7
47,Alfred,1,1,heard loud drilling and yelling from the construction above,14,7
47,Alfred,1,1,physically attacked Oliver,15,1
47,Edward,2,1,is an ambitious person,1,7
47,Edward,2,1,is single,2,7
47,Edward,2,1,is a studious person,3,7
47,Edward,2,1,enjoys browsing Twitter,4,7
47,Edward,2,1,is 24 years old,5,7
47,Edward,2,1,is male,6,7
47,Edward,2,1,enjoys reading science fiction,7,6
47,Edward,2,1,is an experienced driver,8,7
47,Edward,2,1,is a clinical research assistant,9,5
47,Edward,2,1,is White,10,7
47,Edward,2,1,did not mute phone notifications while driving,11,4
47,Edward,2,1,was not speeding,12,7
47,Edward,2,1,checked that there were no other cars nearby,13,7
47,Edward,2,1,took a peek at the text,14,5
47,Edward,2,1,veered into the cyclist while reading the text,15,1
47,Chris,3,1,is 10 years old,1,7
47,Chris,3,1,weighs 70 lbs,2,7
47,Chris,3,1,has a curious personality,3,7
47,Chris,3,1,is White,4,7
47,Chris,3,1,admires his father,5,7
47,Chris,3,1,has an average IQ,6,7
47,Chris,3,1,enjoys swimming,7,7
47,Chris,3,1,enjoys playing hide-and-seek,8,7
47,Chris,3,1,is male,9,7
47,Chris,3,1,is a picky eater,10,5
47,Chris,3,1,invited friends over to play,11,7
47,Chris,3,1,hid in the hall closet,12,3
47,Chris,3,1,found the key in his father's jacket pocket,13,4
47,Chris,3,1,opened the gun cabinet with the key,14,4
47,Chris,3,1,picked up a pistol to play with,15,1
47,Tristan,4,1,can be opinionated sometimes,1,5
47,Tristan,4,1,is 43 years old,2,7
47,Tristan,4,1,is Black,3,7
47,Tristan,4,1,has worked for over ten years at the same hospital,4,7
47,Tristan,4,1,is extroverted and outgoing,5,7
47,Tristan,4,1,enjoys listening to country music,6,5
47,Tristan,4,1,is a cardiologist,7,7
47,Tristan,4,1,is male,8,7
47,Tristan,4,1,is Christian,9,7
47,Tristan,4,1,can be impatient sometimes,10,7
47,Tristan,4,1,reviewed Annie's medical history and symptoms,11,7
47,Tristan,4,1,checked Annie's vitals,12,7
47,Tristan,4,1,ordered Annie an electrocardiogram (ECG/EKG),13,7
47,Tristan,4,1,did not order any other heart tests,14,3
47,Tristan,4,1,did not order a mammogram,15,7
47,Melvin,5,1,is male,1,7
47,Melvin,5,1,enjoys listening to rock music,2,6
47,Melvin,5,1,grows corn,3,5
47,Melvin,5,1,is a farmer,4,5
47,Melvin,5,1,grows hay,5,5
47,Melvin,5,1,has high blood pressure,6,3
47,Melvin,5,1,has a cheerful personality,7,7
47,Melvin,5,1,is White,8,7
47,Melvin,5,1,is 45 years old,9,7
47,Melvin,5,1,can be stingy sometimes,10,5
47,Melvin,5,1,built his barn near the border with Vincent's property,11,4
47,Melvin,5,1,was concerned with hayfires,12,6
47,Melvin,5,1,considered buying hay-drying equipment,13,7
47,Melvin,5,1,met with consultants,14,7
47,Melvin,5,1,decided not to buy hay-drying equipment,15,1
47,Flora,6,1,composes music in her free time,1,7
47,Flora,6,1,is a counselor,2,7
47,Flora,6,1,is 32 years old,3,7
47,Flora,6,1,enjoys gardening,4,7
47,Flora,6,1,uses a white cane to guide herself,5,2
47,Flora,6,1,is an early riser,6,7
47,Flora,6,1,is female,7,7
47,Flora,6,1,is an empathetic person,8,7
47,Flora,6,1,is legally blind,9,2
47,Flora,6,1,is Asian,10,7
47,Flora,6,1,went to a neighbor's house for dinner,11,7
47,Flora,6,1,used her white cane while walking home,12,7
47,Flora,6,1,did not call for help,13,5
47,Flora,6,1,her white cane slipped between Paul's legs,14,1
47,Flora,6,1,stepped on Paul's torso,15,1
47,Nadia,7,0,is White,1,7
47,Nadia,7,0,has red hair,2,5
47,Nadia,7,0,attended couples therapy years ago,3,5
47,Nadia,7,0,enjoys oil painting,4,7
47,Nadia,7,0,is 34 years old,5,7
47,Nadia,7,0,is an organized person,6,7
47,Nadia,7,0,is a software engineer,7,5
47,Nadia,7,0,is a timid person,8,7
47,Nadia,7,0,collects vinyl records,9,6
47,Nadia,7,0,is female,10,7
47,Nadia,7,0,went to the emergency room for bruises,11,5
47,Nadia,7,0,did not seek help after the emergency room incident,12,4
47,Nadia,7,0,was scared when Franklin screamed,13,7
47,Nadia,7,0,grabbed the revolver,14,4
47,Nadia,7,0,shot Franklin with the revolver,15,1
47,Darla,8,0,communicates and interacts well with children,1,7
47,Darla,8,0,is Black,2,7
47,Darla,8,0,is 32 years old,3,7
47,Darla,8,0,is female,4,7
47,Darla,8,0,runs a home daycare business,5,7
47,Darla,8,0,has an absent-minded personality,6,4
47,Darla,8,0,enjoys cooking,7,7
47,Darla,8,0,has a laid-back personality,8,7
47,Darla,8,0,has worked with Pamela for many years,9,7
47,Darla,8,0,is nearsighted,10,6
47,Darla,8,0,lives in a tornado-affected area,11,6
47,Darla,8,0,played games with the children,12,7
47,Darla,8,0,played loud upbeat music with the children,13,7
47,Darla,8,0,focused on the children,14,7
47,Darla,8,0,did not hear the tornado sirens,15,3
47,Ava,9,1,has a peanut allergy,1,1
47,Ava,9,1,regularly drinks coffee,2,7
47,Ava,9,1,is an artist,3,7
47,Ava,9,1,often drives Peter to appointments and errands,4,7
47,Ava,9,1,enjoys going to music concerts,5,7
47,Ava,9,1,is 26 years old,6,7
47,Ava,9,1,is Native American,7,7
47,Ava,9,1,has been friends with Peter for many years,8,7
47,Ava,9,1,is a compassionate person,9,7
47,Ava,9,1,is female,10,7
47,Ava,9,1,did her annual car maintenance,11,7
47,Ava,9,1,drove under the speed limit,12,1
47,Ava,9,1,listened to the radio while driving,13,7
47,Ava,9,1,was startled by the deer,14,7
47,Ava,9,1,slammed the brakes after seeing the deer,15,7
47,Qian,10,0,is 27 years old,1,7
47,Qian,10,0,enjoys jazz music,2,6
47,Qian,10,0,is Asian,3,7
47,Qian,10,0,has a humorous personality,4,7
47,Qian,10,0,enjoys watching sports,5,7
47,Qian,10,0,is a restaurant waiter,6,6
47,Qian,10,0,is hard-working,7,7
47,Qian,10,0,is male,8,7
47,Qian,10,0,can be stubborn sometimes,9,7
47,Qian,10,0,does not smoke,10,7
47,Qian,10,0,hung out at the local bar with cousins,11,6
47,Qian,10,0,had several drinks over the course of two hours,12,7
47,Qian,10,0,was angered by Wilson's comments,13,7
47,Qian,10,0,did not talk back to Wilson,14,7
47,Qian,10,0,pushed Wilson to the ground,15,1
47,Julia,11,0,studies psychology,1,7
47,Julia,11,0,is a college student,2,7
47,Julia,11,0,is a courteous person,3,7
47,Julia,11,0,can be sensitive sometimes,4,7
47,Julia,11,0,babysits on the weekends,5,7
47,Julia,11,0,has asthma,6,2
47,Julia,11,0,enjoys watching TV shows,7,7
47,Julia,11,0,is multiracial,8,7
47,Julia,11,0,is female,9,7
47,Julia,11,0,is 19 years old,10,7
47,Julia,11,0,read children's books with Benji,11,7
47,Julia,11,0,picked up her partner's call while filling the bathtub,12,5
47,Julia,11,0,felt hurt after learning about the cheating,13,7
47,Julia,11,0,left the bathroom to talk to her partner,14,2
47,Julia,11,0,sat for a few minutes after hanging up,15,4
48,Chris,1,1,weighs 70 lbs,1,7
48,Chris,1,1,is 10 years old,2,7
48,Chris,1,1,admires his father,3,7
48,Chris,1,1,has a curious personality,4,7
48,Chris,1,1,is a picky eater,5,7
48,Chris,1,1,is White,6,7
48,Chris,1,1,enjoys swimming,7,7
48,Chris,1,1,is male,8,7
48,Chris,1,1,enjoys playing hide-and-seek,9,7
48,Chris,1,1,has an average IQ,10,7
48,Chris,1,1,invited friends over to play,11,7
48,Chris,1,1,hid in the hall closet,12,7
48,Chris,1,1,found the key in his father's jacket pocket,13,7
48,Chris,1,1,opened the gun cabinet with the key,14,3
48,Chris,1,1,picked up a pistol to play with,15,3
48,Darla,2,0,has worked with Pamela for many years,1,7
48,Darla,2,0,is female,2,7
48,Darla,2,0,runs a home daycare business,3,7
48,Darla,2,0,is nearsighted,4,7
48,Darla,2,0,has a laid-back personality,5,7
48,Darla,2,0,is 32 years old,6,7
48,Darla,2,0,has an absent-minded personality,7,7
48,Darla,2,0,is Black,8,7
48,Darla,2,0,enjoys cooking,9,7
48,Darla,2,0,communicates and interacts well with children,10,7
48,Darla,2,0,lives in a tornado-affected area,11,7
48,Darla,2,0,played games with the children,12,7
48,Darla,2,0,played loud upbeat music with the children,13,7
48,Darla,2,0,focused on the children,14,7
48,Darla,2,0,did not hear the tornado sirens,15,3
48,Alfred,3,1,lives alone,1,7
48,Alfred,3,1,enjoys fishing,2,7
48,Alfred,3,1,enjoys Italian cuisine,3,7
48,Alfred,3,1,is male,4,7
48,Alfred,3,1,is 68 years old,5,7
48,Alfred,3,1,is White,6,7
48,Alfred,3,1,has a calm personality,7,7
48,Alfred,3,1,is a veteran,8,7
48,Alfred,3,1,has PTSD,9,7
48,Alfred,3,1,is patriotic,10,5
48,Alfred,3,1,took the subway home,11,7
48,Alfred,3,1,was quiet on the subway,12,7
48,Alfred,3,1,got off at the same stop as Oliver,13,7
48,Alfred,3,1,heard loud drilling and yelling from the construction above,14,7
48,Alfred,3,1,physically attacked Oliver,15,4
48,Melvin,4,1,is White,1,7
48,Melvin,4,1,is 45 years old,2,7
48,Melvin,4,1,is male,3,7
48,Melvin,4,1,is a farmer,4,7
48,Melvin,4,1,enjoys listening to rock music,5,7
48,Melvin,4,1,grows hay,6,7
48,Melvin,4,1,grows corn,7,7
48,Melvin,4,1,can be stingy sometimes,8,7
48,Melvin,4,1,has a cheerful personality,9,7
48,Melvin,4,1,has high blood pressure,10,7
48,Melvin,4,1,built his barn near the border with Vincent's property,11,7
48,Melvin,4,1,was concerned with hayfires,12,7
48,Melvin,4,1,considered buying hay-drying equipment,13,7
48,Melvin,4,1,met with consultants,14,6
48,Melvin,4,1,decided not to buy hay-drying equipment,15,6
48,Edward,5,1,is an ambitious person,1,7
48,Edward,5,1,enjoys browsing Twitter,2,7
48,Edward,5,1,is an experienced driver,3,7
48,Edward,5,1,is 24 years old,4,7
48,Edward,5,1,is single,5,7
48,Edward,5,1,is male,6,7
48,Edward,5,1,is a studious person,7,7
48,Edward,5,1,enjoys reading science fiction,8,7
48,Edward,5,1,is a clinical research assistant,9,7
48,Edward,5,1,is White,10,7
48,Edward,5,1,did not mute phone notifications while driving,11,7
48,Edward,5,1,was not speeding,12,7
48,Edward,5,1,checked that there were no other cars nearby,13,7
48,Edward,5,1,took a peek at the text,14,6
48,Edward,5,1,veered into the cyclist while reading the text,15,4
48,Julia,6,0,is female,1,7
48,Julia,6,0,babysits on the weekends,2,7
48,Julia,6,0,enjoys watching TV shows,3,7
48,Julia,6,0,is multiracial,4,7
48,Julia,6,0,studies psychology,5,7
48,Julia,6,0,is 19 years old,6,7
48,Julia,6,0,is a college student,7,7
48,Julia,6,0,is a courteous person,8,7
48,Julia,6,0,can be sensitive sometimes,9,7
48,Julia,6,0,has asthma,10,7
48,Julia,6,0,read children's books with Benji,11,7
48,Julia,6,0,picked up her partner's call while filling the bathtub,12,7
48,Julia,6,0,felt hurt after learning about the cheating,13,7
48,Julia,6,0,left the bathroom to talk to her partner,14,7
48,Julia,6,0,sat for a few minutes after hanging up,15,7
48,Tristan,7,1,is a cardiologist,1,7
48,Tristan,7,1,has worked for over ten years at the same hospital,2,7
48,Tristan,7,1,is extroverted and outgoing,3,7
48,Tristan,7,1,is 43 years old,4,7
48,Tristan,7,1,can be impatient sometimes,5,7
48,Tristan,7,1,is Black,6,7
48,Tristan,7,1,is male,7,7
48,Tristan,7,1,enjoys listening to country music,8,6
48,Tristan,7,1,is Christian,9,7
48,Tristan,7,1,can be opinionated sometimes,10,7
48,Tristan,7,1,reviewed Annie's medical history and symptoms,11,7
48,Tristan,7,1,checked Annie's vitals,12,7
48,Tristan,7,1,ordered Annie an electrocardiogram (ECG/EKG),13,7
48,Tristan,7,1,did not order any other heart tests,14,4
48,Tristan,7,1,did not order a mammogram,15,4
48,Nadia,8,0,is an organized person,1,7
48,Nadia,8,0,is a timid person,2,7
48,Nadia,8,0,is a software engineer,3,7
48,Nadia,8,0,has red hair,4,7
48,Nadia,8,0,attended couples therapy years ago,5,7
48,Nadia,8,0,is female,6,7
48,Nadia,8,0,is 34 years old,7,7
48,Nadia,8,0,collects vinyl records,8,7
48,Nadia,8,0,is White,9,7
48,Nadia,8,0,enjoys oil painting,10,7
48,Nadia,8,0,went to the emergency room for bruises,11,3
48,Nadia,8,0,did not seek help after the emergency room incident,12,1
48,Nadia,8,0,was scared when Franklin screamed,13,7
48,Nadia,8,0,grabbed the revolver,14,7
48,Nadia,8,0,shot Franklin with the revolver,15,7
48,Qian,9,0,is male,1,7
48,Qian,9,0,has a humorous personality,2,7
48,Qian,9,0,is Asian,3,7
48,Qian,9,0,can be stubborn sometimes,4,7
48,Qian,9,0,does not smoke,5,7
48,Qian,9,0,enjoys watching sports,6,7
48,Qian,9,0,is hard-working,7,7
48,Qian,9,0,enjoys jazz music,8,7
48,Qian,9,0,is 27 years old,9,7
48,Qian,9,0,is a restaurant waiter,10,7
48,Qian,9,0,hung out at the local bar with cousins,11,7
48,Qian,9,0,had several drinks over the course of two hours,12,7
48,Qian,9,0,was angered by Wilson's comments,13,7
48,Qian,9,0,did not talk back to Wilson,14,6
48,Qian,9,0,pushed Wilson to the ground,15,7
48,Flora,10,1,is Asian,1,7
48,Flora,10,1,is a counselor,2,7
48,Flora,10,1,is an early riser,3,7
48,Flora,10,1,is 32 years old,4,7
48,Flora,10,1,enjoys gardening,5,7
48,Flora,10,1,uses a white cane to guide herself,6,7
48,Flora,10,1,is an empathetic person,7,7
48,Flora,10,1,composes music in her free time,8,7
48,Flora,10,1,is legally blind,9,7
48,Flora,10,1,is female,10,7
48,Flora,10,1,went to a neighbor's house for dinner,11,7
48,Flora,10,1,used her white cane while walking home,12,7
48,Flora,10,1,did not call for help,13,6
48,Flora,10,1,her white cane slipped between Paul's legs,14,7
48,Flora,10,1,stepped on Paul's torso,15,6
48,Ava,11,1,enjoys going to music concerts,1,7
48,Ava,11,1,regularly drinks coffee,2,7
48,Ava,11,1,is Native American,3,7
48,Ava,11,1,often drives Peter to appointments and errands,4,7
48,Ava,11,1,is a compassionate person,5,7
48,Ava,11,1,has a peanut allergy,6,7
48,Ava,11,1,is female,7,7
48,Ava,11,1,has been friends with Peter for many years,8,7
48,Ava,11,1,is 26 years old,9,7
48,Ava,11,1,is an artist,10,7
48,Ava,11,1,did her annual car maintenance,11,7
48,Ava,11,1,drove under the speed limit,12,7
48,Ava,11,1,listened to the radio while driving,13,7
48,Ava,11,1,was startled by the deer,14,7
48,Ava,11,1,slammed the brakes after seeing the deer,15,7
49,Chris,1,1,is a picky eater,1,6
49,Chris,1,1,enjoys playing hide-and-seek,2,6
49,Chris,1,1,admires his father,3,6
49,Chris,1,1,enjoys swimming,4,6
49,Chris,1,1,has a curious personality,5,6
49,Chris,1,1,is 10 years old,6,7
49,Chris,1,1,is White,7,3
49,Chris,1,1,is male,8,5
49,Chris,1,1,weighs 70 lbs,9,5
49,Chris,1,1,has an average IQ,10,4
49,Chris,1,1,invited friends over to play,11,6
49,Chris,1,1,hid in the hall closet,12,5
49,Chris,1,1,found the key in his father's jacket pocket,13,3
49,Chris,1,1,opened the gun cabinet with the key,14,3
49,Chris,1,1,picked up a pistol to play with,15,3
49,Darla,2,0,is 32 years old,1,6
49,Darla,2,0,has an absent-minded personality,2,5
49,Darla,2,0,has a laid-back personality,3,5
49,Darla,2,0,runs a home daycare business,4,6
49,Darla,2,0,enjoys cooking,5,6
49,Darla,2,0,is nearsighted,6,5
49,Darla,2,0,has worked with Pamela for many years,7,6
49,Darla,2,0,is female,8,6
49,Darla,2,0,is Black,9,5
49,Darla,2,0,communicates and interacts well with children,10,6
49,Darla,2,0,lives in a tornado-affected area,11,4
49,Darla,2,0,played games with the children,12,6
49,Darla,2,0,played loud upbeat music with the children,13,6
49,Darla,2,0,focused on the children,14,6
49,Darla,2,0,did not hear the tornado sirens,15,4
49,Flora,3,1,is an empathetic person,1,5
49,Flora,3,1,uses a white cane to guide herself,2,2
49,Flora,3,1,composes music in her free time,3,5
49,Flora,3,1,is an early riser,4,6
49,Flora,3,1,is legally blind,5,3
49,Flora,3,1,is 32 years old,6,6
49,Flora,3,1,is Asian,7,5
49,Flora,3,1,is a counselor,8,6
49,Flora,3,1,is female,9,6
49,Flora,3,1,enjoys gardening,10,6
49,Flora,3,1,went to a neighbor's house for dinner,11,6
49,Flora,3,1,used her white cane while walking home,12,3
49,Flora,3,1,did not call for help,13,4
49,Flora,3,1,her white cane slipped between Paul's legs,14,2
49,Flora,3,1,stepped on Paul's torso,15,2
49,Ava,4,1,is 26 years old,1,6
49,Ava,4,1,is an artist,2,6
49,Ava,4,1,regularly drinks coffee,3,6
49,Ava,4,1,is female,4,6
49,Ava,4,1,is Native American,5,2
49,Ava,4,1,has been friends with Peter for many years,6,6
49,Ava,4,1,has a peanut allergy,7,3
49,Ava,4,1,often drives Peter to appointments and errands,8,6
49,Ava,4,1,enjoys going to music concerts,9,6
49,Ava,4,1,is a compassionate person,10,5
49,Ava,4,1,did her annual car maintenance,11,6
49,Ava,4,1,drove under the speed limit,12,4
49,Ava,4,1,listened to the radio while driving,13,6
49,Ava,4,1,was startled by the deer,14,6
49,Ava,4,1,slammed the brakes after seeing the deer,15,6
49,Nadia,5,0,enjoys oil painting,1,6
49,Nadia,5,0,is female,2,6
49,Nadia,5,0,collects vinyl records,3,6
49,Nadia,5,0,is a timid person,4,5
49,Nadia,5,0,is a software engineer,5,6
49,Nadia,5,0,is White,6,3
49,Nadia,5,0,attended couples therapy years ago,7,4
49,Nadia,5,0,is 34 years old,8,6
49,Nadia,5,0,has red hair,9,3
49,Nadia,5,0,is an organized person,10,6
49,Nadia,5,0,went to the emergency room for bruises,11,4
49,Nadia,5,0,did not seek help after the emergency room incident,12,3
49,Nadia,5,0,was scared when Franklin screamed,13,6
49,Nadia,5,0,grabbed the revolver,14,3
49,Nadia,5,0,shot Franklin with the revolver,15,3
49,Edward,6,1,is a clinical research assistant,1,6
49,Edward,6,1,is White,2,3
49,Edward,6,1,is male,3,6
49,Edward,6,1,is 24 years old,4,6
49,Edward,6,1,enjoys reading science fiction,5,6
49,Edward,6,1,is an experienced driver,6,6
49,Edward,6,1,is a studious person,7,5
49,Edward,6,1,enjoys browsing Twitter,8,6
49,Edward,6,1,is single,9,6
49,Edward,6,1,is an ambitious person,10,5
49,Edward,6,1,did not mute phone notifications while driving,11,5
49,Edward,6,1,was not speeding,12,4
49,Edward,6,1,checked that there were no other cars nearby,13,6
49,Edward,6,1,took a peek at the text,14,6
49,Edward,6,1,veered into the cyclist while reading the text,15,3
49,Melvin,7,1,can be stingy sometimes,1,5
49,Melvin,7,1,is 45 years old,2,6
49,Melvin,7,1,grows hay,3,3
49,Melvin,7,1,is male,4,6
49,Melvin,7,1,is a farmer,5,4
49,Melvin,7,1,enjoys listening to rock music,6,6
49,Melvin,7,1,grows corn,7,4
49,Melvin,7,1,is White,8,3
49,Melvin,7,1,has a cheerful personality,9,6
49,Melvin,7,1,has high blood pressure,10,6
49,Melvin,7,1,built his barn near the border with Vincent's property,11,6
49,Melvin,7,1,was concerned with hayfires,12,4
49,Melvin,7,1,considered buying hay-drying equipment,13,5
49,Melvin,7,1,met with consultants,14,6
49,Melvin,7,1,decided not to buy hay-drying equipment,15,5
49,Qian,8,0,does not smoke,1,6
49,Qian,8,0,can be stubborn sometimes,2,6
49,Qian,8,0,is hard-working,3,6
49,Qian,8,0,enjoys jazz music,4,5
49,Qian,8,0,is Asian,5,4
49,Qian,8,0,enjoys watching sports,6,6
49,Qian,8,0,is 27 years old,7,6
49,Qian,8,0,has a humorous personality,8,6
49,Qian,8,0,is a restaurant waiter,9,6
49,Qian,8,0,is male,10,6
49,Qian,8,0,hung out at the local bar with cousins,11,6
49,Qian,8,0,had several drinks over the course of two hours,12,5
49,Qian,8,0,was angered by Wilson's comments,13,6
49,Qian,8,0,did not talk back to Wilson,14,4
49,Qian,8,0,pushed Wilson to the ground,15,4
49,Alfred,9,1,lives alone,1,5
49,Alfred,9,1,enjoys Italian cuisine,2,6
49,Alfred,9,1,has PTSD,3,3
49,Alfred,9,1,is patriotic,4,5
49,Alfred,9,1,is White,5,3
49,Alfred,9,1,is a veteran,6,3
49,Alfred,9,1,is 68 years old,7,5
49,Alfred,9,1,is male,8,6
49,Alfred,9,1,has a calm personality,9,5
49,Alfred,9,1,enjoys fishing,10,6
49,Alfred,9,1,took the subway home,11,5
49,Alfred,9,1,was quiet on the subway,12,6
49,Alfred,9,1,got off at the same stop as Oliver,13,6
49,Alfred,9,1,heard loud drilling and yelling from the construction above,14,6
49,Alfred,9,1,physically attacked Oliver,15,2
49,Julia,10,0,has asthma,1,5
49,Julia,10,0,is multiracial,2,4
49,Julia,10,0,is a courteous person,3,5
49,Julia,10,0,is female,4,6
49,Julia,10,0,studies psychology,5,6
49,Julia,10,0,is 19 years old,6,6
49,Julia,10,0,babysits on the weekends,7,6
49,Julia,10,0,enjoys watching TV shows,8,6
49,Julia,10,0,can be sensitive sometimes,9,6
49,Julia,10,0,is a college student,10,6
49,Julia,10,0,read children's books with Benji,11,6
49,Julia,10,0,picked up her partner's call while filling the bathtub,12,6
49,Julia,10,0,felt hurt after learning about the cheating,13,6
49,Julia,10,0,left the bathroom to talk to her partner,14,6
49,Julia,10,0,sat for a few minutes after hanging up,15,6
49,Tristan,11,1,can be opinionated sometimes,1,6
49,Tristan,11,1,can be impatient sometimes,2,6
49,Tristan,11,1,is a cardiologist,3,3
49,Tristan,11,1,has worked for over ten years at the same hospital,4,6
49,Tristan,11,1,is 43 years old,5,6
49,Tristan,11,1,is Christian,6,4
49,Tristan,11,1,is extroverted and outgoing,7,6
49,Tristan,11,1,enjoys listening to country music,8,6
49,Tristan,11,1,is Black,9,3
49,Tristan,11,1,is male,10,6
49,Tristan,11,1,reviewed Annie's medical history and symptoms,11,6
49,Tristan,11,1,checked Annie's vitals,12,6
49,Tristan,11,1,ordered Annie an electrocardiogram (ECG/EKG),13,6
49,Tristan,11,1,did not order any other heart tests,14,3
49,Tristan,11,1,did not order a mammogram,15,6
50,Flora,1,1,is an empathetic person,1,7
50,Flora,1,1,is 32 years old,2,7
50,Flora,1,1,composes music in her free time,3,4
50,Flora,1,1,is a counselor,4,4
50,Flora,1,1,is legally blind,5,4
50,Flora,1,1,is female,6,7
50,Flora,1,1,is an early riser,7,6
50,Flora,1,1,enjoys gardening,8,6
50,Flora,1,1,uses a white cane to guide herself,9,5
50,Flora,1,1,is Asian,10,7
50,Flora,1,1,went to a neighbor's house for dinner,11,6
50,Flora,1,1,used her white cane while walking home,12,6
50,Flora,1,1,did not call for help,13,4
50,Flora,1,1,her white cane slipped between Paul's legs,14,4
50,Flora,1,1,stepped on Paul's torso,15,4
50,Tristan,2,1,is 43 years old,1,7
50,Tristan,2,1,is a cardiologist,2,4
50,Tristan,2,1,is Black,3,7
50,Tristan,2,1,is Christian,4,6
50,Tristan,2,1,has worked for over ten years at the same hospital,5,6
50,Tristan,2,1,enjoys listening to country music,6,4
50,Tristan,2,1,is male,7,7
50,Tristan,2,1,can be opinionated sometimes,8,6
50,Tristan,2,1,is extroverted and outgoing,9,6
50,Tristan,2,1,can be impatient sometimes,10,6
50,Tristan,2,1,reviewed Annie's medical history and symptoms,11,6
50,Tristan,2,1,checked Annie's vitals,12,6
50,Tristan,2,1,ordered Annie an electrocardiogram (ECG/EKG),13,6
50,Tristan,2,1,did not order any other heart tests,14,4
50,Tristan,2,1,did not order a mammogram,15,7
50,Qian,3,0,is a restaurant waiter,1,7
50,Qian,3,0,has a humorous personality,2,6
50,Qian,3,0,is male,3,7
50,Qian,3,0,enjoys watching sports,4,7
50,Qian,3,0,enjoys jazz music,5,6
50,Qian,3,0,is 27 years old,6,7
50,Qian,3,0,is hard-working,7,7
50,Qian,3,0,can be stubborn sometimes,8,7
50,Qian,3,0,is Asian,9,7
50,Qian,3,0,does not smoke,10,7
50,Qian,3,0,hung out at the local bar with cousins,11,6
50,Qian,3,0,had several drinks over the course of two hours,12,7
50,Qian,3,0,was angered by Wilson's comments,13,7
50,Qian,3,0,did not talk back to Wilson,14,4
50,Qian,3,0,pushed Wilson to the ground,15,4
50,Melvin,4,1,can be stingy sometimes,1,7
50,Melvin,4,1,enjoys listening to rock music,2,6
50,Melvin,4,1,is 45 years old,3,7
50,Melvin,4,1,has a cheerful personality,4,7
50,Melvin,4,1,is White,5,7
50,Melvin,4,1,is a farmer,6,6
50,Melvin,4,1,grows hay,7,5
50,Melvin,4,1,has high blood pressure,8,6
50,Melvin,4,1,grows corn,9,6
50,Melvin,4,1,is male,10,7
50,Melvin,4,1,built his barn near the border with Vincent's property,11,5
50,Melvin,4,1,was concerned with hayfires,12,6
50,Melvin,4,1,considered buying hay-drying equipment,13,6
50,Melvin,4,1,met with consultants,14,5
50,Melvin,4,1,decided not to buy hay-drying equipment,15,4
50,Darla,5,0,is Black,1,7
50,Darla,5,0,communicates and interacts well with children,2,6
50,Darla,5,0,runs a home daycare business,3,5
50,Darla,5,0,is 32 years old,4,7
50,Darla,5,0,is female,5,7
50,Darla,5,0,is nearsighted,6,6
50,Darla,5,0,has a laid-back personality,7,6
50,Darla,5,0,enjoys cooking,8,7
50,Darla,5,0,has worked with Pamela for many years,9,7
50,Darla,5,0,has an absent-minded personality,10,7
50,Darla,5,0,lives in a tornado-affected area,11,7
50,Darla,5,0,played games with the children,12,7
50,Darla,5,0,played loud upbeat music with the children,13,5
50,Darla,5,0,focused on the children,14,7
50,Darla,5,0,did not hear the tornado sirens,15,6
50,Chris,6,1,has a curious personality,1,7
50,Chris,6,1,is White,2,7
50,Chris,6,1,is 10 years old,3,7
50,Chris,6,1,has an average IQ,4,7
50,Chris,6,1,is a picky eater,5,6
50,Chris,6,1,is male,6,7
50,Chris,6,1,weighs 70 lbs,7,7
50,Chris,6,1,admires his father,8,6
50,Chris,6,1,enjoys playing hide-and-seek,9,6
50,Chris,6,1,enjoys swimming,10,6
50,Chris,6,1,invited friends over to play,11,6
50,Chris,6,1,hid in the hall closet,12,5
50,Chris,6,1,found the key in his father's jacket pocket,13,5
50,Chris,6,1,opened the gun cabinet with the key,14,3
50,Chris,6,1,picked up a pistol to play with,15,2
50,Nadia,7,0,attended couples therapy years ago,1,7
50,Nadia,7,0,collects vinyl records,2,6
50,Nadia,7,0,is an organized person,3,7
50,Nadia,7,0,is White,4,7
50,Nadia,7,0,is a software engineer,5,5
50,Nadia,7,0,has red hair,6,5
50,Nadia,7,0,is female,7,7
50,Nadia,7,0,enjoys oil painting,8,6
50,Nadia,7,0,is 34 years old,9,7
50,Nadia,7,0,is a timid person,10,6
50,Nadia,7,0,went to the emergency room for bruises,11,4
50,Nadia,7,0,did not seek help after the emergency room incident,12,4
50,Nadia,7,0,was scared when Franklin screamed,13,7
50,Nadia,7,0,grabbed the revolver,14,4
50,Nadia,7,0,shot Franklin with the revolver,15,4
50,Edward,8,1,is 24 years old,1,7
50,Edward,8,1,is male,2,7
50,Edward,8,1,is an ambitious person,3,6
50,Edward,8,1,enjoys reading science fiction,4,6
50,Edward,8,1,is an experienced driver,5,6
50,Edward,8,1,enjoys browsing Twitter,6,6
50,Edward,8,1,is White,7,7
50,Edward,8,1,is a studious person,8,6
50,Edward,8,1,is single,9,7
50,Edward,8,1,is a clinical research assistant,10,5
50,Edward,8,1,did not mute phone notifications while driving,11,6
50,Edward,8,1,was not speeding,12,6
50,Edward,8,1,checked that there were no other cars nearby,13,6
50,Edward,8,1,took a peek at the text,14,4
50,Edward,8,1,veered into the cyclist while reading the text,15,2
50,Ava,9,1,is a compassionate person,1,7
50,Ava,9,1,is an artist,2,6
50,Ava,9,1,is female,3,7
50,Ava,9,1,is Native American,4,6
50,Ava,9,1,has been friends with Peter for many years,5,6
50,Ava,9,1,is 26 years old,6,7
50,Ava,9,1,often drives Peter to appointments and errands,7,6
50,Ava,9,1,has a peanut allergy,8,5
50,Ava,9,1,regularly drinks coffee,9,7
50,Ava,9,1,enjoys going to music concerts,10,6
50,Ava,9,1,did her annual car maintenance,11,6
50,Ava,9,1,drove under the speed limit,12,5
50,Ava,9,1,listened to the radio while driving,13,7
50,Ava,9,1,was startled by the deer,14,7
50,Ava,9,1,slammed the brakes after seeing the deer,15,7
50,Alfred,10,1,enjoys fishing,1,7
50,Alfred,10,1,has a calm personality,2,7
50,Alfred,10,1,is White,3,7
50,Alfred,10,1,lives alone,4,6
50,Alfred,10,1,is patriotic,5,6
50,Alfred,10,1,is a veteran,6,6
50,Alfred,10,1,is 68 years old,7,7
50,Alfred,10,1,has PTSD,8,5
50,Alfred,10,1,is male,9,7
50,Alfred,10,1,enjoys Italian cuisine,10,7
50,Alfred,10,1,took the subway home,11,7
50,Alfred,10,1,was quiet on the subway,12,6
50,Alfred,10,1,got off at the same stop as Oliver,13,7
50,Alfred,10,1,heard loud drilling and yelling from the construction above,14,7
50,Alfred,10,1,physically attacked Oliver,15,1
50,Julia,11,0,babysits on the weekends,1,7
50,Julia,11,0,is a college student,2,7
50,Julia,11,0,is a courteous person,3,7
50,Julia,11,0,enjoys watching TV shows,4,7
50,Julia,11,0,is 19 years old,5,7
50,Julia,11,0,is female,6,7
50,Julia,11,0,studies psychology,7,5
50,Julia,11,0,is multiracial,8,7
50,Julia,11,0,can be sensitive sometimes,9,6
50,Julia,11,0,has asthma,10,6
50,Julia,11,0,read children's books with Benji,11,7
50,Julia,11,0,picked up her partner's call while filling the bathtub,12,3
50,Julia,11,0,felt hurt after learning about the cheating,13,7
50,Julia,11,0,left the bathroom to talk to her partner,14,3
50,Julia,11,0,sat for a few minutes after hanging up,15,3
51,Alfred,1,1,has PTSD,1,7
51,Alfred,1,1,lives alone,2,7
51,Alfred,1,1,is 68 years old,3,7
51,Alfred,1,1,enjoys Italian cuisine,4,7
51,Alfred,1,1,is male,5,7
51,Alfred,1,1,is White,6,7
51,Alfred,1,1,is a veteran,7,7
51,Alfred,1,1,enjoys fishing,8,7
51,Alfred,1,1,has a calm personality,9,5
51,Alfred,1,1,is patriotic,10,7
51,Alfred,1,1,took the subway home,11,7
51,Alfred,1,1,was quiet on the subway,12,7
51,Alfred,1,1,got off at the same stop as Oliver,13,7
51,Alfred,1,1,heard loud drilling and yelling from the construction above,14,7
51,Alfred,1,1,physically attacked Oliver,15,1
51,Edward,2,1,is male,1,7
51,Edward,2,1,enjoys browsing Twitter,2,7
51,Edward,2,1,is an experienced driver,3,7
51,Edward,2,1,is a studious person,4,4
51,Edward,2,1,is an ambitious person,5,4
51,Edward,2,1,is 24 years old,6,7
51,Edward,2,1,enjoys reading science fiction,7,7
51,Edward,2,1,is a clinical research assistant,8,7
51,Edward,2,1,is single,9,7
51,Edward,2,1,is White,10,7
51,Edward,2,1,did not mute phone notifications while driving,11,7
51,Edward,2,1,was not speeding,12,7
51,Edward,2,1,checked that there were no other cars nearby,13,7
51,Edward,2,1,took a peek at the text,14,6
51,Edward,2,1,veered into the cyclist while reading the text,15,1
51,Tristan,3,1,is Christian,1,7
51,Tristan,3,1,is male,2,7
51,Tristan,3,1,can be opinionated sometimes,3,7
51,Tristan,3,1,can be impatient sometimes,4,7
51,Tristan,3,1,is extroverted and outgoing,5,6
51,Tristan,3,1,has worked for over ten years at the same hospital,6,7
51,Tristan,3,1,enjoys listening to country music,7,7
51,Tristan,3,1,is Black,8,7
51,Tristan,3,1,is 43 years old,9,7
51,Tristan,3,1,is a cardiologist,10,7
51,Tristan,3,1,reviewed Annie's medical history and symptoms,11,7
51,Tristan,3,1,checked Annie's vitals,12,7
51,Tristan,3,1,ordered Annie an electrocardiogram (ECG/EKG),13,7
51,Tristan,3,1,did not order any other heart tests,14,4
51,Tristan,3,1,did not order a mammogram,15,7
51,Qian,4,0,does not smoke,1,7
51,Qian,4,0,is hard-working,2,7
51,Qian,4,0,is Asian,3,7
51,Qian,4,0,is male,4,7
51,Qian,4,0,enjoys jazz music,5,7
51,Qian,4,0,is a restaurant waiter,6,7
51,Qian,4,0,can be stubborn sometimes,7,7
51,Qian,4,0,is 27 years old,8,7
51,Qian,4,0,enjoys watching sports,9,7
51,Qian,4,0,has a humorous personality,10,7
51,Qian,4,0,hung out at the local bar with cousins,11,7
51,Qian,4,0,had several drinks over the course of two hours,12,4
51,Qian,4,0,was angered by Wilson's comments,13,7
51,Qian,4,0,did not talk back to Wilson,14,7
51,Qian,4,0,pushed Wilson to the ground,15,4
51,Melvin,5,1,is White,1,7
51,Melvin,5,1,is 45 years old,2,7
51,Melvin,5,1,has a cheerful personality,3,7
51,Melvin,5,1,enjoys listening to rock music,4,7
51,Melvin,5,1,grows corn,5,4
51,Melvin,5,1,is male,6,7
51,Melvin,5,1,can be stingy sometimes,7,7
51,Melvin,5,1,has high blood pressure,8,7
51,Melvin,5,1,is a farmer,9,4
51,Melvin,5,1,grows hay,10,7
51,Melvin,5,1,built his barn near the border with Vincent's property,11,7
51,Melvin,5,1,was concerned with hayfires,12,7
51,Melvin,5,1,considered buying hay-drying equipment,13,7
51,Melvin,5,1,met with consultants,14,7
51,Melvin,5,1,decided not to buy hay-drying equipment,15,4
51,Ava,6,1,enjoys going to music concerts,1,7
51,Ava,6,1,often drives Peter to appointments and errands,2,7
51,Ava,6,1,is 26 years old,3,7
51,Ava,6,1,is a compassionate person,4,7
51,Ava,6,1,has a peanut allergy,5,4
51,Ava,6,1,has been friends with Peter for many years,6,7
51,Ava,6,1,is Native American,7,4
51,Ava,6,1,regularly drinks coffee,8,7
51,Ava,6,1,is female,9,7
51,Ava,6,1,is an artist,10,5
51,Ava,6,1,did her annual car maintenance,11,7
51,Ava,6,1,drove under the speed limit,12,4
51,Ava,6,1,listened to the radio while driving,13,7
51,Ava,6,1,was startled by the deer,14,7
51,Ava,6,1,slammed the brakes after seeing the deer,15,7
51,Chris,7,1,is 10 years old,1,7
51,Chris,7,1,is a picky eater,2,7
51,Chris,7,1,has a curious personality,3,7
51,Chris,7,1,weighs 70 lbs,4,7
51,Chris,7,1,enjoys playing hide-and-seek,5,7
51,Chris,7,1,has an average IQ,6,7
51,Chris,7,1,is male,7,7
51,Chris,7,1,admires his father,8,7
51,Chris,7,1,is White,9,7
51,Chris,7,1,enjoys swimming,10,7
51,Chris,7,1,invited friends over to play,11,7
51,Chris,7,1,hid in the hall closet,12,7
51,Chris,7,1,found the key in his father's jacket pocket,13,4
51,Chris,7,1,opened the gun cabinet with the key,14,4
51,Chris,7,1,picked up a pistol to play with,15,2
51,Flora,8,1,is an empathetic person,1,4
51,Flora,8,1,is female,2,7
51,Flora,8,1,uses a white cane to guide herself,3,7
51,Flora,8,1,is an early riser,4,4
51,Flora,8,1,is 32 years old,5,7
51,Flora,8,1,composes music in her free time,6,5
51,Flora,8,1,is legally blind,7,7
51,Flora,8,1,is a counselor,8,7
51,Flora,8,1,enjoys gardening,9,7
51,Flora,8,1,is Asian,10,7
51,Flora,8,1,went to a neighbor's house for dinner,11,7
51,Flora,8,1,used her white cane while walking home,12,7
51,Flora,8,1,did not call for help,13,4
51,Flora,8,1,her white cane slipped between Paul's legs,14,4
51,Flora,8,1,stepped on Paul's torso,15,4
51,Darla,9,0,runs a home daycare business,1,7
51,Darla,9,0,has worked with Pamela for many years,2,7
51,Darla,9,0,has a laid-back personality,3,7
51,Darla,9,0,has an absent-minded personality,4,4
51,Darla,9,0,is nearsighted,5,7
51,Darla,9,0,is Black,6,7
51,Darla,9,0,is 32 years old,7,7
51,Darla,9,0,enjoys cooking,8,7
51,Darla,9,0,communicates and interacts well with children,9,4
51,Darla,9,0,is female,10,7
51,Darla,9,0,lives in a tornado-affected area,11,5
51,Darla,9,0,played games with the children,12,7
51,Darla,9,0,played loud upbeat music with the children,13,4
51,Darla,9,0,focused on the children,14,7
51,Darla,9,0,did not hear the tornado sirens,15,4
51,Nadia,10,0,is 34 years old,1,7
51,Nadia,10,0,is White,2,7
51,Nadia,10,0,attended couples therapy years ago,3,7
51,Nadia,10,0,is a software engineer,4,7
51,Nadia,10,0,is a timid person,5,4
51,Nadia,10,0,is female,6,7
51,Nadia,10,0,has red hair,7,4
51,Nadia,10,0,is an organized person,8,5
51,Nadia,10,0,collects vinyl records,9,7
51,Nadia,10,0,enjoys oil painting,10,7
51,Nadia,10,0,went to the emergency room for bruises,11,2
51,Nadia,10,0,did not seek help after the emergency room incident,12,4
51,Nadia,10,0,was scared when Franklin screamed,13,7
51,Nadia,10,0,grabbed the revolver,14,4
51,Nadia,10,0,shot Franklin with the revolver,15,4
51,Julia,11,0,studies psychology,1,7
51,Julia,11,0,is a courteous person,2,7
51,Julia,11,0,babysits on the weekends,3,7
51,Julia,11,0,is multiracial,4,7
51,Julia,11,0,is a college student,5,7
51,Julia,11,0,is female,6,7
51,Julia,11,0,enjoys watching TV shows,7,7
51,Julia,11,0,has asthma,8,7
51,Julia,11,0,can be sensitive sometimes,9,7
51,Julia,11,0,is 19 years old,10,7
51,Julia,11,0,read children's books with Benji,11,7
51,Julia,11,0,picked up her partner's call while filling the bathtub,12,7
51,Julia,11,0,felt hurt after learning about the cheating,13,7
51,Julia,11,0,left the bathroom to talk to her partner,14,7
51,Julia,11,0,sat for a few minutes after hanging up,15,7
52,Edward,1,1,is an ambitious person,1,7
52,Edward,1,1,is a clinical research assistant,2,7
52,Edward,1,1,is White,3,7
52,Edward,1,1,is 24 years old,4,7
52,Edward,1,1,is a studious person,5,7
52,Edward,1,1,is single,6,7
52,Edward,1,1,enjoys reading science fiction,7,7
52,Edward,1,1,is an experienced driver,8,6
52,Edward,1,1,enjoys browsing Twitter,9,6
52,Edward,1,1,is male,10,7
52,Edward,1,1,did not mute phone notifications while driving,11,5
52,Edward,1,1,was not speeding,12,4
52,Edward,1,1,checked that there were no other cars nearby,13,5
52,Edward,1,1,took a peek at the text,14,5
52,Edward,1,1,veered into the cyclist while reading the text,15,2
52,Ava,2,1,often drives Peter to appointments and errands,1,5
52,Ava,2,1,enjoys going to music concerts,2,7
52,Ava,2,1,is Native American,3,7
52,Ava,2,1,has a peanut allergy,4,6
52,Ava,2,1,is female,5,7
52,Ava,2,1,is 26 years old,6,7
52,Ava,2,1,is an artist,7,4
52,Ava,2,1,has been friends with Peter for many years,8,4
52,Ava,2,1,regularly drinks coffee,9,7
52,Ava,2,1,is a compassionate person,10,7
52,Ava,2,1,did her annual car maintenance,11,5
52,Ava,2,1,drove under the speed limit,12,5
52,Ava,2,1,listened to the radio while driving,13,7
52,Ava,2,1,was startled by the deer,14,7
52,Ava,2,1,slammed the brakes after seeing the deer,15,7
52,Tristan,3,1,has worked for over ten years at the same hospital,1,7
52,Tristan,3,1,is male,2,7
52,Tristan,3,1,is extroverted and outgoing,3,7
52,Tristan,3,1,can be impatient sometimes,4,7
52,Tristan,3,1,can be opinionated sometimes,5,7
52,Tristan,3,1,is Christian,6,7
52,Tristan,3,1,is 43 years old,7,7
52,Tristan,3,1,is Black,8,7
52,Tristan,3,1,is a cardiologist,9,7
52,Tristan,3,1,enjoys listening to country music,10,3
52,Tristan,3,1,reviewed Annie's medical history and symptoms,11,7
52,Tristan,3,1,checked Annie's vitals,12,7
52,Tristan,3,1,ordered Annie an electrocardiogram (ECG/EKG),13,7
52,Tristan,3,1,did not order any other heart tests,14,3
52,Tristan,3,1,did not order a mammogram,15,7
52,Darla,4,0,enjoys cooking,1,7
52,Darla,4,0,has a laid-back personality,2,7
52,Darla,4,0,runs a home daycare business,3,7
52,Darla,4,0,is female,4,7
52,Darla,4,0,communicates and interacts well with children,5,7
52,Darla,4,0,has worked with Pamela for many years,6,7
52,Darla,4,0,is nearsighted,7,7
52,Darla,4,0,has an absent-minded personality,8,7
52,Darla,4,0,is Black,9,7
52,Darla,4,0,is 32 years old,10,7
52,Darla,4,0,lives in a tornado-affected area,11,7
52,Darla,4,0,played games with the children,12,7
52,Darla,4,0,played loud upbeat music with the children,13,7
52,Darla,4,0,focused on the children,14,7
52,Darla,4,0,did not hear the tornado sirens,15,3
52,Melvin,5,1,grows corn,1,7
52,Melvin,5,1,grows hay,2,7
52,Melvin,5,1,has a cheerful personality,3,7
52,Melvin,5,1,is 45 years old,4,7
52,Melvin,5,1,enjoys listening to rock music,5,6
52,Melvin,5,1,has high blood pressure,6,7
52,Melvin,5,1,is male,7,7
52,Melvin,5,1,is White,8,7
52,Melvin,5,1,can be stingy sometimes,9,7
52,Melvin,5,1,is a farmer,10,7
52,Melvin,5,1,built his barn near the border with Vincent's property,11,7
52,Melvin,5,1,was concerned with hayfires,12,7
52,Melvin,5,1,considered buying hay-drying equipment,13,7
52,Melvin,5,1,met with consultants,14,2
52,Melvin,5,1,decided not to buy hay-drying equipment,15,7
52,Julia,6,0,is multiracial,1,7
52,Julia,6,0,is a courteous person,2,7
52,Julia,6,0,is a college student,3,7
52,Julia,6,0,studies psychology,4,7
52,Julia,6,0,is female,5,7
52,Julia,6,0,is 19 years old,6,7
52,Julia,6,0,enjoys watching TV shows,7,7
52,Julia,6,0,can be sensitive sometimes,8,7
52,Julia,6,0,babysits on the weekends,9,7
52,Julia,6,0,has asthma,10,5
52,Julia,6,0,read children's books with Benji,11,7
52,Julia,6,0,picked up her partner's call while filling the bathtub,12,2
52,Julia,6,0,felt hurt after learning about the cheating,13,7
52,Julia,6,0,left the bathroom to talk to her partner,14,2
52,Julia,6,0,sat for a few minutes after hanging up,15,2
52,Flora,7,1,is an early riser,1,7
52,Flora,7,1,is legally blind,2,3
52,Flora,7,1,is a counselor,3,5
52,Flora,7,1,is female,4,7
52,Flora,7,1,enjoys gardening,5,7
52,Flora,7,1,composes music in her free time,6,4
52,Flora,7,1,is 32 years old,7,7
52,Flora,7,1,uses a white cane to guide herself,8,7
52,Flora,7,1,is Asian,9,7
52,Flora,7,1,is an empathetic person,10,7
52,Flora,7,1,went to a neighbor's house for dinner,11,7
52,Flora,7,1,used her white cane while walking home,12,7
52,Flora,7,1,did not call for help,13,7
52,Flora,7,1,her white cane slipped between Paul's legs,14,3
52,Flora,7,1,stepped on Paul's torso,15,3
52,Chris,8,1,enjoys playing hide-and-seek,1,7
52,Chris,8,1,is 10 years old,2,7
52,Chris,8,1,is a picky eater,3,7
52,Chris,8,1,is White,4,7
52,Chris,8,1,is male,5,7
52,Chris,8,1,admires his father,6,7
52,Chris,8,1,has a curious personality,7,7
52,Chris,8,1,weighs 70 lbs,8,7
52,Chris,8,1,enjoys swimming,9,7
52,Chris,8,1,has an average IQ,10,7
52,Chris,8,1,invited friends over to play,11,7
52,Chris,8,1,hid in the hall closet,12,7
52,Chris,8,1,found the key in his father's jacket pocket,13,7
52,Chris,8,1,opened the gun cabinet with the key,14,4
52,Chris,8,1,picked up a pistol to play with,15,2
52,Alfred,9,1,is 68 years old,1,7
52,Alfred,9,1,has a calm personality,2,7
52,Alfred,9,1,is male,3,7
52,Alfred,9,1,is a veteran,4,7
52,Alfred,9,1,is patriotic,5,7
52,Alfred,9,1,enjoys fishing,6,7
52,Alfred,9,1,enjoys Italian cuisine,7,7
52,Alfred,9,1,has PTSD,8,4
52,Alfred,9,1,is White,9,7
52,Alfred,9,1,lives alone,10,5
52,Alfred,9,1,took the subway home,11,7
52,Alfred,9,1,was quiet on the subway,12,7
52,Alfred,9,1,got off at the same stop as Oliver,13,7
52,Alfred,9,1,heard loud drilling and yelling from the construction above,14,3
52,Alfred,9,1,physically attacked Oliver,15,2
52,Nadia,10,0,attended couples therapy years ago,1,7
52,Nadia,10,0,is White,2,7
52,Nadia,10,0,is an organized person,3,7
52,Nadia,10,0,is a timid person,4,7
52,Nadia,10,0,is 34 years old,5,7
52,Nadia,10,0,collects vinyl records,6,7
52,Nadia,10,0,is a software engineer,7,7
52,Nadia,10,0,enjoys oil painting,8,7
52,Nadia,10,0,is female,9,7
52,Nadia,10,0,has red hair,10,4
52,Nadia,10,0,went to the emergency room for bruises,11,3
52,Nadia,10,0,did not seek help after the emergency room incident,12,3
52,Nadia,10,0,was scared when Franklin screamed,13,7
52,Nadia,10,0,grabbed the revolver,14,3
52,Nadia,10,0,shot Franklin with the revolver,15,2
52,Qian,11,0,has a humorous personality,1,7
52,Qian,11,0,is Asian,2,7
52,Qian,11,0,enjoys jazz music,3,7
52,Qian,11,0,is male,4,7
52,Qian,11,0,is hard-working,5,7
52,Qian,11,0,is 27 years old,6,7
52,Qian,11,0,is a restaurant waiter,7,7
52,Qian,11,0,does not smoke,8,7
52,Qian,11,0,can be stubborn sometimes,9,7
52,Qian,11,0,enjoys watching sports,10,6
52,Qian,11,0,hung out at the local bar with cousins,11,7
52,Qian,11,0,had several drinks over the course of two hours,12,7
52,Qian,11,0,was angered by Wilson's comments,13,7
52,Qian,11,0,did not talk back to Wilson,14,5
52,Qian,11,0,pushed Wilson to the ground,15,2
