id,story,story_order,attention,feature,feature_order,response
1,Chris,1,1,has a curious personality,1,1
1,Chris,1,1,has an average IQ,2,0
1,Chris,1,1,enjoys swimming,3,0
1,Chris,1,1,is 10 years old,4,0
1,Chris,1,1,is White,5,0
1,Chris,1,1,is male,6,0
1,Chris,1,1,admires his father,7,0
1,Chris,1,1,weighs 70 lbs,8,0
1,Chris,1,1,enjoys playing hide-and-seek,9,0
1,Chris,1,1,is a picky eater,10,0
1,Chris,1,1,invited friends over to play,11,0
1,Chris,1,1,hid in the hall closet,12,0
1,Chris,1,1,found the key in his father's jacket pocket,13,0
1,Chris,1,1,opened the gun cabinet with the key,14,0
1,Chris,1,1,picked up a pistol to play with,15,0
1,Tristan,2,1,is Black,1,0
1,Tristan,2,1,is 43 years old,2,0
1,Tristan,2,1,is extroverted and outgoing,3,0
1,Tristan,2,1,enjoys listening to country music,4,0
1,Tristan,2,1,can be opinionated sometimes,5,0
1,Tristan,2,1,is Christian,6,0
1,Tristan,2,1,is male,7,0
1,Tristan,2,1,can be impatient sometimes,8,1
1,Tristan,2,1,has worked for over ten years at the same hospital,9,0
1,Tristan,2,1,is a cardiologist,10,0
1,Tristan,2,1,reviewed Annie's medical history and symptoms,11,0
1,Tristan,2,1,checked Annie's vitals,12,0
1,Tristan,2,1,ordered Annie an electrocardiogram (ECG/EKG),13,0
1,Tristan,2,1,did not order any other heart tests,14,1
1,Tristan,2,1,did not order a mammogram,15,0
1,Nadia,3,0,attended couples therapy years ago,1,0
1,Nadia,3,0,is a software engineer,2,0
1,Nadia,3,0,is 34 years old,3,0
1,Nadia,3,0,enjoys oil painting,4,0
1,Nadia,3,0,is a timid person,5,1
1,Nadia,3,0,is female,6,0
1,Nadia,3,0,has red hair,7,0
1,Nadia,3,0,is White,8,0
1,Nadia,3,0,is an organized person,9,0
1,Nadia,3,0,collects vinyl records,10,0
1,Nadia,3,0,went to the emergency room for bruises,11,0
1,Nadia,3,0,did not seek help after the emergency room incident,12,1
1,Nadia,3,0,was scared when Franklin screamed,13,0
1,Nadia,3,0,grabbed the revolver,14,0
1,Nadia,3,0,shot Franklin with the revolver,15,1
1,Darla,4,0,enjoys cooking,1,0
1,Darla,4,0,is Black,2,0
1,Darla,4,0,has an absent-minded personality,3,1
1,Darla,4,0,communicates and interacts well with children,4,0
1,Darla,4,0,is female,5,0
1,Darla,4,0,is 32 years old,6,0
1,Darla,4,0,runs a home daycare business,7,0
1,Darla,4,0,has a laid-back personality,8,0
1,Darla,4,0,has worked with Pamela for many years,9,0
1,Darla,4,0,is nearsighted,10,0
1,Darla,4,0,lives in a tornado-affected area,11,1
1,Darla,4,0,played games with the children,12,0
1,Darla,4,0,played loud upbeat music with the children,13,1
1,Darla,4,0,focused on the children,14,0
1,Darla,4,0,did not hear the tornado sirens,15,1
1,Melvin,5,1,grows corn,1,0
1,Melvin,5,1,is White,2,0
1,Melvin,5,1,has a cheerful personality,3,0
1,Melvin,5,1,enjoys listening to rock music,4,0
1,Melvin,5,1,has high blood pressure,5,0
1,Melvin,5,1,grows hay,6,0
1,Melvin,5,1,is 45 years old,7,0
1,Melvin,5,1,is male,8,0
1,Melvin,5,1,can be stingy sometimes,9,1
1,Melvin,5,1,is a farmer,10,0
1,Melvin,5,1,built his barn near the border with Vincent's property,11,0
1,Melvin,5,1,was concerned with hayfires,12,0
1,Melvin,5,1,considered buying hay-drying equipment,13,0
1,Melvin,5,1,met with consultants,14,0
1,Melvin,5,1,decided not to buy hay-drying equipment,15,1
1,Julia,6,0,studies psychology,1,0
1,Julia,6,0,is a courteous person,2,0
1,Julia,6,0,enjoys watching TV shows,3,0
1,Julia,6,0,is a college student,4,0
1,Julia,6,0,has asthma,5,0
1,Julia,6,0,can be sensitive sometimes,6,0
1,Julia,6,0,is multiracial,7,0
1,Julia,6,0,is 19 years old,8,0
1,Julia,6,0,babysits on the weekends,9,0
1,Julia,6,0,is female,10,0
1,Julia,6,0,read children's books with Benji,11,0
1,Julia,6,0,picked up her partner's call while filling the bathtub,12,0
1,Julia,6,0,felt hurt after learning about the cheating,13,0
1,Julia,6,0,left the bathroom to talk to her partner,14,1
1,Julia,6,0,sat for a few minutes after hanging up,15,1
1,Flora,7,1,is an empathetic person,1,0
1,Flora,7,1,is a counselor,2,0
1,Flora,7,1,is an early riser,3,0
1,Flora,7,1,composes music in her free time,4,0
1,Flora,7,1,uses a white cane to guide herself,5,0
1,Flora,7,1,enjoys gardening,6,0
1,Flora,7,1,is Asian,7,0
1,Flora,7,1,is 32 years old,8,0
1,Flora,7,1,is legally blind,9,0
1,Flora,7,1,is female,10,0
1,Flora,7,1,went to a neighbor's house for dinner,11,0
1,Flora,7,1,used her white cane while walking home,12,0
1,Flora,7,1,did not call for help,13,0
1,Flora,7,1,her white cane slipped between Paul's legs,14,0
1,Flora,7,1,stepped on Paul's torso,15,1
1,Qian,8,0,does not smoke,1,0
1,Qian,8,0,has a humorous personality,2,0
1,Qian,8,0,enjoys jazz music,3,0
1,Qian,8,0,is 27 years old,4,0
1,Qian,8,0,is hard-working,5,0
1,Qian,8,0,enjoys watching sports,6,0
1,Qian,8,0,is male,7,0
1,Qian,8,0,is a restaurant waiter,8,0
1,Qian,8,0,can be stubborn sometimes,9,0
1,Qian,8,0,is Asian,10,0
1,Qian,8,0,hung out at the local bar with cousins,11,0
1,Qian,8,0,had several drinks over the course of two hours,12,0
1,Qian,8,0,was angered by Wilson's comments,13,0
1,Qian,8,0,did not talk back to Wilson,14,0
1,Qian,8,0,pushed Wilson to the ground,15,1
1,Alfred,9,1,is male,1,0
1,Alfred,9,1,is a veteran,2,0
1,Alfred,9,1,is patriotic,3,0
1,Alfred,9,1,enjoys Italian cuisine,4,0
1,Alfred,9,1,lives alone,5,0
1,Alfred,9,1,has a calm personality,6,0
1,Alfred,9,1,is White,7,0
1,Alfred,9,1,is 68 years old,8,0
1,Alfred,9,1,enjoys fishing,9,0
1,Alfred,9,1,has PTSD,10,1
1,Alfred,9,1,took the subway home,11,0
1,Alfred,9,1,was quiet on the subway,12,0
1,Alfred,9,1,got off at the same stop as Oliver,13,0
1,Alfred,9,1,heard loud drilling and yelling from the construction above,14,0
1,Alfred,9,1,physically attacked Oliver,15,1
1,Edward,10,1,is a clinical research assistant,1,0
1,Edward,10,1,is an experienced driver,2,0
1,Edward,10,1,is an ambitious person,3,0
1,Edward,10,1,is 24 years old,4,0
1,Edward,10,1,is single,5,0
1,Edward,10,1,is White,6,0
1,Edward,10,1,is a studious person,7,0
1,Edward,10,1,enjoys browsing Twitter,8,0
1,Edward,10,1,enjoys reading science fiction,9,0
1,Edward,10,1,is male,10,0
1,Edward,10,1,did not mute phone notifications while driving,11,0
1,Edward,10,1,was not speeding,12,0
1,Edward,10,1,checked that there were no other cars nearby,13,0
1,Edward,10,1,took a peek at the text,14,1
1,Edward,10,1,veered into the cyclist while reading the text,15,1
1,Ava,11,1,regularly drinks coffee,1,0
1,Ava,11,1,has been friends with Peter for many years,2,1
1,Ava,11,1,has a peanut allergy,3,0
1,Ava,11,1,often drives Peter to appointments and errands,4,0
1,Ava,11,1,enjoys going to music concerts,5,0
1,Ava,11,1,is female,6,0
1,Ava,11,1,is a compassionate person,7,0
1,Ava,11,1,is 26 years old,8,0
1,Ava,11,1,is Native American,9,0
1,Ava,11,1,is an artist,10,0
1,Ava,11,1,did her annual car maintenance,11,0
1,Ava,11,1,drove under the speed limit,12,0
1,Ava,11,1,listened to the radio while driving,13,0
1,Ava,11,1,was startled by the deer,14,0
1,Ava,11,1,slammed the brakes after seeing the deer,15,0
2,Chris,1,1,admires his father,1,0
2,Chris,1,1,enjoys swimming,2,0
2,Chris,1,1,is 10 years old,3,0
2,Chris,1,1,is White,4,0
2,Chris,1,1,weighs 70 lbs,5,0
2,Chris,1,1,is a picky eater,6,0
2,Chris,1,1,has an average IQ,7,0
2,Chris,1,1,has a curious personality,8,0
2,Chris,1,1,enjoys playing hide-and-seek,9,0
2,Chris,1,1,is male,10,0
2,Chris,1,1,invited friends over to play,11,0
2,Chris,1,1,hid in the hall closet,12,0
2,Chris,1,1,found the key in his father's jacket pocket,13,1
2,Chris,1,1,opened the gun cabinet with the key,14,1
2,Chris,1,1,picked up a pistol to play with,15,1
2,Melvin,2,1,is White,1,0
2,Melvin,2,1,has a cheerful personality,2,0
2,Melvin,2,1,enjoys listening to rock music,3,0
2,Melvin,2,1,is 45 years old,4,0
2,Melvin,2,1,is male,5,0
2,Melvin,2,1,grows hay,6,0
2,Melvin,2,1,has high blood pressure,7,0
2,Melvin,2,1,is a farmer,8,0
2,Melvin,2,1,grows corn,9,0
2,Melvin,2,1,can be stingy sometimes,10,1
2,Melvin,2,1,built his barn near the border with Vincent's property,11,0
2,Melvin,2,1,was concerned with hayfires,12,0
2,Melvin,2,1,considered buying hay-drying equipment,13,0
2,Melvin,2,1,met with consultants,14,0
2,Melvin,2,1,decided not to buy hay-drying equipment,15,1
2,Julia,3,0,is 19 years old,1,0
2,Julia,3,0,studies psychology,2,0
2,Julia,3,0,has asthma,3,0
2,Julia,3,0,can be sensitive sometimes,4,0
2,Julia,3,0,babysits on the weekends,5,0
2,Julia,3,0,is multiracial,6,0
2,Julia,3,0,is a courteous person,7,0
2,Julia,3,0,is a college student,8,0
2,Julia,3,0,is female,9,0
2,Julia,3,0,enjoys watching TV shows,10,0
2,Julia,3,0,read children's books with Benji,11,0
2,Julia,3,0,picked up her partner's call while filling the bathtub,12,1
2,Julia,3,0,felt hurt after learning about the cheating,13,0
2,Julia,3,0,left the bathroom to talk to her partner,14,1
2,Julia,3,0,sat for a few minutes after hanging up,15,1
2,Qian,4,0,has a humorous personality,1,0
2,Qian,4,0,is hard-working,2,0
2,Qian,4,0,is 27 years old,3,0
2,Qian,4,0,is Asian,4,0
2,Qian,4,0,is male,5,0
2,Qian,4,0,enjoys jazz music,6,0
2,Qian,4,0,is a restaurant waiter,7,0
2,Qian,4,0,enjoys watching sports,8,0
2,Qian,4,0,can be stubborn sometimes,9,0
2,Qian,4,0,does not smoke,10,0
2,Qian,4,0,hung out at the local bar with cousins,11,0
2,Qian,4,0,had several drinks over the course of two hours,12,0
2,Qian,4,0,was angered by Wilson's comments,13,0
2,Qian,4,0,did not talk back to Wilson,14,0
2,Qian,4,0,pushed Wilson to the ground,15,1
2,Tristan,5,1,is extroverted and outgoing,1,0
2,Tristan,5,1,is a cardiologist,2,0
2,Tristan,5,1,can be opinionated sometimes,3,0
2,Tristan,5,1,enjoys listening to country music,4,0
2,Tristan,5,1,is Christian,5,0
2,Tristan,5,1,is Black,6,0
2,Tristan,5,1,can be impatient sometimes,7,1
2,Tristan,5,1,has worked for over ten years at the same hospital,8,0
2,Tristan,5,1,is male,9,0
2,Tristan,5,1,is 43 years old,10,0
2,Tristan,5,1,reviewed Annie's medical history and symptoms,11,0
2,Tristan,5,1,checked Annie's vitals,12,0
2,Tristan,5,1,ordered Annie an electrocardiogram (ECG/EKG),13,0
2,Tristan,5,1,did not order any other heart tests,14,1
2,Tristan,5,1,did not order a mammogram,15,0
2,Edward,6,1,is 24 years old,1,0
2,Edward,6,1,is White,2,0
2,Edward,6,1,is an experienced driver,3,0
2,Edward,6,1,is single,4,0
2,Edward,6,1,is a studious person,5,0
2,Edward,6,1,enjoys browsing Twitter,6,0
2,Edward,6,1,is male,7,0
2,Edward,6,1,is an ambitious person,8,0
2,Edward,6,1,is a clinical research assistant,9,0
2,Edward,6,1,enjoys reading science fiction,10,0
2,Edward,6,1,did not mute phone notifications while driving,11,0
2,Edward,6,1,was not speeding,12,0
2,Edward,6,1,checked that there were no other cars nearby,13,0
2,Edward,6,1,took a peek at the text,14,1
2,Edward,6,1,veered into the cyclist while reading the text,15,1
2,Darla,7,0,has worked with Pamela for many years,1,0
2,Darla,7,0,is nearsighted,2,0
2,Darla,7,0,is female,3,0
2,Darla,7,0,enjoys cooking,4,0
2,Darla,7,0,communicates and interacts well with children,5,0
2,Darla,7,0,has an absent-minded personality,6,0
2,Darla,7,0,has a laid-back personality,7,0
2,Darla,7,0,is Black,8,0
2,Darla,7,0,is 32 years old,9,0
2,Darla,7,0,runs a home daycare business,10,0
2,Darla,7,0,lives in a tornado-affected area,11,0
2,Darla,7,0,played games with the children,12,0
2,Darla,7,0,played loud upbeat music with the children,13,1
2,Darla,7,0,focused on the children,14,0
2,Darla,7,0,did not hear the tornado sirens,15,1
2,Ava,8,1,is 26 years old,1,0
2,Ava,8,1,regularly drinks coffee,2,0
2,Ava,8,1,has a peanut allergy,3,0
2,Ava,8,1,often drives Peter to appointments and errands,4,0
2,Ava,8,1,enjoys going to music concerts,5,0
2,Ava,8,1,is a compassionate person,6,0
2,Ava,8,1,has been friends with Peter for many years,7,0
2,Ava,8,1,is Native American,8,0
2,Ava,8,1,is female,9,0
2,Ava,8,1,is an artist,10,0
2,Ava,8,1,did her annual car maintenance,11,0
2,Ava,8,1,drove under the speed limit,12,0
2,Ava,8,1,listened to the radio while driving,13,0
2,Ava,8,1,was startled by the deer,14,1
2,Ava,8,1,slammed the brakes after seeing the deer,15,0
2,Alfred,9,1,is White,1,0
2,Alfred,9,1,lives alone,2,0
2,Alfred,9,1,is patriotic,3,0
2,Alfred,9,1,is a veteran,4,0
2,Alfred,9,1,is 68 years old,5,0
2,Alfred,9,1,enjoys Italian cuisine,6,0
2,Alfred,9,1,enjoys fishing,7,0
2,Alfred,9,1,has PTSD,8,1
2,Alfred,9,1,is male,9,0
2,Alfred,9,1,has a calm personality,10,0
2,Alfred,9,1,took the subway home,11,0
2,Alfred,9,1,was quiet on the subway,12,0
2,Alfred,9,1,got off at the same stop as Oliver,13,0
2,Alfred,9,1,heard loud drilling and yelling from the construction above,14,0
2,Alfred,9,1,physically attacked Oliver,15,1
2,Flora,10,1,is Asian,1,0
2,Flora,10,1,enjoys gardening,2,0
2,Flora,10,1,composes music in her free time,3,0
2,Flora,10,1,uses a white cane to guide herself,4,0
2,Flora,10,1,is female,5,0
2,Flora,10,1,is legally blind,6,0
2,Flora,10,1,is a counselor,7,0
2,Flora,10,1,is an early riser,8,0
2,Flora,10,1,is an empathetic person,9,0
2,Flora,10,1,is 32 years old,10,0
2,Flora,10,1,went to a neighbor's house for dinner,11,0
2,Flora,10,1,used her white cane while walking home,12,0
2,Flora,10,1,did not call for help,13,0
2,Flora,10,1,her white cane slipped between Paul's legs,14,1
2,Flora,10,1,stepped on Paul's torso,15,1
2,Nadia,11,0,is 34 years old,1,0
2,Nadia,11,0,is White,2,0
2,Nadia,11,0,is a software engineer,3,0
2,Nadia,11,0,enjoys oil painting,4,0
2,Nadia,11,0,has red hair,5,0
2,Nadia,11,0,is a timid person,6,0
2,Nadia,11,0,attended couples therapy years ago,7,0
2,Nadia,11,0,is female,8,0
2,Nadia,11,0,collects vinyl records,9,0
2,Nadia,11,0,is an organized person,10,0
2,Nadia,11,0,went to the emergency room for bruises,11,0
2,Nadia,11,0,did not seek help after the emergency room incident,12,1
2,Nadia,11,0,was scared when Franklin screamed,13,0
2,Nadia,11,0,grabbed the revolver,14,0
2,Nadia,11,0,shot Franklin with the revolver,15,0
3,Ava,1,1,has been friends with Peter for many years,1,0
3,Ava,1,1,often drives Peter to appointments and errands,2,0
3,Ava,1,1,regularly drinks coffee,3,0
3,Ava,1,1,is an artist,4,0
3,Ava,1,1,has a peanut allergy,5,0
3,Ava,1,1,is a compassionate person,6,0
3,Ava,1,1,is 26 years old,7,0
3,Ava,1,1,enjoys going to music concerts,8,0
3,Ava,1,1,is female,9,0
3,Ava,1,1,is Native American,10,0
3,Ava,1,1,did her annual car maintenance,11,0
3,Ava,1,1,drove under the speed limit,12,1
3,Ava,1,1,listened to the radio while driving,13,0
3,Ava,1,1,was startled by the deer,14,0
3,Ava,1,1,slammed the brakes after seeing the deer,15,0
3,Melvin,2,1,is White,1,0
3,Melvin,2,1,grows hay,2,0
3,Melvin,2,1,can be stingy sometimes,3,0
3,Melvin,2,1,is a farmer,4,0
3,Melvin,2,1,has high blood pressure,5,0
3,Melvin,2,1,grows corn,6,0
3,Melvin,2,1,is 45 years old,7,0
3,Melvin,2,1,has a cheerful personality,8,0
3,Melvin,2,1,is male,9,0
3,Melvin,2,1,enjoys listening to rock music,10,0
3,Melvin,2,1,built his barn near the border with Vincent's property,11,0
3,Melvin,2,1,was concerned with hayfires,12,0
3,Melvin,2,1,considered buying hay-drying equipment,13,0
3,Melvin,2,1,met with consultants,14,0
3,Melvin,2,1,decided not to buy hay-drying equipment,15,1
3,Flora,3,1,uses a white cane to guide herself,1,0
3,Flora,3,1,is 32 years old,2,0
3,Flora,3,1,enjoys gardening,3,0
3,Flora,3,1,is female,4,0
3,Flora,3,1,is a counselor,5,0
3,Flora,3,1,is Asian,6,0
3,Flora,3,1,is legally blind,7,0
3,Flora,3,1,is an empathetic person,8,0
3,Flora,3,1,composes music in her free time,9,0
3,Flora,3,1,is an early riser,10,0
3,Flora,3,1,went to a neighbor's house for dinner,11,0
3,Flora,3,1,used her white cane while walking home,12,0
3,Flora,3,1,did not call for help,13,0
3,Flora,3,1,her white cane slipped between Paul's legs,14,1
3,Flora,3,1,stepped on Paul's torso,15,1
3,Edward,4,1,enjoys browsing Twitter,1,0
3,Edward,4,1,is an experienced driver,2,0
3,Edward,4,1,is an ambitious person,3,0
3,Edward,4,1,is male,4,0
3,Edward,4,1,enjoys reading science fiction,5,0
3,Edward,4,1,is a clinical research assistant,6,0
3,Edward,4,1,is a studious person,7,0
3,Edward,4,1,is 24 years old,8,0
3,Edward,4,1,is single,9,0
3,Edward,4,1,is White,10,0
3,Edward,4,1,did not mute phone notifications while driving,11,0
3,Edward,4,1,was not speeding,12,0
3,Edward,4,1,checked that there were no other cars nearby,13,0
3,Edward,4,1,took a peek at the text,14,1
3,Edward,4,1,veered into the cyclist while reading the text,15,1
3,Julia,5,0,is female,1,0
3,Julia,5,0,has asthma,2,0
3,Julia,5,0,is a college student,3,0
3,Julia,5,0,is a courteous person,4,0
3,Julia,5,0,is 19 years old,5,0
3,Julia,5,0,is multiracial,6,0
3,Julia,5,0,enjoys watching TV shows,7,0
3,Julia,5,0,babysits on the weekends,8,0
3,Julia,5,0,can be sensitive sometimes,9,0
3,Julia,5,0,studies psychology,10,0
3,Julia,5,0,read children's books with Benji,11,0
3,Julia,5,0,picked up her partner's call while filling the bathtub,12,1
3,Julia,5,0,felt hurt after learning about the cheating,13,1
3,Julia,5,0,left the bathroom to talk to her partner,14,1
3,Julia,5,0,sat for a few minutes after hanging up,15,1
3,Nadia,6,0,attended couples therapy years ago,1,0
3,Nadia,6,0,is a software engineer,2,0
3,Nadia,6,0,is female,3,0
3,Nadia,6,0,is a timid person,4,0
3,Nadia,6,0,is White,5,0
3,Nadia,6,0,is 34 years old,6,0
3,Nadia,6,0,is an organized person,7,0
3,Nadia,6,0,has red hair,8,0
3,Nadia,6,0,enjoys oil painting,9,0
3,Nadia,6,0,collects vinyl records,10,0
3,Nadia,6,0,went to the emergency room for bruises,11,0
3,Nadia,6,0,did not seek help after the emergency room incident,12,0
3,Nadia,6,0,was scared when Franklin screamed,13,0
3,Nadia,6,0,grabbed the revolver,14,1
3,Nadia,6,0,shot Franklin with the revolver,15,1
3,Alfred,7,1,enjoys fishing,1,0
3,Alfred,7,1,enjoys Italian cuisine,2,0
3,Alfred,7,1,has PTSD,3,1
3,Alfred,7,1,is 68 years old,4,0
3,Alfred,7,1,is a veteran,5,0
3,Alfred,7,1,has a calm personality,6,0
3,Alfred,7,1,is male,7,0
3,Alfred,7,1,is White,8,0
3,Alfred,7,1,is patriotic,9,0
3,Alfred,7,1,lives alone,10,0
3,Alfred,7,1,took the subway home,11,0
3,Alfred,7,1,was quiet on the subway,12,0
3,Alfred,7,1,got off at the same stop as Oliver,13,0
3,Alfred,7,1,heard loud drilling and yelling from the construction above,14,1
3,Alfred,7,1,physically attacked Oliver,15,1
3,Qian,8,0,is hard-working,1,0
3,Qian,8,0,enjoys jazz music,2,0
3,Qian,8,0,does not smoke,3,0
3,Qian,8,0,is a restaurant waiter,4,0
3,Qian,8,0,is male,5,0
3,Qian,8,0,can be stubborn sometimes,6,0
3,Qian,8,0,is Asian,7,0
3,Qian,8,0,is 27 years old,8,0
3,Qian,8,0,has a humorous personality,9,0
3,Qian,8,0,enjoys watching sports,10,0
3,Qian,8,0,hung out at the local bar with cousins,11,0
3,Qian,8,0,had several drinks over the course of two hours,12,0
3,Qian,8,0,was angered by Wilson's comments,13,1
3,Qian,8,0,did not talk back to Wilson,14,1
3,Qian,8,0,pushed Wilson to the ground,15,1
3,Chris,9,1,is a picky eater,1,0
3,Chris,9,1,enjoys swimming,2,0
3,Chris,9,1,enjoys playing hide-and-seek,3,0
3,Chris,9,1,is male,4,0
3,Chris,9,1,has a curious personality,5,0
3,Chris,9,1,is White,6,0
3,Chris,9,1,is 10 years old,7,0
3,Chris,9,1,weighs 70 lbs,8,0
3,Chris,9,1,has an average IQ,9,0
3,Chris,9,1,admires his father,10,0
3,Chris,9,1,invited friends over to play,11,0
3,Chris,9,1,hid in the hall closet,12,1
3,Chris,9,1,found the key in his father's jacket pocket,13,1
3,Chris,9,1,opened the gun cabinet with the key,14,1
3,Chris,9,1,picked up a pistol to play with,15,1
3,Tristan,10,1,can be impatient sometimes,1,0
3,Tristan,10,1,is extroverted and outgoing,2,0
3,Tristan,10,1,has worked for over ten years at the same hospital,3,0
3,Tristan,10,1,is Christian,4,0
3,Tristan,10,1,can be opinionated sometimes,5,0
3,Tristan,10,1,is male,6,0
3,Tristan,10,1,is 43 years old,7,0
3,Tristan,10,1,is Black,8,0
3,Tristan,10,1,enjoys listening to country music,9,0
3,Tristan,10,1,is a cardiologist,10,0
3,Tristan,10,1,reviewed Annie's medical history and symptoms,11,0
3,Tristan,10,1,checked Annie's vitals,12,0
3,Tristan,10,1,ordered Annie an electrocardiogram (ECG/EKG),13,0
3,Tristan,10,1,did not order any other heart tests,14,1
3,Tristan,10,1,did not order a mammogram,15,0
3,Darla,11,0,is nearsighted,1,0
3,Darla,11,0,has an absent-minded personality,2,0
3,Darla,11,0,is 32 years old,3,0
3,Darla,11,0,enjoys cooking,4,0
3,Darla,11,0,has a laid-back personality,5,0
3,Darla,11,0,communicates and interacts well with children,6,0
3,Darla,11,0,has worked with Pamela for many years,7,0
3,Darla,11,0,is female,8,0
3,Darla,11,0,runs a home daycare business,9,0
3,Darla,11,0,is Black,10,0
3,Darla,11,0,lives in a tornado-affected area,11,0
3,Darla,11,0,played games with the children,12,0
3,Darla,11,0,played loud upbeat music with the children,13,1
3,Darla,11,0,focused on the children,14,0
3,Darla,11,0,did not hear the tornado sirens,15,1
4,Flora,1,1,composes music in her free time,1,0
4,Flora,1,1,is female,2,0
4,Flora,1,1,is Asian,3,0
4,Flora,1,1,is an empathetic person,4,0
4,Flora,1,1,is an early riser,5,0
4,Flora,1,1,enjoys gardening,6,0
4,Flora,1,1,is a counselor,7,0
4,Flora,1,1,is 32 years old,8,0
4,Flora,1,1,uses a white cane to guide herself,9,0
4,Flora,1,1,is legally blind,10,0
4,Flora,1,1,went to a neighbor's house for dinner,11,0
4,Flora,1,1,used her white cane while walking home,12,0
4,Flora,1,1,did not call for help,13,0
4,Flora,1,1,her white cane slipped between Paul's legs,14,1
4,Flora,1,1,stepped on Paul's torso,15,0
4,Melvin,2,1,has high blood pressure,1,0
4,Melvin,2,1,is 45 years old,2,0
4,Melvin,2,1,is a farmer,3,0
4,Melvin,2,1,grows corn,4,0
4,Melvin,2,1,is White,5,0
4,Melvin,2,1,is male,6,0
4,Melvin,2,1,can be stingy sometimes,7,1
4,Melvin,2,1,enjoys listening to rock music,8,0
4,Melvin,2,1,grows hay,9,0
4,Melvin,2,1,has a cheerful personality,10,0
4,Melvin,2,1,built his barn near the border with Vincent's property,11,0
4,Melvin,2,1,was concerned with hayfires,12,0
4,Melvin,2,1,considered buying hay-drying equipment,13,0
4,Melvin,2,1,met with consultants,14,0
4,Melvin,2,1,decided not to buy hay-drying equipment,15,1
4,Qian,3,0,enjoys jazz music,1,0
4,Qian,3,0,is hard-working,2,0
4,Qian,3,0,is male,3,0
4,Qian,3,0,has a humorous personality,4,0
4,Qian,3,0,is 27 years old,5,0
4,Qian,3,0,is Asian,6,0
4,Qian,3,0,is a restaurant waiter,7,0
4,Qian,3,0,does not smoke,8,0
4,Qian,3,0,enjoys watching sports,9,0
4,Qian,3,0,can be stubborn sometimes,10,0
4,Qian,3,0,hung out at the local bar with cousins,11,0
4,Qian,3,0,had several drinks over the course of two hours,12,0
4,Qian,3,0,was angered by Wilson's comments,13,0
4,Qian,3,0,did not talk back to Wilson,14,0
4,Qian,3,0,pushed Wilson to the ground,15,1
4,Ava,4,1,is female,1,0
4,Ava,4,1,regularly drinks coffee,2,0
4,Ava,4,1,is an artist,3,0
4,Ava,4,1,has been friends with Peter for many years,4,0
4,Ava,4,1,is Native American,5,0
4,Ava,4,1,often drives Peter to appointments and errands,6,1
4,Ava,4,1,has a peanut allergy,7,0
4,Ava,4,1,enjoys going to music concerts,8,0
4,Ava,4,1,is a compassionate person,9,0
4,Ava,4,1,is 26 years old,10,0
4,Ava,4,1,did her annual car maintenance,11,0
4,Ava,4,1,drove under the speed limit,12,0
4,Ava,4,1,listened to the radio while driving,13,0
4,Ava,4,1,was startled by the deer,14,0
4,Ava,4,1,slammed the brakes after seeing the deer,15,0
4,Darla,5,0,has an absent-minded personality,1,0
4,Darla,5,0,communicates and interacts well with children,2,0
4,Darla,5,0,is female,3,0
4,Darla,5,0,has worked with Pamela for many years,4,0
4,Darla,5,0,is Black,5,0
4,Darla,5,0,is 32 years old,6,0
4,Darla,5,0,runs a home daycare business,7,0
4,Darla,5,0,is nearsighted,8,0
4,Darla,5,0,has a laid-back personality,9,0
4,Darla,5,0,enjoys cooking,10,0
4,Darla,5,0,lives in a tornado-affected area,11,0
4,Darla,5,0,played games with the children,12,0
4,Darla,5,0,played loud upbeat music with the children,13,1
4,Darla,5,0,focused on the children,14,0
4,Darla,5,0,did not hear the tornado sirens,15,1
4,Chris,6,1,weighs 70 lbs,1,0
4,Chris,6,1,is male,2,0
4,Chris,6,1,enjoys swimming,3,0
4,Chris,6,1,has an average IQ,4,0
4,Chris,6,1,admires his father,5,0
4,Chris,6,1,has a curious personality,6,0
4,Chris,6,1,is 10 years old,7,0
4,Chris,6,1,enjoys playing hide-and-seek,8,0
4,Chris,6,1,is White,9,0
4,Chris,6,1,is a picky eater,10,0
4,Chris,6,1,invited friends over to play,11,1
4,Chris,6,1,hid in the hall closet,12,0
4,Chris,6,1,found the key in his father's jacket pocket,13,1
4,Chris,6,1,opened the gun cabinet with the key,14,1
4,Chris,6,1,picked up a pistol to play with,15,1
4,Nadia,7,0,enjoys oil painting,1,0
4,Nadia,7,0,is 34 years old,2,0
4,Nadia,7,0,collects vinyl records,3,0
4,Nadia,7,0,attended couples therapy years ago,4,0
4,Nadia,7,0,is female,5,0
4,Nadia,7,0,is a software engineer,6,0
4,Nadia,7,0,is an organized person,7,0
4,Nadia,7,0,is White,8,0
4,Nadia,7,0,is a timid person,9,0
4,Nadia,7,0,has red hair,10,0
4,Nadia,7,0,went to the emergency room for bruises,11,0
4,Nadia,7,0,did not seek help after the emergency room incident,12,1
4,Nadia,7,0,was scared when Franklin screamed,13,0
4,Nadia,7,0,grabbed the revolver,14,0
4,Nadia,7,0,shot Franklin with the revolver,15,0
4,Tristan,8,1,is a cardiologist,1,0
4,Tristan,8,1,is 43 years old,2,0
4,Tristan,8,1,has worked for over ten years at the same hospital,3,0
4,Tristan,8,1,can be opinionated sometimes,4,0
4,Tristan,8,1,is Christian,5,0
4,Tristan,8,1,is male,6,0
4,Tristan,8,1,enjoys listening to country music,7,0
4,Tristan,8,1,can be impatient sometimes,8,0
4,Tristan,8,1,is Black,9,0
4,Tristan,8,1,is extroverted and outgoing,10,0
4,Tristan,8,1,reviewed Annie's medical history and symptoms,11,0
4,Tristan,8,1,checked Annie's vitals,12,0
4,Tristan,8,1,ordered Annie an electrocardiogram (ECG/EKG),13,0
4,Tristan,8,1,did not order any other heart tests,14,1
4,Tristan,8,1,did not order a mammogram,15,1
4,Edward,9,1,enjoys browsing Twitter,1,0
4,Edward,9,1,is single,2,0
4,Edward,9,1,is male,3,0
4,Edward,9,1,is White,4,0
4,Edward,9,1,is an ambitious person,5,0
4,Edward,9,1,is an experienced driver,6,0
4,Edward,9,1,is a clinical research assistant,7,0
4,Edward,9,1,is 24 years old,8,0
4,Edward,9,1,enjoys reading science fiction,9,0
4,Edward,9,1,is a studious person,10,0
4,Edward,9,1,did not mute phone notifications while driving,11,0
4,Edward,9,1,was not speeding,12,0
4,Edward,9,1,checked that there were no other cars nearby,13,0
4,Edward,9,1,took a peek at the text,14,1
4,Edward,9,1,veered into the cyclist while reading the text,15,0
4,Alfred,10,0,is White,1,0
4,Alfred,10,0,lives alone,2,0
4,Alfred,10,0,is 68 years old,3,0
4,Alfred,10,0,is male,4,0
4,Alfred,10,0,has a calm personality,5,0
4,Alfred,10,0,is patriotic,6,0
4,Alfred,10,0,has PTSD,7,0
4,Alfred,10,0,enjoys fishing,8,0
4,Alfred,10,0,is a veteran,9,0
4,Alfred,10,0,enjoys Italian cuisine,10,0
4,Alfred,10,0,took the subway home,11,0
4,Alfred,10,0,was quiet on the subway,12,0
4,Alfred,10,0,got off at the same stop as Oliver,13,0
4,Alfred,10,0,heard loud drilling and yelling from the construction above,14,0
4,Alfred,10,0,physically attacked Oliver,15,1
4,Julia,11,0,is 19 years old,1,0
4,Julia,11,0,babysits on the weekends,2,0
4,Julia,11,0,studies psychology,3,0
4,Julia,11,0,has asthma,4,0
4,Julia,11,0,is multiracial,5,0
4,Julia,11,0,can be sensitive sometimes,6,0
4,Julia,11,0,is a courteous person,7,0
4,Julia,11,0,is female,8,0
4,Julia,11,0,is a college student,9,0
4,Julia,11,0,enjoys watching TV shows,10,0
4,Julia,11,0,read children's books with Benji,11,0
4,Julia,11,0,picked up her partner's call while filling the bathtub,12,1
4,Julia,11,0,felt hurt after learning about the cheating,13,0
4,Julia,11,0,left the bathroom to talk to her partner,14,1
4,Julia,11,0,sat for a few minutes after hanging up,15,1
5,Nadia,1,0,attended couples therapy years ago,1,0
5,Nadia,1,0,is female,2,0
5,Nadia,1,0,enjoys oil painting,3,0
5,Nadia,1,0,collects vinyl records,4,0
5,Nadia,1,0,is an organized person,5,0
5,Nadia,1,0,has red hair,6,0
5,Nadia,1,0,is a software engineer,7,0
5,Nadia,1,0,is White,8,0
5,Nadia,1,0,is 34 years old,9,0
5,Nadia,1,0,is a timid person,10,0
5,Nadia,1,0,went to the emergency room for bruises,11,0
5,Nadia,1,0,did not seek help after the emergency room incident,12,0
5,Nadia,1,0,was scared when Franklin screamed,13,0
5,Nadia,1,0,grabbed the revolver,14,1
5,Nadia,1,0,shot Franklin with the revolver,15,1
5,Qian,2,0,is hard-working,1,0
5,Qian,2,0,is 27 years old,2,0
5,Qian,2,0,does not smoke,3,0
5,Qian,2,0,is a restaurant waiter,4,0
5,Qian,2,0,can be stubborn sometimes,5,0
5,Qian,2,0,is male,6,0
5,Qian,2,0,enjoys watching sports,7,0
5,Qian,2,0,is Asian,8,0
5,Qian,2,0,has a humorous personality,9,0
5,Qian,2,0,enjoys jazz music,10,0
5,Qian,2,0,hung out at the local bar with cousins,11,0
5,Qian,2,0,had several drinks over the course of two hours,12,0
5,Qian,2,0,was angered by Wilson's comments,13,0
5,Qian,2,0,did not talk back to Wilson,14,0
5,Qian,2,0,pushed Wilson to the ground,15,1
5,Flora,3,1,enjoys gardening,1,0
5,Flora,3,1,is 32 years old,2,0
5,Flora,3,1,is a counselor,3,0
5,Flora,3,1,is an empathetic person,4,0
5,Flora,3,1,is female,5,0
5,Flora,3,1,uses a white cane to guide herself,6,0
5,Flora,3,1,is an early riser,7,0
5,Flora,3,1,is Asian,8,0
5,Flora,3,1,is legally blind,9,0
5,Flora,3,1,composes music in her free time,10,0
5,Flora,3,1,went to a neighbor's house for dinner,11,0
5,Flora,3,1,used her white cane while walking home,12,1
5,Flora,3,1,did not call for help,13,1
5,Flora,3,1,her white cane slipped between Paul's legs,14,1
5,Flora,3,1,stepped on Paul's torso,15,1
5,Tristan,4,1,can be impatient sometimes,1,0
5,Tristan,4,1,is extroverted and outgoing,2,0
5,Tristan,4,1,can be opinionated sometimes,3,0
5,Tristan,4,1,is male,4,0
5,Tristan,4,1,has worked for over ten years at the same hospital,5,0
5,Tristan,4,1,is 43 years old,6,0
5,Tristan,4,1,enjoys listening to country music,7,0
5,Tristan,4,1,is Black,8,0
5,Tristan,4,1,is a cardiologist,9,0
5,Tristan,4,1,is Christian,10,0
5,Tristan,4,1,reviewed Annie's medical history and symptoms,11,0
5,Tristan,4,1,checked Annie's vitals,12,0
5,Tristan,4,1,ordered Annie an electrocardiogram (ECG/EKG),13,0
5,Tristan,4,1,did not order any other heart tests,14,1
5,Tristan,4,1,did not order a mammogram,15,0
5,Julia,5,0,is a college student,1,0
5,Julia,5,0,babysits on the weekends,2,0
5,Julia,5,0,has asthma,3,0
5,Julia,5,0,is a courteous person,4,0
5,Julia,5,0,studies psychology,5,0
5,Julia,5,0,is multiracial,6,0
5,Julia,5,0,is 19 years old,7,0
5,Julia,5,0,is female,8,0
5,Julia,5,0,enjoys watching TV shows,9,0
5,Julia,5,0,can be sensitive sometimes,10,0
5,Julia,5,0,read children's books with Benji,11,0
5,Julia,5,0,picked up her partner's call while filling the bathtub,12,1
5,Julia,5,0,felt hurt after learning about the cheating,13,0
5,Julia,5,0,left the bathroom to talk to her partner,14,1
5,Julia,5,0,sat for a few minutes after hanging up,15,1
5,Alfred,6,1,is patriotic,1,0
5,Alfred,6,1,enjoys Italian cuisine,2,0
5,Alfred,6,1,lives alone,3,0
5,Alfred,6,1,is a veteran,4,0
5,Alfred,6,1,has a calm personality,5,0
5,Alfred,6,1,is White,6,0
5,Alfred,6,1,is male,7,0
5,Alfred,6,1,enjoys fishing,8,0
5,Alfred,6,1,has PTSD,9,1
5,Alfred,6,1,is 68 years old,10,0
5,Alfred,6,1,took the subway home,11,0
5,Alfred,6,1,was quiet on the subway,12,0
5,Alfred,6,1,got off at the same stop as Oliver,13,1
5,Alfred,6,1,heard loud drilling and yelling from the construction above,14,1
5,Alfred,6,1,physically attacked Oliver,15,1
5,Ava,7,1,is a compassionate person,1,0
5,Ava,7,1,is female,2,0
5,Ava,7,1,enjoys going to music concerts,3,0
5,Ava,7,1,is 26 years old,4,0
5,Ava,7,1,is Native American,5,0
5,Ava,7,1,is an artist,6,0
5,Ava,7,1,often drives Peter to appointments and errands,7,0
5,Ava,7,1,has a peanut allergy,8,0
5,Ava,7,1,has been friends with Peter for many years,9,0
5,Ava,7,1,regularly drinks coffee,10,0
5,Ava,7,1,did her annual car maintenance,11,0
5,Ava,7,1,drove under the speed limit,12,0
5,Ava,7,1,listened to the radio while driving,13,0
5,Ava,7,1,was startled by the deer,14,1
5,Ava,7,1,slammed the brakes after seeing the deer,15,0
5,Edward,8,1,is a clinical research assistant,1,0
5,Edward,8,1,is 24 years old,2,0
5,Edward,8,1,is an experienced driver,3,0
5,Edward,8,1,is male,4,0
5,Edward,8,1,is an ambitious person,5,0
5,Edward,8,1,is single,6,0
5,Edward,8,1,enjoys browsing Twitter,7,0
5,Edward,8,1,enjoys reading science fiction,8,0
5,Edward,8,1,is White,9,0
5,Edward,8,1,is a studious person,10,0
5,Edward,8,1,did not mute phone notifications while driving,11,1
5,Edward,8,1,was not speeding,12,0
5,Edward,8,1,checked that there were no other cars nearby,13,0
5,Edward,8,1,took a peek at the text,14,1
5,Edward,8,1,veered into the cyclist while reading the text,15,1
5,Melvin,9,1,can be stingy sometimes,1,0
5,Melvin,9,1,grows hay,2,0
5,Melvin,9,1,is male,3,0
5,Melvin,9,1,is a farmer,4,0
5,Melvin,9,1,enjoys listening to rock music,5,0
5,Melvin,9,1,is White,6,0
5,Melvin,9,1,is 45 years old,7,0
5,Melvin,9,1,has high blood pressure,8,0
5,Melvin,9,1,has a cheerful personality,9,0
5,Melvin,9,1,grows corn,10,0
5,Melvin,9,1,built his barn near the border with Vincent's property,11,1
5,Melvin,9,1,was concerned with hayfires,12,0
5,Melvin,9,1,considered buying hay-drying equipment,13,0
5,Melvin,9,1,met with consultants,14,0
5,Melvin,9,1,decided not to buy hay-drying equipment,15,1
5,Darla,10,0,is female,1,0
5,Darla,10,0,enjoys cooking,2,0
5,Darla,10,0,has worked with Pamela for many years,3,0
5,Darla,10,0,has a laid-back personality,4,0
5,Darla,10,0,is nearsighted,5,0
5,Darla,10,0,is Black,6,0
5,Darla,10,0,is 32 years old,7,0
5,Darla,10,0,communicates and interacts well with children,8,0
5,Darla,10,0,has an absent-minded personality,9,1
5,Darla,10,0,runs a home daycare business,10,0
5,Darla,10,0,lives in a tornado-affected area,11,1
5,Darla,10,0,played games with the children,12,0
5,Darla,10,0,played loud upbeat music with the children,13,1
5,Darla,10,0,focused on the children,14,0
5,Darla,10,0,did not hear the tornado sirens,15,1
5,Chris,11,1,has a curious personality,1,0
5,Chris,11,1,has an average IQ,2,0
5,Chris,11,1,enjoys playing hide-and-seek,3,0
5,Chris,11,1,is 10 years old,4,0
5,Chris,11,1,admires his father,5,0
5,Chris,11,1,enjoys swimming,6,0
5,Chris,11,1,weighs 70 lbs,7,0
5,Chris,11,1,is male,8,0
5,Chris,11,1,is White,9,0
5,Chris,11,1,is a picky eater,10,0
5,Chris,11,1,invited friends over to play,11,0
5,Chris,11,1,hid in the hall closet,12,1
5,Chris,11,1,found the key in his father's jacket pocket,13,1
5,Chris,11,1,opened the gun cabinet with the key,14,1
5,Chris,11,1,picked up a pistol to play with,15,1
6,Chris,1,1,enjoys swimming,1,0
6,Chris,1,1,enjoys playing hide-and-seek,2,0
6,Chris,1,1,weighs 70 lbs,3,0
6,Chris,1,1,admires his father,4,0
6,Chris,1,1,has a curious personality,5,0
6,Chris,1,1,is White,6,0
6,Chris,1,1,is a picky eater,7,0
6,Chris,1,1,has an average IQ,8,0
6,Chris,1,1,is 10 years old,9,0
6,Chris,1,1,is male,10,0
6,Chris,1,1,invited friends over to play,11,0
6,Chris,1,1,hid in the hall closet,12,0
6,Chris,1,1,found the key in his father's jacket pocket,13,1
6,Chris,1,1,opened the gun cabinet with the key,14,0
6,Chris,1,1,picked up a pistol to play with,15,0
6,Flora,2,1,is an early riser,1,0
6,Flora,2,1,is 32 years old,2,0
6,Flora,2,1,is female,3,0
6,Flora,2,1,is a counselor,4,0
6,Flora,2,1,is an empathetic person,5,0
6,Flora,2,1,composes music in her free time,6,0
6,Flora,2,1,is legally blind,7,1
6,Flora,2,1,enjoys gardening,8,0
6,Flora,2,1,uses a white cane to guide herself,9,0
6,Flora,2,1,is Asian,10,0
6,Flora,2,1,went to a neighbor's house for dinner,11,0
6,Flora,2,1,used her white cane while walking home,12,0
6,Flora,2,1,did not call for help,13,1
6,Flora,2,1,her white cane slipped between Paul's legs,14,0
6,Flora,2,1,stepped on Paul's torso,15,0
6,Edward,3,1,is a clinical research assistant,1,0
6,Edward,3,1,is 24 years old,2,0
6,Edward,3,1,is White,3,0
6,Edward,3,1,is male,4,0
6,Edward,3,1,is an ambitious person,5,0
6,Edward,3,1,enjoys browsing Twitter,6,0
6,Edward,3,1,enjoys reading science fiction,7,0
6,Edward,3,1,is a studious person,8,0
6,Edward,3,1,is single,9,0
6,Edward,3,1,is an experienced driver,10,0
6,Edward,3,1,did not mute phone notifications while driving,11,1
6,Edward,3,1,was not speeding,12,0
6,Edward,3,1,checked that there were no other cars nearby,13,0
6,Edward,3,1,took a peek at the text,14,1
6,Edward,3,1,veered into the cyclist while reading the text,15,0
6,Qian,4,0,is a restaurant waiter,1,0
6,Qian,4,0,enjoys watching sports,2,0
6,Qian,4,0,is hard-working,3,0
6,Qian,4,0,is male,4,0
6,Qian,4,0,can be stubborn sometimes,5,0
6,Qian,4,0,does not smoke,6,0
6,Qian,4,0,is Asian,7,0
6,Qian,4,0,enjoys jazz music,8,0
6,Qian,4,0,has a humorous personality,9,0
6,Qian,4,0,is 27 years old,10,0
6,Qian,4,0,hung out at the local bar with cousins,11,0
6,Qian,4,0,had several drinks over the course of two hours,12,0
6,Qian,4,0,was angered by Wilson's comments,13,0
6,Qian,4,0,did not talk back to Wilson,14,0
6,Qian,4,0,pushed Wilson to the ground,15,1
6,Alfred,5,1,has PTSD,1,1
6,Alfred,5,1,is male,2,0
6,Alfred,5,1,is patriotic,3,0
6,Alfred,5,1,enjoys Italian cuisine,4,0
6,Alfred,5,1,is 68 years old,5,0
6,Alfred,5,1,is White,6,0
6,Alfred,5,1,is a veteran,7,0
6,Alfred,5,1,enjoys fishing,8,0
6,Alfred,5,1,has a calm personality,9,0
6,Alfred,5,1,lives alone,10,0
6,Alfred,5,1,took the subway home,11,0
6,Alfred,5,1,was quiet on the subway,12,0
6,Alfred,5,1,got off at the same stop as Oliver,13,0
6,Alfred,5,1,heard loud drilling and yelling from the construction above,14,0
6,Alfred,5,1,physically attacked Oliver,15,1
6,Darla,6,0,has worked with Pamela for many years,1,0
6,Darla,6,0,is 32 years old,2,0
6,Darla,6,0,has a laid-back personality,3,0
6,Darla,6,0,communicates and interacts well with children,4,0
6,Darla,6,0,enjoys cooking,5,0
6,Darla,6,0,runs a home daycare business,6,0
6,Darla,6,0,has an absent-minded personality,7,0
6,Darla,6,0,is nearsighted,8,0
6,Darla,6,0,is Black,9,0
6,Darla,6,0,is female,10,0
6,Darla,6,0,lives in a tornado-affected area,11,0
6,Darla,6,0,played games with the children,12,0
6,Darla,6,0,played loud upbeat music with the children,13,0
6,Darla,6,0,focused on the children,14,0
6,Darla,6,0,did not hear the tornado sirens,15,1
6,Ava,7,1,has been friends with Peter for many years,1,0
6,Ava,7,1,regularly drinks coffee,2,0
6,Ava,7,1,is female,3,0
6,Ava,7,1,is an artist,4,0
6,Ava,7,1,is Native American,5,0
6,Ava,7,1,often drives Peter to appointments and errands,6,0
6,Ava,7,1,is 26 years old,7,0
6,Ava,7,1,is a compassionate person,8,0
6,Ava,7,1,has a peanut allergy,9,0
6,Ava,7,1,enjoys going to music concerts,10,0
6,Ava,7,1,did her annual car maintenance,11,0
6,Ava,7,1,drove under the speed limit,12,0
6,Ava,7,1,listened to the radio while driving,13,0
6,Ava,7,1,was startled by the deer,14,1
6,Ava,7,1,slammed the brakes after seeing the deer,15,1
6,Melvin,8,1,has a cheerful personality,1,0
6,Melvin,8,1,grows corn,2,0
6,Melvin,8,1,is male,3,0
6,Melvin,8,1,can be stingy sometimes,4,0
6,Melvin,8,1,enjoys listening to rock music,5,0
6,Melvin,8,1,is White,6,0
6,Melvin,8,1,is a farmer,7,0
6,Melvin,8,1,is 45 years old,8,0
6,Melvin,8,1,has high blood pressure,9,0
6,Melvin,8,1,grows hay,10,0
6,Melvin,8,1,built his barn near the border with Vincent's property,11,1
6,Melvin,8,1,was concerned with hayfires,12,0
6,Melvin,8,1,considered buying hay-drying equipment,13,0
6,Melvin,8,1,met with consultants,14,0
6,Melvin,8,1,decided not to buy hay-drying equipment,15,1
6,Julia,9,0,is a courteous person,1,0
6,Julia,9,0,is female,2,0
6,Julia,9,0,is multiracial,3,0
6,Julia,9,0,has asthma,4,0
6,Julia,9,0,studies psychology,5,0
6,Julia,9,0,babysits on the weekends,6,0
6,Julia,9,0,can be sensitive sometimes,7,0
6,Julia,9,0,enjoys watching TV shows,8,0
6,Julia,9,0,is a college student,9,0
6,Julia,9,0,is 19 years old,10,0
6,Julia,9,0,read children's books with Benji,11,0
6,Julia,9,0,picked up her partner's call while filling the bathtub,12,1
6,Julia,9,0,felt hurt after learning about the cheating,13,0
6,Julia,9,0,left the bathroom to talk to her partner,14,1
6,Julia,9,0,sat for a few minutes after hanging up,15,0
6,Nadia,10,0,is White,1,0
6,Nadia,10,0,is 34 years old,2,0
6,Nadia,10,0,enjoys oil painting,3,0
6,Nadia,10,0,is a software engineer,4,0
6,Nadia,10,0,has red hair,5,0
6,Nadia,10,0,attended couples therapy years ago,6,0
6,Nadia,10,0,is an organized person,7,0
6,Nadia,10,0,is a timid person,8,0
6,Nadia,10,0,collects vinyl records,9,0
6,Nadia,10,0,is female,10,0
6,Nadia,10,0,went to the emergency room for bruises,11,0
6,Nadia,10,0,did not seek help after the emergency room incident,12,1
6,Nadia,10,0,was scared when Franklin screamed,13,0
6,Nadia,10,0,grabbed the revolver,14,0
6,Nadia,10,0,shot Franklin with the revolver,15,0
6,Tristan,11,1,has worked for over ten years at the same hospital,1,0
6,Tristan,11,1,is Christian,2,0
6,Tristan,11,1,is male,3,0
6,Tristan,11,1,can be opinionated sometimes,4,0
6,Tristan,11,1,is 43 years old,5,0
6,Tristan,11,1,enjoys listening to country music,6,0
6,Tristan,11,1,can be impatient sometimes,7,0
6,Tristan,11,1,is Black,8,0
6,Tristan,11,1,is a cardiologist,9,0
6,Tristan,11,1,is extroverted and outgoing,10,0
6,Tristan,11,1,reviewed Annie's medical history and symptoms,11,0
6,Tristan,11,1,checked Annie's vitals,12,0
6,Tristan,11,1,ordered Annie an electrocardiogram (ECG/EKG),13,0
6,Tristan,11,1,did not order any other heart tests,14,1
6,Tristan,11,1,did not order a mammogram,15,0
7,Qian,1,0,enjoys jazz music,1,0
7,Qian,1,0,is 27 years old,2,0
7,Qian,1,0,does not smoke,3,0
7,Qian,1,0,enjoys watching sports,4,0
7,Qian,1,0,is Asian,5,0
7,Qian,1,0,is hard-working,6,0
7,Qian,1,0,has a humorous personality,7,0
7,Qian,1,0,is a restaurant waiter,8,0
7,Qian,1,0,can be stubborn sometimes,9,0
7,Qian,1,0,is male,10,0
7,Qian,1,0,hung out at the local bar with cousins,11,0
7,Qian,1,0,had several drinks over the course of two hours,12,0
7,Qian,1,0,was angered by Wilson's comments,13,1
7,Qian,1,0,did not talk back to Wilson,14,0
7,Qian,1,0,pushed Wilson to the ground,15,1
7,Melvin,2,1,enjoys listening to rock music,1,0
7,Melvin,2,1,grows corn,2,0
7,Melvin,2,1,is male,3,0
7,Melvin,2,1,has a cheerful personality,4,0
7,Melvin,2,1,can be stingy sometimes,5,0
7,Melvin,2,1,is a farmer,6,0
7,Melvin,2,1,has high blood pressure,7,0
7,Melvin,2,1,is 45 years old,8,0
7,Melvin,2,1,is White,9,0
7,Melvin,2,1,grows hay,10,0
7,Melvin,2,1,built his barn near the border with Vincent's property,11,0
7,Melvin,2,1,was concerned with hayfires,12,0
7,Melvin,2,1,considered buying hay-drying equipment,13,0
7,Melvin,2,1,met with consultants,14,0
7,Melvin,2,1,decided not to buy hay-drying equipment,15,1
7,Ava,3,1,is female,1,0
7,Ava,3,1,has been friends with Peter for many years,2,0
7,Ava,3,1,is a compassionate person,3,0
7,Ava,3,1,is an artist,4,0
7,Ava,3,1,has a peanut allergy,5,0
7,Ava,3,1,regularly drinks coffee,6,0
7,Ava,3,1,is 26 years old,7,0
7,Ava,3,1,enjoys going to music concerts,8,0
7,Ava,3,1,is Native American,9,0
7,Ava,3,1,often drives Peter to appointments and errands,10,0
7,Ava,3,1,did her annual car maintenance,11,0
7,Ava,3,1,drove under the speed limit,12,0
7,Ava,3,1,listened to the radio while driving,13,0
7,Ava,3,1,was startled by the deer,14,0
7,Ava,3,1,slammed the brakes after seeing the deer,15,1
7,Nadia,4,0,is White,1,0
7,Nadia,4,0,is 34 years old,2,0
7,Nadia,4,0,enjoys oil painting,3,0
7,Nadia,4,0,is a software engineer,4,0
7,Nadia,4,0,is an organized person,5,0
7,Nadia,4,0,has red hair,6,0
7,Nadia,4,0,attended couples therapy years ago,7,0
7,Nadia,4,0,is female,8,0
7,Nadia,4,0,collects vinyl records,9,0
7,Nadia,4,0,is a timid person,10,0
7,Nadia,4,0,went to the emergency room for bruises,11,0
7,Nadia,4,0,did not seek help after the emergency room incident,12,1
7,Nadia,4,0,was scared when Franklin screamed,13,0
7,Nadia,4,0,grabbed the revolver,14,0
7,Nadia,4,0,shot Franklin with the revolver,15,0
7,Chris,5,1,is White,1,0
7,Chris,5,1,weighs 70 lbs,2,0
7,Chris,5,1,enjoys swimming,3,0
7,Chris,5,1,admires his father,4,0
7,Chris,5,1,has an average IQ,5,0
7,Chris,5,1,has a curious personality,6,0
7,Chris,5,1,is a picky eater,7,0
7,Chris,5,1,is male,8,0
7,Chris,5,1,enjoys playing hide-and-seek,9,0
7,Chris,5,1,is 10 years old,10,0
7,Chris,5,1,invited friends over to play,11,0
7,Chris,5,1,hid in the hall closet,12,0
7,Chris,5,1,found the key in his father's jacket pocket,13,0
7,Chris,5,1,opened the gun cabinet with the key,14,1
7,Chris,5,1,picked up a pistol to play with,15,1
7,Julia,6,0,is a college student,1,0
7,Julia,6,0,studies psychology,2,0
7,Julia,6,0,is female,3,0
7,Julia,6,0,babysits on the weekends,4,0
7,Julia,6,0,is 19 years old,5,0
7,Julia,6,0,enjoys watching TV shows,6,0
7,Julia,6,0,has asthma,7,0
7,Julia,6,0,can be sensitive sometimes,8,0
7,Julia,6,0,is multiracial,9,0
7,Julia,6,0,is a courteous person,10,0
7,Julia,6,0,read children's books with Benji,11,0
7,Julia,6,0,picked up her partner's call while filling the bathtub,12,1
7,Julia,6,0,felt hurt after learning about the cheating,13,0
7,Julia,6,0,left the bathroom to talk to her partner,14,1
7,Julia,6,0,sat for a few minutes after hanging up,15,1
7,Flora,7,1,enjoys gardening,1,0
7,Flora,7,1,is female,2,0
7,Flora,7,1,is legally blind,3,0
7,Flora,7,1,is a counselor,4,0
7,Flora,7,1,is 32 years old,5,0
7,Flora,7,1,uses a white cane to guide herself,6,0
7,Flora,7,1,composes music in her free time,7,0
7,Flora,7,1,is an early riser,8,0
7,Flora,7,1,is an empathetic person,9,0
7,Flora,7,1,is Asian,10,0
7,Flora,7,1,went to a neighbor's house for dinner,11,0
7,Flora,7,1,used her white cane while walking home,12,0
7,Flora,7,1,did not call for help,13,1
7,Flora,7,1,her white cane slipped between Paul's legs,14,0
7,Flora,7,1,stepped on Paul's torso,15,0
7,Alfred,8,1,is White,1,0
7,Alfred,8,1,is male,2,0
7,Alfred,8,1,is 68 years old,3,0
7,Alfred,8,1,enjoys Italian cuisine,4,0
7,Alfred,8,1,enjoys fishing,5,0
7,Alfred,8,1,is patriotic,6,0
7,Alfred,8,1,lives alone,7,0
7,Alfred,8,1,is a veteran,8,0
7,Alfred,8,1,has PTSD,9,0
7,Alfred,8,1,has a calm personality,10,0
7,Alfred,8,1,took the subway home,11,0
7,Alfred,8,1,was quiet on the subway,12,0
7,Alfred,8,1,got off at the same stop as Oliver,13,0
7,Alfred,8,1,heard loud drilling and yelling from the construction above,14,0
7,Alfred,8,1,physically attacked Oliver,15,1
7,Darla,9,0,runs a home daycare business,1,0
7,Darla,9,0,enjoys cooking,2,0
7,Darla,9,0,has worked with Pamela for many years,3,0
7,Darla,9,0,has a laid-back personality,4,0
7,Darla,9,0,has an absent-minded personality,5,0
7,Darla,9,0,is 32 years old,6,0
7,Darla,9,0,is Black,7,0
7,Darla,9,0,communicates and interacts well with children,8,0
7,Darla,9,0,is nearsighted,9,0
7,Darla,9,0,is female,10,0
7,Darla,9,0,lives in a tornado-affected area,11,0
7,Darla,9,0,played games with the children,12,0
7,Darla,9,0,played loud upbeat music with the children,13,0
7,Darla,9,0,focused on the children,14,0
7,Darla,9,0,did not hear the tornado sirens,15,1
7,Edward,10,1,is 24 years old,1,0
7,Edward,10,1,is a studious person,2,0
7,Edward,10,1,is White,3,0
7,Edward,10,1,is single,4,0
7,Edward,10,1,is an experienced driver,5,0
7,Edward,10,1,is a clinical research assistant,6,0
7,Edward,10,1,is an ambitious person,7,0
7,Edward,10,1,enjoys browsing Twitter,8,0
7,Edward,10,1,is male,9,0
7,Edward,10,1,enjoys reading science fiction,10,0
7,Edward,10,1,did not mute phone notifications while driving,11,1
7,Edward,10,1,was not speeding,12,0
7,Edward,10,1,checked that there were no other cars nearby,13,0
7,Edward,10,1,took a peek at the text,14,1
7,Edward,10,1,veered into the cyclist while reading the text,15,1
7,Tristan,11,1,is 43 years old,1,0
7,Tristan,11,1,enjoys listening to country music,2,0
7,Tristan,11,1,is male,3,0
7,Tristan,11,1,is a cardiologist,4,0
7,Tristan,11,1,is extroverted and outgoing,5,0
7,Tristan,11,1,is Christian,6,0
7,Tristan,11,1,can be impatient sometimes,7,0
7,Tristan,11,1,is Black,8,0
7,Tristan,11,1,has worked for over ten years at the same hospital,9,0
7,Tristan,11,1,can be opinionated sometimes,10,0
7,Tristan,11,1,reviewed Annie's medical history and symptoms,11,0
7,Tristan,11,1,checked Annie's vitals,12,0
7,Tristan,11,1,ordered Annie an electrocardiogram (ECG/EKG),13,0
7,Tristan,11,1,did not order any other heart tests,14,1
7,Tristan,11,1,did not order a mammogram,15,0
8,Ava,1,1,is Native American,1,0
8,Ava,1,1,is an artist,2,0
8,Ava,1,1,is female,3,0
8,Ava,1,1,has been friends with Peter for many years,4,0
8,Ava,1,1,is a compassionate person,5,0
8,Ava,1,1,regularly drinks coffee,6,0
8,Ava,1,1,often drives Peter to appointments and errands,7,1
8,Ava,1,1,has a peanut allergy,8,0
8,Ava,1,1,enjoys going to music concerts,9,0
8,Ava,1,1,is 26 years old,10,0
8,Ava,1,1,did her annual car maintenance,11,0
8,Ava,1,1,drove under the speed limit,12,0
8,Ava,1,1,listened to the radio while driving,13,0
8,Ava,1,1,was startled by the deer,14,1
8,Ava,1,1,slammed the brakes after seeing the deer,15,1
8,Nadia,2,0,has red hair,1,0
8,Nadia,2,0,collects vinyl records,2,0
8,Nadia,2,0,is a software engineer,3,0
8,Nadia,2,0,is White,4,0
8,Nadia,2,0,is an organized person,5,0
8,Nadia,2,0,attended couples therapy years ago,6,0
8,Nadia,2,0,is a timid person,7,0
8,Nadia,2,0,is 34 years old,8,0
8,Nadia,2,0,enjoys oil painting,9,0
8,Nadia,2,0,is female,10,0
8,Nadia,2,0,went to the emergency room for bruises,11,0
8,Nadia,2,0,did not seek help after the emergency room incident,12,1
8,Nadia,2,0,was scared when Franklin screamed,13,0
8,Nadia,2,0,grabbed the revolver,14,1
8,Nadia,2,0,shot Franklin with the revolver,15,1
8,Alfred,3,1,is a veteran,1,0
8,Alfred,3,1,enjoys Italian cuisine,2,0
8,Alfred,3,1,is male,3,0
8,Alfred,3,1,is patriotic,4,0
8,Alfred,3,1,is White,5,0
8,Alfred,3,1,enjoys fishing,6,0
8,Alfred,3,1,lives alone,7,0
8,Alfred,3,1,has PTSD,8,1
8,Alfred,3,1,is 68 years old,9,0
8,Alfred,3,1,has a calm personality,10,0
8,Alfred,3,1,took the subway home,11,1
8,Alfred,3,1,was quiet on the subway,12,0
8,Alfred,3,1,got off at the same stop as Oliver,13,0
8,Alfred,3,1,heard loud drilling and yelling from the construction above,14,1
8,Alfred,3,1,physically attacked Oliver,15,1
8,Flora,4,1,is an empathetic person,1,0
8,Flora,4,1,uses a white cane to guide herself,2,1
8,Flora,4,1,is a counselor,3,0
8,Flora,4,1,is 32 years old,4,0
8,Flora,4,1,is female,5,0
8,Flora,4,1,is Asian,6,0
8,Flora,4,1,enjoys gardening,7,0
8,Flora,4,1,composes music in her free time,8,0
8,Flora,4,1,is legally blind,9,1
8,Flora,4,1,is an early riser,10,0
8,Flora,4,1,went to a neighbor's house for dinner,11,0
8,Flora,4,1,used her white cane while walking home,12,1
8,Flora,4,1,did not call for help,13,1
8,Flora,4,1,her white cane slipped between Paul's legs,14,1
8,Flora,4,1,stepped on Paul's torso,15,1
8,Edward,5,1,is an ambitious person,1,0
8,Edward,5,1,enjoys browsing Twitter,2,0
8,Edward,5,1,is a clinical research assistant,3,0
8,Edward,5,1,is single,4,0
8,Edward,5,1,is a studious person,5,0
8,Edward,5,1,enjoys reading science fiction,6,0
8,Edward,5,1,is an experienced driver,7,0
8,Edward,5,1,is White,8,0
8,Edward,5,1,is 24 years old,9,0
8,Edward,5,1,is male,10,0
8,Edward,5,1,did not mute phone notifications while driving,11,1
8,Edward,5,1,was not speeding,12,0
8,Edward,5,1,checked that there were no other cars nearby,13,0
8,Edward,5,1,took a peek at the text,14,1
8,Edward,5,1,veered into the cyclist while reading the text,15,1
8,Qian,6,0,has a humorous personality,1,0
8,Qian,6,0,is 27 years old,2,0
8,Qian,6,0,enjoys watching sports,3,0
8,Qian,6,0,is male,4,0
8,Qian,6,0,is a restaurant waiter,5,0
8,Qian,6,0,is Asian,6,1
8,Qian,6,0,does not smoke,7,0
8,Qian,6,0,enjoys jazz music,8,0
8,Qian,6,0,is hard-working,9,0
8,Qian,6,0,can be stubborn sometimes,10,0
8,Qian,6,0,hung out at the local bar with cousins,11,1
8,Qian,6,0,had several drinks over the course of two hours,12,0
8,Qian,6,0,was angered by Wilson's comments,13,1
8,Qian,6,0,did not talk back to Wilson,14,0
8,Qian,6,0,pushed Wilson to the ground,15,1
8,Melvin,7,1,has a cheerful personality,1,0
8,Melvin,7,1,is White,2,0
8,Melvin,7,1,enjoys listening to rock music,3,0
8,Melvin,7,1,has high blood pressure,4,0
8,Melvin,7,1,grows corn,5,0
8,Melvin,7,1,is male,6,0
8,Melvin,7,1,is a farmer,7,0
8,Melvin,7,1,can be stingy sometimes,8,1
8,Melvin,7,1,grows hay,9,1
8,Melvin,7,1,is 45 years old,10,0
8,Melvin,7,1,built his barn near the border with Vincent's property,11,1
8,Melvin,7,1,was concerned with hayfires,12,0
8,Melvin,7,1,considered buying hay-drying equipment,13,0
8,Melvin,7,1,met with consultants,14,0
8,Melvin,7,1,decided not to buy hay-drying equipment,15,1
8,Julia,8,0,can be sensitive sometimes,1,0
8,Julia,8,0,studies psychology,2,0
8,Julia,8,0,is multiracial,3,0
8,Julia,8,0,is a courteous person,4,0
8,Julia,8,0,is 19 years old,5,0
8,Julia,8,0,is a college student,6,0
8,Julia,8,0,babysits on the weekends,7,1
8,Julia,8,0,is female,8,0
8,Julia,8,0,has asthma,9,0
8,Julia,8,0,enjoys watching TV shows,10,0
8,Julia,8,0,read children's books with Benji,11,0
8,Julia,8,0,picked up her partner's call while filling the bathtub,12,1
8,Julia,8,0,felt hurt after learning about the cheating,13,0
8,Julia,8,0,left the bathroom to talk to her partner,14,1
8,Julia,8,0,sat for a few minutes after hanging up,15,1
8,Chris,9,1,has a curious personality,1,1
8,Chris,9,1,is White,2,0
8,Chris,9,1,has an average IQ,3,0
8,Chris,9,1,enjoys playing hide-and-seek,4,1
8,Chris,9,1,is male,5,0
8,Chris,9,1,weighs 70 lbs,6,0
8,Chris,9,1,admires his father,7,0
8,Chris,9,1,is 10 years old,8,0
8,Chris,9,1,is a picky eater,9,0
8,Chris,9,1,enjoys swimming,10,0
8,Chris,9,1,invited friends over to play,11,0
8,Chris,9,1,hid in the hall closet,12,0
8,Chris,9,1,found the key in his father's jacket pocket,13,1
8,Chris,9,1,opened the gun cabinet with the key,14,1
8,Chris,9,1,picked up a pistol to play with,15,1
8,Darla,10,0,has worked with Pamela for many years,1,0
8,Darla,10,0,communicates and interacts well with children,2,0
8,Darla,10,0,is 32 years old,3,0
8,Darla,10,0,has a laid-back personality,4,0
8,Darla,10,0,enjoys cooking,5,0
8,Darla,10,0,has an absent-minded personality,6,1
8,Darla,10,0,is nearsighted,7,0
8,Darla,10,0,runs a home daycare business,8,0
8,Darla,10,0,is Black,9,0
8,Darla,10,0,is female,10,0
8,Darla,10,0,lives in a tornado-affected area,11,0
8,Darla,10,0,played games with the children,12,0
8,Darla,10,0,played loud upbeat music with the children,13,1
8,Darla,10,0,focused on the children,14,0
8,Darla,10,0,did not hear the tornado sirens,15,1
8,Tristan,11,1,has worked for over ten years at the same hospital,1,0
8,Tristan,11,1,is Black,2,0
8,Tristan,11,1,enjoys listening to country music,3,0
8,Tristan,11,1,is Christian,4,0
8,Tristan,11,1,is a cardiologist,5,0
8,Tristan,11,1,is male,6,0
8,Tristan,11,1,can be impatient sometimes,7,1
8,Tristan,11,1,is 43 years old,8,0
8,Tristan,11,1,is extroverted and outgoing,9,0
8,Tristan,11,1,can be opinionated sometimes,10,0
8,Tristan,11,1,reviewed Annie's medical history and symptoms,11,0
8,Tristan,11,1,checked Annie's vitals,12,0
8,Tristan,11,1,ordered Annie an electrocardiogram (ECG/EKG),13,0
8,Tristan,11,1,did not order any other heart tests,14,1
8,Tristan,11,1,did not order a mammogram,15,0
9,Julia,1,0,is female,1,0
9,Julia,1,0,is a courteous person,2,0
9,Julia,1,0,can be sensitive sometimes,3,0
9,Julia,1,0,babysits on the weekends,4,0
9,Julia,1,0,is a college student,5,0
9,Julia,1,0,is 19 years old,6,0
9,Julia,1,0,studies psychology,7,0
9,Julia,1,0,is multiracial,8,0
9,Julia,1,0,enjoys watching TV shows,9,0
9,Julia,1,0,has asthma,10,0
9,Julia,1,0,read children's books with Benji,11,0
9,Julia,1,0,picked up her partner's call while filling the bathtub,12,1
9,Julia,1,0,felt hurt after learning about the cheating,13,0
9,Julia,1,0,left the bathroom to talk to her partner,14,1
9,Julia,1,0,sat for a few minutes after hanging up,15,1
9,Ava,2,1,is 26 years old,1,0
9,Ava,2,1,is an artist,2,0
9,Ava,2,1,has been friends with Peter for many years,3,0
9,Ava,2,1,is Native American,4,0
9,Ava,2,1,regularly drinks coffee,5,0
9,Ava,2,1,has a peanut allergy,6,1
9,Ava,2,1,enjoys going to music concerts,7,0
9,Ava,2,1,is female,8,0
9,Ava,2,1,is a compassionate person,9,0
9,Ava,2,1,often drives Peter to appointments and errands,10,0
9,Ava,2,1,did her annual car maintenance,11,0
9,Ava,2,1,drove under the speed limit,12,0
9,Ava,2,1,listened to the radio while driving,13,0
9,Ava,2,1,was startled by the deer,14,0
9,Ava,2,1,slammed the brakes after seeing the deer,15,0
9,Flora,3,1,composes music in her free time,1,0
9,Flora,3,1,is an empathetic person,2,0
9,Flora,3,1,is female,3,0
9,Flora,3,1,is 32 years old,4,0
9,Flora,3,1,enjoys gardening,5,0
9,Flora,3,1,is a counselor,6,0
9,Flora,3,1,is Asian,7,0
9,Flora,3,1,is an early riser,8,0
9,Flora,3,1,is legally blind,9,0
9,Flora,3,1,uses a white cane to guide herself,10,0
9,Flora,3,1,went to a neighbor's house for dinner,11,0
9,Flora,3,1,used her white cane while walking home,12,0
9,Flora,3,1,did not call for help,13,0
9,Flora,3,1,her white cane slipped between Paul's legs,14,0
9,Flora,3,1,stepped on Paul's torso,15,1
9,Nadia,4,0,enjoys oil painting,1,0
9,Nadia,4,0,collects vinyl records,2,0
9,Nadia,4,0,is a timid person,3,0
9,Nadia,4,0,is female,4,0
9,Nadia,4,0,is White,5,0
9,Nadia,4,0,is 34 years old,6,0
9,Nadia,4,0,has red hair,7,0
9,Nadia,4,0,attended couples therapy years ago,8,0
9,Nadia,4,0,is a software engineer,9,0
9,Nadia,4,0,is an organized person,10,0
9,Nadia,4,0,went to the emergency room for bruises,11,0
9,Nadia,4,0,did not seek help after the emergency room incident,12,1
9,Nadia,4,0,was scared when Franklin screamed,13,0
9,Nadia,4,0,grabbed the revolver,14,0
9,Nadia,4,0,shot Franklin with the revolver,15,0
9,Tristan,5,1,is male,1,0
9,Tristan,5,1,has worked for over ten years at the same hospital,2,0
9,Tristan,5,1,can be impatient sometimes,3,0
9,Tristan,5,1,is extroverted and outgoing,4,0
9,Tristan,5,1,is a cardiologist,5,0
9,Tristan,5,1,is Christian,6,0
9,Tristan,5,1,can be opinionated sometimes,7,0
9,Tristan,5,1,enjoys listening to country music,8,0
9,Tristan,5,1,is 43 years old,9,0
9,Tristan,5,1,is Black,10,0
9,Tristan,5,1,reviewed Annie's medical history and symptoms,11,0
9,Tristan,5,1,checked Annie's vitals,12,0
9,Tristan,5,1,ordered Annie an electrocardiogram (ECG/EKG),13,0
9,Tristan,5,1,did not order any other heart tests,14,1
9,Tristan,5,1,did not order a mammogram,15,0
9,Alfred,6,1,is patriotic,1,0
9,Alfred,6,1,is male,2,0
9,Alfred,6,1,is 68 years old,3,0
9,Alfred,6,1,has PTSD,4,0
9,Alfred,6,1,enjoys Italian cuisine,5,0
9,Alfred,6,1,is White,6,0
9,Alfred,6,1,enjoys fishing,7,0
9,Alfred,6,1,is a veteran,8,0
9,Alfred,6,1,has a calm personality,9,0
9,Alfred,6,1,lives alone,10,0
9,Alfred,6,1,took the subway home,11,0
9,Alfred,6,1,was quiet on the subway,12,0
9,Alfred,6,1,got off at the same stop as Oliver,13,0
9,Alfred,6,1,heard loud drilling and yelling from the construction above,14,0
9,Alfred,6,1,physically attacked Oliver,15,1
9,Chris,7,1,weighs 70 lbs,1,0
9,Chris,7,1,is White,2,0
9,Chris,7,1,is male,3,0
9,Chris,7,1,has an average IQ,4,0
9,Chris,7,1,has a curious personality,5,0
9,Chris,7,1,is 10 years old,6,0
9,Chris,7,1,enjoys swimming,7,0
9,Chris,7,1,enjoys playing hide-and-seek,8,0
9,Chris,7,1,admires his father,9,0
9,Chris,7,1,is a picky eater,10,0
9,Chris,7,1,invited friends over to play,11,0
9,Chris,7,1,hid in the hall closet,12,0
9,Chris,7,1,found the key in his father's jacket pocket,13,1
9,Chris,7,1,opened the gun cabinet with the key,14,0
9,Chris,7,1,picked up a pistol to play with,15,0
9,Melvin,8,1,is 45 years old,1,0
9,Melvin,8,1,grows corn,2,0
9,Melvin,8,1,is a farmer,3,0
9,Melvin,8,1,is male,4,0
9,Melvin,8,1,can be stingy sometimes,5,0
9,Melvin,8,1,grows hay,6,0
9,Melvin,8,1,has high blood pressure,7,0
9,Melvin,8,1,enjoys listening to rock music,8,0
9,Melvin,8,1,has a cheerful personality,9,0
9,Melvin,8,1,is White,10,0
9,Melvin,8,1,built his barn near the border with Vincent's property,11,0
9,Melvin,8,1,was concerned with hayfires,12,0
9,Melvin,8,1,considered buying hay-drying equipment,13,0
9,Melvin,8,1,met with consultants,14,0
9,Melvin,8,1,decided not to buy hay-drying equipment,15,1
9,Qian,9,0,has a humorous personality,1,0
9,Qian,9,0,is a restaurant waiter,2,0
9,Qian,9,0,does not smoke,3,0
9,Qian,9,0,is 27 years old,4,0
9,Qian,9,0,enjoys jazz music,5,0
9,Qian,9,0,can be stubborn sometimes,6,0
9,Qian,9,0,is Asian,7,0
9,Qian,9,0,is male,8,0
9,Qian,9,0,is hard-working,9,0
9,Qian,9,0,enjoys watching sports,10,0
9,Qian,9,0,hung out at the local bar with cousins,11,0
9,Qian,9,0,had several drinks over the course of two hours,12,0
9,Qian,9,0,was angered by Wilson's comments,13,0
9,Qian,9,0,did not talk back to Wilson,14,0
9,Qian,9,0,pushed Wilson to the ground,15,1
9,Darla,10,0,is nearsighted,1,0
9,Darla,10,0,is Black,2,0
9,Darla,10,0,has a laid-back personality,3,0
9,Darla,10,0,has worked with Pamela for many years,4,0
9,Darla,10,0,is female,5,0
9,Darla,10,0,communicates and interacts well with children,6,0
9,Darla,10,0,has an absent-minded personality,7,0
9,Darla,10,0,is 32 years old,8,0
9,Darla,10,0,enjoys cooking,9,0
9,Darla,10,0,runs a home daycare business,10,0
9,Darla,10,0,lives in a tornado-affected area,11,0
9,Darla,10,0,played games with the children,12,0
9,Darla,10,0,played loud upbeat music with the children,13,0
9,Darla,10,0,focused on the children,14,0
9,Darla,10,0,did not hear the tornado sirens,15,1
9,Edward,11,1,enjoys reading science fiction,1,0
9,Edward,11,1,is a clinical research assistant,2,0
9,Edward,11,1,enjoys browsing Twitter,3,0
9,Edward,11,1,is White,4,0
9,Edward,11,1,is male,5,0
9,Edward,11,1,is single,6,0
9,Edward,11,1,is 24 years old,7,0
9,Edward,11,1,is a studious person,8,0
9,Edward,11,1,is an experienced driver,9,0
9,Edward,11,1,is an ambitious person,10,0
9,Edward,11,1,did not mute phone notifications while driving,11,0
9,Edward,11,1,was not speeding,12,0
9,Edward,11,1,checked that there were no other cars nearby,13,0
9,Edward,11,1,took a peek at the text,14,1
9,Edward,11,1,veered into the cyclist while reading the text,15,0
10,Darla,1,0,is female,1,0
10,Darla,1,0,runs a home daycare business,2,0
10,Darla,1,0,has a laid-back personality,3,0
10,Darla,1,0,is 32 years old,4,0
10,Darla,1,0,is nearsighted,5,0
10,Darla,1,0,has an absent-minded personality,6,0
10,Darla,1,0,communicates and interacts well with children,7,0
10,Darla,1,0,enjoys cooking,8,0
10,Darla,1,0,is Black,9,0
10,Darla,1,0,has worked with Pamela for many years,10,0
10,Darla,1,0,lives in a tornado-affected area,11,0
10,Darla,1,0,played games with the children,12,0
10,Darla,1,0,played loud upbeat music with the children,13,1
10,Darla,1,0,focused on the children,14,0
10,Darla,1,0,did not hear the tornado sirens,15,1
10,Julia,2,0,is a courteous person,1,0
10,Julia,2,0,is female,2,0
10,Julia,2,0,babysits on the weekends,3,0
10,Julia,2,0,enjoys watching TV shows,4,0
10,Julia,2,0,studies psychology,5,0
10,Julia,2,0,is multiracial,6,0
10,Julia,2,0,is 19 years old,7,0
10,Julia,2,0,has asthma,8,0
10,Julia,2,0,is a college student,9,0
10,Julia,2,0,can be sensitive sometimes,10,0
10,Julia,2,0,read children's books with Benji,11,0
10,Julia,2,0,picked up her partner's call while filling the bathtub,12,1
10,Julia,2,0,felt hurt after learning about the cheating,13,0
10,Julia,2,0,left the bathroom to talk to her partner,14,1
10,Julia,2,0,sat for a few minutes after hanging up,15,1
10,Qian,3,0,is 27 years old,1,0
10,Qian,3,0,is male,2,0
10,Qian,3,0,is Asian,3,0
10,Qian,3,0,has a humorous personality,4,0
10,Qian,3,0,enjoys jazz music,5,0
10,Qian,3,0,is a restaurant waiter,6,0
10,Qian,3,0,does not smoke,7,0
10,Qian,3,0,can be stubborn sometimes,8,1
10,Qian,3,0,is hard-working,9,0
10,Qian,3,0,enjoys watching sports,10,0
10,Qian,3,0,hung out at the local bar with cousins,11,0
10,Qian,3,0,had several drinks over the course of two hours,12,1
10,Qian,3,0,was angered by Wilson's comments,13,0
10,Qian,3,0,did not talk back to Wilson,14,0
10,Qian,3,0,pushed Wilson to the ground,15,0
10,Edward,4,1,enjoys reading science fiction,1,0
10,Edward,4,1,enjoys browsing Twitter,2,0
10,Edward,4,1,is an ambitious person,3,0
10,Edward,4,1,is 24 years old,4,0
10,Edward,4,1,is White,5,0
10,Edward,4,1,is single,6,0
10,Edward,4,1,is male,7,0
10,Edward,4,1,is a studious person,8,0
10,Edward,4,1,is a clinical research assistant,9,0
10,Edward,4,1,is an experienced driver,10,0
10,Edward,4,1,did not mute phone notifications while driving,11,1
10,Edward,4,1,was not speeding,12,0
10,Edward,4,1,checked that there were no other cars nearby,13,0
10,Edward,4,1,took a peek at the text,14,1
10,Edward,4,1,veered into the cyclist while reading the text,15,0
10,Melvin,5,1,is 45 years old,1,0
10,Melvin,5,1,grows corn,2,0
10,Melvin,5,1,is a farmer,3,0
10,Melvin,5,1,enjoys listening to rock music,4,0
10,Melvin,5,1,can be stingy sometimes,5,0
10,Melvin,5,1,is male,6,0
10,Melvin,5,1,has high blood pressure,7,0
10,Melvin,5,1,is White,8,0
10,Melvin,5,1,grows hay,9,0
10,Melvin,5,1,has a cheerful personality,10,0
10,Melvin,5,1,built his barn near the border with Vincent's property,11,0
10,Melvin,5,1,was concerned with hayfires,12,0
10,Melvin,5,1,considered buying hay-drying equipment,13,0
10,Melvin,5,1,met with consultants,14,0
10,Melvin,5,1,decided not to buy hay-drying equipment,15,1
10,Tristan,6,1,enjoys listening to country music,1,0
10,Tristan,6,1,is extroverted and outgoing,2,0
10,Tristan,6,1,can be impatient sometimes,3,1
10,Tristan,6,1,is Christian,4,0
10,Tristan,6,1,is a cardiologist,5,0
10,Tristan,6,1,is Black,6,0
10,Tristan,6,1,is male,7,0
10,Tristan,6,1,can be opinionated sometimes,8,1
10,Tristan,6,1,has worked for over ten years at the same hospital,9,0
10,Tristan,6,1,is 43 years old,10,0
10,Tristan,6,1,reviewed Annie's medical history and symptoms,11,0
10,Tristan,6,1,checked Annie's vitals,12,0
10,Tristan,6,1,ordered Annie an electrocardiogram (ECG/EKG),13,0
10,Tristan,6,1,did not order any other heart tests,14,1
10,Tristan,6,1,did not order a mammogram,15,0
10,Flora,7,1,uses a white cane to guide herself,1,0
10,Flora,7,1,enjoys gardening,2,0
10,Flora,7,1,is Asian,3,0
10,Flora,7,1,is an empathetic person,4,0
10,Flora,7,1,composes music in her free time,5,0
10,Flora,7,1,is an early riser,6,0
10,Flora,7,1,is 32 years old,7,0
10,Flora,7,1,is female,8,0
10,Flora,7,1,is legally blind,9,0
10,Flora,7,1,is a counselor,10,0
10,Flora,7,1,went to a neighbor's house for dinner,11,0
10,Flora,7,1,used her white cane while walking home,12,0
10,Flora,7,1,did not call for help,13,0
10,Flora,7,1,her white cane slipped between Paul's legs,14,1
10,Flora,7,1,stepped on Paul's torso,15,0
10,Ava,8,1,has been friends with Peter for many years,1,0
10,Ava,8,1,often drives Peter to appointments and errands,2,0
10,Ava,8,1,is an artist,3,0
10,Ava,8,1,is 26 years old,4,0
10,Ava,8,1,has a peanut allergy,5,0
10,Ava,8,1,is a compassionate person,6,0
10,Ava,8,1,is Native American,7,0
10,Ava,8,1,regularly drinks coffee,8,0
10,Ava,8,1,enjoys going to music concerts,9,0
10,Ava,8,1,is female,10,0
10,Ava,8,1,did her annual car maintenance,11,0
10,Ava,8,1,drove under the speed limit,12,0
10,Ava,8,1,listened to the radio while driving,13,0
10,Ava,8,1,was startled by the deer,14,0
10,Ava,8,1,slammed the brakes after seeing the deer,15,1
10,Nadia,9,0,is an organized person,1,0
10,Nadia,9,0,is female,2,0
10,Nadia,9,0,is a software engineer,3,0
10,Nadia,9,0,enjoys oil painting,4,0
10,Nadia,9,0,is 34 years old,5,0
10,Nadia,9,0,has red hair,6,0
10,Nadia,9,0,attended couples therapy years ago,7,0
10,Nadia,9,0,collects vinyl records,8,0
10,Nadia,9,0,is White,9,0
10,Nadia,9,0,is a timid person,10,0
10,Nadia,9,0,went to the emergency room for bruises,11,0
10,Nadia,9,0,did not seek help after the emergency room incident,12,0
10,Nadia,9,0,was scared when Franklin screamed,13,0
10,Nadia,9,0,grabbed the revolver,14,1
10,Nadia,9,0,shot Franklin with the revolver,15,0
10,Chris,10,1,has an average IQ,1,0
10,Chris,10,1,is a picky eater,2,0
10,Chris,10,1,has a curious personality,3,0
10,Chris,10,1,admires his father,4,0
10,Chris,10,1,is White,5,0
10,Chris,10,1,enjoys playing hide-and-seek,6,0
10,Chris,10,1,weighs 70 lbs,7,0
10,Chris,10,1,enjoys swimming,8,0
10,Chris,10,1,is male,9,0
10,Chris,10,1,is 10 years old,10,0
10,Chris,10,1,invited friends over to play,11,0
10,Chris,10,1,hid in the hall closet,12,0
10,Chris,10,1,found the key in his father's jacket pocket,13,1
10,Chris,10,1,opened the gun cabinet with the key,14,1
10,Chris,10,1,picked up a pistol to play with,15,1
10,Alfred,11,1,is male,1,0
10,Alfred,11,1,has PTSD,2,0
10,Alfred,11,1,is 68 years old,3,0
10,Alfred,11,1,is White,4,0
10,Alfred,11,1,is a veteran,5,0
10,Alfred,11,1,has a calm personality,6,0
10,Alfred,11,1,lives alone,7,0
10,Alfred,11,1,is patriotic,8,0
10,Alfred,11,1,enjoys Italian cuisine,9,0
10,Alfred,11,1,enjoys fishing,10,0
10,Alfred,11,1,took the subway home,11,1
10,Alfred,11,1,was quiet on the subway,12,0
10,Alfred,11,1,got off at the same stop as Oliver,13,0
10,Alfred,11,1,heard loud drilling and yelling from the construction above,14,0
10,Alfred,11,1,physically attacked Oliver,15,0
11,Melvin,1,1,grows corn,1,0
11,Melvin,1,1,has a cheerful personality,2,0
11,Melvin,1,1,can be stingy sometimes,3,0
11,Melvin,1,1,is a farmer,4,0
11,Melvin,1,1,has high blood pressure,5,0
11,Melvin,1,1,grows hay,6,1
11,Melvin,1,1,is 45 years old,7,0
11,Melvin,1,1,enjoys listening to rock music,8,0
11,Melvin,1,1,is White,9,0
11,Melvin,1,1,is male,10,0
11,Melvin,1,1,built his barn near the border with Vincent's property,11,0
11,Melvin,1,1,was concerned with hayfires,12,0
11,Melvin,1,1,considered buying hay-drying equipment,13,0
11,Melvin,1,1,met with consultants,14,1
11,Melvin,1,1,decided not to buy hay-drying equipment,15,1
11,Flora,2,0,uses a white cane to guide herself,1,1
11,Flora,2,0,is an early riser,2,0
11,Flora,2,0,is legally blind,3,0
11,Flora,2,0,is a counselor,4,0
11,Flora,2,0,is female,5,0
11,Flora,2,0,is 32 years old,6,0
11,Flora,2,0,enjoys gardening,7,0
11,Flora,2,0,is an empathetic person,8,0
11,Flora,2,0,is Asian,9,0
11,Flora,2,0,composes music in her free time,10,0
11,Flora,2,0,went to a neighbor's house for dinner,11,0
11,Flora,2,0,used her white cane while walking home,12,0
11,Flora,2,0,did not call for help,13,0
11,Flora,2,0,her white cane slipped between Paul's legs,14,0
11,Flora,2,0,stepped on Paul's torso,15,1
11,Darla,3,0,communicates and interacts well with children,1,0
11,Darla,3,0,is 32 years old,2,1
11,Darla,3,0,has worked with Pamela for many years,3,0
11,Darla,3,0,has an absent-minded personality,4,0
11,Darla,3,0,has a laid-back personality,5,0
11,Darla,3,0,is Black,6,0
11,Darla,3,0,is nearsighted,7,0
11,Darla,3,0,is female,8,0
11,Darla,3,0,enjoys cooking,9,0
11,Darla,3,0,runs a home daycare business,10,0
11,Darla,3,0,lives in a tornado-affected area,11,1
11,Darla,3,0,played games with the children,12,0
11,Darla,3,0,played loud upbeat music with the children,13,0
11,Darla,3,0,focused on the children,14,0
11,Darla,3,0,did not hear the tornado sirens,15,0
11,Nadia,4,0,is White,1,0
11,Nadia,4,0,attended couples therapy years ago,2,0
11,Nadia,4,0,has red hair,3,0
11,Nadia,4,0,is 34 years old,4,0
11,Nadia,4,0,is a software engineer,5,0
11,Nadia,4,0,is female,6,0
11,Nadia,4,0,is a timid person,7,0
11,Nadia,4,0,collects vinyl records,8,1
11,Nadia,4,0,is an organized person,9,0
11,Nadia,4,0,enjoys oil painting,10,0
11,Nadia,4,0,went to the emergency room for bruises,11,0
11,Nadia,4,0,did not seek help after the emergency room incident,12,0
11,Nadia,4,0,was scared when Franklin screamed,13,0
11,Nadia,4,0,grabbed the revolver,14,0
11,Nadia,4,0,shot Franklin with the revolver,15,0
11,Alfred,5,0,is a veteran,1,0
11,Alfred,5,0,enjoys fishing,2,0
11,Alfred,5,0,has PTSD,3,1
11,Alfred,5,0,is White,4,0
11,Alfred,5,0,is patriotic,5,0
11,Alfred,5,0,is male,6,0
11,Alfred,5,0,is 68 years old,7,0
11,Alfred,5,0,enjoys Italian cuisine,8,0
11,Alfred,5,0,lives alone,9,0
11,Alfred,5,0,has a calm personality,10,0
11,Alfred,5,0,took the subway home,11,0
11,Alfred,5,0,was quiet on the subway,12,0
11,Alfred,5,0,got off at the same stop as Oliver,13,0
11,Alfred,5,0,heard loud drilling and yelling from the construction above,14,0
11,Alfred,5,0,physically attacked Oliver,15,0
11,Edward,6,1,is 24 years old,1,0
11,Edward,6,1,is a studious person,2,0
11,Edward,6,1,is White,3,0
11,Edward,6,1,is an ambitious person,4,0
11,Edward,6,1,is single,5,0
11,Edward,6,1,is an experienced driver,6,1
11,Edward,6,1,is a clinical research assistant,7,0
11,Edward,6,1,is male,8,0
11,Edward,6,1,enjoys browsing Twitter,9,0
11,Edward,6,1,enjoys reading science fiction,10,0
11,Edward,6,1,did not mute phone notifications while driving,11,0
11,Edward,6,1,was not speeding,12,0
11,Edward,6,1,checked that there were no other cars nearby,13,0
11,Edward,6,1,took a peek at the text,14,0
11,Edward,6,1,veered into the cyclist while reading the text,15,0
11,Qian,7,0,can be stubborn sometimes,1,0
11,Qian,7,0,is male,2,0
11,Qian,7,0,is a restaurant waiter,3,1
11,Qian,7,0,is hard-working,4,0
11,Qian,7,0,enjoys jazz music,5,0
11,Qian,7,0,enjoys watching sports,6,0
11,Qian,7,0,does not smoke,7,0
11,Qian,7,0,is Asian,8,0
11,Qian,7,0,has a humorous personality,9,0
11,Qian,7,0,is 27 years old,10,0
11,Qian,7,0,hung out at the local bar with cousins,11,0
11,Qian,7,0,had several drinks over the course of two hours,12,0
11,Qian,7,0,was angered by Wilson's comments,13,0
11,Qian,7,0,did not talk back to Wilson,14,0
11,Qian,7,0,pushed Wilson to the ground,15,0
11,Tristan,8,1,is Black,1,0
11,Tristan,8,1,is Christian,2,0
11,Tristan,8,1,can be impatient sometimes,3,1
11,Tristan,8,1,is extroverted and outgoing,4,0
11,Tristan,8,1,is a cardiologist,5,0
11,Tristan,8,1,has worked for over ten years at the same hospital,6,0
11,Tristan,8,1,can be opinionated sometimes,7,0
11,Tristan,8,1,is male,8,0
11,Tristan,8,1,enjoys listening to country music,9,0
11,Tristan,8,1,is 43 years old,10,0
11,Tristan,8,1,reviewed Annie's medical history and symptoms,11,0
11,Tristan,8,1,checked Annie's vitals,12,0
11,Tristan,8,1,ordered Annie an electrocardiogram (ECG/EKG),13,0
11,Tristan,8,1,did not order any other heart tests,14,0
11,Tristan,8,1,did not order a mammogram,15,0
11,Ava,9,0,has a peanut allergy,1,0
11,Ava,9,0,is Native American,2,0
11,Ava,9,0,enjoys going to music concerts,3,0
11,Ava,9,0,regularly drinks coffee,4,1
11,Ava,9,0,is 26 years old,5,0
11,Ava,9,0,often drives Peter to appointments and errands,6,0
11,Ava,9,0,is an artist,7,0
11,Ava,9,0,has been friends with Peter for many years,8,0
11,Ava,9,0,is a compassionate person,9,0
11,Ava,9,0,is female,10,0
11,Ava,9,0,did her annual car maintenance,11,0
11,Ava,9,0,drove under the speed limit,12,0
11,Ava,9,0,listened to the radio while driving,13,0
11,Ava,9,0,was startled by the deer,14,0
11,Ava,9,0,slammed the brakes after seeing the deer,15,0
11,Chris,10,1,is 10 years old,1,1
11,Chris,10,1,is White,2,0
11,Chris,10,1,is male,3,0
11,Chris,10,1,admires his father,4,0
11,Chris,10,1,is a picky eater,5,0
11,Chris,10,1,weighs 70 lbs,6,0
11,Chris,10,1,has an average IQ,7,0
11,Chris,10,1,enjoys swimming,8,0
11,Chris,10,1,enjoys playing hide-and-seek,9,0
11,Chris,10,1,has a curious personality,10,0
11,Chris,10,1,invited friends over to play,11,0
11,Chris,10,1,hid in the hall closet,12,0
11,Chris,10,1,found the key in his father's jacket pocket,13,0
11,Chris,10,1,opened the gun cabinet with the key,14,0
11,Chris,10,1,picked up a pistol to play with,15,0
11,Julia,11,1,is a courteous person,1,0
11,Julia,11,1,is a college student,2,0
11,Julia,11,1,enjoys watching TV shows,3,1
11,Julia,11,1,can be sensitive sometimes,4,0
11,Julia,11,1,is female,5,0
11,Julia,11,1,has asthma,6,0
11,Julia,11,1,is multiracial,7,0
11,Julia,11,1,studies psychology,8,0
11,Julia,11,1,babysits on the weekends,9,0
11,Julia,11,1,is 19 years old,10,0
11,Julia,11,1,read children's books with Benji,11,0
11,Julia,11,1,picked up her partner's call while filling the bathtub,12,0
11,Julia,11,1,felt hurt after learning about the cheating,13,0
11,Julia,11,1,left the bathroom to talk to her partner,14,0
11,Julia,11,1,sat for a few minutes after hanging up,15,0
12,Tristan,1,1,enjoys listening to country music,1,0
12,Tristan,1,1,is a cardiologist,2,0
12,Tristan,1,1,is Black,3,0
12,Tristan,1,1,can be opinionated sometimes,4,0
12,Tristan,1,1,is extroverted and outgoing,5,0
12,Tristan,1,1,has worked for over ten years at the same hospital,6,0
12,Tristan,1,1,is 43 years old,7,0
12,Tristan,1,1,can be impatient sometimes,8,1
12,Tristan,1,1,is Christian,9,0
12,Tristan,1,1,is male,10,0
12,Tristan,1,1,reviewed Annie's medical history and symptoms,11,0
12,Tristan,1,1,checked Annie's vitals,12,0
12,Tristan,1,1,ordered Annie an electrocardiogram (ECG/EKG),13,0
12,Tristan,1,1,did not order any other heart tests,14,1
12,Tristan,1,1,did not order a mammogram,15,1
12,Darla,2,0,has worked with Pamela for many years,1,0
12,Darla,2,0,is Black,2,0
12,Darla,2,0,has an absent-minded personality,3,1
12,Darla,2,0,has a laid-back personality,4,0
12,Darla,2,0,is nearsighted,5,0
12,Darla,2,0,is 32 years old,6,0
12,Darla,2,0,runs a home daycare business,7,0
12,Darla,2,0,communicates and interacts well with children,8,0
12,Darla,2,0,is female,9,0
12,Darla,2,0,enjoys cooking,10,0
12,Darla,2,0,lives in a tornado-affected area,11,0
12,Darla,2,0,played games with the children,12,0
12,Darla,2,0,played loud upbeat music with the children,13,0
12,Darla,2,0,focused on the children,14,0
12,Darla,2,0,did not hear the tornado sirens,15,1
12,Edward,3,1,is White,1,0
12,Edward,3,1,is male,2,0
12,Edward,3,1,is an experienced driver,3,0
12,Edward,3,1,is a studious person,4,0
12,Edward,3,1,is single,5,0
12,Edward,3,1,is a clinical research assistant,6,0
12,Edward,3,1,is an ambitious person,7,0
12,Edward,3,1,is 24 years old,8,0
12,Edward,3,1,enjoys browsing Twitter,9,0
12,Edward,3,1,enjoys reading science fiction,10,0
12,Edward,3,1,did not mute phone notifications while driving,11,1
12,Edward,3,1,was not speeding,12,0
12,Edward,3,1,checked that there were no other cars nearby,13,0
12,Edward,3,1,took a peek at the text,14,1
12,Edward,3,1,veered into the cyclist while reading the text,15,1
12,Alfred,4,1,enjoys fishing,1,0
12,Alfred,4,1,has PTSD,2,1
12,Alfred,4,1,is White,3,0
12,Alfred,4,1,lives alone,4,0
12,Alfred,4,1,enjoys Italian cuisine,5,0
12,Alfred,4,1,is a veteran,6,0
12,Alfred,4,1,is male,7,0
12,Alfred,4,1,is 68 years old,8,0
12,Alfred,4,1,is patriotic,9,0
12,Alfred,4,1,has a calm personality,10,0
12,Alfred,4,1,took the subway home,11,1
12,Alfred,4,1,was quiet on the subway,12,0
12,Alfred,4,1,got off at the same stop as Oliver,13,1
12,Alfred,4,1,heard loud drilling and yelling from the construction above,14,0
12,Alfred,4,1,physically attacked Oliver,15,1
12,Qian,5,0,is a restaurant waiter,1,0
12,Qian,5,0,enjoys jazz music,2,0
12,Qian,5,0,can be stubborn sometimes,3,1
12,Qian,5,0,is hard-working,4,0
12,Qian,5,0,does not smoke,5,0
12,Qian,5,0,is Asian,6,0
12,Qian,5,0,is 27 years old,7,0
12,Qian,5,0,enjoys watching sports,8,0
12,Qian,5,0,is male,9,0
12,Qian,5,0,has a humorous personality,10,0
12,Qian,5,0,hung out at the local bar with cousins,11,0
12,Qian,5,0,had several drinks over the course of two hours,12,1
12,Qian,5,0,was angered by Wilson's comments,13,1
12,Qian,5,0,did not talk back to Wilson,14,0
12,Qian,5,0,pushed Wilson to the ground,15,1
12,Nadia,6,0,attended couples therapy years ago,1,0
12,Nadia,6,0,is female,2,1
12,Nadia,6,0,is a software engineer,3,0
12,Nadia,6,0,collects vinyl records,4,0
12,Nadia,6,0,is an organized person,5,0
12,Nadia,6,0,enjoys oil painting,6,0
12,Nadia,6,0,is White,7,0
12,Nadia,6,0,has red hair,8,0
12,Nadia,6,0,is a timid person,9,1
12,Nadia,6,0,is 34 years old,10,0
12,Nadia,6,0,went to the emergency room for bruises,11,0
12,Nadia,6,0,did not seek help after the emergency room incident,12,1
12,Nadia,6,0,was scared when Franklin screamed,13,0
12,Nadia,6,0,grabbed the revolver,14,0
12,Nadia,6,0,shot Franklin with the revolver,15,1
12,Julia,7,0,studies psychology,1,0
12,Julia,7,0,is multiracial,2,0
12,Julia,7,0,is 19 years old,3,0
12,Julia,7,0,is a courteous person,4,0
12,Julia,7,0,has asthma,5,0
12,Julia,7,0,is a college student,6,0
12,Julia,7,0,can be sensitive sometimes,7,0
12,Julia,7,0,enjoys watching TV shows,8,0
12,Julia,7,0,babysits on the weekends,9,0
12,Julia,7,0,is female,10,0
12,Julia,7,0,read children's books with Benji,11,0
12,Julia,7,0,picked up her partner's call while filling the bathtub,12,1
12,Julia,7,0,felt hurt after learning about the cheating,13,0
12,Julia,7,0,left the bathroom to talk to her partner,14,1
12,Julia,7,0,sat for a few minutes after hanging up,15,0
12,Melvin,8,1,grows corn,1,0
12,Melvin,8,1,has high blood pressure,2,0
12,Melvin,8,1,is White,3,0
12,Melvin,8,1,is 45 years old,4,0
12,Melvin,8,1,is male,5,0
12,Melvin,8,1,grows hay,6,0
12,Melvin,8,1,enjoys listening to rock music,7,0
12,Melvin,8,1,is a farmer,8,0
12,Melvin,8,1,has a cheerful personality,9,0
12,Melvin,8,1,can be stingy sometimes,10,0
12,Melvin,8,1,built his barn near the border with Vincent's property,11,1
12,Melvin,8,1,was concerned with hayfires,12,0
12,Melvin,8,1,considered buying hay-drying equipment,13,0
12,Melvin,8,1,met with consultants,14,0
12,Melvin,8,1,decided not to buy hay-drying equipment,15,0
12,Flora,9,1,is a counselor,1,0
12,Flora,9,1,composes music in her free time,2,0
12,Flora,9,1,is female,3,0
12,Flora,9,1,is legally blind,4,0
12,Flora,9,1,enjoys gardening,5,0
12,Flora,9,1,is Asian,6,0
12,Flora,9,1,is an early riser,7,0
12,Flora,9,1,is 32 years old,8,0
12,Flora,9,1,is an empathetic person,9,0
12,Flora,9,1,uses a white cane to guide herself,10,0
12,Flora,9,1,went to a neighbor's house for dinner,11,0
12,Flora,9,1,used her white cane while walking home,12,0
12,Flora,9,1,did not call for help,13,1
12,Flora,9,1,her white cane slipped between Paul's legs,14,1
12,Flora,9,1,stepped on Paul's torso,15,1
12,Ava,10,1,regularly drinks coffee,1,0
12,Ava,10,1,enjoys going to music concerts,2,0
12,Ava,10,1,is Native American,3,0
12,Ava,10,1,is a compassionate person,4,0
12,Ava,10,1,is female,5,0
12,Ava,10,1,is 26 years old,6,0
12,Ava,10,1,has been friends with Peter for many years,7,0
12,Ava,10,1,has a peanut allergy,8,0
12,Ava,10,1,is an artist,9,0
12,Ava,10,1,often drives Peter to appointments and errands,10,0
12,Ava,10,1,did her annual car maintenance,11,0
12,Ava,10,1,drove under the speed limit,12,0
12,Ava,10,1,listened to the radio while driving,13,0
12,Ava,10,1,was startled by the deer,14,0
12,Ava,10,1,slammed the brakes after seeing the deer,15,1
12,Chris,11,1,admires his father,1,0
12,Chris,11,1,is a picky eater,2,0
12,Chris,11,1,has an average IQ,3,0
12,Chris,11,1,has a curious personality,4,1
12,Chris,11,1,weighs 70 lbs,5,0
12,Chris,11,1,is male,6,0
12,Chris,11,1,is 10 years old,7,0
12,Chris,11,1,enjoys playing hide-and-seek,8,0
12,Chris,11,1,is White,9,0
12,Chris,11,1,enjoys swimming,10,0
12,Chris,11,1,invited friends over to play,11,0
12,Chris,11,1,hid in the hall closet,12,1
12,Chris,11,1,found the key in his father's jacket pocket,13,1
12,Chris,11,1,opened the gun cabinet with the key,14,1
12,Chris,11,1,picked up a pistol to play with,15,1
13,Melvin,1,1,enjoys listening to rock music,1,0
13,Melvin,1,1,has high blood pressure,2,0
13,Melvin,1,1,grows hay,3,0
13,Melvin,1,1,can be stingy sometimes,4,0
13,Melvin,1,1,is White,5,0
13,Melvin,1,1,has a cheerful personality,6,0
13,Melvin,1,1,is male,7,0
13,Melvin,1,1,grows corn,8,0
13,Melvin,1,1,is a farmer,9,0
13,Melvin,1,1,is 45 years old,10,0
13,Melvin,1,1,built his barn near the border with Vincent's property,11,0
13,Melvin,1,1,was concerned with hayfires,12,0
13,Melvin,1,1,considered buying hay-drying equipment,13,0
13,Melvin,1,1,met with consultants,14,0
13,Melvin,1,1,decided not to buy hay-drying equipment,15,1
13,Ava,2,1,is an artist,1,0
13,Ava,2,1,is Native American,2,0
13,Ava,2,1,often drives Peter to appointments and errands,3,0
13,Ava,2,1,regularly drinks coffee,4,0
13,Ava,2,1,is a compassionate person,5,0
13,Ava,2,1,has been friends with Peter for many years,6,0
13,Ava,2,1,is female,7,0
13,Ava,2,1,has a peanut allergy,8,0
13,Ava,2,1,is 26 years old,9,0
13,Ava,2,1,enjoys going to music concerts,10,0
13,Ava,2,1,did her annual car maintenance,11,0
13,Ava,2,1,drove under the speed limit,12,0
13,Ava,2,1,listened to the radio while driving,13,0
13,Ava,2,1,was startled by the deer,14,1
13,Ava,2,1,slammed the brakes after seeing the deer,15,0
13,Chris,3,1,admires his father,1,0
13,Chris,3,1,enjoys swimming,2,0
13,Chris,3,1,is 10 years old,3,0
13,Chris,3,1,is White,4,0
13,Chris,3,1,has an average IQ,5,0
13,Chris,3,1,enjoys playing hide-and-seek,6,0
13,Chris,3,1,has a curious personality,7,0
13,Chris,3,1,is male,8,0
13,Chris,3,1,weighs 70 lbs,9,0
13,Chris,3,1,is a picky eater,10,0
13,Chris,3,1,invited friends over to play,11,0
13,Chris,3,1,hid in the hall closet,12,0
13,Chris,3,1,found the key in his father's jacket pocket,13,1
13,Chris,3,1,opened the gun cabinet with the key,14,1
13,Chris,3,1,picked up a pistol to play with,15,1
13,Tristan,4,1,is Black,1,0
13,Tristan,4,1,is Christian,2,0
13,Tristan,4,1,is 43 years old,3,0
13,Tristan,4,1,is male,4,0
13,Tristan,4,1,can be impatient sometimes,5,1
13,Tristan,4,1,is extroverted and outgoing,6,0
13,Tristan,4,1,enjoys listening to country music,7,0
13,Tristan,4,1,can be opinionated sometimes,8,0
13,Tristan,4,1,has worked for over ten years at the same hospital,9,0
13,Tristan,4,1,is a cardiologist,10,0
13,Tristan,4,1,reviewed Annie's medical history and symptoms,11,0
13,Tristan,4,1,checked Annie's vitals,12,0
13,Tristan,4,1,ordered Annie an electrocardiogram (ECG/EKG),13,0
13,Tristan,4,1,did not order any other heart tests,14,1
13,Tristan,4,1,did not order a mammogram,15,0
13,Nadia,5,0,is female,1,0
13,Nadia,5,0,is an organized person,2,0
13,Nadia,5,0,collects vinyl records,3,0
13,Nadia,5,0,is White,4,0
13,Nadia,5,0,is a timid person,5,0
13,Nadia,5,0,enjoys oil painting,6,0
13,Nadia,5,0,is a software engineer,7,0
13,Nadia,5,0,attended couples therapy years ago,8,0
13,Nadia,5,0,has red hair,9,0
13,Nadia,5,0,is 34 years old,10,0
13,Nadia,5,0,went to the emergency room for bruises,11,0
13,Nadia,5,0,did not seek help after the emergency room incident,12,1
13,Nadia,5,0,was scared when Franklin screamed,13,0
13,Nadia,5,0,grabbed the revolver,14,1
13,Nadia,5,0,shot Franklin with the revolver,15,1
13,Alfred,6,1,is patriotic,1,0
13,Alfred,6,1,enjoys Italian cuisine,2,0
13,Alfred,6,1,is male,3,0
13,Alfred,6,1,lives alone,4,0
13,Alfred,6,1,is 68 years old,5,0
13,Alfred,6,1,is White,6,0
13,Alfred,6,1,is a veteran,7,0
13,Alfred,6,1,has PTSD,8,1
13,Alfred,6,1,has a calm personality,9,0
13,Alfred,6,1,enjoys fishing,10,0
13,Alfred,6,1,took the subway home,11,1
13,Alfred,6,1,was quiet on the subway,12,0
13,Alfred,6,1,got off at the same stop as Oliver,13,0
13,Alfred,6,1,heard loud drilling and yelling from the construction above,14,1
13,Alfred,6,1,physically attacked Oliver,15,1
13,Darla,7,0,has worked with Pamela for many years,1,0
13,Darla,7,0,is 32 years old,2,0
13,Darla,7,0,is female,3,0
13,Darla,7,0,is Black,4,0
13,Darla,7,0,has an absent-minded personality,5,1
13,Darla,7,0,enjoys cooking,6,0
13,Darla,7,0,has a laid-back personality,7,0
13,Darla,7,0,is nearsighted,8,0
13,Darla,7,0,runs a home daycare business,9,0
13,Darla,7,0,communicates and interacts well with children,10,0
13,Darla,7,0,lives in a tornado-affected area,11,1
13,Darla,7,0,played games with the children,12,0
13,Darla,7,0,played loud upbeat music with the children,13,1
13,Darla,7,0,focused on the children,14,0
13,Darla,7,0,did not hear the tornado sirens,15,1
13,Edward,8,1,enjoys reading science fiction,1,0
13,Edward,8,1,is a studious person,2,0
13,Edward,8,1,is White,3,0
13,Edward,8,1,is a clinical research assistant,4,0
13,Edward,8,1,enjoys browsing Twitter,5,0
13,Edward,8,1,is an experienced driver,6,0
13,Edward,8,1,is an ambitious person,7,0
13,Edward,8,1,is single,8,0
13,Edward,8,1,is male,9,0
13,Edward,8,1,is 24 years old,10,0
13,Edward,8,1,did not mute phone notifications while driving,11,0
13,Edward,8,1,was not speeding,12,0
13,Edward,8,1,checked that there were no other cars nearby,13,0
13,Edward,8,1,took a peek at the text,14,1
13,Edward,8,1,veered into the cyclist while reading the text,15,1
13,Julia,9,0,is 19 years old,1,0
13,Julia,9,0,is a college student,2,0
13,Julia,9,0,is multiracial,3,0
13,Julia,9,0,can be sensitive sometimes,4,0
13,Julia,9,0,studies psychology,5,0
13,Julia,9,0,babysits on the weekends,6,0
13,Julia,9,0,enjoys watching TV shows,7,0
13,Julia,9,0,has asthma,8,0
13,Julia,9,0,is female,9,0
13,Julia,9,0,is a courteous person,10,0
13,Julia,9,0,read children's books with Benji,11,0
13,Julia,9,0,picked up her partner's call while filling the bathtub,12,0
13,Julia,9,0,felt hurt after learning about the cheating,13,0
13,Julia,9,0,left the bathroom to talk to her partner,14,1
13,Julia,9,0,sat for a few minutes after hanging up,15,0
13,Flora,10,1,is an empathetic person,1,0
13,Flora,10,1,is legally blind,2,0
13,Flora,10,1,composes music in her free time,3,0
13,Flora,10,1,is an early riser,4,0
13,Flora,10,1,uses a white cane to guide herself,5,0
13,Flora,10,1,is a counselor,6,0
13,Flora,10,1,enjoys gardening,7,0
13,Flora,10,1,is female,8,0
13,Flora,10,1,is Asian,9,0
13,Flora,10,1,is 32 years old,10,0
13,Flora,10,1,went to a neighbor's house for dinner,11,0
13,Flora,10,1,used her white cane while walking home,12,0
13,Flora,10,1,did not call for help,13,1
13,Flora,10,1,her white cane slipped between Paul's legs,14,1
13,Flora,10,1,stepped on Paul's torso,15,1
13,Qian,11,0,is male,1,0
13,Qian,11,0,does not smoke,2,0
13,Qian,11,0,can be stubborn sometimes,3,0
13,Qian,11,0,is a restaurant waiter,4,0
13,Qian,11,0,enjoys watching sports,5,0
13,Qian,11,0,is hard-working,6,0
13,Qian,11,0,is Asian,7,0
13,Qian,11,0,has a humorous personality,8,0
13,Qian,11,0,is 27 years old,9,0
13,Qian,11,0,enjoys jazz music,10,0
13,Qian,11,0,hung out at the local bar with cousins,11,0
13,Qian,11,0,had several drinks over the course of two hours,12,0
13,Qian,11,0,was angered by Wilson's comments,13,0
13,Qian,11,0,did not talk back to Wilson,14,0
13,Qian,11,0,pushed Wilson to the ground,15,1
14,Flora,1,1,is legally blind,1,1
14,Flora,1,1,composes music in her free time,2,0
14,Flora,1,1,is an empathetic person,3,0
14,Flora,1,1,is a counselor,4,0
14,Flora,1,1,is 32 years old,5,0
14,Flora,1,1,enjoys gardening,6,0
14,Flora,1,1,is female,7,0
14,Flora,1,1,is an early riser,8,0
14,Flora,1,1,uses a white cane to guide herself,9,1
14,Flora,1,1,is Asian,10,0
14,Flora,1,1,went to a neighbor's house for dinner,11,0
14,Flora,1,1,used her white cane while walking home,12,1
14,Flora,1,1,did not call for help,13,0
14,Flora,1,1,her white cane slipped between Paul's legs,14,0
14,Flora,1,1,stepped on Paul's torso,15,1
14,Qian,2,0,is 27 years old,1,0
14,Qian,2,0,has a humorous personality,2,0
14,Qian,2,0,is hard-working,3,0
14,Qian,2,0,enjoys jazz music,4,0
14,Qian,2,0,does not smoke,5,0
14,Qian,2,0,is Asian,6,0
14,Qian,2,0,is a restaurant waiter,7,0
14,Qian,2,0,enjoys watching sports,8,0
14,Qian,2,0,can be stubborn sometimes,9,0
14,Qian,2,0,is male,10,0
14,Qian,2,0,hung out at the local bar with cousins,11,1
14,Qian,2,0,had several drinks over the course of two hours,12,0
14,Qian,2,0,was angered by Wilson's comments,13,1
14,Qian,2,0,did not talk back to Wilson,14,0
14,Qian,2,0,pushed Wilson to the ground,15,1
14,Alfred,3,1,enjoys Italian cuisine,1,0
14,Alfred,3,1,has PTSD,2,1
14,Alfred,3,1,is White,3,0
14,Alfred,3,1,enjoys fishing,4,0
14,Alfred,3,1,is a veteran,5,1
14,Alfred,3,1,lives alone,6,0
14,Alfred,3,1,is patriotic,7,0
14,Alfred,3,1,is male,8,0
14,Alfred,3,1,has a calm personality,9,0
14,Alfred,3,1,is 68 years old,10,0
14,Alfred,3,1,took the subway home,11,1
14,Alfred,3,1,was quiet on the subway,12,0
14,Alfred,3,1,got off at the same stop as Oliver,13,1
14,Alfred,3,1,heard loud drilling and yelling from the construction above,14,1
14,Alfred,3,1,physically attacked Oliver,15,1
14,Darla,4,0,communicates and interacts well with children,1,0
14,Darla,4,0,is female,2,0
14,Darla,4,0,is Black,3,0
14,Darla,4,0,runs a home daycare business,4,1
14,Darla,4,0,enjoys cooking,5,0
14,Darla,4,0,has an absent-minded personality,6,0
14,Darla,4,0,has a laid-back personality,7,0
14,Darla,4,0,is nearsighted,8,0
14,Darla,4,0,has worked with Pamela for many years,9,0
14,Darla,4,0,is 32 years old,10,0
14,Darla,4,0,lives in a tornado-affected area,11,1
14,Darla,4,0,played games with the children,12,0
14,Darla,4,0,played loud upbeat music with the children,13,1
14,Darla,4,0,focused on the children,14,0
14,Darla,4,0,did not hear the tornado sirens,15,1
14,Edward,5,1,is White,1,0
14,Edward,5,1,is an ambitious person,2,0
14,Edward,5,1,enjoys browsing Twitter,3,0
14,Edward,5,1,is male,4,0
14,Edward,5,1,is single,5,0
14,Edward,5,1,is an experienced driver,6,0
14,Edward,5,1,is 24 years old,7,0
14,Edward,5,1,is a studious person,8,0
14,Edward,5,1,is a clinical research assistant,9,0
14,Edward,5,1,enjoys reading science fiction,10,0
14,Edward,5,1,did not mute phone notifications while driving,11,1
14,Edward,5,1,was not speeding,12,0
14,Edward,5,1,checked that there were no other cars nearby,13,0
14,Edward,5,1,took a peek at the text,14,1
14,Edward,5,1,veered into the cyclist while reading the text,15,1
14,Nadia,6,0,is 34 years old,1,0
14,Nadia,6,0,collects vinyl records,2,0
14,Nadia,6,0,is a software engineer,3,0
14,Nadia,6,0,is a timid person,4,0
14,Nadia,6,0,is female,5,0
14,Nadia,6,0,has red hair,6,0
14,Nadia,6,0,is an organized person,7,0
14,Nadia,6,0,attended couples therapy years ago,8,0
14,Nadia,6,0,enjoys oil painting,9,0
14,Nadia,6,0,is White,10,0
14,Nadia,6,0,went to the emergency room for bruises,11,0
14,Nadia,6,0,did not seek help after the emergency room incident,12,1
14,Nadia,6,0,was scared when Franklin screamed,13,0
14,Nadia,6,0,grabbed the revolver,14,1
14,Nadia,6,0,shot Franklin with the revolver,15,1
14,Melvin,7,1,enjoys listening to rock music,1,0
14,Melvin,7,1,can be stingy sometimes,2,0
14,Melvin,7,1,grows hay,3,1
14,Melvin,7,1,is White,4,0
14,Melvin,7,1,is male,5,0
14,Melvin,7,1,has high blood pressure,6,0
14,Melvin,7,1,is 45 years old,7,0
14,Melvin,7,1,is a farmer,8,1
14,Melvin,7,1,grows corn,9,0
14,Melvin,7,1,has a cheerful personality,10,0
14,Melvin,7,1,built his barn near the border with Vincent's property,11,1
14,Melvin,7,1,was concerned with hayfires,12,0
14,Melvin,7,1,considered buying hay-drying equipment,13,0
14,Melvin,7,1,met with consultants,14,0
14,Melvin,7,1,decided not to buy hay-drying equipment,15,1
14,Ava,8,1,is a compassionate person,1,0
14,Ava,8,1,is female,2,0
14,Ava,8,1,is 26 years old,3,0
14,Ava,8,1,is Native American,4,0
14,Ava,8,1,is an artist,5,0
14,Ava,8,1,regularly drinks coffee,6,0
14,Ava,8,1,often drives Peter to appointments and errands,7,1
14,Ava,8,1,enjoys going to music concerts,8,0
14,Ava,8,1,has been friends with Peter for many years,9,0
14,Ava,8,1,has a peanut allergy,10,0
14,Ava,8,1,did her annual car maintenance,11,0
14,Ava,8,1,drove under the speed limit,12,0
14,Ava,8,1,listened to the radio while driving,13,0
14,Ava,8,1,was startled by the deer,14,0
14,Ava,8,1,slammed the brakes after seeing the deer,15,1
14,Chris,9,1,has an average IQ,1,0
14,Chris,9,1,enjoys swimming,2,0
14,Chris,9,1,is 10 years old,3,0
14,Chris,9,1,enjoys playing hide-and-seek,4,1
14,Chris,9,1,is a picky eater,5,0
14,Chris,9,1,is male,6,0
14,Chris,9,1,has a curious personality,7,0
14,Chris,9,1,admires his father,8,0
14,Chris,9,1,weighs 70 lbs,9,0
14,Chris,9,1,is White,10,0
14,Chris,9,1,invited friends over to play,11,1
14,Chris,9,1,hid in the hall closet,12,1
14,Chris,9,1,found the key in his father's jacket pocket,13,1
14,Chris,9,1,opened the gun cabinet with the key,14,1
14,Chris,9,1,picked up a pistol to play with,15,1
14,Julia,10,0,studies psychology,1,0
14,Julia,10,0,is female,2,0
14,Julia,10,0,babysits on the weekends,3,1
14,Julia,10,0,is multiracial,4,0
14,Julia,10,0,is a college student,5,0
14,Julia,10,0,has asthma,6,0
14,Julia,10,0,enjoys watching TV shows,7,0
14,Julia,10,0,is a courteous person,8,0
14,Julia,10,0,is 19 years old,9,0
14,Julia,10,0,can be sensitive sometimes,10,0
14,Julia,10,0,read children's books with Benji,11,0
14,Julia,10,0,picked up her partner's call while filling the bathtub,12,1
14,Julia,10,0,felt hurt after learning about the cheating,13,0
14,Julia,10,0,left the bathroom to talk to her partner,14,1
14,Julia,10,0,sat for a few minutes after hanging up,15,1
14,Tristan,11,1,is a cardiologist,1,1
14,Tristan,11,1,is extroverted and outgoing,2,0
14,Tristan,11,1,can be impatient sometimes,3,0
14,Tristan,11,1,has worked for over ten years at the same hospital,4,0
14,Tristan,11,1,is 43 years old,5,0
14,Tristan,11,1,can be opinionated sometimes,6,0
14,Tristan,11,1,is Black,7,0
14,Tristan,11,1,is Christian,8,0
14,Tristan,11,1,enjoys listening to country music,9,0
14,Tristan,11,1,is male,10,0
14,Tristan,11,1,reviewed Annie's medical history and symptoms,11,0
14,Tristan,11,1,checked Annie's vitals,12,0
14,Tristan,11,1,ordered Annie an electrocardiogram (ECG/EKG),13,0
14,Tristan,11,1,did not order any other heart tests,14,1
14,Tristan,11,1,did not order a mammogram,15,0
15,Chris,1,1,has a curious personality,1,0
15,Chris,1,1,enjoys playing hide-and-seek,2,0
15,Chris,1,1,weighs 70 lbs,3,0
15,Chris,1,1,enjoys swimming,4,0
15,Chris,1,1,has an average IQ,5,0
15,Chris,1,1,is White,6,0
15,Chris,1,1,is a picky eater,7,0
15,Chris,1,1,is 10 years old,8,0
15,Chris,1,1,admires his father,9,0
15,Chris,1,1,is male,10,0
15,Chris,1,1,invited friends over to play,11,1
15,Chris,1,1,hid in the hall closet,12,1
15,Chris,1,1,found the key in his father's jacket pocket,13,1
15,Chris,1,1,opened the gun cabinet with the key,14,1
15,Chris,1,1,picked up a pistol to play with,15,1
15,Flora,2,1,is a counselor,1,0
15,Flora,2,1,is an early riser,2,0
15,Flora,2,1,is an empathetic person,3,0
15,Flora,2,1,is female,4,0
15,Flora,2,1,is 32 years old,5,0
15,Flora,2,1,is legally blind,6,1
15,Flora,2,1,is Asian,7,0
15,Flora,2,1,enjoys gardening,8,0
15,Flora,2,1,uses a white cane to guide herself,9,0
15,Flora,2,1,composes music in her free time,10,0
15,Flora,2,1,went to a neighbor's house for dinner,11,0
15,Flora,2,1,used her white cane while walking home,12,0
15,Flora,2,1,did not call for help,13,1
15,Flora,2,1,her white cane slipped between Paul's legs,14,1
15,Flora,2,1,stepped on Paul's torso,15,1
15,Edward,3,1,is 24 years old,1,0
15,Edward,3,1,is an ambitious person,2,0
15,Edward,3,1,is a studious person,3,0
15,Edward,3,1,is a clinical research assistant,4,0
15,Edward,3,1,is an experienced driver,5,0
15,Edward,3,1,is White,6,0
15,Edward,3,1,is male,7,0
15,Edward,3,1,enjoys browsing Twitter,8,0
15,Edward,3,1,enjoys reading science fiction,9,0
15,Edward,3,1,is single,10,0
15,Edward,3,1,did not mute phone notifications while driving,11,1
15,Edward,3,1,was not speeding,12,0
15,Edward,3,1,checked that there were no other cars nearby,13,0
15,Edward,3,1,took a peek at the text,14,1
15,Edward,3,1,veered into the cyclist while reading the text,15,1
15,Nadia,4,0,is White,1,0
15,Nadia,4,0,is a timid person,2,0
15,Nadia,4,0,is female,3,0
15,Nadia,4,0,is 34 years old,4,0
15,Nadia,4,0,is a software engineer,5,0
15,Nadia,4,0,enjoys oil painting,6,0
15,Nadia,4,0,collects vinyl records,7,0
15,Nadia,4,0,has red hair,8,0
15,Nadia,4,0,attended couples therapy years ago,9,0
15,Nadia,4,0,is an organized person,10,0
15,Nadia,4,0,went to the emergency room for bruises,11,0
15,Nadia,4,0,did not seek help after the emergency room incident,12,1
15,Nadia,4,0,was scared when Franklin screamed,13,0
15,Nadia,4,0,grabbed the revolver,14,0
15,Nadia,4,0,shot Franklin with the revolver,15,0
15,Darla,5,0,has a laid-back personality,1,0
15,Darla,5,0,has an absent-minded personality,2,0
15,Darla,5,0,runs a home daycare business,3,0
15,Darla,5,0,communicates and interacts well with children,4,0
15,Darla,5,0,is female,5,0
15,Darla,5,0,has worked with Pamela for many years,6,0
15,Darla,5,0,is 32 years old,7,0
15,Darla,5,0,enjoys cooking,8,0
15,Darla,5,0,is nearsighted,9,0
15,Darla,5,0,is Black,10,0
15,Darla,5,0,lives in a tornado-affected area,11,1
15,Darla,5,0,played games with the children,12,0
15,Darla,5,0,played loud upbeat music with the children,13,0
15,Darla,5,0,focused on the children,14,0
15,Darla,5,0,did not hear the tornado sirens,15,1
15,Julia,6,0,has asthma,1,0
15,Julia,6,0,babysits on the weekends,2,0
15,Julia,6,0,is multiracial,3,0
15,Julia,6,0,can be sensitive sometimes,4,0
15,Julia,6,0,is a courteous person,5,0
15,Julia,6,0,enjoys watching TV shows,6,0
15,Julia,6,0,is 19 years old,7,0
15,Julia,6,0,is female,8,0
15,Julia,6,0,is a college student,9,0
15,Julia,6,0,studies psychology,10,0
15,Julia,6,0,read children's books with Benji,11,0
15,Julia,6,0,picked up her partner's call while filling the bathtub,12,1
15,Julia,6,0,felt hurt after learning about the cheating,13,0
15,Julia,6,0,left the bathroom to talk to her partner,14,1
15,Julia,6,0,sat for a few minutes after hanging up,15,1
15,Tristan,7,1,can be opinionated sometimes,1,0
15,Tristan,7,1,enjoys listening to country music,2,0
15,Tristan,7,1,is a cardiologist,3,0
15,Tristan,7,1,is 43 years old,4,0
15,Tristan,7,1,has worked for over ten years at the same hospital,5,0
15,Tristan,7,1,is male,6,0
15,Tristan,7,1,is Black,7,0
15,Tristan,7,1,can be impatient sometimes,8,1
15,Tristan,7,1,is Christian,9,0
15,Tristan,7,1,is extroverted and outgoing,10,0
15,Tristan,7,1,reviewed Annie's medical history and symptoms,11,0
15,Tristan,7,1,checked Annie's vitals,12,0
15,Tristan,7,1,ordered Annie an electrocardiogram (ECG/EKG),13,0
15,Tristan,7,1,did not order any other heart tests,14,1
15,Tristan,7,1,did not order a mammogram,15,1
15,Melvin,8,1,is White,1,0
15,Melvin,8,1,is male,2,0
15,Melvin,8,1,can be stingy sometimes,3,1
15,Melvin,8,1,enjoys listening to rock music,4,0
15,Melvin,8,1,is 45 years old,5,0
15,Melvin,8,1,has a cheerful personality,6,0
15,Melvin,8,1,grows corn,7,0
15,Melvin,8,1,has high blood pressure,8,0
15,Melvin,8,1,is a farmer,9,0
15,Melvin,8,1,grows hay,10,0
15,Melvin,8,1,built his barn near the border with Vincent's property,11,1
15,Melvin,8,1,was concerned with hayfires,12,0
15,Melvin,8,1,considered buying hay-drying equipment,13,0
15,Melvin,8,1,met with consultants,14,0
15,Melvin,8,1,decided not to buy hay-drying equipment,15,1
15,Qian,9,0,is Asian,1,0
15,Qian,9,0,is hard-working,2,0
15,Qian,9,0,does not smoke,3,0
15,Qian,9,0,is 27 years old,4,0
15,Qian,9,0,enjoys watching sports,5,0
15,Qian,9,0,has a humorous personality,6,0
15,Qian,9,0,is male,7,0
15,Qian,9,0,is a restaurant waiter,8,0
15,Qian,9,0,enjoys jazz music,9,0
15,Qian,9,0,can be stubborn sometimes,10,0
15,Qian,9,0,hung out at the local bar with cousins,11,0
15,Qian,9,0,had several drinks over the course of two hours,12,0
15,Qian,9,0,was angered by Wilson's comments,13,0
15,Qian,9,0,did not talk back to Wilson,14,0
15,Qian,9,0,pushed Wilson to the ground,15,1
15,Alfred,10,1,is a veteran,1,1
15,Alfred,10,1,has a calm personality,2,0
15,Alfred,10,1,lives alone,3,0
15,Alfred,10,1,has PTSD,4,1
15,Alfred,10,1,is patriotic,5,0
15,Alfred,10,1,is male,6,0
15,Alfred,10,1,enjoys Italian cuisine,7,0
15,Alfred,10,1,is 68 years old,8,0
15,Alfred,10,1,enjoys fishing,9,0
15,Alfred,10,1,is White,10,0
15,Alfred,10,1,took the subway home,11,0
15,Alfred,10,1,was quiet on the subway,12,0
15,Alfred,10,1,got off at the same stop as Oliver,13,1
15,Alfred,10,1,heard loud drilling and yelling from the construction above,14,1
15,Alfred,10,1,physically attacked Oliver,15,1
15,Ava,11,1,is a compassionate person,1,0
15,Ava,11,1,has a peanut allergy,2,0
15,Ava,11,1,is female,3,0
15,Ava,11,1,is Native American,4,0
15,Ava,11,1,has been friends with Peter for many years,5,0
15,Ava,11,1,regularly drinks coffee,6,0
15,Ava,11,1,is an artist,7,0
15,Ava,11,1,often drives Peter to appointments and errands,8,0
15,Ava,11,1,is 26 years old,9,0
15,Ava,11,1,enjoys going to music concerts,10,0
15,Ava,11,1,did her annual car maintenance,11,0
15,Ava,11,1,drove under the speed limit,12,0
15,Ava,11,1,listened to the radio while driving,13,0
15,Ava,11,1,was startled by the deer,14,1
15,Ava,11,1,slammed the brakes after seeing the deer,15,1
16,Flora,1,1,is female,1,0
16,Flora,1,1,uses a white cane to guide herself,2,0
16,Flora,1,1,enjoys gardening,3,0
16,Flora,1,1,is legally blind,4,0
16,Flora,1,1,composes music in her free time,5,0
16,Flora,1,1,is 32 years old,6,0
16,Flora,1,1,is a counselor,7,0
16,Flora,1,1,is an early riser,8,0
16,Flora,1,1,is an empathetic person,9,0
16,Flora,1,1,is Asian,10,0
16,Flora,1,1,went to a neighbor's house for dinner,11,0
16,Flora,1,1,used her white cane while walking home,12,0
16,Flora,1,1,did not call for help,13,0
16,Flora,1,1,her white cane slipped between Paul's legs,14,1
16,Flora,1,1,stepped on Paul's torso,15,1
16,Julia,2,0,is a college student,1,0
16,Julia,2,0,is a courteous person,2,0
16,Julia,2,0,is multiracial,3,0
16,Julia,2,0,studies psychology,4,0
16,Julia,2,0,babysits on the weekends,5,1
16,Julia,2,0,has asthma,6,0
16,Julia,2,0,enjoys watching TV shows,7,0
16,Julia,2,0,is female,8,0
16,Julia,2,0,is 19 years old,9,0
16,Julia,2,0,can be sensitive sometimes,10,0
16,Julia,2,0,read children's books with Benji,11,0
16,Julia,2,0,picked up her partner's call while filling the bathtub,12,1
16,Julia,2,0,felt hurt after learning about the cheating,13,0
16,Julia,2,0,left the bathroom to talk to her partner,14,1
16,Julia,2,0,sat for a few minutes after hanging up,15,1
16,Alfred,3,1,is 68 years old,1,0
16,Alfred,3,1,is a veteran,2,0
16,Alfred,3,1,has a calm personality,3,0
16,Alfred,3,1,enjoys Italian cuisine,4,0
16,Alfred,3,1,lives alone,5,0
16,Alfred,3,1,enjoys fishing,6,0
16,Alfred,3,1,is male,7,0
16,Alfred,3,1,has PTSD,8,0
16,Alfred,3,1,is patriotic,9,0
16,Alfred,3,1,is White,10,0
16,Alfred,3,1,took the subway home,11,0
16,Alfred,3,1,was quiet on the subway,12,1
16,Alfred,3,1,got off at the same stop as Oliver,13,0
16,Alfred,3,1,heard loud drilling and yelling from the construction above,14,1
16,Alfred,3,1,physically attacked Oliver,15,1
16,Qian,4,0,enjoys jazz music,1,0
16,Qian,4,0,can be stubborn sometimes,2,0
16,Qian,4,0,is a restaurant waiter,3,0
16,Qian,4,0,is 27 years old,4,0
16,Qian,4,0,is Asian,5,0
16,Qian,4,0,does not smoke,6,0
16,Qian,4,0,enjoys watching sports,7,0
16,Qian,4,0,is male,8,0
16,Qian,4,0,has a humorous personality,9,0
16,Qian,4,0,is hard-working,10,0
16,Qian,4,0,hung out at the local bar with cousins,11,0
16,Qian,4,0,had several drinks over the course of two hours,12,0
16,Qian,4,0,was angered by Wilson's comments,13,0
16,Qian,4,0,did not talk back to Wilson,14,0
16,Qian,4,0,pushed Wilson to the ground,15,1
16,Tristan,5,1,is Christian,1,0
16,Tristan,5,1,is Black,2,0
16,Tristan,5,1,is male,3,0
16,Tristan,5,1,can be impatient sometimes,4,0
16,Tristan,5,1,is 43 years old,5,0
16,Tristan,5,1,has worked for over ten years at the same hospital,6,0
16,Tristan,5,1,is a cardiologist,7,0
16,Tristan,5,1,can be opinionated sometimes,8,0
16,Tristan,5,1,is extroverted and outgoing,9,0
16,Tristan,5,1,enjoys listening to country music,10,0
16,Tristan,5,1,reviewed Annie's medical history and symptoms,11,1
16,Tristan,5,1,checked Annie's vitals,12,1
16,Tristan,5,1,ordered Annie an electrocardiogram (ECG/EKG),13,0
16,Tristan,5,1,did not order any other heart tests,14,0
16,Tristan,5,1,did not order a mammogram,15,0
16,Melvin,6,1,is White,1,0
16,Melvin,6,1,grows hay,2,0
16,Melvin,6,1,has high blood pressure,3,0
16,Melvin,6,1,can be stingy sometimes,4,0
16,Melvin,6,1,is a farmer,5,0
16,Melvin,6,1,has a cheerful personality,6,0
16,Melvin,6,1,is 45 years old,7,0
16,Melvin,6,1,is male,8,0
16,Melvin,6,1,grows corn,9,0
16,Melvin,6,1,enjoys listening to rock music,10,0
16,Melvin,6,1,built his barn near the border with Vincent's property,11,0
16,Melvin,6,1,was concerned with hayfires,12,0
16,Melvin,6,1,considered buying hay-drying equipment,13,0
16,Melvin,6,1,met with consultants,14,0
16,Melvin,6,1,decided not to buy hay-drying equipment,15,1
16,Darla,7,0,is 32 years old,1,0
16,Darla,7,0,has a laid-back personality,2,0
16,Darla,7,0,is female,3,0
16,Darla,7,0,runs a home daycare business,4,0
16,Darla,7,0,enjoys cooking,5,0
16,Darla,7,0,is Black,6,0
16,Darla,7,0,has an absent-minded personality,7,0
16,Darla,7,0,is nearsighted,8,0
16,Darla,7,0,has worked with Pamela for many years,9,0
16,Darla,7,0,communicates and interacts well with children,10,0
16,Darla,7,0,lives in a tornado-affected area,11,0
16,Darla,7,0,played games with the children,12,0
16,Darla,7,0,played loud upbeat music with the children,13,1
16,Darla,7,0,focused on the children,14,0
16,Darla,7,0,did not hear the tornado sirens,15,1
16,Ava,8,1,regularly drinks coffee,1,0
16,Ava,8,1,is Native American,2,0
16,Ava,8,1,enjoys going to music concerts,3,0
16,Ava,8,1,has been friends with Peter for many years,4,0
16,Ava,8,1,has a peanut allergy,5,0
16,Ava,8,1,often drives Peter to appointments and errands,6,0
16,Ava,8,1,is 26 years old,7,0
16,Ava,8,1,is a compassionate person,8,0
16,Ava,8,1,is female,9,0
16,Ava,8,1,is an artist,10,0
16,Ava,8,1,did her annual car maintenance,11,0
16,Ava,8,1,drove under the speed limit,12,0
16,Ava,8,1,listened to the radio while driving,13,0
16,Ava,8,1,was startled by the deer,14,1
16,Ava,8,1,slammed the brakes after seeing the deer,15,1
16,Nadia,9,0,attended couples therapy years ago,1,0
16,Nadia,9,0,is White,2,0
16,Nadia,9,0,is a software engineer,3,0
16,Nadia,9,0,is an organized person,4,0
16,Nadia,9,0,collects vinyl records,5,0
16,Nadia,9,0,is female,6,0
16,Nadia,9,0,is a timid person,7,0
16,Nadia,9,0,is 34 years old,8,0
16,Nadia,9,0,enjoys oil painting,9,0
16,Nadia,9,0,has red hair,10,0
16,Nadia,9,0,went to the emergency room for bruises,11,0
16,Nadia,9,0,did not seek help after the emergency room incident,12,1
16,Nadia,9,0,was scared when Franklin screamed,13,0
16,Nadia,9,0,grabbed the revolver,14,0
16,Nadia,9,0,shot Franklin with the revolver,15,0
16,Chris,10,1,is male,1,0
16,Chris,10,1,has an average IQ,2,0
16,Chris,10,1,enjoys swimming,3,0
16,Chris,10,1,has a curious personality,4,0
16,Chris,10,1,is a picky eater,5,0
16,Chris,10,1,is White,6,0
16,Chris,10,1,weighs 70 lbs,7,0
16,Chris,10,1,admires his father,8,0
16,Chris,10,1,is 10 years old,9,0
16,Chris,10,1,enjoys playing hide-and-seek,10,0
16,Chris,10,1,invited friends over to play,11,0
16,Chris,10,1,hid in the hall closet,12,0
16,Chris,10,1,found the key in his father's jacket pocket,13,1
16,Chris,10,1,opened the gun cabinet with the key,14,1
16,Chris,10,1,picked up a pistol to play with,15,0
16,Edward,11,1,is 24 years old,1,0
16,Edward,11,1,enjoys browsing Twitter,2,0
16,Edward,11,1,is a clinical research assistant,3,0
16,Edward,11,1,is White,4,0
16,Edward,11,1,is an ambitious person,5,0
16,Edward,11,1,is a studious person,6,0
16,Edward,11,1,is single,7,0
16,Edward,11,1,enjoys reading science fiction,8,0
16,Edward,11,1,is male,9,0
16,Edward,11,1,is an experienced driver,10,0
16,Edward,11,1,did not mute phone notifications while driving,11,1
16,Edward,11,1,was not speeding,12,0
16,Edward,11,1,checked that there were no other cars nearby,13,0
16,Edward,11,1,took a peek at the text,14,1
16,Edward,11,1,veered into the cyclist while reading the text,15,1
17,Darla,1,0,has an absent-minded personality,1,0
17,Darla,1,0,is 32 years old,2,0
17,Darla,1,0,is nearsighted,3,0
17,Darla,1,0,is Black,4,0
17,Darla,1,0,is female,5,0
17,Darla,1,0,has worked with Pamela for many years,6,0
17,Darla,1,0,communicates and interacts well with children,7,0
17,Darla,1,0,has a laid-back personality,8,0
17,Darla,1,0,runs a home daycare business,9,0
17,Darla,1,0,enjoys cooking,10,0
17,Darla,1,0,lives in a tornado-affected area,11,0
17,Darla,1,0,played games with the children,12,0
17,Darla,1,0,played loud upbeat music with the children,13,1
17,Darla,1,0,focused on the children,14,0
17,Darla,1,0,did not hear the tornado sirens,15,0
17,Julia,2,0,babysits on the weekends,1,0
17,Julia,2,0,can be sensitive sometimes,2,0
17,Julia,2,0,is a courteous person,3,0
17,Julia,2,0,is multiracial,4,0
17,Julia,2,0,studies psychology,5,0
17,Julia,2,0,is a college student,6,0
17,Julia,2,0,is female,7,0
17,Julia,2,0,is 19 years old,8,0
17,Julia,2,0,has asthma,9,0
17,Julia,2,0,enjoys watching TV shows,10,0
17,Julia,2,0,read children's books with Benji,11,0
17,Julia,2,0,picked up her partner's call while filling the bathtub,12,0
17,Julia,2,0,felt hurt after learning about the cheating,13,0
17,Julia,2,0,left the bathroom to talk to her partner,14,1
17,Julia,2,0,sat for a few minutes after hanging up,15,0
17,Nadia,3,0,is 34 years old,1,0
17,Nadia,3,0,collects vinyl records,2,0
17,Nadia,3,0,enjoys oil painting,3,0
17,Nadia,3,0,is a timid person,4,0
17,Nadia,3,0,is White,5,0
17,Nadia,3,0,has red hair,6,0
17,Nadia,3,0,is an organized person,7,0
17,Nadia,3,0,is female,8,0
17,Nadia,3,0,is a software engineer,9,0
17,Nadia,3,0,attended couples therapy years ago,10,0
17,Nadia,3,0,went to the emergency room for bruises,11,0
17,Nadia,3,0,did not seek help after the emergency room incident,12,1
17,Nadia,3,0,was scared when Franklin screamed,13,0
17,Nadia,3,0,grabbed the revolver,14,0
17,Nadia,3,0,shot Franklin with the revolver,15,0
17,Ava,4,1,is female,1,0
17,Ava,4,1,is 26 years old,2,0
17,Ava,4,1,is a compassionate person,3,0
17,Ava,4,1,often drives Peter to appointments and errands,4,0
17,Ava,4,1,enjoys going to music concerts,5,0
17,Ava,4,1,regularly drinks coffee,6,0
17,Ava,4,1,is Native American,7,0
17,Ava,4,1,is an artist,8,0
17,Ava,4,1,has a peanut allergy,9,0
17,Ava,4,1,has been friends with Peter for many years,10,0
17,Ava,4,1,did her annual car maintenance,11,0
17,Ava,4,1,drove under the speed limit,12,0
17,Ava,4,1,listened to the radio while driving,13,0
17,Ava,4,1,was startled by the deer,14,0
17,Ava,4,1,slammed the brakes after seeing the deer,15,1
17,Tristan,5,1,is male,1,0
17,Tristan,5,1,can be impatient sometimes,2,1
17,Tristan,5,1,is a cardiologist,3,0
17,Tristan,5,1,is extroverted and outgoing,4,0
17,Tristan,5,1,is 43 years old,5,0
17,Tristan,5,1,is Christian,6,0
17,Tristan,5,1,can be opinionated sometimes,7,0
17,Tristan,5,1,enjoys listening to country music,8,0
17,Tristan,5,1,is Black,9,0
17,Tristan,5,1,has worked for over ten years at the same hospital,10,0
17,Tristan,5,1,reviewed Annie's medical history and symptoms,11,0
17,Tristan,5,1,checked Annie's vitals,12,0
17,Tristan,5,1,ordered Annie an electrocardiogram (ECG/EKG),13,0
17,Tristan,5,1,did not order any other heart tests,14,0
17,Tristan,5,1,did not order a mammogram,15,0
17,Edward,6,1,is White,1,0
17,Edward,6,1,is a clinical research assistant,2,0
17,Edward,6,1,enjoys reading science fiction,3,0
17,Edward,6,1,is a studious person,4,0
17,Edward,6,1,is single,5,0
17,Edward,6,1,enjoys browsing Twitter,6,0
17,Edward,6,1,is an experienced driver,7,0
17,Edward,6,1,is 24 years old,8,0
17,Edward,6,1,is an ambitious person,9,0
17,Edward,6,1,is male,10,0
17,Edward,6,1,did not mute phone notifications while driving,11,0
17,Edward,6,1,was not speeding,12,0
17,Edward,6,1,checked that there were no other cars nearby,13,0
17,Edward,6,1,took a peek at the text,14,1
17,Edward,6,1,veered into the cyclist while reading the text,15,0
17,Melvin,7,1,enjoys listening to rock music,1,0
17,Melvin,7,1,is 45 years old,2,0
17,Melvin,7,1,grows corn,3,0
17,Melvin,7,1,is male,4,0
17,Melvin,7,1,is White,5,0
17,Melvin,7,1,can be stingy sometimes,6,0
17,Melvin,7,1,has high blood pressure,7,0
17,Melvin,7,1,is a farmer,8,0
17,Melvin,7,1,has a cheerful personality,9,0
17,Melvin,7,1,grows hay,10,0
17,Melvin,7,1,built his barn near the border with Vincent's property,11,0
17,Melvin,7,1,was concerned with hayfires,12,0
17,Melvin,7,1,considered buying hay-drying equipment,13,1
17,Melvin,7,1,met with consultants,14,0
17,Melvin,7,1,decided not to buy hay-drying equipment,15,0
17,Flora,8,1,is 32 years old,1,0
17,Flora,8,1,is a counselor,2,0
17,Flora,8,1,enjoys gardening,3,0
17,Flora,8,1,uses a white cane to guide herself,4,0
17,Flora,8,1,is Asian,5,0
17,Flora,8,1,is an empathetic person,6,0
17,Flora,8,1,composes music in her free time,7,0
17,Flora,8,1,is female,8,0
17,Flora,8,1,is legally blind,9,1
17,Flora,8,1,is an early riser,10,0
17,Flora,8,1,went to a neighbor's house for dinner,11,0
17,Flora,8,1,used her white cane while walking home,12,0
17,Flora,8,1,did not call for help,13,0
17,Flora,8,1,her white cane slipped between Paul's legs,14,0
17,Flora,8,1,stepped on Paul's torso,15,0
17,Alfred,9,1,is White,1,0
17,Alfred,9,1,enjoys Italian cuisine,2,0
17,Alfred,9,1,has PTSD,3,1
17,Alfred,9,1,lives alone,4,0
17,Alfred,9,1,is a veteran,5,0
17,Alfred,9,1,has a calm personality,6,0
17,Alfred,9,1,is male,7,0
17,Alfred,9,1,is 68 years old,8,0
17,Alfred,9,1,is patriotic,9,0
17,Alfred,9,1,enjoys fishing,10,0
17,Alfred,9,1,took the subway home,11,0
17,Alfred,9,1,was quiet on the subway,12,0
17,Alfred,9,1,got off at the same stop as Oliver,13,0
17,Alfred,9,1,heard loud drilling and yelling from the construction above,14,0
17,Alfred,9,1,physically attacked Oliver,15,0
17,Chris,10,1,weighs 70 lbs,1,0
17,Chris,10,1,has an average IQ,2,0
17,Chris,10,1,is male,3,0
17,Chris,10,1,enjoys swimming,4,0
17,Chris,10,1,is a picky eater,5,0
17,Chris,10,1,admires his father,6,0
17,Chris,10,1,has a curious personality,7,0
17,Chris,10,1,enjoys playing hide-and-seek,8,0
17,Chris,10,1,is 10 years old,9,0
17,Chris,10,1,is White,10,0
17,Chris,10,1,invited friends over to play,11,0
17,Chris,10,1,hid in the hall closet,12,0
17,Chris,10,1,found the key in his father's jacket pocket,13,0
17,Chris,10,1,opened the gun cabinet with the key,14,1
17,Chris,10,1,picked up a pistol to play with,15,1
17,Qian,11,0,is 27 years old,1,0
17,Qian,11,0,is male,2,0
17,Qian,11,0,enjoys jazz music,3,0
17,Qian,11,0,is hard-working,4,0
17,Qian,11,0,enjoys watching sports,5,0
17,Qian,11,0,can be stubborn sometimes,6,0
17,Qian,11,0,does not smoke,7,0
17,Qian,11,0,is Asian,8,0
17,Qian,11,0,has a humorous personality,9,0
17,Qian,11,0,is a restaurant waiter,10,0
17,Qian,11,0,hung out at the local bar with cousins,11,0
17,Qian,11,0,had several drinks over the course of two hours,12,0
17,Qian,11,0,was angered by Wilson's comments,13,1
17,Qian,11,0,did not talk back to Wilson,14,0
17,Qian,11,0,pushed Wilson to the ground,15,1
18,Nadia,1,0,has red hair,1,0
18,Nadia,1,0,is female,2,0
18,Nadia,1,0,is a software engineer,3,0
18,Nadia,1,0,is White,4,0
18,Nadia,1,0,attended couples therapy years ago,5,0
18,Nadia,1,0,is 34 years old,6,0
18,Nadia,1,0,is a timid person,7,1
18,Nadia,1,0,is an organized person,8,0
18,Nadia,1,0,collects vinyl records,9,0
18,Nadia,1,0,enjoys oil painting,10,0
18,Nadia,1,0,went to the emergency room for bruises,11,0
18,Nadia,1,0,did not seek help after the emergency room incident,12,1
18,Nadia,1,0,was scared when Franklin screamed,13,0
18,Nadia,1,0,grabbed the revolver,14,0
18,Nadia,1,0,shot Franklin with the revolver,15,0
18,Tristan,2,1,is a cardiologist,1,0
18,Tristan,2,1,can be impatient sometimes,2,0
18,Tristan,2,1,has worked for over ten years at the same hospital,3,0
18,Tristan,2,1,is male,4,0
18,Tristan,2,1,can be opinionated sometimes,5,0
18,Tristan,2,1,is 43 years old,6,0
18,Tristan,2,1,is Black,7,0
18,Tristan,2,1,enjoys listening to country music,8,0
18,Tristan,2,1,is Christian,9,0
18,Tristan,2,1,is extroverted and outgoing,10,0
18,Tristan,2,1,reviewed Annie's medical history and symptoms,11,0
18,Tristan,2,1,checked Annie's vitals,12,0
18,Tristan,2,1,ordered Annie an electrocardiogram (ECG/EKG),13,0
18,Tristan,2,1,did not order any other heart tests,14,1
18,Tristan,2,1,did not order a mammogram,15,0
18,Qian,3,0,enjoys watching sports,1,0
18,Qian,3,0,enjoys jazz music,2,0
18,Qian,3,0,is a restaurant waiter,3,0
18,Qian,3,0,is hard-working,4,0
18,Qian,3,0,is male,5,0
18,Qian,3,0,has a humorous personality,6,0
18,Qian,3,0,can be stubborn sometimes,7,0
18,Qian,3,0,does not smoke,8,0
18,Qian,3,0,is Asian,9,0
18,Qian,3,0,is 27 years old,10,0
18,Qian,3,0,hung out at the local bar with cousins,11,0
18,Qian,3,0,had several drinks over the course of two hours,12,0
18,Qian,3,0,was angered by Wilson's comments,13,1
18,Qian,3,0,did not talk back to Wilson,14,0
18,Qian,3,0,pushed Wilson to the ground,15,0
18,Melvin,4,1,is a farmer,1,0
18,Melvin,4,1,can be stingy sometimes,2,0
18,Melvin,4,1,grows corn,3,0
18,Melvin,4,1,enjoys listening to rock music,4,0
18,Melvin,4,1,has high blood pressure,5,0
18,Melvin,4,1,is male,6,0
18,Melvin,4,1,has a cheerful personality,7,0
18,Melvin,4,1,is 45 years old,8,0
18,Melvin,4,1,is White,9,0
18,Melvin,4,1,grows hay,10,0
18,Melvin,4,1,built his barn near the border with Vincent's property,11,1
18,Melvin,4,1,was concerned with hayfires,12,0
18,Melvin,4,1,considered buying hay-drying equipment,13,0
18,Melvin,4,1,met with consultants,14,0
18,Melvin,4,1,decided not to buy hay-drying equipment,15,1
18,Flora,5,1,is an empathetic person,1,0
18,Flora,5,1,is Asian,2,0
18,Flora,5,1,composes music in her free time,3,0
18,Flora,5,1,uses a white cane to guide herself,4,1
18,Flora,5,1,is female,5,0
18,Flora,5,1,is an early riser,6,0
18,Flora,5,1,is legally blind,7,0
18,Flora,5,1,is a counselor,8,0
18,Flora,5,1,enjoys gardening,9,0
18,Flora,5,1,is 32 years old,10,0
18,Flora,5,1,went to a neighbor's house for dinner,11,0
18,Flora,5,1,used her white cane while walking home,12,0
18,Flora,5,1,did not call for help,13,0
18,Flora,5,1,her white cane slipped between Paul's legs,14,0
18,Flora,5,1,stepped on Paul's torso,15,0
18,Chris,6,1,enjoys swimming,1,0
18,Chris,6,1,weighs 70 lbs,2,0
18,Chris,6,1,has a curious personality,3,0
18,Chris,6,1,is a picky eater,4,0
18,Chris,6,1,has an average IQ,5,0
18,Chris,6,1,enjoys playing hide-and-seek,6,0
18,Chris,6,1,is White,7,0
18,Chris,6,1,is male,8,0
18,Chris,6,1,admires his father,9,0
18,Chris,6,1,is 10 years old,10,0
18,Chris,6,1,invited friends over to play,11,0
18,Chris,6,1,hid in the hall closet,12,0
18,Chris,6,1,found the key in his father's jacket pocket,13,1
18,Chris,6,1,opened the gun cabinet with the key,14,1
18,Chris,6,1,picked up a pistol to play with,15,1
18,Darla,7,0,is Black,1,0
18,Darla,7,0,is 32 years old,2,0
18,Darla,7,0,has a laid-back personality,3,0
18,Darla,7,0,has worked with Pamela for many years,4,0
18,Darla,7,0,is female,5,0
18,Darla,7,0,has an absent-minded personality,6,0
18,Darla,7,0,runs a home daycare business,7,0
18,Darla,7,0,enjoys cooking,8,0
18,Darla,7,0,communicates and interacts well with children,9,0
18,Darla,7,0,is nearsighted,10,0
18,Darla,7,0,lives in a tornado-affected area,11,0
18,Darla,7,0,played games with the children,12,0
18,Darla,7,0,played loud upbeat music with the children,13,0
18,Darla,7,0,focused on the children,14,0
18,Darla,7,0,did not hear the tornado sirens,15,1
18,Ava,8,1,has been friends with Peter for many years,1,0
18,Ava,8,1,is 26 years old,2,0
18,Ava,8,1,has a peanut allergy,3,0
18,Ava,8,1,is Native American,4,0
18,Ava,8,1,is female,5,0
18,Ava,8,1,enjoys going to music concerts,6,0
18,Ava,8,1,is a compassionate person,7,0
18,Ava,8,1,often drives Peter to appointments and errands,8,0
18,Ava,8,1,regularly drinks coffee,9,0
18,Ava,8,1,is an artist,10,0
18,Ava,8,1,did her annual car maintenance,11,0
18,Ava,8,1,drove under the speed limit,12,0
18,Ava,8,1,listened to the radio while driving,13,0
18,Ava,8,1,was startled by the deer,14,1
18,Ava,8,1,slammed the brakes after seeing the deer,15,0
18,Alfred,9,1,is 68 years old,1,0
18,Alfred,9,1,is patriotic,2,0
18,Alfred,9,1,has a calm personality,3,0
18,Alfred,9,1,is a veteran,4,0
18,Alfred,9,1,has PTSD,5,1
18,Alfred,9,1,lives alone,6,0
18,Alfred,9,1,is male,7,0
18,Alfred,9,1,is White,8,0
18,Alfred,9,1,enjoys fishing,9,0
18,Alfred,9,1,enjoys Italian cuisine,10,0
18,Alfred,9,1,took the subway home,11,0
18,Alfred,9,1,was quiet on the subway,12,0
18,Alfred,9,1,got off at the same stop as Oliver,13,0
18,Alfred,9,1,heard loud drilling and yelling from the construction above,14,0
18,Alfred,9,1,physically attacked Oliver,15,1
18,Edward,10,1,is 24 years old,1,0
18,Edward,10,1,enjoys browsing Twitter,2,0
18,Edward,10,1,is male,3,0
18,Edward,10,1,is a studious person,4,0
18,Edward,10,1,is single,5,0
18,Edward,10,1,is a clinical research assistant,6,0
18,Edward,10,1,is an ambitious person,7,0
18,Edward,10,1,is White,8,0
18,Edward,10,1,is an experienced driver,9,0
18,Edward,10,1,enjoys reading science fiction,10,0
18,Edward,10,1,did not mute phone notifications while driving,11,0
18,Edward,10,1,was not speeding,12,0
18,Edward,10,1,checked that there were no other cars nearby,13,0
18,Edward,10,1,took a peek at the text,14,1
18,Edward,10,1,veered into the cyclist while reading the text,15,1
18,Julia,11,0,is multiracial,1,0
18,Julia,11,0,is 19 years old,2,0
18,Julia,11,0,is a college student,3,0
18,Julia,11,0,babysits on the weekends,4,0
18,Julia,11,0,can be sensitive sometimes,5,0
18,Julia,11,0,studies psychology,6,0
18,Julia,11,0,is female,7,0
18,Julia,11,0,has asthma,8,0
18,Julia,11,0,enjoys watching TV shows,9,0
18,Julia,11,0,is a courteous person,10,0
18,Julia,11,0,read children's books with Benji,11,0
18,Julia,11,0,picked up her partner's call while filling the bathtub,12,0
18,Julia,11,0,felt hurt after learning about the cheating,13,0
18,Julia,11,0,left the bathroom to talk to her partner,14,1
18,Julia,11,0,sat for a few minutes after hanging up,15,0
19,Flora,1,1,is Asian,1,0
19,Flora,1,1,is female,2,0
19,Flora,1,1,is 32 years old,3,0
19,Flora,1,1,enjoys gardening,4,0
19,Flora,1,1,is a counselor,5,0
19,Flora,1,1,is an early riser,6,0
19,Flora,1,1,is an empathetic person,7,0
19,Flora,1,1,composes music in her free time,8,0
19,Flora,1,1,uses a white cane to guide herself,9,0
19,Flora,1,1,is legally blind,10,1
19,Flora,1,1,went to a neighbor's house for dinner,11,0
19,Flora,1,1,used her white cane while walking home,12,0
19,Flora,1,1,did not call for help,13,0
19,Flora,1,1,her white cane slipped between Paul's legs,14,0
19,Flora,1,1,stepped on Paul's torso,15,0
19,Tristan,2,1,can be opinionated sometimes,1,0
19,Tristan,2,1,has worked for over ten years at the same hospital,2,0
19,Tristan,2,1,is Black,3,0
19,Tristan,2,1,enjoys listening to country music,4,0
19,Tristan,2,1,is a cardiologist,5,0
19,Tristan,2,1,can be impatient sometimes,6,1
19,Tristan,2,1,is Christian,7,0
19,Tristan,2,1,is male,8,0
19,Tristan,2,1,is extroverted and outgoing,9,0
19,Tristan,2,1,is 43 years old,10,0
19,Tristan,2,1,reviewed Annie's medical history and symptoms,11,0
19,Tristan,2,1,checked Annie's vitals,12,0
19,Tristan,2,1,ordered Annie an electrocardiogram (ECG/EKG),13,0
19,Tristan,2,1,did not order any other heart tests,14,0
19,Tristan,2,1,did not order a mammogram,15,0
19,Qian,3,0,is Asian,1,0
19,Qian,3,0,is male,2,0
19,Qian,3,0,has a humorous personality,3,0
19,Qian,3,0,enjoys jazz music,4,0
19,Qian,3,0,can be stubborn sometimes,5,0
19,Qian,3,0,is 27 years old,6,0
19,Qian,3,0,enjoys watching sports,7,0
19,Qian,3,0,is a restaurant waiter,8,0
19,Qian,3,0,does not smoke,9,0
19,Qian,3,0,is hard-working,10,0
19,Qian,3,0,hung out at the local bar with cousins,11,0
19,Qian,3,0,had several drinks over the course of two hours,12,0
19,Qian,3,0,was angered by Wilson's comments,13,0
19,Qian,3,0,did not talk back to Wilson,14,0
19,Qian,3,0,pushed Wilson to the ground,15,1
19,Alfred,4,1,is male,1,0
19,Alfred,4,1,enjoys Italian cuisine,2,0
19,Alfred,4,1,is a veteran,3,0
19,Alfred,4,1,has PTSD,4,1
19,Alfred,4,1,enjoys fishing,5,0
19,Alfred,4,1,is 68 years old,6,0
19,Alfred,4,1,is White,7,0
19,Alfred,4,1,has a calm personality,8,0
19,Alfred,4,1,is patriotic,9,0
19,Alfred,4,1,lives alone,10,0
19,Alfred,4,1,took the subway home,11,0
19,Alfred,4,1,was quiet on the subway,12,0
19,Alfred,4,1,got off at the same stop as Oliver,13,0
19,Alfred,4,1,heard loud drilling and yelling from the construction above,14,1
19,Alfred,4,1,physically attacked Oliver,15,0
19,Ava,5,1,is female,1,0
19,Ava,5,1,has been friends with Peter for many years,2,0
19,Ava,5,1,regularly drinks coffee,3,0
19,Ava,5,1,is a compassionate person,4,0
19,Ava,5,1,is an artist,5,0
19,Ava,5,1,is Native American,6,0
19,Ava,5,1,enjoys going to music concerts,7,0
19,Ava,5,1,is 26 years old,8,0
19,Ava,5,1,has a peanut allergy,9,0
19,Ava,5,1,often drives Peter to appointments and errands,10,0
19,Ava,5,1,did her annual car maintenance,11,0
19,Ava,5,1,drove under the speed limit,12,0
19,Ava,5,1,listened to the radio while driving,13,0
19,Ava,5,1,was startled by the deer,14,1
19,Ava,5,1,slammed the brakes after seeing the deer,15,1
19,Chris,6,1,has a curious personality,1,0
19,Chris,6,1,admires his father,2,0
19,Chris,6,1,is White,3,0
19,Chris,6,1,has an average IQ,4,0
19,Chris,6,1,enjoys swimming,5,0
19,Chris,6,1,weighs 70 lbs,6,0
19,Chris,6,1,is 10 years old,7,0
19,Chris,6,1,enjoys playing hide-and-seek,8,0
19,Chris,6,1,is male,9,0
19,Chris,6,1,is a picky eater,10,0
19,Chris,6,1,invited friends over to play,11,0
19,Chris,6,1,hid in the hall closet,12,0
19,Chris,6,1,found the key in his father's jacket pocket,13,0
19,Chris,6,1,opened the gun cabinet with the key,14,1
19,Chris,6,1,picked up a pistol to play with,15,1
19,Melvin,7,1,is male,1,0
19,Melvin,7,1,enjoys listening to rock music,2,0
19,Melvin,7,1,grows hay,3,0
19,Melvin,7,1,is a farmer,4,0
19,Melvin,7,1,is White,5,0
19,Melvin,7,1,is 45 years old,6,0
19,Melvin,7,1,has high blood pressure,7,0
19,Melvin,7,1,grows corn,8,0
19,Melvin,7,1,can be stingy sometimes,9,0
19,Melvin,7,1,has a cheerful personality,10,0
19,Melvin,7,1,built his barn near the border with Vincent's property,11,0
19,Melvin,7,1,was concerned with hayfires,12,0
19,Melvin,7,1,considered buying hay-drying equipment,13,0
19,Melvin,7,1,met with consultants,14,0
19,Melvin,7,1,decided not to buy hay-drying equipment,15,1
19,Edward,8,1,is an experienced driver,1,0
19,Edward,8,1,is a studious person,2,0
19,Edward,8,1,enjoys reading science fiction,3,0
19,Edward,8,1,is male,4,0
19,Edward,8,1,is 24 years old,5,0
19,Edward,8,1,enjoys browsing Twitter,6,0
19,Edward,8,1,is single,7,0
19,Edward,8,1,is an ambitious person,8,0
19,Edward,8,1,is a clinical research assistant,9,0
19,Edward,8,1,is White,10,0
19,Edward,8,1,did not mute phone notifications while driving,11,0
19,Edward,8,1,was not speeding,12,0
19,Edward,8,1,checked that there were no other cars nearby,13,0
19,Edward,8,1,took a peek at the text,14,1
19,Edward,8,1,veered into the cyclist while reading the text,15,1
19,Julia,9,0,is female,1,0
19,Julia,9,0,enjoys watching TV shows,2,0
19,Julia,9,0,is a college student,3,0
19,Julia,9,0,babysits on the weekends,4,0
19,Julia,9,0,is multiracial,5,0
19,Julia,9,0,studies psychology,6,0
19,Julia,9,0,is a courteous person,7,0
19,Julia,9,0,has asthma,8,0
19,Julia,9,0,is 19 years old,9,0
19,Julia,9,0,can be sensitive sometimes,10,0
19,Julia,9,0,read children's books with Benji,11,0
19,Julia,9,0,picked up her partner's call while filling the bathtub,12,1
19,Julia,9,0,felt hurt after learning about the cheating,13,0
19,Julia,9,0,left the bathroom to talk to her partner,14,1
19,Julia,9,0,sat for a few minutes after hanging up,15,1
19,Darla,10,0,is 32 years old,1,0
19,Darla,10,0,is Black,2,0
19,Darla,10,0,has worked with Pamela for many years,3,0
19,Darla,10,0,runs a home daycare business,4,0
19,Darla,10,0,enjoys cooking,5,0
19,Darla,10,0,has a laid-back personality,6,0
19,Darla,10,0,is nearsighted,7,0
19,Darla,10,0,communicates and interacts well with children,8,0
19,Darla,10,0,has an absent-minded personality,9,0
19,Darla,10,0,is female,10,0
19,Darla,10,0,lives in a tornado-affected area,11,1
19,Darla,10,0,played games with the children,12,0
19,Darla,10,0,played loud upbeat music with the children,13,1
19,Darla,10,0,focused on the children,14,0
19,Darla,10,0,did not hear the tornado sirens,15,1
19,Nadia,11,0,is 34 years old,1,0
19,Nadia,11,0,is a software engineer,2,0
19,Nadia,11,0,attended couples therapy years ago,3,0
19,Nadia,11,0,has red hair,4,0
19,Nadia,11,0,enjoys oil painting,5,0
19,Nadia,11,0,is White,6,0
19,Nadia,11,0,is female,7,0
19,Nadia,11,0,is a timid person,8,0
19,Nadia,11,0,is an organized person,9,0
19,Nadia,11,0,collects vinyl records,10,0
19,Nadia,11,0,went to the emergency room for bruises,11,0
19,Nadia,11,0,did not seek help after the emergency room incident,12,1
19,Nadia,11,0,was scared when Franklin screamed,13,0
19,Nadia,11,0,grabbed the revolver,14,0
19,Nadia,11,0,shot Franklin with the revolver,15,0
20,Tristan,1,1,is extroverted and outgoing,1,0
20,Tristan,1,1,can be impatient sometimes,2,1
20,Tristan,1,1,has worked for over ten years at the same hospital,3,0
20,Tristan,1,1,is 43 years old,4,0
20,Tristan,1,1,can be opinionated sometimes,5,0
20,Tristan,1,1,is a cardiologist,6,0
20,Tristan,1,1,is Black,7,0
20,Tristan,1,1,enjoys listening to country music,8,0
20,Tristan,1,1,is Christian,9,0
20,Tristan,1,1,is male,10,0
20,Tristan,1,1,reviewed Annie's medical history and symptoms,11,0
20,Tristan,1,1,checked Annie's vitals,12,0
20,Tristan,1,1,ordered Annie an electrocardiogram (ECG/EKG),13,0
20,Tristan,1,1,did not order any other heart tests,14,1
20,Tristan,1,1,did not order a mammogram,15,0
20,Flora,2,1,is 32 years old,1,0
20,Flora,2,1,is an empathetic person,2,0
20,Flora,2,1,composes music in her free time,3,0
20,Flora,2,1,is female,4,0
20,Flora,2,1,is legally blind,5,0
20,Flora,2,1,uses a white cane to guide herself,6,0
20,Flora,2,1,is Asian,7,0
20,Flora,2,1,is a counselor,8,0
20,Flora,2,1,enjoys gardening,9,0
20,Flora,2,1,is an early riser,10,0
20,Flora,2,1,went to a neighbor's house for dinner,11,0
20,Flora,2,1,used her white cane while walking home,12,0
20,Flora,2,1,did not call for help,13,1
20,Flora,2,1,her white cane slipped between Paul's legs,14,1
20,Flora,2,1,stepped on Paul's torso,15,1
20,Nadia,3,0,attended couples therapy years ago,1,0
20,Nadia,3,0,is a timid person,2,0
20,Nadia,3,0,is a software engineer,3,0
20,Nadia,3,0,collects vinyl records,4,0
20,Nadia,3,0,is female,5,0
20,Nadia,3,0,is an organized person,6,0
20,Nadia,3,0,is White,7,0
20,Nadia,3,0,enjoys oil painting,8,0
20,Nadia,3,0,has red hair,9,0
20,Nadia,3,0,is 34 years old,10,0
20,Nadia,3,0,went to the emergency room for bruises,11,1
20,Nadia,3,0,did not seek help after the emergency room incident,12,0
20,Nadia,3,0,was scared when Franklin screamed,13,0
20,Nadia,3,0,grabbed the revolver,14,1
20,Nadia,3,0,shot Franklin with the revolver,15,1
20,Ava,4,1,has been friends with Peter for many years,1,0
20,Ava,4,1,regularly drinks coffee,2,0
20,Ava,4,1,enjoys going to music concerts,3,0
20,Ava,4,1,is Native American,4,0
20,Ava,4,1,is 26 years old,5,0
20,Ava,4,1,has a peanut allergy,6,0
20,Ava,4,1,is a compassionate person,7,0
20,Ava,4,1,is an artist,8,0
20,Ava,4,1,is female,9,0
20,Ava,4,1,often drives Peter to appointments and errands,10,0
20,Ava,4,1,did her annual car maintenance,11,0
20,Ava,4,1,drove under the speed limit,12,0
20,Ava,4,1,listened to the radio while driving,13,0
20,Ava,4,1,was startled by the deer,14,0
20,Ava,4,1,slammed the brakes after seeing the deer,15,1
20,Alfred,5,1,is White,1,0
20,Alfred,5,1,has a calm personality,2,0
20,Alfred,5,1,is male,3,0
20,Alfred,5,1,is patriotic,4,0
20,Alfred,5,1,enjoys Italian cuisine,5,0
20,Alfred,5,1,enjoys fishing,6,0
20,Alfred,5,1,lives alone,7,0
20,Alfred,5,1,has PTSD,8,0
20,Alfred,5,1,is a veteran,9,0
20,Alfred,5,1,is 68 years old,10,0
20,Alfred,5,1,took the subway home,11,1
20,Alfred,5,1,was quiet on the subway,12,0
20,Alfred,5,1,got off at the same stop as Oliver,13,0
20,Alfred,5,1,heard loud drilling and yelling from the construction above,14,1
20,Alfred,5,1,physically attacked Oliver,15,1
20,Melvin,6,1,grows corn,1,0
20,Melvin,6,1,is a farmer,2,0
20,Melvin,6,1,is 45 years old,3,0
20,Melvin,6,1,is White,4,0
20,Melvin,6,1,has high blood pressure,5,0
20,Melvin,6,1,can be stingy sometimes,6,0
20,Melvin,6,1,is male,7,0
20,Melvin,6,1,enjoys listening to rock music,8,0
20,Melvin,6,1,grows hay,9,1
20,Melvin,6,1,has a cheerful personality,10,0
20,Melvin,6,1,built his barn near the border with Vincent's property,11,1
20,Melvin,6,1,was concerned with hayfires,12,0
20,Melvin,6,1,considered buying hay-drying equipment,13,0
20,Melvin,6,1,met with consultants,14,0
20,Melvin,6,1,decided not to buy hay-drying equipment,15,0
20,Chris,7,1,weighs 70 lbs,1,0
20,Chris,7,1,is a picky eater,2,0
20,Chris,7,1,enjoys swimming,3,0
20,Chris,7,1,has an average IQ,4,0
20,Chris,7,1,admires his father,5,0
20,Chris,7,1,is 10 years old,6,0
20,Chris,7,1,is male,7,0
20,Chris,7,1,has a curious personality,8,0
20,Chris,7,1,is White,9,0
20,Chris,7,1,enjoys playing hide-and-seek,10,0
20,Chris,7,1,invited friends over to play,11,0
20,Chris,7,1,hid in the hall closet,12,0
20,Chris,7,1,found the key in his father's jacket pocket,13,1
20,Chris,7,1,opened the gun cabinet with the key,14,1
20,Chris,7,1,picked up a pistol to play with,15,1
20,Darla,8,0,is 32 years old,1,0
20,Darla,8,0,has an absent-minded personality,2,0
20,Darla,8,0,is Black,3,0
20,Darla,8,0,is female,4,0
20,Darla,8,0,enjoys cooking,5,0
20,Darla,8,0,runs a home daycare business,6,0
20,Darla,8,0,is nearsighted,7,0
20,Darla,8,0,has worked with Pamela for many years,8,0
20,Darla,8,0,has a laid-back personality,9,0
20,Darla,8,0,communicates and interacts well with children,10,0
20,Darla,8,0,lives in a tornado-affected area,11,1
20,Darla,8,0,played games with the children,12,0
20,Darla,8,0,played loud upbeat music with the children,13,0
20,Darla,8,0,focused on the children,14,0
20,Darla,8,0,did not hear the tornado sirens,15,1
20,Julia,9,0,studies psychology,1,0
20,Julia,9,0,is multiracial,2,0
20,Julia,9,0,has asthma,3,0
20,Julia,9,0,is 19 years old,4,0
20,Julia,9,0,is a courteous person,5,0
20,Julia,9,0,is a college student,6,0
20,Julia,9,0,can be sensitive sometimes,7,0
20,Julia,9,0,babysits on the weekends,8,0
20,Julia,9,0,is female,9,0
20,Julia,9,0,enjoys watching TV shows,10,0
20,Julia,9,0,read children's books with Benji,11,0
20,Julia,9,0,picked up her partner's call while filling the bathtub,12,0
20,Julia,9,0,felt hurt after learning about the cheating,13,1
20,Julia,9,0,left the bathroom to talk to her partner,14,0
20,Julia,9,0,sat for a few minutes after hanging up,15,1
20,Edward,10,0,is an experienced driver,1,0
20,Edward,10,0,enjoys browsing Twitter,2,0
20,Edward,10,0,enjoys reading science fiction,3,0
20,Edward,10,0,is a studious person,4,0
20,Edward,10,0,is an ambitious person,5,0
20,Edward,10,0,is male,6,0
20,Edward,10,0,is a clinical research assistant,7,0
20,Edward,10,0,is 24 years old,8,0
20,Edward,10,0,is single,9,0
20,Edward,10,0,is White,10,0
20,Edward,10,0,did not mute phone notifications while driving,11,1
20,Edward,10,0,was not speeding,12,0
20,Edward,10,0,checked that there were no other cars nearby,13,0
20,Edward,10,0,took a peek at the text,14,1
20,Edward,10,0,veered into the cyclist while reading the text,15,1
20,Qian,11,0,has a humorous personality,1,0
20,Qian,11,0,enjoys jazz music,2,0
20,Qian,11,0,is Asian,3,0
20,Qian,11,0,is a restaurant waiter,4,0
20,Qian,11,0,is 27 years old,5,0
20,Qian,11,0,is male,6,0
20,Qian,11,0,does not smoke,7,0
20,Qian,11,0,can be stubborn sometimes,8,0
20,Qian,11,0,is hard-working,9,0
20,Qian,11,0,enjoys watching sports,10,0
20,Qian,11,0,hung out at the local bar with cousins,11,0
20,Qian,11,0,had several drinks over the course of two hours,12,0
20,Qian,11,0,was angered by Wilson's comments,13,1
20,Qian,11,0,did not talk back to Wilson,14,0
20,Qian,11,0,pushed Wilson to the ground,15,0
21,Nadia,1,0,has red hair,1,0
21,Nadia,1,0,attended couples therapy years ago,2,1
21,Nadia,1,0,collects vinyl records,3,0
21,Nadia,1,0,is White,4,0
21,Nadia,1,0,is female,5,0
21,Nadia,1,0,is a software engineer,6,0
21,Nadia,1,0,is a timid person,7,0
21,Nadia,1,0,is 34 years old,8,0
21,Nadia,1,0,enjoys oil painting,9,0
21,Nadia,1,0,is an organized person,10,0
21,Nadia,1,0,went to the emergency room for bruises,11,0
21,Nadia,1,0,did not seek help after the emergency room incident,12,0
21,Nadia,1,0,was scared when Franklin screamed,13,0
21,Nadia,1,0,grabbed the revolver,14,0
21,Nadia,1,0,shot Franklin with the revolver,15,0
21,Tristan,2,1,is Black,1,0
21,Tristan,2,1,has worked for over ten years at the same hospital,2,0
21,Tristan,2,1,is Christian,3,0
21,Tristan,2,1,is extroverted and outgoing,4,0
21,Tristan,2,1,is 43 years old,5,0
21,Tristan,2,1,is a cardiologist,6,0
21,Tristan,2,1,enjoys listening to country music,7,0
21,Tristan,2,1,is male,8,0
21,Tristan,2,1,can be opinionated sometimes,9,0
21,Tristan,2,1,can be impatient sometimes,10,0
21,Tristan,2,1,reviewed Annie's medical history and symptoms,11,0
21,Tristan,2,1,checked Annie's vitals,12,0
21,Tristan,2,1,ordered Annie an electrocardiogram (ECG/EKG),13,0
21,Tristan,2,1,did not order any other heart tests,14,1
21,Tristan,2,1,did not order a mammogram,15,0
21,Darla,3,0,runs a home daycare business,1,0
21,Darla,3,0,communicates and interacts well with children,2,0
21,Darla,3,0,has an absent-minded personality,3,0
21,Darla,3,0,is nearsighted,4,0
21,Darla,3,0,has a laid-back personality,5,0
21,Darla,3,0,is Black,6,0
21,Darla,3,0,is 32 years old,7,0
21,Darla,3,0,enjoys cooking,8,0
21,Darla,3,0,has worked with Pamela for many years,9,0
21,Darla,3,0,is female,10,0
21,Darla,3,0,lives in a tornado-affected area,11,0
21,Darla,3,0,played games with the children,12,0
21,Darla,3,0,played loud upbeat music with the children,13,1
21,Darla,3,0,focused on the children,14,0
21,Darla,3,0,did not hear the tornado sirens,15,1
21,Ava,4,1,is Native American,1,0
21,Ava,4,1,is female,2,0
21,Ava,4,1,has been friends with Peter for many years,3,0
21,Ava,4,1,is an artist,4,0
21,Ava,4,1,has a peanut allergy,5,0
21,Ava,4,1,is 26 years old,6,0
21,Ava,4,1,regularly drinks coffee,7,0
21,Ava,4,1,enjoys going to music concerts,8,0
21,Ava,4,1,is a compassionate person,9,0
21,Ava,4,1,often drives Peter to appointments and errands,10,0
21,Ava,4,1,did her annual car maintenance,11,0
21,Ava,4,1,drove under the speed limit,12,0
21,Ava,4,1,listened to the radio while driving,13,0
21,Ava,4,1,was startled by the deer,14,0
21,Ava,4,1,slammed the brakes after seeing the deer,15,1
21,Qian,5,0,does not smoke,1,0
21,Qian,5,0,enjoys watching sports,2,0
21,Qian,5,0,is 27 years old,3,0
21,Qian,5,0,is a restaurant waiter,4,0
21,Qian,5,0,enjoys jazz music,5,0
21,Qian,5,0,is Asian,6,0
21,Qian,5,0,can be stubborn sometimes,7,0
21,Qian,5,0,is hard-working,8,0
21,Qian,5,0,has a humorous personality,9,0
21,Qian,5,0,is male,10,0
21,Qian,5,0,hung out at the local bar with cousins,11,0
21,Qian,5,0,had several drinks over the course of two hours,12,0
21,Qian,5,0,was angered by Wilson's comments,13,0
21,Qian,5,0,did not talk back to Wilson,14,0
21,Qian,5,0,pushed Wilson to the ground,15,1
21,Flora,6,1,is a counselor,1,0
21,Flora,6,1,is legally blind,2,0
21,Flora,6,1,is female,3,0
21,Flora,6,1,composes music in her free time,4,0
21,Flora,6,1,is an early riser,5,0
21,Flora,6,1,is Asian,6,0
21,Flora,6,1,enjoys gardening,7,0
21,Flora,6,1,uses a white cane to guide herself,8,0
21,Flora,6,1,is 32 years old,9,0
21,Flora,6,1,is an empathetic person,10,0
21,Flora,6,1,went to a neighbor's house for dinner,11,0
21,Flora,6,1,used her white cane while walking home,12,0
21,Flora,6,1,did not call for help,13,0
21,Flora,6,1,her white cane slipped between Paul's legs,14,0
21,Flora,6,1,stepped on Paul's torso,15,1
21,Edward,7,1,is White,1,0
21,Edward,7,1,enjoys browsing Twitter,2,0
21,Edward,7,1,is an ambitious person,3,0
21,Edward,7,1,is 24 years old,4,0
21,Edward,7,1,is an experienced driver,5,0
21,Edward,7,1,is a studious person,6,0
21,Edward,7,1,is a clinical research assistant,7,0
21,Edward,7,1,is single,8,0
21,Edward,7,1,enjoys reading science fiction,9,0
21,Edward,7,1,is male,10,0
21,Edward,7,1,did not mute phone notifications while driving,11,0
21,Edward,7,1,was not speeding,12,0
21,Edward,7,1,checked that there were no other cars nearby,13,0
21,Edward,7,1,took a peek at the text,14,1
21,Edward,7,1,veered into the cyclist while reading the text,15,1
21,Julia,8,0,babysits on the weekends,1,0
21,Julia,8,0,enjoys watching TV shows,2,0
21,Julia,8,0,is a courteous person,3,0
21,Julia,8,0,is multiracial,4,0
21,Julia,8,0,is 19 years old,5,0
21,Julia,8,0,can be sensitive sometimes,6,0
21,Julia,8,0,is a college student,7,0
21,Julia,8,0,has asthma,8,0
21,Julia,8,0,is female,9,0
21,Julia,8,0,studies psychology,10,0
21,Julia,8,0,read children's books with Benji,11,0
21,Julia,8,0,picked up her partner's call while filling the bathtub,12,1
21,Julia,8,0,felt hurt after learning about the cheating,13,0
21,Julia,8,0,left the bathroom to talk to her partner,14,1
21,Julia,8,0,sat for a few minutes after hanging up,15,1
21,Alfred,9,1,enjoys Italian cuisine,1,0
21,Alfred,9,1,has a calm personality,2,0
21,Alfred,9,1,is patriotic,3,0
21,Alfred,9,1,enjoys fishing,4,0
21,Alfred,9,1,lives alone,5,0
21,Alfred,9,1,is male,6,0
21,Alfred,9,1,is White,7,0
21,Alfred,9,1,is 68 years old,8,0
21,Alfred,9,1,is a veteran,9,0
21,Alfred,9,1,has PTSD,10,0
21,Alfred,9,1,took the subway home,11,0
21,Alfred,9,1,was quiet on the subway,12,0
21,Alfred,9,1,got off at the same stop as Oliver,13,0
21,Alfred,9,1,heard loud drilling and yelling from the construction above,14,0
21,Alfred,9,1,physically attacked Oliver,15,1
21,Melvin,10,0,grows hay,1,0
21,Melvin,10,0,enjoys listening to rock music,2,0
21,Melvin,10,0,has high blood pressure,3,0
21,Melvin,10,0,can be stingy sometimes,4,0
21,Melvin,10,0,grows corn,5,0
21,Melvin,10,0,has a cheerful personality,6,0
21,Melvin,10,0,is male,7,0
21,Melvin,10,0,is White,8,0
21,Melvin,10,0,is 45 years old,9,0
21,Melvin,10,0,is a farmer,10,0
21,Melvin,10,0,built his barn near the border with Vincent's property,11,0
21,Melvin,10,0,was concerned with hayfires,12,0
21,Melvin,10,0,considered buying hay-drying equipment,13,0
21,Melvin,10,0,met with consultants,14,0
21,Melvin,10,0,decided not to buy hay-drying equipment,15,1
21,Chris,11,1,enjoys playing hide-and-seek,1,0
21,Chris,11,1,has an average IQ,2,0
21,Chris,11,1,weighs 70 lbs,3,0
21,Chris,11,1,is a picky eater,4,0
21,Chris,11,1,enjoys swimming,5,0
21,Chris,11,1,is 10 years old,6,0
21,Chris,11,1,admires his father,7,0
21,Chris,11,1,has a curious personality,8,0
21,Chris,11,1,is male,9,0
21,Chris,11,1,is White,10,0
21,Chris,11,1,invited friends over to play,11,0
21,Chris,11,1,hid in the hall closet,12,0
21,Chris,11,1,found the key in his father's jacket pocket,13,0
21,Chris,11,1,opened the gun cabinet with the key,14,1
21,Chris,11,1,picked up a pistol to play with,15,1
22,Qian,1,0,enjoys jazz music,1,0
22,Qian,1,0,is Asian,2,0
22,Qian,1,0,can be stubborn sometimes,3,1
22,Qian,1,0,is 27 years old,4,0
22,Qian,1,0,has a humorous personality,5,0
22,Qian,1,0,enjoys watching sports,6,0
22,Qian,1,0,is a restaurant waiter,7,0
22,Qian,1,0,does not smoke,8,0
22,Qian,1,0,is hard-working,9,0
22,Qian,1,0,is male,10,0
22,Qian,1,0,hung out at the local bar with cousins,11,0
22,Qian,1,0,had several drinks over the course of two hours,12,0
22,Qian,1,0,was angered by Wilson's comments,13,0
22,Qian,1,0,did not talk back to Wilson,14,0
22,Qian,1,0,pushed Wilson to the ground,15,1
22,Edward,2,0,enjoys browsing Twitter,1,0
22,Edward,2,0,is male,2,0
22,Edward,2,0,enjoys reading science fiction,3,0
22,Edward,2,0,is single,4,0
22,Edward,2,0,is an experienced driver,5,0
22,Edward,2,0,is a clinical research assistant,6,0
22,Edward,2,0,is White,7,0
22,Edward,2,0,is an ambitious person,8,0
22,Edward,2,0,is a studious person,9,0
22,Edward,2,0,is 24 years old,10,0
22,Edward,2,0,did not mute phone notifications while driving,11,1
22,Edward,2,0,was not speeding,12,0
22,Edward,2,0,checked that there were no other cars nearby,13,0
22,Edward,2,0,took a peek at the text,14,1
22,Edward,2,0,veered into the cyclist while reading the text,15,1
22,Nadia,3,0,is a software engineer,1,0
22,Nadia,3,0,is White,2,0
22,Nadia,3,0,is an organized person,3,0
22,Nadia,3,0,is a timid person,4,0
22,Nadia,3,0,attended couples therapy years ago,5,0
22,Nadia,3,0,is female,6,0
22,Nadia,3,0,has red hair,7,0
22,Nadia,3,0,enjoys oil painting,8,0
22,Nadia,3,0,is 34 years old,9,0
22,Nadia,3,0,collects vinyl records,10,0
22,Nadia,3,0,went to the emergency room for bruises,11,0
22,Nadia,3,0,did not seek help after the emergency room incident,12,1
22,Nadia,3,0,was scared when Franklin screamed,13,0
22,Nadia,3,0,grabbed the revolver,14,0
22,Nadia,3,0,shot Franklin with the revolver,15,0
22,Darla,4,0,has worked with Pamela for many years,1,0
22,Darla,4,0,enjoys cooking,2,0
22,Darla,4,0,is female,3,0
22,Darla,4,0,runs a home daycare business,4,0
22,Darla,4,0,has a laid-back personality,5,0
22,Darla,4,0,has an absent-minded personality,6,1
22,Darla,4,0,communicates and interacts well with children,7,0
22,Darla,4,0,is 32 years old,8,0
22,Darla,4,0,is nearsighted,9,0
22,Darla,4,0,is Black,10,0
22,Darla,4,0,lives in a tornado-affected area,11,0
22,Darla,4,0,played games with the children,12,0
22,Darla,4,0,played loud upbeat music with the children,13,0
22,Darla,4,0,focused on the children,14,0
22,Darla,4,0,did not hear the tornado sirens,15,1
22,Melvin,5,1,is White,1,0
22,Melvin,5,1,is a farmer,2,0
22,Melvin,5,1,enjoys listening to rock music,3,0
22,Melvin,5,1,has high blood pressure,4,0
22,Melvin,5,1,has a cheerful personality,5,0
22,Melvin,5,1,grows corn,6,0
22,Melvin,5,1,is male,7,0
22,Melvin,5,1,can be stingy sometimes,8,1
22,Melvin,5,1,is 45 years old,9,0
22,Melvin,5,1,grows hay,10,0
22,Melvin,5,1,built his barn near the border with Vincent's property,11,0
22,Melvin,5,1,was concerned with hayfires,12,0
22,Melvin,5,1,considered buying hay-drying equipment,13,0
22,Melvin,5,1,met with consultants,14,0
22,Melvin,5,1,decided not to buy hay-drying equipment,15,1
22,Tristan,6,1,is 43 years old,1,0
22,Tristan,6,1,can be opinionated sometimes,2,1
22,Tristan,6,1,can be impatient sometimes,3,1
22,Tristan,6,1,is extroverted and outgoing,4,0
22,Tristan,6,1,enjoys listening to country music,5,0
22,Tristan,6,1,has worked for over ten years at the same hospital,6,0
22,Tristan,6,1,is Black,7,0
22,Tristan,6,1,is a cardiologist,8,0
22,Tristan,6,1,is male,9,0
22,Tristan,6,1,is Christian,10,0
22,Tristan,6,1,reviewed Annie's medical history and symptoms,11,0
22,Tristan,6,1,checked Annie's vitals,12,0
22,Tristan,6,1,ordered Annie an electrocardiogram (ECG/EKG),13,0
22,Tristan,6,1,did not order any other heart tests,14,1
22,Tristan,6,1,did not order a mammogram,15,0
22,Julia,7,0,is female,1,0
22,Julia,7,0,is a courteous person,2,0
22,Julia,7,0,is multiracial,3,0
22,Julia,7,0,babysits on the weekends,4,0
22,Julia,7,0,enjoys watching TV shows,5,0
22,Julia,7,0,studies psychology,6,0
22,Julia,7,0,is 19 years old,7,0
22,Julia,7,0,has asthma,8,0
22,Julia,7,0,is a college student,9,0
22,Julia,7,0,can be sensitive sometimes,10,0
22,Julia,7,0,read children's books with Benji,11,0
22,Julia,7,0,picked up her partner's call while filling the bathtub,12,1
22,Julia,7,0,felt hurt after learning about the cheating,13,0
22,Julia,7,0,left the bathroom to talk to her partner,14,1
22,Julia,7,0,sat for a few minutes after hanging up,15,1
22,Alfred,8,1,lives alone,1,0
22,Alfred,8,1,enjoys Italian cuisine,2,0
22,Alfred,8,1,is a veteran,3,0
22,Alfred,8,1,has a calm personality,4,0
22,Alfred,8,1,enjoys fishing,5,0
22,Alfred,8,1,is White,6,0
22,Alfred,8,1,is patriotic,7,0
22,Alfred,8,1,is 68 years old,8,0
22,Alfred,8,1,is male,9,0
22,Alfred,8,1,has PTSD,10,0
22,Alfred,8,1,took the subway home,11,0
22,Alfred,8,1,was quiet on the subway,12,0
22,Alfred,8,1,got off at the same stop as Oliver,13,0
22,Alfred,8,1,heard loud drilling and yelling from the construction above,14,0
22,Alfred,8,1,physically attacked Oliver,15,1
22,Flora,9,1,is an early riser,1,0
22,Flora,9,1,is legally blind,2,0
22,Flora,9,1,uses a white cane to guide herself,3,0
22,Flora,9,1,is a counselor,4,0
22,Flora,9,1,composes music in her free time,5,0
22,Flora,9,1,is female,6,0
22,Flora,9,1,is 32 years old,7,0
22,Flora,9,1,is an empathetic person,8,0
22,Flora,9,1,is Asian,9,0
22,Flora,9,1,enjoys gardening,10,0
22,Flora,9,1,went to a neighbor's house for dinner,11,0
22,Flora,9,1,used her white cane while walking home,12,0
22,Flora,9,1,did not call for help,13,1
22,Flora,9,1,her white cane slipped between Paul's legs,14,1
22,Flora,9,1,stepped on Paul's torso,15,1
22,Ava,10,1,has a peanut allergy,1,0
22,Ava,10,1,often drives Peter to appointments and errands,2,0
22,Ava,10,1,regularly drinks coffee,3,0
22,Ava,10,1,is Native American,4,0
22,Ava,10,1,is female,5,0
22,Ava,10,1,is an artist,6,0
22,Ava,10,1,is a compassionate person,7,0
22,Ava,10,1,is 26 years old,8,0
22,Ava,10,1,enjoys going to music concerts,9,0
22,Ava,10,1,has been friends with Peter for many years,10,0
22,Ava,10,1,did her annual car maintenance,11,0
22,Ava,10,1,drove under the speed limit,12,0
22,Ava,10,1,listened to the radio while driving,13,0
22,Ava,10,1,was startled by the deer,14,1
22,Ava,10,1,slammed the brakes after seeing the deer,15,1
22,Chris,11,1,is 10 years old,1,0
22,Chris,11,1,enjoys swimming,2,0
22,Chris,11,1,is a picky eater,3,0
22,Chris,11,1,admires his father,4,0
22,Chris,11,1,is White,5,0
22,Chris,11,1,weighs 70 lbs,6,0
22,Chris,11,1,has an average IQ,7,0
22,Chris,11,1,is male,8,0
22,Chris,11,1,has a curious personality,9,0
22,Chris,11,1,enjoys playing hide-and-seek,10,0
22,Chris,11,1,invited friends over to play,11,1
22,Chris,11,1,hid in the hall closet,12,1
22,Chris,11,1,found the key in his father's jacket pocket,13,1
22,Chris,11,1,opened the gun cabinet with the key,14,1
22,Chris,11,1,picked up a pistol to play with,15,1
23,Nadia,1,0,is female,1,0
23,Nadia,1,0,collects vinyl records,2,0
23,Nadia,1,0,is an organized person,3,0
23,Nadia,1,0,is White,4,0
23,Nadia,1,0,enjoys oil painting,5,0
23,Nadia,1,0,is 34 years old,6,0
23,Nadia,1,0,is a timid person,7,0
23,Nadia,1,0,is a software engineer,8,0
23,Nadia,1,0,attended couples therapy years ago,9,0
23,Nadia,1,0,has red hair,10,0
23,Nadia,1,0,went to the emergency room for bruises,11,0
23,Nadia,1,0,did not seek help after the emergency room incident,12,1
23,Nadia,1,0,was scared when Franklin screamed,13,0
23,Nadia,1,0,grabbed the revolver,14,0
23,Nadia,1,0,shot Franklin with the revolver,15,0
23,Qian,2,0,is male,1,0
23,Qian,2,0,is hard-working,2,0
23,Qian,2,0,does not smoke,3,0
23,Qian,2,0,enjoys jazz music,4,0
23,Qian,2,0,has a humorous personality,5,0
23,Qian,2,0,enjoys watching sports,6,0
23,Qian,2,0,can be stubborn sometimes,7,0
23,Qian,2,0,is 27 years old,8,0
23,Qian,2,0,is Asian,9,0
23,Qian,2,0,is a restaurant waiter,10,0
23,Qian,2,0,hung out at the local bar with cousins,11,0
23,Qian,2,0,had several drinks over the course of two hours,12,1
23,Qian,2,0,was angered by Wilson's comments,13,0
23,Qian,2,0,did not talk back to Wilson,14,1
23,Qian,2,0,pushed Wilson to the ground,15,0
23,Melvin,3,1,is a farmer,1,0
23,Melvin,3,1,grows corn,2,0
23,Melvin,3,1,is White,3,0
23,Melvin,3,1,has high blood pressure,4,0
23,Melvin,3,1,has a cheerful personality,5,0
23,Melvin,3,1,grows hay,6,0
23,Melvin,3,1,enjoys listening to rock music,7,0
23,Melvin,3,1,is 45 years old,8,0
23,Melvin,3,1,is male,9,0
23,Melvin,3,1,can be stingy sometimes,10,1
23,Melvin,3,1,built his barn near the border with Vincent's property,11,0
23,Melvin,3,1,was concerned with hayfires,12,0
23,Melvin,3,1,considered buying hay-drying equipment,13,0
23,Melvin,3,1,met with consultants,14,0
23,Melvin,3,1,decided not to buy hay-drying equipment,15,1
23,Edward,4,1,is an experienced driver,1,0
23,Edward,4,1,enjoys browsing Twitter,2,0
23,Edward,4,1,is single,3,0
23,Edward,4,1,is White,4,0
23,Edward,4,1,is a clinical research assistant,5,0
23,Edward,4,1,is male,6,0
23,Edward,4,1,enjoys reading science fiction,7,0
23,Edward,4,1,is a studious person,8,0
23,Edward,4,1,is an ambitious person,9,0
23,Edward,4,1,is 24 years old,10,0
23,Edward,4,1,did not mute phone notifications while driving,11,1
23,Edward,4,1,was not speeding,12,0
23,Edward,4,1,checked that there were no other cars nearby,13,0
23,Edward,4,1,took a peek at the text,14,1
23,Edward,4,1,veered into the cyclist while reading the text,15,0
23,Darla,5,0,has an absent-minded personality,1,1
23,Darla,5,0,has worked with Pamela for many years,2,0
23,Darla,5,0,is Black,3,0
23,Darla,5,0,is 32 years old,4,0
23,Darla,5,0,runs a home daycare business,5,0
23,Darla,5,0,communicates and interacts well with children,6,0
23,Darla,5,0,enjoys cooking,7,0
23,Darla,5,0,is nearsighted,8,0
23,Darla,5,0,has a laid-back personality,9,0
23,Darla,5,0,is female,10,0
23,Darla,5,0,lives in a tornado-affected area,11,1
23,Darla,5,0,played games with the children,12,0
23,Darla,5,0,played loud upbeat music with the children,13,1
23,Darla,5,0,focused on the children,14,0
23,Darla,5,0,did not hear the tornado sirens,15,1
23,Chris,6,1,is male,1,0
23,Chris,6,1,enjoys swimming,2,0
23,Chris,6,1,is White,3,0
23,Chris,6,1,weighs 70 lbs,4,0
23,Chris,6,1,has a curious personality,5,0
23,Chris,6,1,is a picky eater,6,0
23,Chris,6,1,has an average IQ,7,0
23,Chris,6,1,admires his father,8,0
23,Chris,6,1,is 10 years old,9,0
23,Chris,6,1,enjoys playing hide-and-seek,10,0
23,Chris,6,1,invited friends over to play,11,0
23,Chris,6,1,hid in the hall closet,12,0
23,Chris,6,1,found the key in his father's jacket pocket,13,1
23,Chris,6,1,opened the gun cabinet with the key,14,0
23,Chris,6,1,picked up a pistol to play with,15,0
23,Flora,7,1,is female,1,0
23,Flora,7,1,is an empathetic person,2,0
23,Flora,7,1,is a counselor,3,0
23,Flora,7,1,is legally blind,4,0
23,Flora,7,1,is an early riser,5,0
23,Flora,7,1,uses a white cane to guide herself,6,0
23,Flora,7,1,is Asian,7,0
23,Flora,7,1,enjoys gardening,8,0
23,Flora,7,1,is 32 years old,9,0
23,Flora,7,1,composes music in her free time,10,0
23,Flora,7,1,went to a neighbor's house for dinner,11,0
23,Flora,7,1,used her white cane while walking home,12,0
23,Flora,7,1,did not call for help,13,0
23,Flora,7,1,her white cane slipped between Paul's legs,14,1
23,Flora,7,1,stepped on Paul's torso,15,1
23,Tristan,8,1,is a cardiologist,1,0
23,Tristan,8,1,is Black,2,0
23,Tristan,8,1,can be opinionated sometimes,3,0
23,Tristan,8,1,is 43 years old,4,0
23,Tristan,8,1,is male,5,0
23,Tristan,8,1,enjoys listening to country music,6,0
23,Tristan,8,1,has worked for over ten years at the same hospital,7,0
23,Tristan,8,1,is Christian,8,0
23,Tristan,8,1,can be impatient sometimes,9,1
23,Tristan,8,1,is extroverted and outgoing,10,0
23,Tristan,8,1,reviewed Annie's medical history and symptoms,11,0
23,Tristan,8,1,checked Annie's vitals,12,0
23,Tristan,8,1,ordered Annie an electrocardiogram (ECG/EKG),13,0
23,Tristan,8,1,did not order any other heart tests,14,1
23,Tristan,8,1,did not order a mammogram,15,0
23,Ava,9,1,often drives Peter to appointments and errands,1,0
23,Ava,9,1,is female,2,0
23,Ava,9,1,regularly drinks coffee,3,0
23,Ava,9,1,is a compassionate person,4,0
23,Ava,9,1,has a peanut allergy,5,0
23,Ava,9,1,has been friends with Peter for many years,6,0
23,Ava,9,1,enjoys going to music concerts,7,0
23,Ava,9,1,is Native American,8,0
23,Ava,9,1,is an artist,9,0
23,Ava,9,1,is 26 years old,10,0
23,Ava,9,1,did her annual car maintenance,11,0
23,Ava,9,1,drove under the speed limit,12,0
23,Ava,9,1,listened to the radio while driving,13,0
23,Ava,9,1,was startled by the deer,14,1
23,Ava,9,1,slammed the brakes after seeing the deer,15,0
23,Julia,10,0,is female,1,0
23,Julia,10,0,is multiracial,2,0
23,Julia,10,0,is a college student,3,0
23,Julia,10,0,enjoys watching TV shows,4,0
23,Julia,10,0,is 19 years old,5,0
23,Julia,10,0,can be sensitive sometimes,6,0
23,Julia,10,0,studies psychology,7,0
23,Julia,10,0,is a courteous person,8,0
23,Julia,10,0,babysits on the weekends,9,0
23,Julia,10,0,has asthma,10,0
23,Julia,10,0,read children's books with Benji,11,0
23,Julia,10,0,picked up her partner's call while filling the bathtub,12,1
23,Julia,10,0,felt hurt after learning about the cheating,13,0
23,Julia,10,0,left the bathroom to talk to her partner,14,0
23,Julia,10,0,sat for a few minutes after hanging up,15,0
23,Alfred,11,1,has PTSD,1,1
23,Alfred,11,1,has a calm personality,2,0
23,Alfred,11,1,is patriotic,3,0
23,Alfred,11,1,enjoys fishing,4,0
23,Alfred,11,1,is White,5,0
23,Alfred,11,1,enjoys Italian cuisine,6,0
23,Alfred,11,1,lives alone,7,0
23,Alfred,11,1,is 68 years old,8,0
23,Alfred,11,1,is male,9,0
23,Alfred,11,1,is a veteran,10,1
23,Alfred,11,1,took the subway home,11,0
23,Alfred,11,1,was quiet on the subway,12,0
23,Alfred,11,1,got off at the same stop as Oliver,13,0
23,Alfred,11,1,heard loud drilling and yelling from the construction above,14,1
23,Alfred,11,1,physically attacked Oliver,15,0
24,Flora,1,1,uses a white cane to guide herself,1,1
24,Flora,1,1,is Asian,2,0
24,Flora,1,1,is a counselor,3,0
24,Flora,1,1,composes music in her free time,4,0
24,Flora,1,1,is legally blind,5,1
24,Flora,1,1,is female,6,0
24,Flora,1,1,is 32 years old,7,0
24,Flora,1,1,enjoys gardening,8,0
24,Flora,1,1,is an early riser,9,0
24,Flora,1,1,is an empathetic person,10,0
24,Flora,1,1,went to a neighbor's house for dinner,11,0
24,Flora,1,1,used her white cane while walking home,12,0
24,Flora,1,1,did not call for help,13,0
24,Flora,1,1,her white cane slipped between Paul's legs,14,1
24,Flora,1,1,stepped on Paul's torso,15,1
24,Melvin,2,1,grows hay,1,0
24,Melvin,2,1,grows corn,2,0
24,Melvin,2,1,is 45 years old,3,0
24,Melvin,2,1,is male,4,0
24,Melvin,2,1,can be stingy sometimes,5,0
24,Melvin,2,1,has a cheerful personality,6,0
24,Melvin,2,1,is a farmer,7,0
24,Melvin,2,1,has high blood pressure,8,0
24,Melvin,2,1,enjoys listening to rock music,9,0
24,Melvin,2,1,is White,10,0
24,Melvin,2,1,built his barn near the border with Vincent's property,11,0
24,Melvin,2,1,was concerned with hayfires,12,0
24,Melvin,2,1,considered buying hay-drying equipment,13,0
24,Melvin,2,1,met with consultants,14,0
24,Melvin,2,1,decided not to buy hay-drying equipment,15,1
24,Edward,3,1,is an experienced driver,1,0
24,Edward,3,1,is a clinical research assistant,2,0
24,Edward,3,1,enjoys browsing Twitter,3,0
24,Edward,3,1,is an ambitious person,4,0
24,Edward,3,1,is White,5,0
24,Edward,3,1,is 24 years old,6,0
24,Edward,3,1,is a studious person,7,0
24,Edward,3,1,is single,8,0
24,Edward,3,1,enjoys reading science fiction,9,0
24,Edward,3,1,is male,10,0
24,Edward,3,1,did not mute phone notifications while driving,11,0
24,Edward,3,1,was not speeding,12,0
24,Edward,3,1,checked that there were no other cars nearby,13,0
24,Edward,3,1,took a peek at the text,14,1
24,Edward,3,1,veered into the cyclist while reading the text,15,1
24,Qian,4,0,is Asian,1,0
24,Qian,4,0,is 27 years old,2,0
24,Qian,4,0,is hard-working,3,0
24,Qian,4,0,does not smoke,4,0
24,Qian,4,0,enjoys watching sports,5,0
24,Qian,4,0,enjoys jazz music,6,0
24,Qian,4,0,has a humorous personality,7,0
24,Qian,4,0,is male,8,0
24,Qian,4,0,can be stubborn sometimes,9,0
24,Qian,4,0,is a restaurant waiter,10,0
24,Qian,4,0,hung out at the local bar with cousins,11,0
24,Qian,4,0,had several drinks over the course of two hours,12,0
24,Qian,4,0,was angered by Wilson's comments,13,0
24,Qian,4,0,did not talk back to Wilson,14,0
24,Qian,4,0,pushed Wilson to the ground,15,1
24,Nadia,5,0,enjoys oil painting,1,0
24,Nadia,5,0,is 34 years old,2,0
24,Nadia,5,0,is female,3,0
24,Nadia,5,0,is a software engineer,4,0
24,Nadia,5,0,attended couples therapy years ago,5,0
24,Nadia,5,0,is a timid person,6,0
24,Nadia,5,0,collects vinyl records,7,0
24,Nadia,5,0,is an organized person,8,0
24,Nadia,5,0,has red hair,9,0
24,Nadia,5,0,is White,10,0
24,Nadia,5,0,went to the emergency room for bruises,11,0
24,Nadia,5,0,did not seek help after the emergency room incident,12,1
24,Nadia,5,0,was scared when Franklin screamed,13,0
24,Nadia,5,0,grabbed the revolver,14,0
24,Nadia,5,0,shot Franklin with the revolver,15,0
24,Chris,6,1,is White,1,0
24,Chris,6,1,is male,2,0
24,Chris,6,1,is a picky eater,3,0
24,Chris,6,1,has a curious personality,4,0
24,Chris,6,1,admires his father,5,0
24,Chris,6,1,enjoys swimming,6,0
24,Chris,6,1,has an average IQ,7,0
24,Chris,6,1,enjoys playing hide-and-seek,8,0
24,Chris,6,1,weighs 70 lbs,9,0
24,Chris,6,1,is 10 years old,10,0
24,Chris,6,1,invited friends over to play,11,0
24,Chris,6,1,hid in the hall closet,12,0
24,Chris,6,1,found the key in his father's jacket pocket,13,0
24,Chris,6,1,opened the gun cabinet with the key,14,1
24,Chris,6,1,picked up a pistol to play with,15,1
24,Tristan,7,1,is male,1,0
24,Tristan,7,1,is a cardiologist,2,0
24,Tristan,7,1,is Black,3,0
24,Tristan,7,1,is 43 years old,4,0
24,Tristan,7,1,can be opinionated sometimes,5,0
24,Tristan,7,1,is Christian,6,0
24,Tristan,7,1,is extroverted and outgoing,7,0
24,Tristan,7,1,has worked for over ten years at the same hospital,8,0
24,Tristan,7,1,can be impatient sometimes,9,1
24,Tristan,7,1,enjoys listening to country music,10,0
24,Tristan,7,1,reviewed Annie's medical history and symptoms,11,0
24,Tristan,7,1,checked Annie's vitals,12,0
24,Tristan,7,1,ordered Annie an electrocardiogram (ECG/EKG),13,0
24,Tristan,7,1,did not order any other heart tests,14,1
24,Tristan,7,1,did not order a mammogram,15,1
24,Darla,8,0,communicates and interacts well with children,1,0
24,Darla,8,0,enjoys cooking,2,0
24,Darla,8,0,is Black,3,0
24,Darla,8,0,runs a home daycare business,4,0
24,Darla,8,0,is 32 years old,5,0
24,Darla,8,0,has an absent-minded personality,6,0
24,Darla,8,0,is female,7,0
24,Darla,8,0,is nearsighted,8,0
24,Darla,8,0,has worked with Pamela for many years,9,0
24,Darla,8,0,has a laid-back personality,10,0
24,Darla,8,0,lives in a tornado-affected area,11,0
24,Darla,8,0,played games with the children,12,0
24,Darla,8,0,played loud upbeat music with the children,13,1
24,Darla,8,0,focused on the children,14,0
24,Darla,8,0,did not hear the tornado sirens,15,1
24,Alfred,9,1,enjoys Italian cuisine,1,0
24,Alfred,9,1,is 68 years old,2,0
24,Alfred,9,1,lives alone,3,0
24,Alfred,9,1,has a calm personality,4,0
24,Alfred,9,1,is a veteran,5,0
24,Alfred,9,1,is male,6,0
24,Alfred,9,1,enjoys fishing,7,0
24,Alfred,9,1,is White,8,0
24,Alfred,9,1,has PTSD,9,0
24,Alfred,9,1,is patriotic,10,0
24,Alfred,9,1,took the subway home,11,0
24,Alfred,9,1,was quiet on the subway,12,0
24,Alfred,9,1,got off at the same stop as Oliver,13,0
24,Alfred,9,1,heard loud drilling and yelling from the construction above,14,0
24,Alfred,9,1,physically attacked Oliver,15,1
24,Julia,10,0,is 19 years old,1,0
24,Julia,10,0,has asthma,2,0
24,Julia,10,0,studies psychology,3,0
24,Julia,10,0,is a college student,4,0
24,Julia,10,0,is multiracial,5,0
24,Julia,10,0,babysits on the weekends,6,0
24,Julia,10,0,enjoys watching TV shows,7,0
24,Julia,10,0,is a courteous person,8,0
24,Julia,10,0,is female,9,0
24,Julia,10,0,can be sensitive sometimes,10,0
24,Julia,10,0,read children's books with Benji,11,0
24,Julia,10,0,picked up her partner's call while filling the bathtub,12,0
24,Julia,10,0,felt hurt after learning about the cheating,13,0
24,Julia,10,0,left the bathroom to talk to her partner,14,1
24,Julia,10,0,sat for a few minutes after hanging up,15,1
24,Ava,11,1,enjoys going to music concerts,1,0
24,Ava,11,1,is 26 years old,2,0
24,Ava,11,1,is female,3,0
24,Ava,11,1,is Native American,4,0
24,Ava,11,1,regularly drinks coffee,5,0
24,Ava,11,1,has been friends with Peter for many years,6,0
24,Ava,11,1,has a peanut allergy,7,0
24,Ava,11,1,is a compassionate person,8,0
24,Ava,11,1,is an artist,9,0
24,Ava,11,1,often drives Peter to appointments and errands,10,0
24,Ava,11,1,did her annual car maintenance,11,0
24,Ava,11,1,drove under the speed limit,12,0
24,Ava,11,1,listened to the radio while driving,13,0
24,Ava,11,1,was startled by the deer,14,1
24,Ava,11,1,slammed the brakes after seeing the deer,15,0
25,Edward,1,1,is male,1,0
25,Edward,1,1,is an experienced driver,2,0
25,Edward,1,1,enjoys browsing Twitter,3,0
25,Edward,1,1,enjoys reading science fiction,4,0
25,Edward,1,1,is White,5,0
25,Edward,1,1,is a clinical research assistant,6,0
25,Edward,1,1,is 24 years old,7,0
25,Edward,1,1,is single,8,0
25,Edward,1,1,is an ambitious person,9,0
25,Edward,1,1,is a studious person,10,0
25,Edward,1,1,did not mute phone notifications while driving,11,1
25,Edward,1,1,was not speeding,12,0
25,Edward,1,1,checked that there were no other cars nearby,13,0
25,Edward,1,1,took a peek at the text,14,1
25,Edward,1,1,veered into the cyclist while reading the text,15,1
25,Darla,2,0,enjoys cooking,1,0
25,Darla,2,0,has an absent-minded personality,2,1
25,Darla,2,0,has worked with Pamela for many years,3,0
25,Darla,2,0,is Black,4,0
25,Darla,2,0,has a laid-back personality,5,0
25,Darla,2,0,is 32 years old,6,0
25,Darla,2,0,is female,7,0
25,Darla,2,0,runs a home daycare business,8,0
25,Darla,2,0,communicates and interacts well with children,9,0
25,Darla,2,0,is nearsighted,10,0
25,Darla,2,0,lives in a tornado-affected area,11,1
25,Darla,2,0,played games with the children,12,0
25,Darla,2,0,played loud upbeat music with the children,13,1
25,Darla,2,0,focused on the children,14,0
25,Darla,2,0,did not hear the tornado sirens,15,1
25,Ava,3,1,enjoys going to music concerts,1,0
25,Ava,3,1,has a peanut allergy,2,0
25,Ava,3,1,is 26 years old,3,0
25,Ava,3,1,is an artist,4,0
25,Ava,3,1,is Native American,5,0
25,Ava,3,1,is a compassionate person,6,1
25,Ava,3,1,often drives Peter to appointments and errands,7,0
25,Ava,3,1,is female,8,0
25,Ava,3,1,regularly drinks coffee,9,0
25,Ava,3,1,has been friends with Peter for many years,10,0
25,Ava,3,1,did her annual car maintenance,11,0
25,Ava,3,1,drove under the speed limit,12,0
25,Ava,3,1,listened to the radio while driving,13,0
25,Ava,3,1,was startled by the deer,14,0
25,Ava,3,1,slammed the brakes after seeing the deer,15,0
25,Julia,4,0,is a courteous person,1,0
25,Julia,4,0,is female,2,0
25,Julia,4,0,is 19 years old,3,0
25,Julia,4,0,babysits on the weekends,4,0
25,Julia,4,0,enjoys watching TV shows,5,0
25,Julia,4,0,is multiracial,6,0
25,Julia,4,0,is a college student,7,0
25,Julia,4,0,has asthma,8,0
25,Julia,4,0,studies psychology,9,0
25,Julia,4,0,can be sensitive sometimes,10,0
25,Julia,4,0,read children's books with Benji,11,0
25,Julia,4,0,picked up her partner's call while filling the bathtub,12,1
25,Julia,4,0,felt hurt after learning about the cheating,13,0
25,Julia,4,0,left the bathroom to talk to her partner,14,1
25,Julia,4,0,sat for a few minutes after hanging up,15,1
25,Melvin,5,1,grows corn,1,0
25,Melvin,5,1,is a farmer,2,0
25,Melvin,5,1,is male,3,0
25,Melvin,5,1,has a cheerful personality,4,0
25,Melvin,5,1,is 45 years old,5,0
25,Melvin,5,1,can be stingy sometimes,6,0
25,Melvin,5,1,grows hay,7,0
25,Melvin,5,1,has high blood pressure,8,0
25,Melvin,5,1,is White,9,0
25,Melvin,5,1,enjoys listening to rock music,10,0
25,Melvin,5,1,built his barn near the border with Vincent's property,11,1
25,Melvin,5,1,was concerned with hayfires,12,0
25,Melvin,5,1,considered buying hay-drying equipment,13,0
25,Melvin,5,1,met with consultants,14,0
25,Melvin,5,1,decided not to buy hay-drying equipment,15,1
25,Tristan,6,1,is extroverted and outgoing,1,0
25,Tristan,6,1,is Black,2,0
25,Tristan,6,1,enjoys listening to country music,3,0
25,Tristan,6,1,has worked for over ten years at the same hospital,4,0
25,Tristan,6,1,is a cardiologist,5,0
25,Tristan,6,1,can be opinionated sometimes,6,0
25,Tristan,6,1,can be impatient sometimes,7,1
25,Tristan,6,1,is male,8,0
25,Tristan,6,1,is Christian,9,0
25,Tristan,6,1,is 43 years old,10,0
25,Tristan,6,1,reviewed Annie's medical history and symptoms,11,0
25,Tristan,6,1,checked Annie's vitals,12,0
25,Tristan,6,1,ordered Annie an electrocardiogram (ECG/EKG),13,0
25,Tristan,6,1,did not order any other heart tests,14,1
25,Tristan,6,1,did not order a mammogram,15,0
25,Chris,7,1,enjoys swimming,1,0
25,Chris,7,1,has a curious personality,2,0
25,Chris,7,1,has an average IQ,3,0
25,Chris,7,1,is a picky eater,4,0
25,Chris,7,1,is male,5,0
25,Chris,7,1,is White,6,0
25,Chris,7,1,is 10 years old,7,0
25,Chris,7,1,admires his father,8,0
25,Chris,7,1,weighs 70 lbs,9,0
25,Chris,7,1,enjoys playing hide-and-seek,10,0
25,Chris,7,1,invited friends over to play,11,0
25,Chris,7,1,hid in the hall closet,12,1
25,Chris,7,1,found the key in his father's jacket pocket,13,1
25,Chris,7,1,opened the gun cabinet with the key,14,1
25,Chris,7,1,picked up a pistol to play with,15,1
25,Nadia,8,0,enjoys oil painting,1,0
25,Nadia,8,0,collects vinyl records,2,0
25,Nadia,8,0,is White,3,0
25,Nadia,8,0,has red hair,4,0
25,Nadia,8,0,is 34 years old,5,0
25,Nadia,8,0,attended couples therapy years ago,6,0
25,Nadia,8,0,is a software engineer,7,0
25,Nadia,8,0,is female,8,0
25,Nadia,8,0,is a timid person,9,0
25,Nadia,8,0,is an organized person,10,0
25,Nadia,8,0,went to the emergency room for bruises,11,0
25,Nadia,8,0,did not seek help after the emergency room incident,12,1
25,Nadia,8,0,was scared when Franklin screamed,13,0
25,Nadia,8,0,grabbed the revolver,14,0
25,Nadia,8,0,shot Franklin with the revolver,15,1
25,Qian,9,0,is 27 years old,1,0
25,Qian,9,0,is hard-working,2,0
25,Qian,9,0,is Asian,3,0
25,Qian,9,0,enjoys jazz music,4,0
25,Qian,9,0,is male,5,0
25,Qian,9,0,has a humorous personality,6,0
25,Qian,9,0,is a restaurant waiter,7,0
25,Qian,9,0,enjoys watching sports,8,0
25,Qian,9,0,does not smoke,9,0
25,Qian,9,0,can be stubborn sometimes,10,0
25,Qian,9,0,hung out at the local bar with cousins,11,0
25,Qian,9,0,had several drinks over the course of two hours,12,0
25,Qian,9,0,was angered by Wilson's comments,13,0
25,Qian,9,0,did not talk back to Wilson,14,0
25,Qian,9,0,pushed Wilson to the ground,15,1
25,Alfred,10,1,is male,1,0
25,Alfred,10,1,has PTSD,2,0
25,Alfred,10,1,enjoys Italian cuisine,3,0
25,Alfred,10,1,has a calm personality,4,0
25,Alfred,10,1,is patriotic,5,0
25,Alfred,10,1,enjoys fishing,6,0
25,Alfred,10,1,is a veteran,7,1
25,Alfred,10,1,is White,8,0
25,Alfred,10,1,lives alone,9,0
25,Alfred,10,1,is 68 years old,10,0
25,Alfred,10,1,took the subway home,11,1
25,Alfred,10,1,was quiet on the subway,12,0
25,Alfred,10,1,got off at the same stop as Oliver,13,0
25,Alfred,10,1,heard loud drilling and yelling from the construction above,14,0
25,Alfred,10,1,physically attacked Oliver,15,0
25,Flora,11,1,is female,1,0
25,Flora,11,1,composes music in her free time,2,0
25,Flora,11,1,is an early riser,3,0
25,Flora,11,1,is a counselor,4,0
25,Flora,11,1,is legally blind,5,0
25,Flora,11,1,is an empathetic person,6,0
25,Flora,11,1,is 32 years old,7,0
25,Flora,11,1,enjoys gardening,8,0
25,Flora,11,1,uses a white cane to guide herself,9,0
25,Flora,11,1,is Asian,10,0
25,Flora,11,1,went to a neighbor's house for dinner,11,0
25,Flora,11,1,used her white cane while walking home,12,0
25,Flora,11,1,did not call for help,13,1
25,Flora,11,1,her white cane slipped between Paul's legs,14,0
25,Flora,11,1,stepped on Paul's torso,15,0
26,Flora,1,1,uses a white cane to guide herself,1,0
26,Flora,1,1,is legally blind,2,1
26,Flora,1,1,is female,3,0
26,Flora,1,1,is 32 years old,4,0
26,Flora,1,1,is an empathetic person,5,0
26,Flora,1,1,is an early riser,6,0
26,Flora,1,1,enjoys gardening,7,0
26,Flora,1,1,composes music in her free time,8,0
26,Flora,1,1,is Asian,9,0
26,Flora,1,1,is a counselor,10,0
26,Flora,1,1,went to a neighbor's house for dinner,11,0
26,Flora,1,1,used her white cane while walking home,12,0
26,Flora,1,1,did not call for help,13,0
26,Flora,1,1,her white cane slipped between Paul's legs,14,1
26,Flora,1,1,stepped on Paul's torso,15,1
26,Ava,2,1,has been friends with Peter for many years,1,0
26,Ava,2,1,is female,2,0
26,Ava,2,1,regularly drinks coffee,3,0
26,Ava,2,1,enjoys going to music concerts,4,0
26,Ava,2,1,is Native American,5,0
26,Ava,2,1,is a compassionate person,6,0
26,Ava,2,1,has a peanut allergy,7,0
26,Ava,2,1,is an artist,8,0
26,Ava,2,1,is 26 years old,9,0
26,Ava,2,1,often drives Peter to appointments and errands,10,0
26,Ava,2,1,did her annual car maintenance,11,0
26,Ava,2,1,drove under the speed limit,12,0
26,Ava,2,1,listened to the radio while driving,13,0
26,Ava,2,1,was startled by the deer,14,0
26,Ava,2,1,slammed the brakes after seeing the deer,15,1
26,Edward,3,1,is male,1,0
26,Edward,3,1,is an experienced driver,2,0
26,Edward,3,1,is White,3,0
26,Edward,3,1,is 24 years old,4,0
26,Edward,3,1,enjoys reading science fiction,5,0
26,Edward,3,1,enjoys browsing Twitter,6,0
26,Edward,3,1,is a studious person,7,0
26,Edward,3,1,is single,8,0
26,Edward,3,1,is an ambitious person,9,0
26,Edward,3,1,is a clinical research assistant,10,0
26,Edward,3,1,did not mute phone notifications while driving,11,0
26,Edward,3,1,was not speeding,12,0
26,Edward,3,1,checked that there were no other cars nearby,13,0
26,Edward,3,1,took a peek at the text,14,1
26,Edward,3,1,veered into the cyclist while reading the text,15,1
26,Melvin,4,1,has high blood pressure,1,0
26,Melvin,4,1,grows hay,2,0
26,Melvin,4,1,has a cheerful personality,3,0
26,Melvin,4,1,is White,4,0
26,Melvin,4,1,is male,5,0
26,Melvin,4,1,is 45 years old,6,0
26,Melvin,4,1,can be stingy sometimes,7,0
26,Melvin,4,1,enjoys listening to rock music,8,0
26,Melvin,4,1,grows corn,9,0
26,Melvin,4,1,is a farmer,10,0
26,Melvin,4,1,built his barn near the border with Vincent's property,11,0
26,Melvin,4,1,was concerned with hayfires,12,0
26,Melvin,4,1,considered buying hay-drying equipment,13,0
26,Melvin,4,1,met with consultants,14,0
26,Melvin,4,1,decided not to buy hay-drying equipment,15,1
26,Chris,5,1,is 10 years old,1,0
26,Chris,5,1,is White,2,0
26,Chris,5,1,is male,3,0
26,Chris,5,1,has a curious personality,4,0
26,Chris,5,1,weighs 70 lbs,5,0
26,Chris,5,1,is a picky eater,6,0
26,Chris,5,1,enjoys swimming,7,0
26,Chris,5,1,has an average IQ,8,0
26,Chris,5,1,enjoys playing hide-and-seek,9,0
26,Chris,5,1,admires his father,10,0
26,Chris,5,1,invited friends over to play,11,0
26,Chris,5,1,hid in the hall closet,12,0
26,Chris,5,1,found the key in his father's jacket pocket,13,0
26,Chris,5,1,opened the gun cabinet with the key,14,1
26,Chris,5,1,picked up a pistol to play with,15,1
26,Nadia,6,0,has red hair,1,0
26,Nadia,6,0,attended couples therapy years ago,2,0
26,Nadia,6,0,is female,3,0
26,Nadia,6,0,enjoys oil painting,4,0
26,Nadia,6,0,is a software engineer,5,0
26,Nadia,6,0,is a timid person,6,0
26,Nadia,6,0,is an organized person,7,0
26,Nadia,6,0,is White,8,0
26,Nadia,6,0,is 34 years old,9,0
26,Nadia,6,0,collects vinyl records,10,0
26,Nadia,6,0,went to the emergency room for bruises,11,0
26,Nadia,6,0,did not seek help after the emergency room incident,12,1
26,Nadia,6,0,was scared when Franklin screamed,13,0
26,Nadia,6,0,grabbed the revolver,14,0
26,Nadia,6,0,shot Franklin with the revolver,15,1
26,Alfred,7,1,has a calm personality,1,0
26,Alfred,7,1,is a veteran,2,0
26,Alfred,7,1,is patriotic,3,0
26,Alfred,7,1,is 68 years old,4,0
26,Alfred,7,1,enjoys Italian cuisine,5,0
26,Alfred,7,1,is male,6,0
26,Alfred,7,1,is White,7,0
26,Alfred,7,1,enjoys fishing,8,0
26,Alfred,7,1,has PTSD,9,0
26,Alfred,7,1,lives alone,10,0
26,Alfred,7,1,took the subway home,11,0
26,Alfred,7,1,was quiet on the subway,12,0
26,Alfred,7,1,got off at the same stop as Oliver,13,0
26,Alfred,7,1,heard loud drilling and yelling from the construction above,14,0
26,Alfred,7,1,physically attacked Oliver,15,1
26,Darla,8,0,is nearsighted,1,0
26,Darla,8,0,is female,2,0
26,Darla,8,0,has an absent-minded personality,3,1
26,Darla,8,0,has a laid-back personality,4,0
26,Darla,8,0,is 32 years old,5,0
26,Darla,8,0,is Black,6,0
26,Darla,8,0,enjoys cooking,7,0
26,Darla,8,0,communicates and interacts well with children,8,0
26,Darla,8,0,has worked with Pamela for many years,9,0
26,Darla,8,0,runs a home daycare business,10,0
26,Darla,8,0,lives in a tornado-affected area,11,0
26,Darla,8,0,played games with the children,12,0
26,Darla,8,0,played loud upbeat music with the children,13,1
26,Darla,8,0,focused on the children,14,0
26,Darla,8,0,did not hear the tornado sirens,15,1
26,Qian,9,0,is Asian,1,0
26,Qian,9,0,is a restaurant waiter,2,0
26,Qian,9,0,enjoys jazz music,3,0
26,Qian,9,0,can be stubborn sometimes,4,0
26,Qian,9,0,is male,5,0
26,Qian,9,0,is hard-working,6,0
26,Qian,9,0,does not smoke,7,0
26,Qian,9,0,has a humorous personality,8,0
26,Qian,9,0,enjoys watching sports,9,0
26,Qian,9,0,is 27 years old,10,0
26,Qian,9,0,hung out at the local bar with cousins,11,0
26,Qian,9,0,had several drinks over the course of two hours,12,0
26,Qian,9,0,was angered by Wilson's comments,13,0
26,Qian,9,0,did not talk back to Wilson,14,0
26,Qian,9,0,pushed Wilson to the ground,15,1
26,Julia,10,0,is multiracial,1,0
26,Julia,10,0,is 19 years old,2,0
26,Julia,10,0,is female,3,0
26,Julia,10,0,has asthma,4,0
26,Julia,10,0,babysits on the weekends,5,0
26,Julia,10,0,enjoys watching TV shows,6,0
26,Julia,10,0,is a courteous person,7,0
26,Julia,10,0,can be sensitive sometimes,8,0
26,Julia,10,0,studies psychology,9,0
26,Julia,10,0,is a college student,10,0
26,Julia,10,0,read children's books with Benji,11,0
26,Julia,10,0,picked up her partner's call while filling the bathtub,12,0
26,Julia,10,0,felt hurt after learning about the cheating,13,0
26,Julia,10,0,left the bathroom to talk to her partner,14,1
26,Julia,10,0,sat for a few minutes after hanging up,15,0
26,Tristan,11,1,is male,1,0
26,Tristan,11,1,is Christian,2,0
26,Tristan,11,1,can be impatient sometimes,3,0
26,Tristan,11,1,is 43 years old,4,0
26,Tristan,11,1,enjoys listening to country music,5,0
26,Tristan,11,1,has worked for over ten years at the same hospital,6,0
26,Tristan,11,1,is a cardiologist,7,0
26,Tristan,11,1,is Black,8,0
26,Tristan,11,1,is extroverted and outgoing,9,0
26,Tristan,11,1,can be opinionated sometimes,10,0
26,Tristan,11,1,reviewed Annie's medical history and symptoms,11,0
26,Tristan,11,1,checked Annie's vitals,12,0
26,Tristan,11,1,ordered Annie an electrocardiogram (ECG/EKG),13,0
26,Tristan,11,1,did not order any other heart tests,14,1
26,Tristan,11,1,did not order a mammogram,15,0
27,Darla,1,1,is Black,1,0
27,Darla,1,1,is nearsighted,2,0
27,Darla,1,1,has an absent-minded personality,3,0
27,Darla,1,1,communicates and interacts well with children,4,0
27,Darla,1,1,is 32 years old,5,0
27,Darla,1,1,has a laid-back personality,6,0
27,Darla,1,1,has worked with Pamela for many years,7,0
27,Darla,1,1,is female,8,0
27,Darla,1,1,runs a home daycare business,9,0
27,Darla,1,1,enjoys cooking,10,0
27,Darla,1,1,lives in a tornado-affected area,11,1
27,Darla,1,1,played games with the children,12,0
27,Darla,1,1,played loud upbeat music with the children,13,1
27,Darla,1,1,focused on the children,14,0
27,Darla,1,1,did not hear the tornado sirens,15,0
27,Tristan,2,1,is 43 years old,1,0
27,Tristan,2,1,is Christian,2,0
27,Tristan,2,1,can be impatient sometimes,3,0
27,Tristan,2,1,is male,4,0
27,Tristan,2,1,is a cardiologist,5,0
27,Tristan,2,1,is Black,6,0
27,Tristan,2,1,is extroverted and outgoing,7,0
27,Tristan,2,1,enjoys listening to country music,8,0
27,Tristan,2,1,can be opinionated sometimes,9,0
27,Tristan,2,1,has worked for over ten years at the same hospital,10,0
27,Tristan,2,1,reviewed Annie's medical history and symptoms,11,0
27,Tristan,2,1,checked Annie's vitals,12,0
27,Tristan,2,1,ordered Annie an electrocardiogram (ECG/EKG),13,0
27,Tristan,2,1,did not order any other heart tests,14,1
27,Tristan,2,1,did not order a mammogram,15,1
27,Chris,3,1,admires his father,1,0
27,Chris,3,1,has an average IQ,2,0
27,Chris,3,1,enjoys swimming,3,0
27,Chris,3,1,is male,4,0
27,Chris,3,1,has a curious personality,5,0
27,Chris,3,1,is 10 years old,6,0
27,Chris,3,1,weighs 70 lbs,7,0
27,Chris,3,1,is White,8,0
27,Chris,3,1,is a picky eater,9,0
27,Chris,3,1,enjoys playing hide-and-seek,10,0
27,Chris,3,1,invited friends over to play,11,0
27,Chris,3,1,hid in the hall closet,12,1
27,Chris,3,1,found the key in his father's jacket pocket,13,1
27,Chris,3,1,opened the gun cabinet with the key,14,1
27,Chris,3,1,picked up a pistol to play with,15,1
27,Alfred,4,0,is patriotic,1,0
27,Alfred,4,0,has PTSD,2,1
27,Alfred,4,0,is White,3,0
27,Alfred,4,0,enjoys Italian cuisine,4,0
27,Alfred,4,0,is 68 years old,5,0
27,Alfred,4,0,enjoys fishing,6,0
27,Alfred,4,0,has a calm personality,7,0
27,Alfred,4,0,lives alone,8,0
27,Alfred,4,0,is male,9,0
27,Alfred,4,0,is a veteran,10,0
27,Alfred,4,0,took the subway home,11,1
27,Alfred,4,0,was quiet on the subway,12,0
27,Alfred,4,0,got off at the same stop as Oliver,13,1
27,Alfred,4,0,heard loud drilling and yelling from the construction above,14,1
27,Alfred,4,0,physically attacked Oliver,15,1
27,Edward,5,1,is an experienced driver,1,0
27,Edward,5,1,is a studious person,2,0
27,Edward,5,1,is 24 years old,3,0
27,Edward,5,1,enjoys browsing Twitter,4,0
27,Edward,5,1,is a clinical research assistant,5,0
27,Edward,5,1,is single,6,0
27,Edward,5,1,is male,7,0
27,Edward,5,1,is White,8,0
27,Edward,5,1,is an ambitious person,9,0
27,Edward,5,1,enjoys reading science fiction,10,0
27,Edward,5,1,did not mute phone notifications while driving,11,1
27,Edward,5,1,was not speeding,12,0
27,Edward,5,1,checked that there were no other cars nearby,13,0
27,Edward,5,1,took a peek at the text,14,1
27,Edward,5,1,veered into the cyclist while reading the text,15,1
27,Ava,6,1,has been friends with Peter for many years,1,0
27,Ava,6,1,is Native American,2,0
27,Ava,6,1,often drives Peter to appointments and errands,3,1
27,Ava,6,1,is an artist,4,0
27,Ava,6,1,has a peanut allergy,5,0
27,Ava,6,1,regularly drinks coffee,6,0
27,Ava,6,1,enjoys going to music concerts,7,0
27,Ava,6,1,is female,8,0
27,Ava,6,1,is a compassionate person,9,0
27,Ava,6,1,is 26 years old,10,0
27,Ava,6,1,did her annual car maintenance,11,0
27,Ava,6,1,drove under the speed limit,12,0
27,Ava,6,1,listened to the radio while driving,13,0
27,Ava,6,1,was startled by the deer,14,1
27,Ava,6,1,slammed the brakes after seeing the deer,15,0
27,Qian,7,0,enjoys watching sports,1,0
27,Qian,7,0,is Asian,2,0
27,Qian,7,0,can be stubborn sometimes,3,0
27,Qian,7,0,is hard-working,4,0
27,Qian,7,0,is male,5,0
27,Qian,7,0,is a restaurant waiter,6,0
27,Qian,7,0,enjoys jazz music,7,0
27,Qian,7,0,is 27 years old,8,0
27,Qian,7,0,does not smoke,9,0
27,Qian,7,0,has a humorous personality,10,0
27,Qian,7,0,hung out at the local bar with cousins,11,1
27,Qian,7,0,had several drinks over the course of two hours,12,1
27,Qian,7,0,was angered by Wilson's comments,13,0
27,Qian,7,0,did not talk back to Wilson,14,0
27,Qian,7,0,pushed Wilson to the ground,15,1
27,Melvin,8,1,has a cheerful personality,1,0
27,Melvin,8,1,can be stingy sometimes,2,0
27,Melvin,8,1,is a farmer,3,0
27,Melvin,8,1,is 45 years old,4,0
27,Melvin,8,1,is male,5,0
27,Melvin,8,1,enjoys listening to rock music,6,0
27,Melvin,8,1,grows hay,7,0
27,Melvin,8,1,is White,8,0
27,Melvin,8,1,grows corn,9,0
27,Melvin,8,1,has high blood pressure,10,0
27,Melvin,8,1,built his barn near the border with Vincent's property,11,0
27,Melvin,8,1,was concerned with hayfires,12,0
27,Melvin,8,1,considered buying hay-drying equipment,13,0
27,Melvin,8,1,met with consultants,14,0
27,Melvin,8,1,decided not to buy hay-drying equipment,15,1
27,Flora,9,1,is an early riser,1,0
27,Flora,9,1,enjoys gardening,2,0
27,Flora,9,1,is female,3,0
27,Flora,9,1,uses a white cane to guide herself,4,0
27,Flora,9,1,composes music in her free time,5,0
27,Flora,9,1,is legally blind,6,0
27,Flora,9,1,is an empathetic person,7,0
27,Flora,9,1,is Asian,8,0
27,Flora,9,1,is 32 years old,9,0
27,Flora,9,1,is a counselor,10,0
27,Flora,9,1,went to a neighbor's house for dinner,11,1
27,Flora,9,1,used her white cane while walking home,12,0
27,Flora,9,1,did not call for help,13,1
27,Flora,9,1,her white cane slipped between Paul's legs,14,1
27,Flora,9,1,stepped on Paul's torso,15,0
27,Nadia,10,1,attended couples therapy years ago,1,0
27,Nadia,10,1,is an organized person,2,0
27,Nadia,10,1,is a timid person,3,0
27,Nadia,10,1,collects vinyl records,4,0
27,Nadia,10,1,is female,5,0
27,Nadia,10,1,is 34 years old,6,0
27,Nadia,10,1,has red hair,7,0
27,Nadia,10,1,is a software engineer,8,0
27,Nadia,10,1,is White,9,0
27,Nadia,10,1,enjoys oil painting,10,0
27,Nadia,10,1,went to the emergency room for bruises,11,0
27,Nadia,10,1,did not seek help after the emergency room incident,12,1
27,Nadia,10,1,was scared when Franklin screamed,13,0
27,Nadia,10,1,grabbed the revolver,14,1
27,Nadia,10,1,shot Franklin with the revolver,15,1
27,Julia,11,0,is female,1,0
27,Julia,11,0,enjoys watching TV shows,2,0
27,Julia,11,0,is a college student,3,0
27,Julia,11,0,is multiracial,4,0
27,Julia,11,0,has asthma,5,0
27,Julia,11,0,can be sensitive sometimes,6,0
27,Julia,11,0,is a courteous person,7,0
27,Julia,11,0,is 19 years old,8,0
27,Julia,11,0,babysits on the weekends,9,0
27,Julia,11,0,studies psychology,10,0
27,Julia,11,0,read children's books with Benji,11,0
27,Julia,11,0,picked up her partner's call while filling the bathtub,12,1
27,Julia,11,0,felt hurt after learning about the cheating,13,0
27,Julia,11,0,left the bathroom to talk to her partner,14,0
27,Julia,11,0,sat for a few minutes after hanging up,15,0
28,Chris,1,1,is a picky eater,1,0
28,Chris,1,1,enjoys swimming,2,0
28,Chris,1,1,has an average IQ,3,0
28,Chris,1,1,weighs 70 lbs,4,0
28,Chris,1,1,is 10 years old,5,0
28,Chris,1,1,admires his father,6,0
28,Chris,1,1,is male,7,0
28,Chris,1,1,has a curious personality,8,0
28,Chris,1,1,is White,9,0
28,Chris,1,1,enjoys playing hide-and-seek,10,0
28,Chris,1,1,invited friends over to play,11,0
28,Chris,1,1,hid in the hall closet,12,0
28,Chris,1,1,found the key in his father's jacket pocket,13,0
28,Chris,1,1,opened the gun cabinet with the key,14,0
28,Chris,1,1,picked up a pistol to play with,15,1
28,Melvin,2,1,can be stingy sometimes,1,0
28,Melvin,2,1,grows corn,2,0
28,Melvin,2,1,is 45 years old,3,0
28,Melvin,2,1,is male,4,0
28,Melvin,2,1,is a farmer,5,0
28,Melvin,2,1,has a cheerful personality,6,0
28,Melvin,2,1,is White,7,0
28,Melvin,2,1,has high blood pressure,8,0
28,Melvin,2,1,grows hay,9,0
28,Melvin,2,1,enjoys listening to rock music,10,0
28,Melvin,2,1,built his barn near the border with Vincent's property,11,0
28,Melvin,2,1,was concerned with hayfires,12,0
28,Melvin,2,1,considered buying hay-drying equipment,13,0
28,Melvin,2,1,met with consultants,14,0
28,Melvin,2,1,decided not to buy hay-drying equipment,15,1
28,Edward,3,1,is male,1,0
28,Edward,3,1,is an experienced driver,2,0
28,Edward,3,1,is a clinical research assistant,3,0
28,Edward,3,1,is an ambitious person,4,0
28,Edward,3,1,enjoys browsing Twitter,5,0
28,Edward,3,1,is White,6,0
28,Edward,3,1,is a studious person,7,0
28,Edward,3,1,enjoys reading science fiction,8,0
28,Edward,3,1,is single,9,0
28,Edward,3,1,is 24 years old,10,0
28,Edward,3,1,did not mute phone notifications while driving,11,0
28,Edward,3,1,was not speeding,12,0
28,Edward,3,1,checked that there were no other cars nearby,13,0
28,Edward,3,1,took a peek at the text,14,1
28,Edward,3,1,veered into the cyclist while reading the text,15,0
28,Darla,4,0,has worked with Pamela for many years,1,0
28,Darla,4,0,is Black,2,0
28,Darla,4,0,has a laid-back personality,3,0
28,Darla,4,0,communicates and interacts well with children,4,0
28,Darla,4,0,has an absent-minded personality,5,0
28,Darla,4,0,runs a home daycare business,6,0
28,Darla,4,0,is female,7,0
28,Darla,4,0,enjoys cooking,8,0
28,Darla,4,0,is nearsighted,9,0
28,Darla,4,0,is 32 years old,10,0
28,Darla,4,0,lives in a tornado-affected area,11,0
28,Darla,4,0,played games with the children,12,0
28,Darla,4,0,played loud upbeat music with the children,13,1
28,Darla,4,0,focused on the children,14,0
28,Darla,4,0,did not hear the tornado sirens,15,0
28,Ava,5,1,is an artist,1,0
28,Ava,5,1,is female,2,0
28,Ava,5,1,has a peanut allergy,3,0
28,Ava,5,1,is a compassionate person,4,0
28,Ava,5,1,has been friends with Peter for many years,5,0
28,Ava,5,1,often drives Peter to appointments and errands,6,0
28,Ava,5,1,is 26 years old,7,0
28,Ava,5,1,regularly drinks coffee,8,0
28,Ava,5,1,is Native American,9,0
28,Ava,5,1,enjoys going to music concerts,10,0
28,Ava,5,1,did her annual car maintenance,11,0
28,Ava,5,1,drove under the speed limit,12,0
28,Ava,5,1,listened to the radio while driving,13,0
28,Ava,5,1,was startled by the deer,14,0
28,Ava,5,1,slammed the brakes after seeing the deer,15,1
28,Julia,6,0,babysits on the weekends,1,0
28,Julia,6,0,has asthma,2,0
28,Julia,6,0,studies psychology,3,0
28,Julia,6,0,can be sensitive sometimes,4,0
28,Julia,6,0,is 19 years old,5,0
28,Julia,6,0,enjoys watching TV shows,6,0
28,Julia,6,0,is female,7,0
28,Julia,6,0,is a college student,8,0
28,Julia,6,0,is multiracial,9,0
28,Julia,6,0,is a courteous person,10,0
28,Julia,6,0,read children's books with Benji,11,0
28,Julia,6,0,picked up her partner's call while filling the bathtub,12,1
28,Julia,6,0,felt hurt after learning about the cheating,13,0
28,Julia,6,0,left the bathroom to talk to her partner,14,0
28,Julia,6,0,sat for a few minutes after hanging up,15,0
28,Tristan,7,1,is Christian,1,0
28,Tristan,7,1,is a cardiologist,2,0
28,Tristan,7,1,is 43 years old,3,0
28,Tristan,7,1,is male,4,0
28,Tristan,7,1,can be opinionated sometimes,5,0
28,Tristan,7,1,is extroverted and outgoing,6,0
28,Tristan,7,1,can be impatient sometimes,7,0
28,Tristan,7,1,has worked for over ten years at the same hospital,8,0
28,Tristan,7,1,enjoys listening to country music,9,0
28,Tristan,7,1,is Black,10,0
28,Tristan,7,1,reviewed Annie's medical history and symptoms,11,0
28,Tristan,7,1,checked Annie's vitals,12,0
28,Tristan,7,1,ordered Annie an electrocardiogram (ECG/EKG),13,0
28,Tristan,7,1,did not order any other heart tests,14,1
28,Tristan,7,1,did not order a mammogram,15,0
28,Qian,8,0,is 27 years old,1,0
28,Qian,8,0,is a restaurant waiter,2,0
28,Qian,8,0,is hard-working,3,0
28,Qian,8,0,is male,4,0
28,Qian,8,0,is Asian,5,0
28,Qian,8,0,can be stubborn sometimes,6,0
28,Qian,8,0,has a humorous personality,7,0
28,Qian,8,0,does not smoke,8,0
28,Qian,8,0,enjoys jazz music,9,0
28,Qian,8,0,enjoys watching sports,10,0
28,Qian,8,0,hung out at the local bar with cousins,11,0
28,Qian,8,0,had several drinks over the course of two hours,12,1
28,Qian,8,0,was angered by Wilson's comments,13,0
28,Qian,8,0,did not talk back to Wilson,14,0
28,Qian,8,0,pushed Wilson to the ground,15,1
28,Nadia,9,0,has red hair,1,0
28,Nadia,9,0,is 34 years old,2,0
28,Nadia,9,0,collects vinyl records,3,0
28,Nadia,9,0,is a timid person,4,0
28,Nadia,9,0,is female,5,0
28,Nadia,9,0,is White,6,0
28,Nadia,9,0,attended couples therapy years ago,7,0
28,Nadia,9,0,is an organized person,8,0
28,Nadia,9,0,enjoys oil painting,9,0
28,Nadia,9,0,is a software engineer,10,0
28,Nadia,9,0,went to the emergency room for bruises,11,0
28,Nadia,9,0,did not seek help after the emergency room incident,12,1
28,Nadia,9,0,was scared when Franklin screamed,13,0
28,Nadia,9,0,grabbed the revolver,14,1
28,Nadia,9,0,shot Franklin with the revolver,15,1
28,Flora,10,1,is an empathetic person,1,0
28,Flora,10,1,is a counselor,2,0
28,Flora,10,1,is an early riser,3,0
28,Flora,10,1,is Asian,4,0
28,Flora,10,1,is female,5,0
28,Flora,10,1,is legally blind,6,1
28,Flora,10,1,uses a white cane to guide herself,7,1
28,Flora,10,1,composes music in her free time,8,0
28,Flora,10,1,is 32 years old,9,0
28,Flora,10,1,enjoys gardening,10,0
28,Flora,10,1,went to a neighbor's house for dinner,11,1
28,Flora,10,1,used her white cane while walking home,12,1
28,Flora,10,1,did not call for help,13,1
28,Flora,10,1,her white cane slipped between Paul's legs,14,1
28,Flora,10,1,stepped on Paul's torso,15,1
28,Alfred,11,1,lives alone,1,0
28,Alfred,11,1,is a veteran,2,0
28,Alfred,11,1,enjoys Italian cuisine,3,0
28,Alfred,11,1,is White,4,0
28,Alfred,11,1,has PTSD,5,1
28,Alfred,11,1,is male,6,0
28,Alfred,11,1,is patriotic,7,0
28,Alfred,11,1,is 68 years old,8,0
28,Alfred,11,1,has a calm personality,9,0
28,Alfred,11,1,enjoys fishing,10,0
28,Alfred,11,1,took the subway home,11,1
28,Alfred,11,1,was quiet on the subway,12,0
28,Alfred,11,1,got off at the same stop as Oliver,13,1
28,Alfred,11,1,heard loud drilling and yelling from the construction above,14,1
28,Alfred,11,1,physically attacked Oliver,15,1
29,Ava,1,0,is female,1,1
29,Ava,1,0,is 26 years old,2,0
29,Ava,1,0,is a compassionate person,3,1
29,Ava,1,0,regularly drinks coffee,4,0
29,Ava,1,0,often drives Peter to appointments and errands,5,0
29,Ava,1,0,is an artist,6,0
29,Ava,1,0,enjoys going to music concerts,7,0
29,Ava,1,0,has a peanut allergy,8,0
29,Ava,1,0,has been friends with Peter for many years,9,0
29,Ava,1,0,is Native American,10,0
29,Ava,1,0,did her annual car maintenance,11,0
29,Ava,1,0,drove under the speed limit,12,0
29,Ava,1,0,listened to the radio while driving,13,0
29,Ava,1,0,was startled by the deer,14,0
29,Ava,1,0,slammed the brakes after seeing the deer,15,0
29,Alfred,2,0,is patriotic,1,0
29,Alfred,2,0,is 68 years old,2,1
29,Alfred,2,0,enjoys fishing,3,0
29,Alfred,2,0,is White,4,0
29,Alfred,2,0,lives alone,5,0
29,Alfred,2,0,has a calm personality,6,0
29,Alfred,2,0,has PTSD,7,0
29,Alfred,2,0,is male,8,0
29,Alfred,2,0,enjoys Italian cuisine,9,0
29,Alfred,2,0,is a veteran,10,0
29,Alfred,2,0,took the subway home,11,0
29,Alfred,2,0,was quiet on the subway,12,0
29,Alfred,2,0,got off at the same stop as Oliver,13,0
29,Alfred,2,0,heard loud drilling and yelling from the construction above,14,0
29,Alfred,2,0,physically attacked Oliver,15,0
29,Chris,3,0,weighs 70 lbs,1,0
29,Chris,3,0,admires his father,2,1
29,Chris,3,0,has an average IQ,3,0
29,Chris,3,0,is a picky eater,4,0
29,Chris,3,0,is 10 years old,5,0
29,Chris,3,0,is White,6,0
29,Chris,3,0,enjoys swimming,7,0
29,Chris,3,0,is male,8,0
29,Chris,3,0,enjoys playing hide-and-seek,9,0
29,Chris,3,0,has a curious personality,10,0
29,Chris,3,0,invited friends over to play,11,0
29,Chris,3,0,hid in the hall closet,12,0
29,Chris,3,0,found the key in his father's jacket pocket,13,0
29,Chris,3,0,opened the gun cabinet with the key,14,0
29,Chris,3,0,picked up a pistol to play with,15,0
29,Nadia,4,0,attended couples therapy years ago,1,0
29,Nadia,4,0,is White,2,0
29,Nadia,4,0,collects vinyl records,3,1
29,Nadia,4,0,is a software engineer,4,0
29,Nadia,4,0,is a timid person,5,0
29,Nadia,4,0,is female,6,0
29,Nadia,4,0,has red hair,7,0
29,Nadia,4,0,is an organized person,8,0
29,Nadia,4,0,enjoys oil painting,9,0
29,Nadia,4,0,is 34 years old,10,0
29,Nadia,4,0,went to the emergency room for bruises,11,0
29,Nadia,4,0,did not seek help after the emergency room incident,12,0
29,Nadia,4,0,was scared when Franklin screamed,13,0
29,Nadia,4,0,grabbed the revolver,14,0
29,Nadia,4,0,shot Franklin with the revolver,15,0
29,Flora,5,0,is a counselor,1,0
29,Flora,5,0,is 32 years old,2,0
29,Flora,5,0,uses a white cane to guide herself,3,1
29,Flora,5,0,is an early riser,4,0
29,Flora,5,0,composes music in her free time,5,0
29,Flora,5,0,is an empathetic person,6,0
29,Flora,5,0,enjoys gardening,7,0
29,Flora,5,0,is female,8,0
29,Flora,5,0,is legally blind,9,0
29,Flora,5,0,is Asian,10,0
29,Flora,5,0,went to a neighbor's house for dinner,11,0
29,Flora,5,0,used her white cane while walking home,12,0
29,Flora,5,0,did not call for help,13,0
29,Flora,5,0,her white cane slipped between Paul's legs,14,0
29,Flora,5,0,stepped on Paul's torso,15,0
29,Tristan,6,0,is a cardiologist,1,0
29,Tristan,6,0,is Black,2,0
29,Tristan,6,0,is Christian,3,0
29,Tristan,6,0,is extroverted and outgoing,4,1
29,Tristan,6,0,has worked for over ten years at the same hospital,5,0
29,Tristan,6,0,is male,6,0
29,Tristan,6,0,enjoys listening to country music,7,0
29,Tristan,6,0,can be opinionated sometimes,8,0
29,Tristan,6,0,can be impatient sometimes,9,0
29,Tristan,6,0,is 43 years old,10,0
29,Tristan,6,0,reviewed Annie's medical history and symptoms,11,0
29,Tristan,6,0,checked Annie's vitals,12,0
29,Tristan,6,0,ordered Annie an electrocardiogram (ECG/EKG),13,0
29,Tristan,6,0,did not order any other heart tests,14,0
29,Tristan,6,0,did not order a mammogram,15,0
29,Darla,7,0,communicates and interacts well with children,1,0
29,Darla,7,0,runs a home daycare business,2,0
29,Darla,7,0,has an absent-minded personality,3,1
29,Darla,7,0,is nearsighted,4,0
29,Darla,7,0,has worked with Pamela for many years,5,0
29,Darla,7,0,has a laid-back personality,6,0
29,Darla,7,0,is female,7,0
29,Darla,7,0,is 32 years old,8,0
29,Darla,7,0,is Black,9,0
29,Darla,7,0,enjoys cooking,10,0
29,Darla,7,0,lives in a tornado-affected area,11,0
29,Darla,7,0,played games with the children,12,0
29,Darla,7,0,played loud upbeat music with the children,13,0
29,Darla,7,0,focused on the children,14,0
29,Darla,7,0,did not hear the tornado sirens,15,0
29,Melvin,8,0,is male,1,0
29,Melvin,8,0,grows hay,2,0
29,Melvin,8,0,has a cheerful personality,3,0
29,Melvin,8,0,enjoys listening to rock music,4,1
29,Melvin,8,0,is 45 years old,5,0
29,Melvin,8,0,has high blood pressure,6,0
29,Melvin,8,0,grows corn,7,0
29,Melvin,8,0,can be stingy sometimes,8,0
29,Melvin,8,0,is White,9,0
29,Melvin,8,0,is a farmer,10,1
29,Melvin,8,0,built his barn near the border with Vincent's property,11,0
29,Melvin,8,0,was concerned with hayfires,12,0
29,Melvin,8,0,considered buying hay-drying equipment,13,0
29,Melvin,8,0,met with consultants,14,0
29,Melvin,8,0,decided not to buy hay-drying equipment,15,0
29,Qian,9,0,enjoys jazz music,1,0
29,Qian,9,0,is hard-working,2,1
29,Qian,9,0,does not smoke,3,0
29,Qian,9,0,is male,4,0
29,Qian,9,0,enjoys watching sports,5,0
29,Qian,9,0,is a restaurant waiter,6,0
29,Qian,9,0,is 27 years old,7,0
29,Qian,9,0,is Asian,8,0
29,Qian,9,0,can be stubborn sometimes,9,0
29,Qian,9,0,has a humorous personality,10,0
29,Qian,9,0,hung out at the local bar with cousins,11,0
29,Qian,9,0,had several drinks over the course of two hours,12,0
29,Qian,9,0,was angered by Wilson's comments,13,0
29,Qian,9,0,did not talk back to Wilson,14,0
29,Qian,9,0,pushed Wilson to the ground,15,0
29,Edward,10,0,is 24 years old,1,1
29,Edward,10,0,enjoys reading science fiction,2,0
29,Edward,10,0,is White,3,0
29,Edward,10,0,is male,4,0
29,Edward,10,0,enjoys browsing Twitter,5,0
29,Edward,10,0,is an experienced driver,6,0
29,Edward,10,0,is single,7,0
29,Edward,10,0,is a studious person,8,0
29,Edward,10,0,is an ambitious person,9,0
29,Edward,10,0,is a clinical research assistant,10,0
29,Edward,10,0,did not mute phone notifications while driving,11,0
29,Edward,10,0,was not speeding,12,0
29,Edward,10,0,checked that there were no other cars nearby,13,0
29,Edward,10,0,took a peek at the text,14,0
29,Edward,10,0,veered into the cyclist while reading the text,15,0
29,Julia,11,0,is female,1,0
29,Julia,11,0,can be sensitive sometimes,2,1
29,Julia,11,0,has asthma,3,0
29,Julia,11,0,studies psychology,4,0
29,Julia,11,0,enjoys watching TV shows,5,0
29,Julia,11,0,is multiracial,6,0
29,Julia,11,0,is 19 years old,7,0
29,Julia,11,0,is a courteous person,8,0
29,Julia,11,0,is a college student,9,1
29,Julia,11,0,babysits on the weekends,10,0
29,Julia,11,0,read children's books with Benji,11,0
29,Julia,11,0,picked up her partner's call while filling the bathtub,12,0
29,Julia,11,0,felt hurt after learning about the cheating,13,0
29,Julia,11,0,left the bathroom to talk to her partner,14,0
29,Julia,11,0,sat for a few minutes after hanging up,15,0
30,Ava,1,1,is Native American,1,0
30,Ava,1,1,is 26 years old,2,0
30,Ava,1,1,regularly drinks coffee,3,0
30,Ava,1,1,is a compassionate person,4,0
30,Ava,1,1,is an artist,5,0
30,Ava,1,1,is female,6,0
30,Ava,1,1,often drives Peter to appointments and errands,7,0
30,Ava,1,1,enjoys going to music concerts,8,0
30,Ava,1,1,has been friends with Peter for many years,9,0
30,Ava,1,1,has a peanut allergy,10,0
30,Ava,1,1,did her annual car maintenance,11,0
30,Ava,1,1,drove under the speed limit,12,0
30,Ava,1,1,listened to the radio while driving,13,0
30,Ava,1,1,was startled by the deer,14,1
30,Ava,1,1,slammed the brakes after seeing the deer,15,0
30,Edward,2,1,is male,1,0
30,Edward,2,1,is 24 years old,2,0
30,Edward,2,1,is White,3,0
30,Edward,2,1,is a clinical research assistant,4,0
30,Edward,2,1,is single,5,0
30,Edward,2,1,enjoys reading science fiction,6,0
30,Edward,2,1,is an ambitious person,7,0
30,Edward,2,1,enjoys browsing Twitter,8,0
30,Edward,2,1,is a studious person,9,0
30,Edward,2,1,is an experienced driver,10,0
30,Edward,2,1,did not mute phone notifications while driving,11,0
30,Edward,2,1,was not speeding,12,0
30,Edward,2,1,checked that there were no other cars nearby,13,0
30,Edward,2,1,took a peek at the text,14,1
30,Edward,2,1,veered into the cyclist while reading the text,15,0
30,Nadia,3,0,has red hair,1,0
30,Nadia,3,0,is female,2,0
30,Nadia,3,0,collects vinyl records,3,0
30,Nadia,3,0,is an organized person,4,0
30,Nadia,3,0,is 34 years old,5,0
30,Nadia,3,0,attended couples therapy years ago,6,0
30,Nadia,3,0,is White,7,0
30,Nadia,3,0,enjoys oil painting,8,0
30,Nadia,3,0,is a timid person,9,0
30,Nadia,3,0,is a software engineer,10,0
30,Nadia,3,0,went to the emergency room for bruises,11,0
30,Nadia,3,0,did not seek help after the emergency room incident,12,0
30,Nadia,3,0,was scared when Franklin screamed,13,1
30,Nadia,3,0,grabbed the revolver,14,0
30,Nadia,3,0,shot Franklin with the revolver,15,0
30,Melvin,4,1,grows hay,1,0
30,Melvin,4,1,is White,2,0
30,Melvin,4,1,enjoys listening to rock music,3,0
30,Melvin,4,1,has a cheerful personality,4,0
30,Melvin,4,1,is male,5,0
30,Melvin,4,1,grows corn,6,0
30,Melvin,4,1,is 45 years old,7,0
30,Melvin,4,1,can be stingy sometimes,8,0
30,Melvin,4,1,has high blood pressure,9,0
30,Melvin,4,1,is a farmer,10,0
30,Melvin,4,1,built his barn near the border with Vincent's property,11,0
30,Melvin,4,1,was concerned with hayfires,12,0
30,Melvin,4,1,considered buying hay-drying equipment,13,0
30,Melvin,4,1,met with consultants,14,0
30,Melvin,4,1,decided not to buy hay-drying equipment,15,1
30,Chris,5,1,enjoys swimming,1,0
30,Chris,5,1,has an average IQ,2,0
30,Chris,5,1,weighs 70 lbs,3,0
30,Chris,5,1,is male,4,0
30,Chris,5,1,is White,5,0
30,Chris,5,1,has a curious personality,6,0
30,Chris,5,1,enjoys playing hide-and-seek,7,0
30,Chris,5,1,is a picky eater,8,0
30,Chris,5,1,admires his father,9,0
30,Chris,5,1,is 10 years old,10,0
30,Chris,5,1,invited friends over to play,11,0
30,Chris,5,1,hid in the hall closet,12,0
30,Chris,5,1,found the key in his father's jacket pocket,13,0
30,Chris,5,1,opened the gun cabinet with the key,14,1
30,Chris,5,1,picked up a pistol to play with,15,0
30,Flora,6,1,composes music in her free time,1,0
30,Flora,6,1,is legally blind,2,0
30,Flora,6,1,uses a white cane to guide herself,3,0
30,Flora,6,1,is 32 years old,4,0
30,Flora,6,1,enjoys gardening,5,0
30,Flora,6,1,is an early riser,6,0
30,Flora,6,1,is a counselor,7,0
30,Flora,6,1,is Asian,8,0
30,Flora,6,1,is female,9,0
30,Flora,6,1,is an empathetic person,10,0
30,Flora,6,1,went to a neighbor's house for dinner,11,0
30,Flora,6,1,used her white cane while walking home,12,0
30,Flora,6,1,did not call for help,13,0
30,Flora,6,1,her white cane slipped between Paul's legs,14,1
30,Flora,6,1,stepped on Paul's torso,15,0
30,Alfred,7,1,is a veteran,1,0
30,Alfred,7,1,enjoys Italian cuisine,2,0
30,Alfred,7,1,is White,3,0
30,Alfred,7,1,is 68 years old,4,0
30,Alfred,7,1,is patriotic,5,0
30,Alfred,7,1,is male,6,0
30,Alfred,7,1,has PTSD,7,0
30,Alfred,7,1,enjoys fishing,8,0
30,Alfred,7,1,lives alone,9,0
30,Alfred,7,1,has a calm personality,10,0
30,Alfred,7,1,took the subway home,11,0
30,Alfred,7,1,was quiet on the subway,12,0
30,Alfred,7,1,got off at the same stop as Oliver,13,0
30,Alfred,7,1,heard loud drilling and yelling from the construction above,14,0
30,Alfred,7,1,physically attacked Oliver,15,1
30,Julia,8,0,can be sensitive sometimes,1,0
30,Julia,8,0,is a college student,2,0
30,Julia,8,0,is a courteous person,3,0
30,Julia,8,0,enjoys watching TV shows,4,0
30,Julia,8,0,babysits on the weekends,5,0
30,Julia,8,0,is female,6,0
30,Julia,8,0,studies psychology,7,0
30,Julia,8,0,has asthma,8,0
30,Julia,8,0,is 19 years old,9,0
30,Julia,8,0,is multiracial,10,0
30,Julia,8,0,read children's books with Benji,11,0
30,Julia,8,0,picked up her partner's call while filling the bathtub,12,0
30,Julia,8,0,felt hurt after learning about the cheating,13,0
30,Julia,8,0,left the bathroom to talk to her partner,14,1
30,Julia,8,0,sat for a few minutes after hanging up,15,0
30,Tristan,9,1,is a cardiologist,1,1
30,Tristan,9,1,has worked for over ten years at the same hospital,2,0
30,Tristan,9,1,is Christian,3,0
30,Tristan,9,1,can be opinionated sometimes,4,1
30,Tristan,9,1,enjoys listening to country music,5,0
30,Tristan,9,1,is 43 years old,6,0
30,Tristan,9,1,is extroverted and outgoing,7,0
30,Tristan,9,1,is male,8,1
30,Tristan,9,1,is Black,9,0
30,Tristan,9,1,can be impatient sometimes,10,1
30,Tristan,9,1,reviewed Annie's medical history and symptoms,11,0
30,Tristan,9,1,checked Annie's vitals,12,0
30,Tristan,9,1,ordered Annie an electrocardiogram (ECG/EKG),13,0
30,Tristan,9,1,did not order any other heart tests,14,1
30,Tristan,9,1,did not order a mammogram,15,0
30,Qian,10,0,enjoys watching sports,1,0
30,Qian,10,0,is Asian,2,0
30,Qian,10,0,is 27 years old,3,0
30,Qian,10,0,is a restaurant waiter,4,0
30,Qian,10,0,can be stubborn sometimes,5,0
30,Qian,10,0,is male,6,0
30,Qian,10,0,does not smoke,7,0
30,Qian,10,0,has a humorous personality,8,0
30,Qian,10,0,is hard-working,9,0
30,Qian,10,0,enjoys jazz music,10,0
30,Qian,10,0,hung out at the local bar with cousins,11,0
30,Qian,10,0,had several drinks over the course of two hours,12,0
30,Qian,10,0,was angered by Wilson's comments,13,0
30,Qian,10,0,did not talk back to Wilson,14,0
30,Qian,10,0,pushed Wilson to the ground,15,1
30,Darla,11,0,runs a home daycare business,1,0
30,Darla,11,0,communicates and interacts well with children,2,0
30,Darla,11,0,has worked with Pamela for many years,3,0
30,Darla,11,0,has an absent-minded personality,4,0
30,Darla,11,0,is Black,5,0
30,Darla,11,0,enjoys cooking,6,0
30,Darla,11,0,has a laid-back personality,7,0
30,Darla,11,0,is nearsighted,8,0
30,Darla,11,0,is female,9,0
30,Darla,11,0,is 32 years old,10,0
30,Darla,11,0,lives in a tornado-affected area,11,0
30,Darla,11,0,played games with the children,12,0
30,Darla,11,0,played loud upbeat music with the children,13,0
30,Darla,11,0,focused on the children,14,0
30,Darla,11,0,did not hear the tornado sirens,15,1
31,Alfred,1,1,has a calm personality,1,0
31,Alfred,1,1,is 68 years old,2,0
31,Alfred,1,1,lives alone,3,0
31,Alfred,1,1,is White,4,0
31,Alfred,1,1,enjoys fishing,5,0
31,Alfred,1,1,enjoys Italian cuisine,6,0
31,Alfred,1,1,is male,7,0
31,Alfred,1,1,is a veteran,8,0
31,Alfred,1,1,is patriotic,9,0
31,Alfred,1,1,has PTSD,10,1
31,Alfred,1,1,took the subway home,11,0
31,Alfred,1,1,was quiet on the subway,12,0
31,Alfred,1,1,got off at the same stop as Oliver,13,0
31,Alfred,1,1,heard loud drilling and yelling from the construction above,14,1
31,Alfred,1,1,physically attacked Oliver,15,1
31,Edward,2,1,is a clinical research assistant,1,0
31,Edward,2,1,is single,2,0
31,Edward,2,1,is an experienced driver,3,0
31,Edward,2,1,is White,4,0
31,Edward,2,1,is an ambitious person,5,0
31,Edward,2,1,is a studious person,6,0
31,Edward,2,1,is male,7,0
31,Edward,2,1,is 24 years old,8,0
31,Edward,2,1,enjoys reading science fiction,9,0
31,Edward,2,1,enjoys browsing Twitter,10,0
31,Edward,2,1,did not mute phone notifications while driving,11,1
31,Edward,2,1,was not speeding,12,1
31,Edward,2,1,checked that there were no other cars nearby,13,0
31,Edward,2,1,took a peek at the text,14,1
31,Edward,2,1,veered into the cyclist while reading the text,15,1
31,Tristan,3,1,is Black,1,0
31,Tristan,3,1,enjoys listening to country music,2,0
31,Tristan,3,1,can be impatient sometimes,3,1
31,Tristan,3,1,is a cardiologist,4,0
31,Tristan,3,1,is Christian,5,0
31,Tristan,3,1,has worked for over ten years at the same hospital,6,0
31,Tristan,3,1,is 43 years old,7,0
31,Tristan,3,1,can be opinionated sometimes,8,0
31,Tristan,3,1,is extroverted and outgoing,9,0
31,Tristan,3,1,is male,10,0
31,Tristan,3,1,reviewed Annie's medical history and symptoms,11,0
31,Tristan,3,1,checked Annie's vitals,12,0
31,Tristan,3,1,ordered Annie an electrocardiogram (ECG/EKG),13,0
31,Tristan,3,1,did not order any other heart tests,14,1
31,Tristan,3,1,did not order a mammogram,15,0
31,Melvin,4,1,is a farmer,1,0
31,Melvin,4,1,grows corn,2,0
31,Melvin,4,1,enjoys listening to rock music,3,0
31,Melvin,4,1,has a cheerful personality,4,0
31,Melvin,4,1,is male,5,0
31,Melvin,4,1,is White,6,0
31,Melvin,4,1,is 45 years old,7,0
31,Melvin,4,1,has high blood pressure,8,0
31,Melvin,4,1,can be stingy sometimes,9,0
31,Melvin,4,1,grows hay,10,0
31,Melvin,4,1,built his barn near the border with Vincent's property,11,0
31,Melvin,4,1,was concerned with hayfires,12,0
31,Melvin,4,1,considered buying hay-drying equipment,13,0
31,Melvin,4,1,met with consultants,14,0
31,Melvin,4,1,decided not to buy hay-drying equipment,15,1
31,Nadia,5,0,collects vinyl records,1,0
31,Nadia,5,0,enjoys oil painting,2,0
31,Nadia,5,0,has red hair,3,0
31,Nadia,5,0,is a timid person,4,0
31,Nadia,5,0,is female,5,0
31,Nadia,5,0,is an organized person,6,0
31,Nadia,5,0,is 34 years old,7,0
31,Nadia,5,0,attended couples therapy years ago,8,1
31,Nadia,5,0,is White,9,0
31,Nadia,5,0,is a software engineer,10,0
31,Nadia,5,0,went to the emergency room for bruises,11,0
31,Nadia,5,0,did not seek help after the emergency room incident,12,1
31,Nadia,5,0,was scared when Franklin screamed,13,0
31,Nadia,5,0,grabbed the revolver,14,0
31,Nadia,5,0,shot Franklin with the revolver,15,0
31,Chris,6,1,has an average IQ,1,0
31,Chris,6,1,is White,2,0
31,Chris,6,1,has a curious personality,3,0
31,Chris,6,1,is a picky eater,4,0
31,Chris,6,1,admires his father,5,0
31,Chris,6,1,is 10 years old,6,0
31,Chris,6,1,enjoys swimming,7,0
31,Chris,6,1,is male,8,0
31,Chris,6,1,weighs 70 lbs,9,0
31,Chris,6,1,enjoys playing hide-and-seek,10,0
31,Chris,6,1,invited friends over to play,11,0
31,Chris,6,1,hid in the hall closet,12,0
31,Chris,6,1,found the key in his father's jacket pocket,13,0
31,Chris,6,1,opened the gun cabinet with the key,14,1
31,Chris,6,1,picked up a pistol to play with,15,1
31,Qian,7,0,is 27 years old,1,0
31,Qian,7,0,is Asian,2,0
31,Qian,7,0,has a humorous personality,3,0
31,Qian,7,0,is hard-working,4,0
31,Qian,7,0,can be stubborn sometimes,5,0
31,Qian,7,0,is a restaurant waiter,6,0
31,Qian,7,0,does not smoke,7,0
31,Qian,7,0,enjoys jazz music,8,0
31,Qian,7,0,enjoys watching sports,9,0
31,Qian,7,0,is male,10,0
31,Qian,7,0,hung out at the local bar with cousins,11,0
31,Qian,7,0,had several drinks over the course of two hours,12,0
31,Qian,7,0,was angered by Wilson's comments,13,0
31,Qian,7,0,did not talk back to Wilson,14,0
31,Qian,7,0,pushed Wilson to the ground,15,1
31,Julia,8,0,studies psychology,1,0
31,Julia,8,0,is 19 years old,2,0
31,Julia,8,0,babysits on the weekends,3,0
31,Julia,8,0,is a courteous person,4,0
31,Julia,8,0,is a college student,5,0
31,Julia,8,0,enjoys watching TV shows,6,0
31,Julia,8,0,is multiracial,7,0
31,Julia,8,0,has asthma,8,0
31,Julia,8,0,is female,9,0
31,Julia,8,0,can be sensitive sometimes,10,0
31,Julia,8,0,read children's books with Benji,11,0
31,Julia,8,0,picked up her partner's call while filling the bathtub,12,0
31,Julia,8,0,felt hurt after learning about the cheating,13,0
31,Julia,8,0,left the bathroom to talk to her partner,14,1
31,Julia,8,0,sat for a few minutes after hanging up,15,1
31,Darla,9,0,is nearsighted,1,0
31,Darla,9,0,enjoys cooking,2,0
31,Darla,9,0,is female,3,0
31,Darla,9,0,has worked with Pamela for many years,4,0
31,Darla,9,0,has an absent-minded personality,5,0
31,Darla,9,0,has a laid-back personality,6,0
31,Darla,9,0,communicates and interacts well with children,7,0
31,Darla,9,0,is 32 years old,8,0
31,Darla,9,0,is Black,9,0
31,Darla,9,0,runs a home daycare business,10,0
31,Darla,9,0,lives in a tornado-affected area,11,1
31,Darla,9,0,played games with the children,12,0
31,Darla,9,0,played loud upbeat music with the children,13,0
31,Darla,9,0,focused on the children,14,0
31,Darla,9,0,did not hear the tornado sirens,15,1
31,Ava,10,1,enjoys going to music concerts,1,0
31,Ava,10,1,is Native American,2,0
31,Ava,10,1,has a peanut allergy,3,0
31,Ava,10,1,is female,4,0
31,Ava,10,1,regularly drinks coffee,5,0
31,Ava,10,1,is 26 years old,6,0
31,Ava,10,1,is a compassionate person,7,0
31,Ava,10,1,often drives Peter to appointments and errands,8,0
31,Ava,10,1,is an artist,9,0
31,Ava,10,1,has been friends with Peter for many years,10,0
31,Ava,10,1,did her annual car maintenance,11,0
31,Ava,10,1,drove under the speed limit,12,0
31,Ava,10,1,listened to the radio while driving,13,0
31,Ava,10,1,was startled by the deer,14,1
31,Ava,10,1,slammed the brakes after seeing the deer,15,0
31,Flora,11,1,is 32 years old,1,0
31,Flora,11,1,uses a white cane to guide herself,2,0
31,Flora,11,1,composes music in her free time,3,0
31,Flora,11,1,is legally blind,4,0
31,Flora,11,1,is female,5,0
31,Flora,11,1,is a counselor,6,0
31,Flora,11,1,is Asian,7,0
31,Flora,11,1,is an empathetic person,8,0
31,Flora,11,1,enjoys gardening,9,0
31,Flora,11,1,is an early riser,10,0
31,Flora,11,1,went to a neighbor's house for dinner,11,0
31,Flora,11,1,used her white cane while walking home,12,0
31,Flora,11,1,did not call for help,13,1
31,Flora,11,1,her white cane slipped between Paul's legs,14,1
31,Flora,11,1,stepped on Paul's torso,15,1
32,Tristan,1,1,is male,1,0
32,Tristan,1,1,can be opinionated sometimes,2,0
32,Tristan,1,1,is extroverted and outgoing,3,0
32,Tristan,1,1,can be impatient sometimes,4,1
32,Tristan,1,1,is a cardiologist,5,0
32,Tristan,1,1,enjoys listening to country music,6,0
32,Tristan,1,1,has worked for over ten years at the same hospital,7,0
32,Tristan,1,1,is 43 years old,8,0
32,Tristan,1,1,is Black,9,0
32,Tristan,1,1,is Christian,10,0
32,Tristan,1,1,reviewed Annie's medical history and symptoms,11,0
32,Tristan,1,1,checked Annie's vitals,12,0
32,Tristan,1,1,ordered Annie an electrocardiogram (ECG/EKG),13,0
32,Tristan,1,1,did not order any other heart tests,14,1
32,Tristan,1,1,did not order a mammogram,15,0
32,Ava,2,1,is female,1,0
32,Ava,2,1,is an artist,2,0
32,Ava,2,1,enjoys going to music concerts,3,0
32,Ava,2,1,is 26 years old,4,0
32,Ava,2,1,has a peanut allergy,5,0
32,Ava,2,1,regularly drinks coffee,6,0
32,Ava,2,1,is Native American,7,0
32,Ava,2,1,has been friends with Peter for many years,8,0
32,Ava,2,1,is a compassionate person,9,0
32,Ava,2,1,often drives Peter to appointments and errands,10,0
32,Ava,2,1,did her annual car maintenance,11,0
32,Ava,2,1,drove under the speed limit,12,0
32,Ava,2,1,listened to the radio while driving,13,0
32,Ava,2,1,was startled by the deer,14,1
32,Ava,2,1,slammed the brakes after seeing the deer,15,0
32,Nadia,3,0,is an organized person,1,0
32,Nadia,3,0,enjoys oil painting,2,0
32,Nadia,3,0,is 34 years old,3,0
32,Nadia,3,0,is White,4,0
32,Nadia,3,0,is a timid person,5,1
32,Nadia,3,0,attended couples therapy years ago,6,0
32,Nadia,3,0,has red hair,7,0
32,Nadia,3,0,is female,8,0
32,Nadia,3,0,collects vinyl records,9,0
32,Nadia,3,0,is a software engineer,10,0
32,Nadia,3,0,went to the emergency room for bruises,11,0
32,Nadia,3,0,did not seek help after the emergency room incident,12,1
32,Nadia,3,0,was scared when Franklin screamed,13,0
32,Nadia,3,0,grabbed the revolver,14,0
32,Nadia,3,0,shot Franklin with the revolver,15,0
32,Julia,4,0,is a college student,1,0
32,Julia,4,0,is multiracial,2,0
32,Julia,4,0,is 19 years old,3,0
32,Julia,4,0,is female,4,0
32,Julia,4,0,is a courteous person,5,0
32,Julia,4,0,can be sensitive sometimes,6,0
32,Julia,4,0,studies psychology,7,0
32,Julia,4,0,babysits on the weekends,8,0
32,Julia,4,0,has asthma,9,0
32,Julia,4,0,enjoys watching TV shows,10,0
32,Julia,4,0,read children's books with Benji,11,0
32,Julia,4,0,picked up her partner's call while filling the bathtub,12,1
32,Julia,4,0,felt hurt after learning about the cheating,13,0
32,Julia,4,0,left the bathroom to talk to her partner,14,1
32,Julia,4,0,sat for a few minutes after hanging up,15,1
32,Flora,5,1,uses a white cane to guide herself,1,0
32,Flora,5,1,is 32 years old,2,0
32,Flora,5,1,is female,3,0
32,Flora,5,1,is Asian,4,0
32,Flora,5,1,is a counselor,5,0
32,Flora,5,1,enjoys gardening,6,0
32,Flora,5,1,is an empathetic person,7,0
32,Flora,5,1,is an early riser,8,0
32,Flora,5,1,composes music in her free time,9,0
32,Flora,5,1,is legally blind,10,0
32,Flora,5,1,went to a neighbor's house for dinner,11,0
32,Flora,5,1,used her white cane while walking home,12,0
32,Flora,5,1,did not call for help,13,1
32,Flora,5,1,her white cane slipped between Paul's legs,14,0
32,Flora,5,1,stepped on Paul's torso,15,1
32,Alfred,6,1,has a calm personality,1,0
32,Alfred,6,1,is male,2,0
32,Alfred,6,1,has PTSD,3,1
32,Alfred,6,1,is patriotic,4,0
32,Alfred,6,1,lives alone,5,0
32,Alfred,6,1,enjoys Italian cuisine,6,0
32,Alfred,6,1,is 68 years old,7,0
32,Alfred,6,1,is White,8,0
32,Alfred,6,1,is a veteran,9,0
32,Alfred,6,1,enjoys fishing,10,0
32,Alfred,6,1,took the subway home,11,0
32,Alfred,6,1,was quiet on the subway,12,0
32,Alfred,6,1,got off at the same stop as Oliver,13,0
32,Alfred,6,1,heard loud drilling and yelling from the construction above,14,1
32,Alfred,6,1,physically attacked Oliver,15,0
32,Melvin,7,1,is a farmer,1,0
32,Melvin,7,1,has high blood pressure,2,0
32,Melvin,7,1,is White,3,0
32,Melvin,7,1,is male,4,0
32,Melvin,7,1,has a cheerful personality,5,0
32,Melvin,7,1,is 45 years old,6,0
32,Melvin,7,1,can be stingy sometimes,7,1
32,Melvin,7,1,enjoys listening to rock music,8,0
32,Melvin,7,1,grows hay,9,0
32,Melvin,7,1,grows corn,10,0
32,Melvin,7,1,built his barn near the border with Vincent's property,11,1
32,Melvin,7,1,was concerned with hayfires,12,0
32,Melvin,7,1,considered buying hay-drying equipment,13,0
32,Melvin,7,1,met with consultants,14,0
32,Melvin,7,1,decided not to buy hay-drying equipment,15,1
32,Qian,8,0,does not smoke,1,0
32,Qian,8,0,is male,2,0
32,Qian,8,0,is hard-working,3,0
32,Qian,8,0,can be stubborn sometimes,4,0
32,Qian,8,0,enjoys watching sports,5,0
32,Qian,8,0,is Asian,6,0
32,Qian,8,0,is 27 years old,7,0
32,Qian,8,0,is a restaurant waiter,8,0
32,Qian,8,0,has a humorous personality,9,0
32,Qian,8,0,enjoys jazz music,10,0
32,Qian,8,0,hung out at the local bar with cousins,11,0
32,Qian,8,0,had several drinks over the course of two hours,12,1
32,Qian,8,0,was angered by Wilson's comments,13,0
32,Qian,8,0,did not talk back to Wilson,14,0
32,Qian,8,0,pushed Wilson to the ground,15,1
32,Edward,9,1,is a clinical research assistant,1,0
32,Edward,9,1,is male,2,0
32,Edward,9,1,is an ambitious person,3,0
32,Edward,9,1,enjoys browsing Twitter,4,0
32,Edward,9,1,enjoys reading science fiction,5,0
32,Edward,9,1,is an experienced driver,6,0
32,Edward,9,1,is a studious person,7,0
32,Edward,9,1,is 24 years old,8,0
32,Edward,9,1,is White,9,0
32,Edward,9,1,is single,10,0
32,Edward,9,1,did not mute phone notifications while driving,11,1
32,Edward,9,1,was not speeding,12,0
32,Edward,9,1,checked that there were no other cars nearby,13,0
32,Edward,9,1,took a peek at the text,14,1
32,Edward,9,1,veered into the cyclist while reading the text,15,1
32,Chris,10,1,weighs 70 lbs,1,0
32,Chris,10,1,enjoys swimming,2,0
32,Chris,10,1,is male,3,0
32,Chris,10,1,is a picky eater,4,0
32,Chris,10,1,has an average IQ,5,0
32,Chris,10,1,admires his father,6,0
32,Chris,10,1,is 10 years old,7,0
32,Chris,10,1,has a curious personality,8,0
32,Chris,10,1,is White,9,0
32,Chris,10,1,enjoys playing hide-and-seek,10,0
32,Chris,10,1,invited friends over to play,11,0
32,Chris,10,1,hid in the hall closet,12,0
32,Chris,10,1,found the key in his father's jacket pocket,13,0
32,Chris,10,1,opened the gun cabinet with the key,14,1
32,Chris,10,1,picked up a pistol to play with,15,1
32,Darla,11,0,has a laid-back personality,1,0
32,Darla,11,0,is Black,2,0
32,Darla,11,0,communicates and interacts well with children,3,0
32,Darla,11,0,is 32 years old,4,0
32,Darla,11,0,runs a home daycare business,5,0
32,Darla,11,0,enjoys cooking,6,0
32,Darla,11,0,has an absent-minded personality,7,1
32,Darla,11,0,is nearsighted,8,0
32,Darla,11,0,has worked with Pamela for many years,9,0
32,Darla,11,0,is female,10,0
32,Darla,11,0,lives in a tornado-affected area,11,0
32,Darla,11,0,played games with the children,12,0
32,Darla,11,0,played loud upbeat music with the children,13,1
32,Darla,11,0,focused on the children,14,0
32,Darla,11,0,did not hear the tornado sirens,15,1
33,Qian,1,0,does not smoke,1,0
33,Qian,1,0,is Asian,2,0
33,Qian,1,0,has a humorous personality,3,0
33,Qian,1,0,enjoys jazz music,4,0
33,Qian,1,0,is hard-working,5,0
33,Qian,1,0,is 27 years old,6,0
33,Qian,1,0,is a restaurant waiter,7,0
33,Qian,1,0,can be stubborn sometimes,8,0
33,Qian,1,0,enjoys watching sports,9,0
33,Qian,1,0,is male,10,0
33,Qian,1,0,hung out at the local bar with cousins,11,0
33,Qian,1,0,had several drinks over the course of two hours,12,0
33,Qian,1,0,was angered by Wilson's comments,13,0
33,Qian,1,0,did not talk back to Wilson,14,0
33,Qian,1,0,pushed Wilson to the ground,15,1
33,Julia,2,0,can be sensitive sometimes,1,0
33,Julia,2,0,studies psychology,2,0
33,Julia,2,0,enjoys watching TV shows,3,0
33,Julia,2,0,is multiracial,4,0
33,Julia,2,0,babysits on the weekends,5,0
33,Julia,2,0,is a college student,6,0
33,Julia,2,0,is 19 years old,7,0
33,Julia,2,0,is female,8,0
33,Julia,2,0,is a courteous person,9,0
33,Julia,2,0,has asthma,10,0
33,Julia,2,0,read children's books with Benji,11,0
33,Julia,2,0,picked up her partner's call while filling the bathtub,12,0
33,Julia,2,0,felt hurt after learning about the cheating,13,0
33,Julia,2,0,left the bathroom to talk to her partner,14,1
33,Julia,2,0,sat for a few minutes after hanging up,15,0
33,Darla,3,0,is 32 years old,1,0
33,Darla,3,0,has worked with Pamela for many years,2,0
33,Darla,3,0,is Black,3,0
33,Darla,3,0,is female,4,0
33,Darla,3,0,is nearsighted,5,0
33,Darla,3,0,communicates and interacts well with children,6,0
33,Darla,3,0,has an absent-minded personality,7,0
33,Darla,3,0,has a laid-back personality,8,0
33,Darla,3,0,enjoys cooking,9,0
33,Darla,3,0,runs a home daycare business,10,0
33,Darla,3,0,lives in a tornado-affected area,11,0
33,Darla,3,0,played games with the children,12,0
33,Darla,3,0,played loud upbeat music with the children,13,0
33,Darla,3,0,focused on the children,14,0
33,Darla,3,0,did not hear the tornado sirens,15,1
33,Chris,4,1,is White,1,0
33,Chris,4,1,has an average IQ,2,0
33,Chris,4,1,is 10 years old,3,0
33,Chris,4,1,enjoys swimming,4,0
33,Chris,4,1,is a picky eater,5,0
33,Chris,4,1,enjoys playing hide-and-seek,6,0
33,Chris,4,1,weighs 70 lbs,7,0
33,Chris,4,1,admires his father,8,0
33,Chris,4,1,has a curious personality,9,0
33,Chris,4,1,is male,10,0
33,Chris,4,1,invited friends over to play,11,0
33,Chris,4,1,hid in the hall closet,12,0
33,Chris,4,1,found the key in his father's jacket pocket,13,1
33,Chris,4,1,opened the gun cabinet with the key,14,0
33,Chris,4,1,picked up a pistol to play with,15,0
33,Nadia,5,0,is an organized person,1,0
33,Nadia,5,0,attended couples therapy years ago,2,0
33,Nadia,5,0,enjoys oil painting,3,0
33,Nadia,5,0,is White,4,0
33,Nadia,5,0,is female,5,0
33,Nadia,5,0,has red hair,6,0
33,Nadia,5,0,is a software engineer,7,0
33,Nadia,5,0,is 34 years old,8,0
33,Nadia,5,0,is a timid person,9,0
33,Nadia,5,0,collects vinyl records,10,0
33,Nadia,5,0,went to the emergency room for bruises,11,0
33,Nadia,5,0,did not seek help after the emergency room incident,12,1
33,Nadia,5,0,was scared when Franklin screamed,13,0
33,Nadia,5,0,grabbed the revolver,14,0
33,Nadia,5,0,shot Franklin with the revolver,15,0
33,Melvin,6,1,is male,1,0
33,Melvin,6,1,is White,2,0
33,Melvin,6,1,is a farmer,3,0
33,Melvin,6,1,has high blood pressure,4,0
33,Melvin,6,1,enjoys listening to rock music,5,0
33,Melvin,6,1,can be stingy sometimes,6,0
33,Melvin,6,1,grows hay,7,0
33,Melvin,6,1,has a cheerful personality,8,0
33,Melvin,6,1,grows corn,9,0
33,Melvin,6,1,is 45 years old,10,0
33,Melvin,6,1,built his barn near the border with Vincent's property,11,0
33,Melvin,6,1,was concerned with hayfires,12,0
33,Melvin,6,1,considered buying hay-drying equipment,13,0
33,Melvin,6,1,met with consultants,14,0
33,Melvin,6,1,decided not to buy hay-drying equipment,15,1
33,Ava,7,1,enjoys going to music concerts,1,0
33,Ava,7,1,has been friends with Peter for many years,2,0
33,Ava,7,1,often drives Peter to appointments and errands,3,0
33,Ava,7,1,is female,4,0
33,Ava,7,1,is 26 years old,5,0
33,Ava,7,1,is Native American,6,0
33,Ava,7,1,has a peanut allergy,7,0
33,Ava,7,1,is an artist,8,0
33,Ava,7,1,is a compassionate person,9,0
33,Ava,7,1,regularly drinks coffee,10,0
33,Ava,7,1,did her annual car maintenance,11,0
33,Ava,7,1,drove under the speed limit,12,0
33,Ava,7,1,listened to the radio while driving,13,0
33,Ava,7,1,was startled by the deer,14,1
33,Ava,7,1,slammed the brakes after seeing the deer,15,0
33,Flora,8,1,is a counselor,1,0
33,Flora,8,1,is 32 years old,2,0
33,Flora,8,1,is Asian,3,0
33,Flora,8,1,is an early riser,4,0
33,Flora,8,1,enjoys gardening,5,0
33,Flora,8,1,composes music in her free time,6,0
33,Flora,8,1,uses a white cane to guide herself,7,0
33,Flora,8,1,is legally blind,8,0
33,Flora,8,1,is female,9,0
33,Flora,8,1,is an empathetic person,10,0
33,Flora,8,1,went to a neighbor's house for dinner,11,0
33,Flora,8,1,used her white cane while walking home,12,0
33,Flora,8,1,did not call for help,13,1
33,Flora,8,1,her white cane slipped between Paul's legs,14,0
33,Flora,8,1,stepped on Paul's torso,15,0
33,Edward,9,1,enjoys reading science fiction,1,0
33,Edward,9,1,is an ambitious person,2,0
33,Edward,9,1,is male,3,0
33,Edward,9,1,is White,4,0
33,Edward,9,1,is a clinical research assistant,5,0
33,Edward,9,1,enjoys browsing Twitter,6,0
33,Edward,9,1,is 24 years old,7,0
33,Edward,9,1,is a studious person,8,0
33,Edward,9,1,is single,9,0
33,Edward,9,1,is an experienced driver,10,0
33,Edward,9,1,did not mute phone notifications while driving,11,0
33,Edward,9,1,was not speeding,12,0
33,Edward,9,1,checked that there were no other cars nearby,13,0
33,Edward,9,1,took a peek at the text,14,1
33,Edward,9,1,veered into the cyclist while reading the text,15,0
33,Tristan,10,1,enjoys listening to country music,1,0
33,Tristan,10,1,can be opinionated sometimes,2,0
33,Tristan,10,1,has worked for over ten years at the same hospital,3,0
33,Tristan,10,1,is extroverted and outgoing,4,0
33,Tristan,10,1,can be impatient sometimes,5,0
33,Tristan,10,1,is Christian,6,0
33,Tristan,10,1,is a cardiologist,7,0
33,Tristan,10,1,is Black,8,0
33,Tristan,10,1,is 43 years old,9,0
33,Tristan,10,1,is male,10,0
33,Tristan,10,1,reviewed Annie's medical history and symptoms,11,0
33,Tristan,10,1,checked Annie's vitals,12,0
33,Tristan,10,1,ordered Annie an electrocardiogram (ECG/EKG),13,0
33,Tristan,10,1,did not order any other heart tests,14,1
33,Tristan,10,1,did not order a mammogram,15,0
33,Alfred,11,1,is patriotic,1,0
33,Alfred,11,1,is a veteran,2,0
33,Alfred,11,1,lives alone,3,0
33,Alfred,11,1,is 68 years old,4,0
33,Alfred,11,1,is male,5,0
33,Alfred,11,1,has a calm personality,6,0
33,Alfred,11,1,has PTSD,7,0
33,Alfred,11,1,enjoys fishing,8,0
33,Alfred,11,1,enjoys Italian cuisine,9,0
33,Alfred,11,1,is White,10,0
33,Alfred,11,1,took the subway home,11,0
33,Alfred,11,1,was quiet on the subway,12,0
33,Alfred,11,1,got off at the same stop as Oliver,13,0
33,Alfred,11,1,heard loud drilling and yelling from the construction above,14,0
33,Alfred,11,1,physically attacked Oliver,15,1
34,Julia,1,0,is a courteous person,1,0
34,Julia,1,0,can be sensitive sometimes,2,0
34,Julia,1,0,is multiracial,3,0
34,Julia,1,0,babysits on the weekends,4,1
34,Julia,1,0,enjoys watching TV shows,5,0
34,Julia,1,0,is 19 years old,6,0
34,Julia,1,0,is a college student,7,0
34,Julia,1,0,studies psychology,8,0
34,Julia,1,0,has asthma,9,0
34,Julia,1,0,is female,10,0
34,Julia,1,0,read children's books with Benji,11,0
34,Julia,1,0,picked up her partner's call while filling the bathtub,12,0
34,Julia,1,0,felt hurt after learning about the cheating,13,0
34,Julia,1,0,left the bathroom to talk to her partner,14,0
34,Julia,1,0,sat for a few minutes after hanging up,15,0
34,Edward,2,1,is a clinical research assistant,1,0
34,Edward,2,1,is a studious person,2,0
34,Edward,2,1,enjoys reading science fiction,3,0
34,Edward,2,1,is male,4,0
34,Edward,2,1,is White,5,0
34,Edward,2,1,is an experienced driver,6,0
34,Edward,2,1,enjoys browsing Twitter,7,0
34,Edward,2,1,is 24 years old,8,0
34,Edward,2,1,is single,9,0
34,Edward,2,1,is an ambitious person,10,0
34,Edward,2,1,did not mute phone notifications while driving,11,1
34,Edward,2,1,was not speeding,12,0
34,Edward,2,1,checked that there were no other cars nearby,13,0
34,Edward,2,1,took a peek at the text,14,1
34,Edward,2,1,veered into the cyclist while reading the text,15,1
34,Ava,3,1,is Native American,1,0
34,Ava,3,1,regularly drinks coffee,2,0
34,Ava,3,1,often drives Peter to appointments and errands,3,0
34,Ava,3,1,has a peanut allergy,4,0
34,Ava,3,1,is an artist,5,0
34,Ava,3,1,enjoys going to music concerts,6,0
34,Ava,3,1,has been friends with Peter for many years,7,0
34,Ava,3,1,is a compassionate person,8,0
34,Ava,3,1,is 26 years old,9,0
34,Ava,3,1,is female,10,0
34,Ava,3,1,did her annual car maintenance,11,0
34,Ava,3,1,drove under the speed limit,12,0
34,Ava,3,1,listened to the radio while driving,13,0
34,Ava,3,1,was startled by the deer,14,1
34,Ava,3,1,slammed the brakes after seeing the deer,15,1
34,Qian,4,0,is hard-working,1,0
34,Qian,4,0,is a restaurant waiter,2,0
34,Qian,4,0,has a humorous personality,3,0
34,Qian,4,0,is Asian,4,0
34,Qian,4,0,is male,5,0
34,Qian,4,0,does not smoke,6,0
34,Qian,4,0,is 27 years old,7,0
34,Qian,4,0,can be stubborn sometimes,8,0
34,Qian,4,0,enjoys jazz music,9,0
34,Qian,4,0,enjoys watching sports,10,0
34,Qian,4,0,hung out at the local bar with cousins,11,0
34,Qian,4,0,had several drinks over the course of two hours,12,1
34,Qian,4,0,was angered by Wilson's comments,13,0
34,Qian,4,0,did not talk back to Wilson,14,0
34,Qian,4,0,pushed Wilson to the ground,15,1
34,Chris,5,1,has a curious personality,1,0
34,Chris,5,1,is White,2,0
34,Chris,5,1,is male,3,0
34,Chris,5,1,has an average IQ,4,0
34,Chris,5,1,enjoys swimming,5,0
34,Chris,5,1,weighs 70 lbs,6,0
34,Chris,5,1,admires his father,7,0
34,Chris,5,1,enjoys playing hide-and-seek,8,0
34,Chris,5,1,is 10 years old,9,0
34,Chris,5,1,is a picky eater,10,0
34,Chris,5,1,invited friends over to play,11,0
34,Chris,5,1,hid in the hall closet,12,0
34,Chris,5,1,found the key in his father's jacket pocket,13,1
34,Chris,5,1,opened the gun cabinet with the key,14,1
34,Chris,5,1,picked up a pistol to play with,15,1
34,Melvin,6,1,enjoys listening to rock music,1,0
34,Melvin,6,1,can be stingy sometimes,2,0
34,Melvin,6,1,has high blood pressure,3,0
34,Melvin,6,1,is White,4,0
34,Melvin,6,1,is 45 years old,5,0
34,Melvin,6,1,grows hay,6,0
34,Melvin,6,1,is a farmer,7,0
34,Melvin,6,1,is male,8,0
34,Melvin,6,1,grows corn,9,0
34,Melvin,6,1,has a cheerful personality,10,0
34,Melvin,6,1,built his barn near the border with Vincent's property,11,1
34,Melvin,6,1,was concerned with hayfires,12,0
34,Melvin,6,1,considered buying hay-drying equipment,13,0
34,Melvin,6,1,met with consultants,14,0
34,Melvin,6,1,decided not to buy hay-drying equipment,15,1
34,Tristan,7,1,is a cardiologist,1,0
34,Tristan,7,1,can be opinionated sometimes,2,0
34,Tristan,7,1,is extroverted and outgoing,3,0
34,Tristan,7,1,has worked for over ten years at the same hospital,4,0
34,Tristan,7,1,is 43 years old,5,0
34,Tristan,7,1,is male,6,0
34,Tristan,7,1,enjoys listening to country music,7,0
34,Tristan,7,1,can be impatient sometimes,8,0
34,Tristan,7,1,is Christian,9,0
34,Tristan,7,1,is Black,10,0
34,Tristan,7,1,reviewed Annie's medical history and symptoms,11,0
34,Tristan,7,1,checked Annie's vitals,12,0
34,Tristan,7,1,ordered Annie an electrocardiogram (ECG/EKG),13,0
34,Tristan,7,1,did not order any other heart tests,14,1
34,Tristan,7,1,did not order a mammogram,15,0
34,Darla,8,0,is nearsighted,1,0
34,Darla,8,0,enjoys cooking,2,0
34,Darla,8,0,has worked with Pamela for many years,3,0
34,Darla,8,0,is Black,4,0
34,Darla,8,0,has a laid-back personality,5,0
34,Darla,8,0,communicates and interacts well with children,6,0
34,Darla,8,0,runs a home daycare business,7,0
34,Darla,8,0,is 32 years old,8,0
34,Darla,8,0,has an absent-minded personality,9,0
34,Darla,8,0,is female,10,0
34,Darla,8,0,lives in a tornado-affected area,11,0
34,Darla,8,0,played games with the children,12,0
34,Darla,8,0,played loud upbeat music with the children,13,0
34,Darla,8,0,focused on the children,14,0
34,Darla,8,0,did not hear the tornado sirens,15,1
34,Nadia,9,0,enjoys oil painting,1,0
34,Nadia,9,0,collects vinyl records,2,0
34,Nadia,9,0,is 34 years old,3,0
34,Nadia,9,0,attended couples therapy years ago,4,0
34,Nadia,9,0,has red hair,5,0
34,Nadia,9,0,is a software engineer,6,0
34,Nadia,9,0,is an organized person,7,0
34,Nadia,9,0,is a timid person,8,0
34,Nadia,9,0,is White,9,0
34,Nadia,9,0,is female,10,0
34,Nadia,9,0,went to the emergency room for bruises,11,0
34,Nadia,9,0,did not seek help after the emergency room incident,12,1
34,Nadia,9,0,was scared when Franklin screamed,13,0
34,Nadia,9,0,grabbed the revolver,14,0
34,Nadia,9,0,shot Franklin with the revolver,15,0
34,Alfred,10,1,lives alone,1,0
34,Alfred,10,1,is a veteran,2,0
34,Alfred,10,1,has a calm personality,3,0
34,Alfred,10,1,has PTSD,4,1
34,Alfred,10,1,is 68 years old,5,0
34,Alfred,10,1,enjoys fishing,6,0
34,Alfred,10,1,enjoys Italian cuisine,7,0
34,Alfred,10,1,is White,8,0
34,Alfred,10,1,is patriotic,9,0
34,Alfred,10,1,is male,10,0
34,Alfred,10,1,took the subway home,11,0
34,Alfred,10,1,was quiet on the subway,12,0
34,Alfred,10,1,got off at the same stop as Oliver,13,0
34,Alfred,10,1,heard loud drilling and yelling from the construction above,14,0
34,Alfred,10,1,physically attacked Oliver,15,1
34,Flora,11,1,composes music in her free time,1,0
34,Flora,11,1,is 32 years old,2,0
34,Flora,11,1,uses a white cane to guide herself,3,0
34,Flora,11,1,enjoys gardening,4,0
34,Flora,11,1,is a counselor,5,0
34,Flora,11,1,is an early riser,6,0
34,Flora,11,1,is an empathetic person,7,0
34,Flora,11,1,is Asian,8,0
34,Flora,11,1,is female,9,0
34,Flora,11,1,is legally blind,10,1
34,Flora,11,1,went to a neighbor's house for dinner,11,0
34,Flora,11,1,used her white cane while walking home,12,0
34,Flora,11,1,did not call for help,13,1
34,Flora,11,1,her white cane slipped between Paul's legs,14,1
34,Flora,11,1,stepped on Paul's torso,15,1
35,Chris,1,1,weighs 70 lbs,1,0
35,Chris,1,1,has a curious personality,2,0
35,Chris,1,1,is 10 years old,3,0
35,Chris,1,1,admires his father,4,0
35,Chris,1,1,enjoys swimming,5,0
35,Chris,1,1,enjoys playing hide-and-seek,6,0
35,Chris,1,1,is White,7,0
35,Chris,1,1,is male,8,0
35,Chris,1,1,is a picky eater,9,0
35,Chris,1,1,has an average IQ,10,0
35,Chris,1,1,invited friends over to play,11,0
35,Chris,1,1,hid in the hall closet,12,0
35,Chris,1,1,found the key in his father's jacket pocket,13,0
35,Chris,1,1,opened the gun cabinet with the key,14,1
35,Chris,1,1,picked up a pistol to play with,15,1
35,Qian,2,0,enjoys watching sports,1,0
35,Qian,2,0,is hard-working,2,0
35,Qian,2,0,has a humorous personality,3,0
35,Qian,2,0,can be stubborn sometimes,4,0
35,Qian,2,0,is Asian,5,0
35,Qian,2,0,is 27 years old,6,0
35,Qian,2,0,is male,7,0
35,Qian,2,0,does not smoke,8,0
35,Qian,2,0,is a restaurant waiter,9,0
35,Qian,2,0,enjoys jazz music,10,0
35,Qian,2,0,hung out at the local bar with cousins,11,0
35,Qian,2,0,had several drinks over the course of two hours,12,1
35,Qian,2,0,was angered by Wilson's comments,13,0
35,Qian,2,0,did not talk back to Wilson,14,1
35,Qian,2,0,pushed Wilson to the ground,15,1
35,Ava,3,1,is 26 years old,1,0
35,Ava,3,1,has a peanut allergy,2,0
35,Ava,3,1,enjoys going to music concerts,3,0
35,Ava,3,1,is a compassionate person,4,0
35,Ava,3,1,often drives Peter to appointments and errands,5,0
35,Ava,3,1,is an artist,6,0
35,Ava,3,1,is female,7,0
35,Ava,3,1,is Native American,8,0
35,Ava,3,1,has been friends with Peter for many years,9,0
35,Ava,3,1,regularly drinks coffee,10,0
35,Ava,3,1,did her annual car maintenance,11,0
35,Ava,3,1,drove under the speed limit,12,0
35,Ava,3,1,listened to the radio while driving,13,0
35,Ava,3,1,was startled by the deer,14,1
35,Ava,3,1,slammed the brakes after seeing the deer,15,1
35,Alfred,4,1,is White,1,0
35,Alfred,4,1,is a veteran,2,0
35,Alfred,4,1,lives alone,3,0
35,Alfred,4,1,is male,4,0
35,Alfred,4,1,is patriotic,5,0
35,Alfred,4,1,enjoys Italian cuisine,6,0
35,Alfred,4,1,enjoys fishing,7,0
35,Alfred,4,1,is 68 years old,8,0
35,Alfred,4,1,has a calm personality,9,0
35,Alfred,4,1,has PTSD,10,1
35,Alfred,4,1,took the subway home,11,0
35,Alfred,4,1,was quiet on the subway,12,0
35,Alfred,4,1,got off at the same stop as Oliver,13,0
35,Alfred,4,1,heard loud drilling and yelling from the construction above,14,1
35,Alfred,4,1,physically attacked Oliver,15,1
35,Julia,5,0,babysits on the weekends,1,0
35,Julia,5,0,enjoys watching TV shows,2,0
35,Julia,5,0,is a college student,3,0
35,Julia,5,0,is a courteous person,4,0
35,Julia,5,0,has asthma,5,0
35,Julia,5,0,studies psychology,6,0
35,Julia,5,0,is female,7,0
35,Julia,5,0,is multiracial,8,0
35,Julia,5,0,is 19 years old,9,0
35,Julia,5,0,can be sensitive sometimes,10,0
35,Julia,5,0,read children's books with Benji,11,0
35,Julia,5,0,picked up her partner's call while filling the bathtub,12,1
35,Julia,5,0,felt hurt after learning about the cheating,13,0
35,Julia,5,0,left the bathroom to talk to her partner,14,1
35,Julia,5,0,sat for a few minutes after hanging up,15,0
35,Melvin,6,1,grows corn,1,0
35,Melvin,6,1,is 45 years old,2,0
35,Melvin,6,1,grows hay,3,0
35,Melvin,6,1,enjoys listening to rock music,4,0
35,Melvin,6,1,has high blood pressure,5,0
35,Melvin,6,1,can be stingy sometimes,6,0
35,Melvin,6,1,has a cheerful personality,7,0
35,Melvin,6,1,is male,8,0
35,Melvin,6,1,is a farmer,9,0
35,Melvin,6,1,is White,10,0
35,Melvin,6,1,built his barn near the border with Vincent's property,11,0
35,Melvin,6,1,was concerned with hayfires,12,0
35,Melvin,6,1,considered buying hay-drying equipment,13,0
35,Melvin,6,1,met with consultants,14,0
35,Melvin,6,1,decided not to buy hay-drying equipment,15,1
35,Edward,7,1,is a clinical research assistant,1,0
35,Edward,7,1,is 24 years old,2,0
35,Edward,7,1,enjoys reading science fiction,3,0
35,Edward,7,1,enjoys browsing Twitter,4,0
35,Edward,7,1,is single,5,0
35,Edward,7,1,is an ambitious person,6,0
35,Edward,7,1,is male,7,0
35,Edward,7,1,is a studious person,8,0
35,Edward,7,1,is White,9,0
35,Edward,7,1,is an experienced driver,10,0
35,Edward,7,1,did not mute phone notifications while driving,11,0
35,Edward,7,1,was not speeding,12,0
35,Edward,7,1,checked that there were no other cars nearby,13,0
35,Edward,7,1,took a peek at the text,14,1
35,Edward,7,1,veered into the cyclist while reading the text,15,1
35,Darla,8,0,is 32 years old,1,0
35,Darla,8,0,has worked with Pamela for many years,2,0
35,Darla,8,0,enjoys cooking,3,0
35,Darla,8,0,communicates and interacts well with children,4,0
35,Darla,8,0,is nearsighted,5,0
35,Darla,8,0,has an absent-minded personality,6,0
35,Darla,8,0,is female,7,0
35,Darla,8,0,has a laid-back personality,8,0
35,Darla,8,0,runs a home daycare business,9,0
35,Darla,8,0,is Black,10,0
35,Darla,8,0,lives in a tornado-affected area,11,0
35,Darla,8,0,played games with the children,12,0
35,Darla,8,0,played loud upbeat music with the children,13,0
35,Darla,8,0,focused on the children,14,0
35,Darla,8,0,did not hear the tornado sirens,15,1
35,Flora,9,1,is legally blind,1,0
35,Flora,9,1,is 32 years old,2,0
35,Flora,9,1,is an early riser,3,0
35,Flora,9,1,is female,4,0
35,Flora,9,1,uses a white cane to guide herself,5,0
35,Flora,9,1,is an empathetic person,6,0
35,Flora,9,1,is a counselor,7,0
35,Flora,9,1,composes music in her free time,8,0
35,Flora,9,1,is Asian,9,0
35,Flora,9,1,enjoys gardening,10,0
35,Flora,9,1,went to a neighbor's house for dinner,11,0
35,Flora,9,1,used her white cane while walking home,12,0
35,Flora,9,1,did not call for help,13,0
35,Flora,9,1,her white cane slipped between Paul's legs,14,0
35,Flora,9,1,stepped on Paul's torso,15,1
35,Tristan,10,1,enjoys listening to country music,1,0
35,Tristan,10,1,is Black,2,0
35,Tristan,10,1,is extroverted and outgoing,3,0
35,Tristan,10,1,is male,4,0
35,Tristan,10,1,has worked for over ten years at the same hospital,5,0
35,Tristan,10,1,is a cardiologist,6,0
35,Tristan,10,1,is 43 years old,7,0
35,Tristan,10,1,can be opinionated sometimes,8,0
35,Tristan,10,1,is Christian,9,0
35,Tristan,10,1,can be impatient sometimes,10,0
35,Tristan,10,1,reviewed Annie's medical history and symptoms,11,0
35,Tristan,10,1,checked Annie's vitals,12,0
35,Tristan,10,1,ordered Annie an electrocardiogram (ECG/EKG),13,0
35,Tristan,10,1,did not order any other heart tests,14,1
35,Tristan,10,1,did not order a mammogram,15,0
35,Nadia,11,0,is a timid person,1,0
35,Nadia,11,0,collects vinyl records,2,0
35,Nadia,11,0,is 34 years old,3,0
35,Nadia,11,0,is a software engineer,4,0
35,Nadia,11,0,has red hair,5,0
35,Nadia,11,0,is female,6,0
35,Nadia,11,0,is White,7,0
35,Nadia,11,0,attended couples therapy years ago,8,0
35,Nadia,11,0,is an organized person,9,0
35,Nadia,11,0,enjoys oil painting,10,0
35,Nadia,11,0,went to the emergency room for bruises,11,0
35,Nadia,11,0,did not seek help after the emergency room incident,12,1
35,Nadia,11,0,was scared when Franklin screamed,13,0
35,Nadia,11,0,grabbed the revolver,14,0
35,Nadia,11,0,shot Franklin with the revolver,15,1
36,Melvin,1,1,can be stingy sometimes,1,0
36,Melvin,1,1,grows hay,2,0
36,Melvin,1,1,has high blood pressure,3,0
36,Melvin,1,1,is male,4,0
36,Melvin,1,1,is 45 years old,5,0
36,Melvin,1,1,is White,6,0
36,Melvin,1,1,has a cheerful personality,7,0
36,Melvin,1,1,is a farmer,8,0
36,Melvin,1,1,grows corn,9,0
36,Melvin,1,1,enjoys listening to rock music,10,0
36,Melvin,1,1,built his barn near the border with Vincent's property,11,1
36,Melvin,1,1,was concerned with hayfires,12,0
36,Melvin,1,1,considered buying hay-drying equipment,13,0
36,Melvin,1,1,met with consultants,14,0
36,Melvin,1,1,decided not to buy hay-drying equipment,15,1
36,Qian,2,0,is 27 years old,1,0
36,Qian,2,0,is a restaurant waiter,2,0
36,Qian,2,0,enjoys watching sports,3,0
36,Qian,2,0,has a humorous personality,4,0
36,Qian,2,0,enjoys jazz music,5,0
36,Qian,2,0,is Asian,6,0
36,Qian,2,0,can be stubborn sometimes,7,0
36,Qian,2,0,is hard-working,8,0
36,Qian,2,0,does not smoke,9,0
36,Qian,2,0,is male,10,0
36,Qian,2,0,hung out at the local bar with cousins,11,0
36,Qian,2,0,had several drinks over the course of two hours,12,0
36,Qian,2,0,was angered by Wilson's comments,13,0
36,Qian,2,0,did not talk back to Wilson,14,0
36,Qian,2,0,pushed Wilson to the ground,15,1
36,Nadia,3,0,enjoys oil painting,1,0
36,Nadia,3,0,is a software engineer,2,0
36,Nadia,3,0,is White,3,0
36,Nadia,3,0,is an organized person,4,0
36,Nadia,3,0,collects vinyl records,5,0
36,Nadia,3,0,has red hair,6,0
36,Nadia,3,0,is female,7,0
36,Nadia,3,0,attended couples therapy years ago,8,0
36,Nadia,3,0,is a timid person,9,0
36,Nadia,3,0,is 34 years old,10,0
36,Nadia,3,0,went to the emergency room for bruises,11,0
36,Nadia,3,0,did not seek help after the emergency room incident,12,1
36,Nadia,3,0,was scared when Franklin screamed,13,0
36,Nadia,3,0,grabbed the revolver,14,0
36,Nadia,3,0,shot Franklin with the revolver,15,0
36,Chris,4,1,is 10 years old,1,0
36,Chris,4,1,has a curious personality,2,0
36,Chris,4,1,has an average IQ,3,0
36,Chris,4,1,admires his father,4,0
36,Chris,4,1,is White,5,0
36,Chris,4,1,is male,6,0
36,Chris,4,1,enjoys swimming,7,0
36,Chris,4,1,weighs 70 lbs,8,0
36,Chris,4,1,enjoys playing hide-and-seek,9,0
36,Chris,4,1,is a picky eater,10,0
36,Chris,4,1,invited friends over to play,11,0
36,Chris,4,1,hid in the hall closet,12,0
36,Chris,4,1,found the key in his father's jacket pocket,13,0
36,Chris,4,1,opened the gun cabinet with the key,14,0
36,Chris,4,1,picked up a pistol to play with,15,1
36,Tristan,5,1,is Black,1,0
36,Tristan,5,1,is extroverted and outgoing,2,0
36,Tristan,5,1,is Christian,3,0
36,Tristan,5,1,is 43 years old,4,0
36,Tristan,5,1,is male,5,0
36,Tristan,5,1,can be opinionated sometimes,6,1
36,Tristan,5,1,is a cardiologist,7,0
36,Tristan,5,1,can be impatient sometimes,8,1
36,Tristan,5,1,enjoys listening to country music,9,0
36,Tristan,5,1,has worked for over ten years at the same hospital,10,0
36,Tristan,5,1,reviewed Annie's medical history and symptoms,11,0
36,Tristan,5,1,checked Annie's vitals,12,0
36,Tristan,5,1,ordered Annie an electrocardiogram (ECG/EKG),13,0
36,Tristan,5,1,did not order any other heart tests,14,1
36,Tristan,5,1,did not order a mammogram,15,0
36,Edward,6,1,is an experienced driver,1,0
36,Edward,6,1,enjoys reading science fiction,2,0
36,Edward,6,1,is single,3,0
36,Edward,6,1,is White,4,0
36,Edward,6,1,is 24 years old,5,0
36,Edward,6,1,is a clinical research assistant,6,0
36,Edward,6,1,enjoys browsing Twitter,7,0
36,Edward,6,1,is an ambitious person,8,0
36,Edward,6,1,is male,9,0
36,Edward,6,1,is a studious person,10,0
36,Edward,6,1,did not mute phone notifications while driving,11,1
36,Edward,6,1,was not speeding,12,0
36,Edward,6,1,checked that there were no other cars nearby,13,0
36,Edward,6,1,took a peek at the text,14,1
36,Edward,6,1,veered into the cyclist while reading the text,15,1
36,Flora,7,1,is an empathetic person,1,0
36,Flora,7,1,is female,2,0
36,Flora,7,1,composes music in her free time,3,0
36,Flora,7,1,is a counselor,4,0
36,Flora,7,1,is 32 years old,5,0
36,Flora,7,1,uses a white cane to guide herself,6,0
36,Flora,7,1,enjoys gardening,7,0
36,Flora,7,1,is legally blind,8,0
36,Flora,7,1,is an early riser,9,0
36,Flora,7,1,is Asian,10,0
36,Flora,7,1,went to a neighbor's house for dinner,11,0
36,Flora,7,1,used her white cane while walking home,12,0
36,Flora,7,1,did not call for help,13,1
36,Flora,7,1,her white cane slipped between Paul's legs,14,0
36,Flora,7,1,stepped on Paul's torso,15,0
36,Ava,8,1,is a compassionate person,1,0
36,Ava,8,1,enjoys going to music concerts,2,0
36,Ava,8,1,is an artist,3,0
36,Ava,8,1,often drives Peter to appointments and errands,4,1
36,Ava,8,1,is Native American,5,0
36,Ava,8,1,is female,6,0
36,Ava,8,1,has been friends with Peter for many years,7,0
36,Ava,8,1,is 26 years old,8,0
36,Ava,8,1,has a peanut allergy,9,0
36,Ava,8,1,regularly drinks coffee,10,0
36,Ava,8,1,did her annual car maintenance,11,0
36,Ava,8,1,drove under the speed limit,12,0
36,Ava,8,1,listened to the radio while driving,13,0
36,Ava,8,1,was startled by the deer,14,1
36,Ava,8,1,slammed the brakes after seeing the deer,15,1
36,Darla,9,0,communicates and interacts well with children,1,0
36,Darla,9,0,enjoys cooking,2,0
36,Darla,9,0,is nearsighted,3,0
36,Darla,9,0,is female,4,0
36,Darla,9,0,has an absent-minded personality,5,1
36,Darla,9,0,has a laid-back personality,6,0
36,Darla,9,0,is Black,7,0
36,Darla,9,0,is 32 years old,8,0
36,Darla,9,0,has worked with Pamela for many years,9,0
36,Darla,9,0,runs a home daycare business,10,0
36,Darla,9,0,lives in a tornado-affected area,11,0
36,Darla,9,0,played games with the children,12,0
36,Darla,9,0,played loud upbeat music with the children,13,0
36,Darla,9,0,focused on the children,14,0
36,Darla,9,0,did not hear the tornado sirens,15,1
36,Alfred,10,1,enjoys fishing,1,0
36,Alfred,10,1,lives alone,2,0
36,Alfred,10,1,is patriotic,3,0
36,Alfred,10,1,is a veteran,4,0
36,Alfred,10,1,is 68 years old,5,0
36,Alfred,10,1,has a calm personality,6,0
36,Alfred,10,1,is White,7,0
36,Alfred,10,1,is male,8,0
36,Alfred,10,1,enjoys Italian cuisine,9,0
36,Alfred,10,1,has PTSD,10,1
36,Alfred,10,1,took the subway home,11,0
36,Alfred,10,1,was quiet on the subway,12,0
36,Alfred,10,1,got off at the same stop as Oliver,13,0
36,Alfred,10,1,heard loud drilling and yelling from the construction above,14,1
36,Alfred,10,1,physically attacked Oliver,15,1
36,Julia,11,0,studies psychology,1,0
36,Julia,11,0,has asthma,2,0
36,Julia,11,0,enjoys watching TV shows,3,0
36,Julia,11,0,is female,4,0
36,Julia,11,0,is a college student,5,0
36,Julia,11,0,is a courteous person,6,0
36,Julia,11,0,is 19 years old,7,0
36,Julia,11,0,is multiracial,8,0
36,Julia,11,0,can be sensitive sometimes,9,0
36,Julia,11,0,babysits on the weekends,10,0
36,Julia,11,0,read children's books with Benji,11,0
36,Julia,11,0,picked up her partner's call while filling the bathtub,12,0
36,Julia,11,0,felt hurt after learning about the cheating,13,0
36,Julia,11,0,left the bathroom to talk to her partner,14,1
36,Julia,11,0,sat for a few minutes after hanging up,15,1
37,Darla,1,0,has an absent-minded personality,1,0
37,Darla,1,0,is female,2,0
37,Darla,1,0,is 32 years old,3,0
37,Darla,1,0,is Black,4,0
37,Darla,1,0,has worked with Pamela for many years,5,0
37,Darla,1,0,is nearsighted,6,0
37,Darla,1,0,communicates and interacts well with children,7,0
37,Darla,1,0,enjoys cooking,8,0
37,Darla,1,0,has a laid-back personality,9,1
37,Darla,1,0,runs a home daycare business,10,0
37,Darla,1,0,lives in a tornado-affected area,11,1
37,Darla,1,0,played games with the children,12,0
37,Darla,1,0,played loud upbeat music with the children,13,0
37,Darla,1,0,focused on the children,14,0
37,Darla,1,0,did not hear the tornado sirens,15,0
37,Nadia,2,0,collects vinyl records,1,0
37,Nadia,2,0,attended couples therapy years ago,2,0
37,Nadia,2,0,is a timid person,3,0
37,Nadia,2,0,enjoys oil painting,4,0
37,Nadia,2,0,is a software engineer,5,0
37,Nadia,2,0,is White,6,0
37,Nadia,2,0,is 34 years old,7,0
37,Nadia,2,0,has red hair,8,0
37,Nadia,2,0,is an organized person,9,0
37,Nadia,2,0,is female,10,0
37,Nadia,2,0,went to the emergency room for bruises,11,0
37,Nadia,2,0,did not seek help after the emergency room incident,12,1
37,Nadia,2,0,was scared when Franklin screamed,13,0
37,Nadia,2,0,grabbed the revolver,14,0
37,Nadia,2,0,shot Franklin with the revolver,15,0
37,Melvin,3,1,has high blood pressure,1,0
37,Melvin,3,1,is male,2,0
37,Melvin,3,1,enjoys listening to rock music,3,0
37,Melvin,3,1,grows corn,4,0
37,Melvin,3,1,grows hay,5,0
37,Melvin,3,1,is White,6,0
37,Melvin,3,1,is a farmer,7,0
37,Melvin,3,1,has a cheerful personality,8,0
37,Melvin,3,1,can be stingy sometimes,9,0
37,Melvin,3,1,is 45 years old,10,0
37,Melvin,3,1,built his barn near the border with Vincent's property,11,1
37,Melvin,3,1,was concerned with hayfires,12,0
37,Melvin,3,1,considered buying hay-drying equipment,13,0
37,Melvin,3,1,met with consultants,14,0
37,Melvin,3,1,decided not to buy hay-drying equipment,15,1
37,Flora,4,1,is an empathetic person,1,0
37,Flora,4,1,is female,2,0
37,Flora,4,1,is legally blind,3,0
37,Flora,4,1,uses a white cane to guide herself,4,0
37,Flora,4,1,is a counselor,5,0
37,Flora,4,1,is Asian,6,0
37,Flora,4,1,is an early riser,7,0
37,Flora,4,1,enjoys gardening,8,0
37,Flora,4,1,is 32 years old,9,0
37,Flora,4,1,composes music in her free time,10,0
37,Flora,4,1,went to a neighbor's house for dinner,11,0
37,Flora,4,1,used her white cane while walking home,12,0
37,Flora,4,1,did not call for help,13,1
37,Flora,4,1,her white cane slipped between Paul's legs,14,1
37,Flora,4,1,stepped on Paul's torso,15,1
37,Edward,5,1,is an experienced driver,1,0
37,Edward,5,1,enjoys browsing Twitter,2,0
37,Edward,5,1,is a clinical research assistant,3,0
37,Edward,5,1,is a studious person,4,0
37,Edward,5,1,is an ambitious person,5,0
37,Edward,5,1,is 24 years old,6,0
37,Edward,5,1,is single,7,0
37,Edward,5,1,is male,8,0
37,Edward,5,1,enjoys reading science fiction,9,0
37,Edward,5,1,is White,10,0
37,Edward,5,1,did not mute phone notifications while driving,11,1
37,Edward,5,1,was not speeding,12,0
37,Edward,5,1,checked that there were no other cars nearby,13,0
37,Edward,5,1,took a peek at the text,14,1
37,Edward,5,1,veered into the cyclist while reading the text,15,1
37,Chris,6,1,has an average IQ,1,0
37,Chris,6,1,enjoys playing hide-and-seek,2,0
37,Chris,6,1,weighs 70 lbs,3,0
37,Chris,6,1,is 10 years old,4,0
37,Chris,6,1,has a curious personality,5,0
37,Chris,6,1,admires his father,6,0
37,Chris,6,1,is male,7,0
37,Chris,6,1,enjoys swimming,8,0
37,Chris,6,1,is a picky eater,9,0
37,Chris,6,1,is White,10,0
37,Chris,6,1,invited friends over to play,11,0
37,Chris,6,1,hid in the hall closet,12,0
37,Chris,6,1,found the key in his father's jacket pocket,13,1
37,Chris,6,1,opened the gun cabinet with the key,14,1
37,Chris,6,1,picked up a pistol to play with,15,1
37,Alfred,7,1,has a calm personality,1,0
37,Alfred,7,1,enjoys Italian cuisine,2,0
37,Alfred,7,1,is 68 years old,3,0
37,Alfred,7,1,has PTSD,4,1
37,Alfred,7,1,enjoys fishing,5,0
37,Alfred,7,1,is White,6,0
37,Alfred,7,1,is patriotic,7,0
37,Alfred,7,1,is male,8,0
37,Alfred,7,1,is a veteran,9,0
37,Alfred,7,1,lives alone,10,0
37,Alfred,7,1,took the subway home,11,0
37,Alfred,7,1,was quiet on the subway,12,0
37,Alfred,7,1,got off at the same stop as Oliver,13,1
37,Alfred,7,1,heard loud drilling and yelling from the construction above,14,1
37,Alfred,7,1,physically attacked Oliver,15,1
37,Tristan,8,1,is 43 years old,1,0
37,Tristan,8,1,is Black,2,0
37,Tristan,8,1,is extroverted and outgoing,3,0
37,Tristan,8,1,is Christian,4,0
37,Tristan,8,1,can be impatient sometimes,5,0
37,Tristan,8,1,can be opinionated sometimes,6,0
37,Tristan,8,1,has worked for over ten years at the same hospital,7,0
37,Tristan,8,1,is male,8,0
37,Tristan,8,1,is a cardiologist,9,0
37,Tristan,8,1,enjoys listening to country music,10,0
37,Tristan,8,1,reviewed Annie's medical history and symptoms,11,0
37,Tristan,8,1,checked Annie's vitals,12,0
37,Tristan,8,1,ordered Annie an electrocardiogram (ECG/EKG),13,0
37,Tristan,8,1,did not order any other heart tests,14,1
37,Tristan,8,1,did not order a mammogram,15,0
37,Julia,9,0,babysits on the weekends,1,0
37,Julia,9,0,is 19 years old,2,0
37,Julia,9,0,is female,3,0
37,Julia,9,0,enjoys watching TV shows,4,0
37,Julia,9,0,is multiracial,5,0
37,Julia,9,0,is a courteous person,6,0
37,Julia,9,0,can be sensitive sometimes,7,0
37,Julia,9,0,has asthma,8,0
37,Julia,9,0,is a college student,9,0
37,Julia,9,0,studies psychology,10,0
37,Julia,9,0,read children's books with Benji,11,0
37,Julia,9,0,picked up her partner's call while filling the bathtub,12,1
37,Julia,9,0,felt hurt after learning about the cheating,13,0
37,Julia,9,0,left the bathroom to talk to her partner,14,1
37,Julia,9,0,sat for a few minutes after hanging up,15,1
37,Ava,10,1,is Native American,1,0
37,Ava,10,1,often drives Peter to appointments and errands,2,0
37,Ava,10,1,enjoys going to music concerts,3,0
37,Ava,10,1,is a compassionate person,4,0
37,Ava,10,1,is 26 years old,5,0
37,Ava,10,1,is female,6,0
37,Ava,10,1,regularly drinks coffee,7,0
37,Ava,10,1,has been friends with Peter for many years,8,0
37,Ava,10,1,is an artist,9,0
37,Ava,10,1,has a peanut allergy,10,0
37,Ava,10,1,did her annual car maintenance,11,0
37,Ava,10,1,drove under the speed limit,12,0
37,Ava,10,1,listened to the radio while driving,13,0
37,Ava,10,1,was startled by the deer,14,0
37,Ava,10,1,slammed the brakes after seeing the deer,15,1
37,Qian,11,0,is a restaurant waiter,1,0
37,Qian,11,0,is Asian,2,0
37,Qian,11,0,can be stubborn sometimes,3,0
37,Qian,11,0,has a humorous personality,4,0
37,Qian,11,0,enjoys watching sports,5,0
37,Qian,11,0,is 27 years old,6,0
37,Qian,11,0,is male,7,0
37,Qian,11,0,enjoys jazz music,8,0
37,Qian,11,0,does not smoke,9,0
37,Qian,11,0,is hard-working,10,0
37,Qian,11,0,hung out at the local bar with cousins,11,0
37,Qian,11,0,had several drinks over the course of two hours,12,0
37,Qian,11,0,was angered by Wilson's comments,13,1
37,Qian,11,0,did not talk back to Wilson,14,0
37,Qian,11,0,pushed Wilson to the ground,15,1
38,Edward,1,1,enjoys reading science fiction,1,0
38,Edward,1,1,is a clinical research assistant,2,0
38,Edward,1,1,is single,3,0
38,Edward,1,1,is an ambitious person,4,0
38,Edward,1,1,is 24 years old,5,0
38,Edward,1,1,is White,6,0
38,Edward,1,1,is an experienced driver,7,0
38,Edward,1,1,enjoys browsing Twitter,8,0
38,Edward,1,1,is a studious person,9,0
38,Edward,1,1,is male,10,0
38,Edward,1,1,did not mute phone notifications while driving,11,1
38,Edward,1,1,was not speeding,12,0
38,Edward,1,1,checked that there were no other cars nearby,13,0
38,Edward,1,1,took a peek at the text,14,0
38,Edward,1,1,veered into the cyclist while reading the text,15,0
38,Nadia,2,0,enjoys oil painting,1,0
38,Nadia,2,0,is White,2,0
38,Nadia,2,0,is a software engineer,3,0
38,Nadia,2,0,is female,4,0
38,Nadia,2,0,collects vinyl records,5,0
38,Nadia,2,0,is an organized person,6,0
38,Nadia,2,0,is 34 years old,7,0
38,Nadia,2,0,has red hair,8,0
38,Nadia,2,0,attended couples therapy years ago,9,0
38,Nadia,2,0,is a timid person,10,0
38,Nadia,2,0,went to the emergency room for bruises,11,0
38,Nadia,2,0,did not seek help after the emergency room incident,12,1
38,Nadia,2,0,was scared when Franklin screamed,13,0
38,Nadia,2,0,grabbed the revolver,14,0
38,Nadia,2,0,shot Franklin with the revolver,15,0
38,Alfred,3,1,has PTSD,1,0
38,Alfred,3,1,lives alone,2,0
38,Alfred,3,1,enjoys fishing,3,0
38,Alfred,3,1,is a veteran,4,0
38,Alfred,3,1,is 68 years old,5,0
38,Alfred,3,1,is patriotic,6,0
38,Alfred,3,1,has a calm personality,7,0
38,Alfred,3,1,enjoys Italian cuisine,8,0
38,Alfred,3,1,is White,9,0
38,Alfred,3,1,is male,10,0
38,Alfred,3,1,took the subway home,11,1
38,Alfred,3,1,was quiet on the subway,12,0
38,Alfred,3,1,got off at the same stop as Oliver,13,0
38,Alfred,3,1,heard loud drilling and yelling from the construction above,14,0
38,Alfred,3,1,physically attacked Oliver,15,0
38,Darla,4,0,runs a home daycare business,1,0
38,Darla,4,0,is 32 years old,2,0
38,Darla,4,0,is nearsighted,3,0
38,Darla,4,0,has worked with Pamela for many years,4,0
38,Darla,4,0,has a laid-back personality,5,0
38,Darla,4,0,communicates and interacts well with children,6,0
38,Darla,4,0,enjoys cooking,7,0
38,Darla,4,0,is female,8,0
38,Darla,4,0,has an absent-minded personality,9,0
38,Darla,4,0,is Black,10,0
38,Darla,4,0,lives in a tornado-affected area,11,0
38,Darla,4,0,played games with the children,12,0
38,Darla,4,0,played loud upbeat music with the children,13,1
38,Darla,4,0,focused on the children,14,0
38,Darla,4,0,did not hear the tornado sirens,15,0
38,Melvin,5,1,is a farmer,1,0
38,Melvin,5,1,is 45 years old,2,0
38,Melvin,5,1,is male,3,0
38,Melvin,5,1,has high blood pressure,4,0
38,Melvin,5,1,can be stingy sometimes,5,0
38,Melvin,5,1,enjoys listening to rock music,6,0
38,Melvin,5,1,is White,7,0
38,Melvin,5,1,grows hay,8,0
38,Melvin,5,1,grows corn,9,0
38,Melvin,5,1,has a cheerful personality,10,0
38,Melvin,5,1,built his barn near the border with Vincent's property,11,0
38,Melvin,5,1,was concerned with hayfires,12,0
38,Melvin,5,1,considered buying hay-drying equipment,13,0
38,Melvin,5,1,met with consultants,14,0
38,Melvin,5,1,decided not to buy hay-drying equipment,15,1
38,Tristan,6,1,can be opinionated sometimes,1,0
38,Tristan,6,1,is 43 years old,2,0
38,Tristan,6,1,is Black,3,0
38,Tristan,6,1,is male,4,0
38,Tristan,6,1,is extroverted and outgoing,5,0
38,Tristan,6,1,has worked for over ten years at the same hospital,6,0
38,Tristan,6,1,enjoys listening to country music,7,0
38,Tristan,6,1,is Christian,8,0
38,Tristan,6,1,can be impatient sometimes,9,0
38,Tristan,6,1,is a cardiologist,10,0
38,Tristan,6,1,reviewed Annie's medical history and symptoms,11,0
38,Tristan,6,1,checked Annie's vitals,12,0
38,Tristan,6,1,ordered Annie an electrocardiogram (ECG/EKG),13,0
38,Tristan,6,1,did not order any other heart tests,14,1
38,Tristan,6,1,did not order a mammogram,15,0
38,Flora,7,1,is a counselor,1,0
38,Flora,7,1,is an early riser,2,0
38,Flora,7,1,is Asian,3,0
38,Flora,7,1,uses a white cane to guide herself,4,0
38,Flora,7,1,composes music in her free time,5,0
38,Flora,7,1,is an empathetic person,6,0
38,Flora,7,1,is legally blind,7,0
38,Flora,7,1,is female,8,0
38,Flora,7,1,is 32 years old,9,0
38,Flora,7,1,enjoys gardening,10,0
38,Flora,7,1,went to a neighbor's house for dinner,11,0
38,Flora,7,1,used her white cane while walking home,12,0
38,Flora,7,1,did not call for help,13,1
38,Flora,7,1,her white cane slipped between Paul's legs,14,0
38,Flora,7,1,stepped on Paul's torso,15,0
38,Julia,8,0,is a courteous person,1,0
38,Julia,8,0,babysits on the weekends,2,0
38,Julia,8,0,is 19 years old,3,0
38,Julia,8,0,enjoys watching TV shows,4,0
38,Julia,8,0,has asthma,5,0
38,Julia,8,0,is a college student,6,0
38,Julia,8,0,is multiracial,7,0
38,Julia,8,0,is female,8,0
38,Julia,8,0,can be sensitive sometimes,9,0
38,Julia,8,0,studies psychology,10,0
38,Julia,8,0,read children's books with Benji,11,0
38,Julia,8,0,picked up her partner's call while filling the bathtub,12,0
38,Julia,8,0,felt hurt after learning about the cheating,13,0
38,Julia,8,0,left the bathroom to talk to her partner,14,1
38,Julia,8,0,sat for a few minutes after hanging up,15,0
38,Ava,9,1,is Native American,1,0
38,Ava,9,1,regularly drinks coffee,2,0
38,Ava,9,1,has been friends with Peter for many years,3,0
38,Ava,9,1,is a compassionate person,4,0
38,Ava,9,1,is female,5,0
38,Ava,9,1,has a peanut allergy,6,0
38,Ava,9,1,often drives Peter to appointments and errands,7,0
38,Ava,9,1,is 26 years old,8,0
38,Ava,9,1,is an artist,9,0
38,Ava,9,1,enjoys going to music concerts,10,0
38,Ava,9,1,did her annual car maintenance,11,0
38,Ava,9,1,drove under the speed limit,12,0
38,Ava,9,1,listened to the radio while driving,13,0
38,Ava,9,1,was startled by the deer,14,1
38,Ava,9,1,slammed the brakes after seeing the deer,15,0
38,Chris,10,1,is White,1,0
38,Chris,10,1,enjoys playing hide-and-seek,2,0
38,Chris,10,1,weighs 70 lbs,3,0
38,Chris,10,1,is a picky eater,4,0
38,Chris,10,1,has an average IQ,5,0
38,Chris,10,1,admires his father,6,0
38,Chris,10,1,enjoys swimming,7,0
38,Chris,10,1,is 10 years old,8,0
38,Chris,10,1,has a curious personality,9,0
38,Chris,10,1,is male,10,0
38,Chris,10,1,invited friends over to play,11,0
38,Chris,10,1,hid in the hall closet,12,0
38,Chris,10,1,found the key in his father's jacket pocket,13,1
38,Chris,10,1,opened the gun cabinet with the key,14,0
38,Chris,10,1,picked up a pistol to play with,15,0
38,Qian,11,0,enjoys watching sports,1,0
38,Qian,11,0,does not smoke,2,0
38,Qian,11,0,is Asian,3,1
38,Qian,11,0,is 27 years old,4,0
38,Qian,11,0,is a restaurant waiter,5,0
38,Qian,11,0,is hard-working,6,0
38,Qian,11,0,has a humorous personality,7,0
38,Qian,11,0,enjoys jazz music,8,0
38,Qian,11,0,is male,9,0
38,Qian,11,0,can be stubborn sometimes,10,0
38,Qian,11,0,hung out at the local bar with cousins,11,0
38,Qian,11,0,had several drinks over the course of two hours,12,0
38,Qian,11,0,was angered by Wilson's comments,13,0
38,Qian,11,0,did not talk back to Wilson,14,0
38,Qian,11,0,pushed Wilson to the ground,15,0
39,Edward,1,1,is a studious person,1,0
39,Edward,1,1,is 24 years old,2,0
39,Edward,1,1,is male,3,0
39,Edward,1,1,is a clinical research assistant,4,0
39,Edward,1,1,enjoys reading science fiction,5,0
39,Edward,1,1,enjoys browsing Twitter,6,0
39,Edward,1,1,is White,7,0
39,Edward,1,1,is an ambitious person,8,0
39,Edward,1,1,is single,9,0
39,Edward,1,1,is an experienced driver,10,0
39,Edward,1,1,did not mute phone notifications while driving,11,0
39,Edward,1,1,was not speeding,12,0
39,Edward,1,1,checked that there were no other cars nearby,13,0
39,Edward,1,1,took a peek at the text,14,1
39,Edward,1,1,veered into the cyclist while reading the text,15,0
39,Darla,2,0,is 32 years old,1,0
39,Darla,2,0,has worked with Pamela for many years,2,0
39,Darla,2,0,communicates and interacts well with children,3,0
39,Darla,2,0,is female,4,0
39,Darla,2,0,is Black,5,0
39,Darla,2,0,has an absent-minded personality,6,0
39,Darla,2,0,is nearsighted,7,0
39,Darla,2,0,enjoys cooking,8,0
39,Darla,2,0,has a laid-back personality,9,0
39,Darla,2,0,runs a home daycare business,10,0
39,Darla,2,0,lives in a tornado-affected area,11,0
39,Darla,2,0,played games with the children,12,0
39,Darla,2,0,played loud upbeat music with the children,13,1
39,Darla,2,0,focused on the children,14,0
39,Darla,2,0,did not hear the tornado sirens,15,0
39,Melvin,3,1,has a cheerful personality,1,0
39,Melvin,3,1,can be stingy sometimes,2,0
39,Melvin,3,1,is a farmer,3,0
39,Melvin,3,1,is male,4,0
39,Melvin,3,1,grows hay,5,0
39,Melvin,3,1,is 45 years old,6,0
39,Melvin,3,1,has high blood pressure,7,0
39,Melvin,3,1,enjoys listening to rock music,8,0
39,Melvin,3,1,grows corn,9,0
39,Melvin,3,1,is White,10,0
39,Melvin,3,1,built his barn near the border with Vincent's property,11,0
39,Melvin,3,1,was concerned with hayfires,12,0
39,Melvin,3,1,considered buying hay-drying equipment,13,0
39,Melvin,3,1,met with consultants,14,0
39,Melvin,3,1,decided not to buy hay-drying equipment,15,1
39,Ava,4,1,regularly drinks coffee,1,0
39,Ava,4,1,has a peanut allergy,2,0
39,Ava,4,1,has been friends with Peter for many years,3,0
39,Ava,4,1,is an artist,4,0
39,Ava,4,1,often drives Peter to appointments and errands,5,1
39,Ava,4,1,is 26 years old,6,0
39,Ava,4,1,is female,7,0
39,Ava,4,1,enjoys going to music concerts,8,0
39,Ava,4,1,is a compassionate person,9,0
39,Ava,4,1,is Native American,10,0
39,Ava,4,1,did her annual car maintenance,11,0
39,Ava,4,1,drove under the speed limit,12,0
39,Ava,4,1,listened to the radio while driving,13,1
39,Ava,4,1,was startled by the deer,14,1
39,Ava,4,1,slammed the brakes after seeing the deer,15,0
39,Julia,5,0,is multiracial,1,0
39,Julia,5,0,is 19 years old,2,0
39,Julia,5,0,has asthma,3,0
39,Julia,5,0,studies psychology,4,0
39,Julia,5,0,babysits on the weekends,5,0
39,Julia,5,0,is a courteous person,6,0
39,Julia,5,0,enjoys watching TV shows,7,0
39,Julia,5,0,is a college student,8,0
39,Julia,5,0,can be sensitive sometimes,9,0
39,Julia,5,0,is female,10,0
39,Julia,5,0,read children's books with Benji,11,0
39,Julia,5,0,picked up her partner's call while filling the bathtub,12,1
39,Julia,5,0,felt hurt after learning about the cheating,13,0
39,Julia,5,0,left the bathroom to talk to her partner,14,1
39,Julia,5,0,sat for a few minutes after hanging up,15,0
39,Qian,6,0,is a restaurant waiter,1,0
39,Qian,6,0,is 27 years old,2,0
39,Qian,6,0,is male,3,0
39,Qian,6,0,does not smoke,4,0
39,Qian,6,0,is Asian,5,0
39,Qian,6,0,is hard-working,6,0
39,Qian,6,0,enjoys watching sports,7,0
39,Qian,6,0,can be stubborn sometimes,8,0
39,Qian,6,0,enjoys jazz music,9,0
39,Qian,6,0,has a humorous personality,10,0
39,Qian,6,0,hung out at the local bar with cousins,11,0
39,Qian,6,0,had several drinks over the course of two hours,12,0
39,Qian,6,0,was angered by Wilson's comments,13,0
39,Qian,6,0,did not talk back to Wilson,14,0
39,Qian,6,0,pushed Wilson to the ground,15,1
39,Chris,7,1,enjoys swimming,1,0
39,Chris,7,1,admires his father,2,0
39,Chris,7,1,weighs 70 lbs,3,0
39,Chris,7,1,is a picky eater,4,0
39,Chris,7,1,is White,5,0
39,Chris,7,1,is male,6,0
39,Chris,7,1,has an average IQ,7,0
39,Chris,7,1,enjoys playing hide-and-seek,8,0
39,Chris,7,1,is 10 years old,9,0
39,Chris,7,1,has a curious personality,10,0
39,Chris,7,1,invited friends over to play,11,0
39,Chris,7,1,hid in the hall closet,12,1
39,Chris,7,1,found the key in his father's jacket pocket,13,1
39,Chris,7,1,opened the gun cabinet with the key,14,1
39,Chris,7,1,picked up a pistol to play with,15,1
39,Tristan,8,1,enjoys listening to country music,1,0
39,Tristan,8,1,is 43 years old,2,0
39,Tristan,8,1,is Christian,3,0
39,Tristan,8,1,has worked for over ten years at the same hospital,4,0
39,Tristan,8,1,can be opinionated sometimes,5,0
39,Tristan,8,1,is male,6,0
39,Tristan,8,1,is extroverted and outgoing,7,0
39,Tristan,8,1,is Black,8,0
39,Tristan,8,1,is a cardiologist,9,0
39,Tristan,8,1,can be impatient sometimes,10,0
39,Tristan,8,1,reviewed Annie's medical history and symptoms,11,0
39,Tristan,8,1,checked Annie's vitals,12,0
39,Tristan,8,1,ordered Annie an electrocardiogram (ECG/EKG),13,0
39,Tristan,8,1,did not order any other heart tests,14,1
39,Tristan,8,1,did not order a mammogram,15,0
39,Nadia,9,0,has red hair,1,0
39,Nadia,9,0,is a software engineer,2,0
39,Nadia,9,0,is a timid person,3,0
39,Nadia,9,0,collects vinyl records,4,0
39,Nadia,9,0,is female,5,0
39,Nadia,9,0,attended couples therapy years ago,6,0
39,Nadia,9,0,is an organized person,7,0
39,Nadia,9,0,is 34 years old,8,0
39,Nadia,9,0,enjoys oil painting,9,0
39,Nadia,9,0,is White,10,0
39,Nadia,9,0,went to the emergency room for bruises,11,0
39,Nadia,9,0,did not seek help after the emergency room incident,12,1
39,Nadia,9,0,was scared when Franklin screamed,13,0
39,Nadia,9,0,grabbed the revolver,14,0
39,Nadia,9,0,shot Franklin with the revolver,15,0
39,Flora,10,1,is legally blind,1,0
39,Flora,10,1,is an empathetic person,2,0
39,Flora,10,1,is an early riser,3,0
39,Flora,10,1,is 32 years old,4,0
39,Flora,10,1,is female,5,0
39,Flora,10,1,composes music in her free time,6,0
39,Flora,10,1,uses a white cane to guide herself,7,0
39,Flora,10,1,is a counselor,8,0
39,Flora,10,1,enjoys gardening,9,0
39,Flora,10,1,is Asian,10,0
39,Flora,10,1,went to a neighbor's house for dinner,11,0
39,Flora,10,1,used her white cane while walking home,12,0
39,Flora,10,1,did not call for help,13,1
39,Flora,10,1,her white cane slipped between Paul's legs,14,0
39,Flora,10,1,stepped on Paul's torso,15,0
39,Alfred,11,1,is a veteran,1,0
39,Alfred,11,1,is White,2,0
39,Alfred,11,1,lives alone,3,0
39,Alfred,11,1,has a calm personality,4,0
39,Alfred,11,1,is male,5,0
39,Alfred,11,1,enjoys fishing,6,0
39,Alfred,11,1,has PTSD,7,0
39,Alfred,11,1,is patriotic,8,0
39,Alfred,11,1,enjoys Italian cuisine,9,0
39,Alfred,11,1,is 68 years old,10,0
39,Alfred,11,1,took the subway home,11,0
39,Alfred,11,1,was quiet on the subway,12,0
39,Alfred,11,1,got off at the same stop as Oliver,13,1
39,Alfred,11,1,heard loud drilling and yelling from the construction above,14,0
39,Alfred,11,1,physically attacked Oliver,15,1
40,Melvin,1,1,grows hay,1,1
40,Melvin,1,1,is White,2,0
40,Melvin,1,1,is male,3,0
40,Melvin,1,1,enjoys listening to rock music,4,0
40,Melvin,1,1,grows corn,5,0
40,Melvin,1,1,has high blood pressure,6,0
40,Melvin,1,1,is a farmer,7,0
40,Melvin,1,1,has a cheerful personality,8,0
40,Melvin,1,1,can be stingy sometimes,9,0
40,Melvin,1,1,is 45 years old,10,0
40,Melvin,1,1,built his barn near the border with Vincent's property,11,0
40,Melvin,1,1,was concerned with hayfires,12,0
40,Melvin,1,1,considered buying hay-drying equipment,13,0
40,Melvin,1,1,met with consultants,14,0
40,Melvin,1,1,decided not to buy hay-drying equipment,15,0
40,Ava,2,1,enjoys going to music concerts,1,0
40,Ava,2,1,often drives Peter to appointments and errands,2,1
40,Ava,2,1,is 26 years old,3,0
40,Ava,2,1,is Native American,4,0
40,Ava,2,1,has a peanut allergy,5,0
40,Ava,2,1,is a compassionate person,6,0
40,Ava,2,1,is female,7,0
40,Ava,2,1,is an artist,8,0
40,Ava,2,1,regularly drinks coffee,9,0
40,Ava,2,1,has been friends with Peter for many years,10,0
40,Ava,2,1,did her annual car maintenance,11,0
40,Ava,2,1,drove under the speed limit,12,0
40,Ava,2,1,listened to the radio while driving,13,0
40,Ava,2,1,was startled by the deer,14,0
40,Ava,2,1,slammed the brakes after seeing the deer,15,0
40,Julia,3,0,studies psychology,1,0
40,Julia,3,0,babysits on the weekends,2,1
40,Julia,3,0,is a college student,3,0
40,Julia,3,0,enjoys watching TV shows,4,0
40,Julia,3,0,is 19 years old,5,0
40,Julia,3,0,is female,6,0
40,Julia,3,0,has asthma,7,0
40,Julia,3,0,is a courteous person,8,0
40,Julia,3,0,is multiracial,9,0
40,Julia,3,0,can be sensitive sometimes,10,0
40,Julia,3,0,read children's books with Benji,11,0
40,Julia,3,0,picked up her partner's call while filling the bathtub,12,0
40,Julia,3,0,felt hurt after learning about the cheating,13,0
40,Julia,3,0,left the bathroom to talk to her partner,14,0
40,Julia,3,0,sat for a few minutes after hanging up,15,0
40,Alfred,4,1,has a calm personality,1,0
40,Alfred,4,1,enjoys Italian cuisine,2,0
40,Alfred,4,1,is 68 years old,3,0
40,Alfred,4,1,enjoys fishing,4,0
40,Alfred,4,1,is a veteran,5,1
40,Alfred,4,1,is patriotic,6,0
40,Alfred,4,1,is White,7,0
40,Alfred,4,1,lives alone,8,0
40,Alfred,4,1,is male,9,0
40,Alfred,4,1,has PTSD,10,0
40,Alfred,4,1,took the subway home,11,0
40,Alfred,4,1,was quiet on the subway,12,0
40,Alfred,4,1,got off at the same stop as Oliver,13,0
40,Alfred,4,1,heard loud drilling and yelling from the construction above,14,0
40,Alfred,4,1,physically attacked Oliver,15,0
40,Chris,5,1,has a curious personality,1,1
40,Chris,5,1,is 10 years old,2,0
40,Chris,5,1,admires his father,3,0
40,Chris,5,1,enjoys swimming,4,0
40,Chris,5,1,is White,5,0
40,Chris,5,1,is a picky eater,6,0
40,Chris,5,1,enjoys playing hide-and-seek,7,0
40,Chris,5,1,is male,8,0
40,Chris,5,1,has an average IQ,9,0
40,Chris,5,1,weighs 70 lbs,10,0
40,Chris,5,1,invited friends over to play,11,0
40,Chris,5,1,hid in the hall closet,12,0
40,Chris,5,1,found the key in his father's jacket pocket,13,0
40,Chris,5,1,opened the gun cabinet with the key,14,0
40,Chris,5,1,picked up a pistol to play with,15,0
40,Flora,6,1,is a counselor,1,0
40,Flora,6,1,uses a white cane to guide herself,2,1
40,Flora,6,1,composes music in her free time,3,0
40,Flora,6,1,is an empathetic person,4,0
40,Flora,6,1,is female,5,0
40,Flora,6,1,is Asian,6,0
40,Flora,6,1,enjoys gardening,7,0
40,Flora,6,1,is legally blind,8,0
40,Flora,6,1,is 32 years old,9,0
40,Flora,6,1,is an early riser,10,0
40,Flora,6,1,went to a neighbor's house for dinner,11,0
40,Flora,6,1,used her white cane while walking home,12,0
40,Flora,6,1,did not call for help,13,0
40,Flora,6,1,her white cane slipped between Paul's legs,14,0
40,Flora,6,1,stepped on Paul's torso,15,0
40,Edward,7,1,is male,1,0
40,Edward,7,1,enjoys browsing Twitter,2,0
40,Edward,7,1,is single,3,0
40,Edward,7,1,is an ambitious person,4,1
40,Edward,7,1,is a clinical research assistant,5,0
40,Edward,7,1,is 24 years old,6,0
40,Edward,7,1,enjoys reading science fiction,7,0
40,Edward,7,1,is White,8,0
40,Edward,7,1,is an experienced driver,9,0
40,Edward,7,1,is a studious person,10,0
40,Edward,7,1,did not mute phone notifications while driving,11,0
40,Edward,7,1,was not speeding,12,0
40,Edward,7,1,checked that there were no other cars nearby,13,0
40,Edward,7,1,took a peek at the text,14,0
40,Edward,7,1,veered into the cyclist while reading the text,15,0
40,Tristan,8,1,has worked for over ten years at the same hospital,1,0
40,Tristan,8,1,enjoys listening to country music,2,0
40,Tristan,8,1,is extroverted and outgoing,3,0
40,Tristan,8,1,is 43 years old,4,0
40,Tristan,8,1,is Christian,5,0
40,Tristan,8,1,is a cardiologist,6,1
40,Tristan,8,1,can be impatient sometimes,7,0
40,Tristan,8,1,is male,8,0
40,Tristan,8,1,can be opinionated sometimes,9,0
40,Tristan,8,1,is Black,10,0
40,Tristan,8,1,reviewed Annie's medical history and symptoms,11,0
40,Tristan,8,1,checked Annie's vitals,12,0
40,Tristan,8,1,ordered Annie an electrocardiogram (ECG/EKG),13,0
40,Tristan,8,1,did not order any other heart tests,14,0
40,Tristan,8,1,did not order a mammogram,15,0
40,Qian,9,0,is a restaurant waiter,1,0
40,Qian,9,0,has a humorous personality,2,0
40,Qian,9,0,is hard-working,3,0
40,Qian,9,0,enjoys watching sports,4,0
40,Qian,9,0,is Asian,5,1
40,Qian,9,0,is male,6,0
40,Qian,9,0,can be stubborn sometimes,7,0
40,Qian,9,0,is 27 years old,8,0
40,Qian,9,0,does not smoke,9,0
40,Qian,9,0,enjoys jazz music,10,0
40,Qian,9,0,hung out at the local bar with cousins,11,0
40,Qian,9,0,had several drinks over the course of two hours,12,0
40,Qian,9,0,was angered by Wilson's comments,13,0
40,Qian,9,0,did not talk back to Wilson,14,0
40,Qian,9,0,pushed Wilson to the ground,15,0
40,Nadia,10,0,is a software engineer,1,0
40,Nadia,10,0,enjoys oil painting,2,0
40,Nadia,10,0,is 34 years old,3,0
40,Nadia,10,0,is an organized person,4,0
40,Nadia,10,0,has red hair,5,0
40,Nadia,10,0,is female,6,1
40,Nadia,10,0,is White,7,0
40,Nadia,10,0,is a timid person,8,0
40,Nadia,10,0,attended couples therapy years ago,9,0
40,Nadia,10,0,collects vinyl records,10,0
40,Nadia,10,0,went to the emergency room for bruises,11,0
40,Nadia,10,0,did not seek help after the emergency room incident,12,0
40,Nadia,10,0,was scared when Franklin screamed,13,0
40,Nadia,10,0,grabbed the revolver,14,0
40,Nadia,10,0,shot Franklin with the revolver,15,0
40,Darla,11,0,has a laid-back personality,1,0
40,Darla,11,0,communicates and interacts well with children,2,0
40,Darla,11,0,is female,3,0
40,Darla,11,0,has worked with Pamela for many years,4,0
40,Darla,11,0,is 32 years old,5,0
40,Darla,11,0,has an absent-minded personality,6,1
40,Darla,11,0,is nearsighted,7,0
40,Darla,11,0,enjoys cooking,8,0
40,Darla,11,0,is Black,9,0
40,Darla,11,0,runs a home daycare business,10,0
40,Darla,11,0,lives in a tornado-affected area,11,0
40,Darla,11,0,played games with the children,12,0
40,Darla,11,0,played loud upbeat music with the children,13,0
40,Darla,11,0,focused on the children,14,0
40,Darla,11,0,did not hear the tornado sirens,15,0
41,Ava,1,1,has been friends with Peter for many years,1,0
41,Ava,1,1,is 26 years old,2,0
41,Ava,1,1,has a peanut allergy,3,0
41,Ava,1,1,often drives Peter to appointments and errands,4,0
41,Ava,1,1,is an artist,5,0
41,Ava,1,1,regularly drinks coffee,6,0
41,Ava,1,1,is female,7,0
41,Ava,1,1,is Native American,8,0
41,Ava,1,1,enjoys going to music concerts,9,0
41,Ava,1,1,is a compassionate person,10,0
41,Ava,1,1,did her annual car maintenance,11,1
41,Ava,1,1,drove under the speed limit,12,0
41,Ava,1,1,listened to the radio while driving,13,0
41,Ava,1,1,was startled by the deer,14,1
41,Ava,1,1,slammed the brakes after seeing the deer,15,1
41,Tristan,2,1,can be opinionated sometimes,1,0
41,Tristan,2,1,is Christian,2,0
41,Tristan,2,1,can be impatient sometimes,3,0
41,Tristan,2,1,is extroverted and outgoing,4,0
41,Tristan,2,1,enjoys listening to country music,5,0
41,Tristan,2,1,is 43 years old,6,0
41,Tristan,2,1,has worked for over ten years at the same hospital,7,0
41,Tristan,2,1,is Black,8,0
41,Tristan,2,1,is male,9,0
41,Tristan,2,1,is a cardiologist,10,0
41,Tristan,2,1,reviewed Annie's medical history and symptoms,11,1
41,Tristan,2,1,checked Annie's vitals,12,1
41,Tristan,2,1,ordered Annie an electrocardiogram (ECG/EKG),13,1
41,Tristan,2,1,did not order any other heart tests,14,1
41,Tristan,2,1,did not order a mammogram,15,1
41,Qian,3,0,is a restaurant waiter,1,0
41,Qian,3,0,is male,2,0
41,Qian,3,0,enjoys jazz music,3,0
41,Qian,3,0,enjoys watching sports,4,0
41,Qian,3,0,does not smoke,5,0
41,Qian,3,0,has a humorous personality,6,0
41,Qian,3,0,can be stubborn sometimes,7,1
41,Qian,3,0,is 27 years old,8,0
41,Qian,3,0,is Asian,9,0
41,Qian,3,0,is hard-working,10,0
41,Qian,3,0,hung out at the local bar with cousins,11,0
41,Qian,3,0,had several drinks over the course of two hours,12,1
41,Qian,3,0,was angered by Wilson's comments,13,1
41,Qian,3,0,did not talk back to Wilson,14,0
41,Qian,3,0,pushed Wilson to the ground,15,1
41,Edward,4,1,enjoys browsing Twitter,1,0
41,Edward,4,1,enjoys reading science fiction,2,0
41,Edward,4,1,is a studious person,3,0
41,Edward,4,1,is an experienced driver,4,0
41,Edward,4,1,is male,5,0
41,Edward,4,1,is a clinical research assistant,6,0
41,Edward,4,1,is White,7,0
41,Edward,4,1,is single,8,0
41,Edward,4,1,is 24 years old,9,0
41,Edward,4,1,is an ambitious person,10,0
41,Edward,4,1,did not mute phone notifications while driving,11,1
41,Edward,4,1,was not speeding,12,0
41,Edward,4,1,checked that there were no other cars nearby,13,0
41,Edward,4,1,took a peek at the text,14,1
41,Edward,4,1,veered into the cyclist while reading the text,15,1
41,Alfred,5,1,enjoys Italian cuisine,1,0
41,Alfred,5,1,has PTSD,2,1
41,Alfred,5,1,is White,3,0
41,Alfred,5,1,is male,4,0
41,Alfred,5,1,has a calm personality,5,0
41,Alfred,5,1,is patriotic,6,0
41,Alfred,5,1,is 68 years old,7,0
41,Alfred,5,1,is a veteran,8,0
41,Alfred,5,1,enjoys fishing,9,0
41,Alfred,5,1,lives alone,10,0
41,Alfred,5,1,took the subway home,11,0
41,Alfred,5,1,was quiet on the subway,12,0
41,Alfred,5,1,got off at the same stop as Oliver,13,1
41,Alfred,5,1,heard loud drilling and yelling from the construction above,14,1
41,Alfred,5,1,physically attacked Oliver,15,1
41,Flora,6,1,is 32 years old,1,0
41,Flora,6,1,uses a white cane to guide herself,2,0
41,Flora,6,1,is legally blind,3,0
41,Flora,6,1,is a counselor,4,0
41,Flora,6,1,composes music in her free time,5,0
41,Flora,6,1,enjoys gardening,6,0
41,Flora,6,1,is Asian,7,0
41,Flora,6,1,is female,8,0
41,Flora,6,1,is an empathetic person,9,0
41,Flora,6,1,is an early riser,10,0
41,Flora,6,1,went to a neighbor's house for dinner,11,0
41,Flora,6,1,used her white cane while walking home,12,0
41,Flora,6,1,did not call for help,13,1
41,Flora,6,1,her white cane slipped between Paul's legs,14,1
41,Flora,6,1,stepped on Paul's torso,15,1
41,Darla,7,0,has a laid-back personality,1,0
41,Darla,7,0,is nearsighted,2,0
41,Darla,7,0,enjoys cooking,3,0
41,Darla,7,0,is female,4,0
41,Darla,7,0,is Black,5,0
41,Darla,7,0,has an absent-minded personality,6,0
41,Darla,7,0,is 32 years old,7,0
41,Darla,7,0,has worked with Pamela for many years,8,0
41,Darla,7,0,runs a home daycare business,9,0
41,Darla,7,0,communicates and interacts well with children,10,0
41,Darla,7,0,lives in a tornado-affected area,11,0
41,Darla,7,0,played games with the children,12,0
41,Darla,7,0,played loud upbeat music with the children,13,1
41,Darla,7,0,focused on the children,14,0
41,Darla,7,0,did not hear the tornado sirens,15,1
41,Melvin,8,1,grows corn,1,0
41,Melvin,8,1,can be stingy sometimes,2,0
41,Melvin,8,1,is White,3,0
41,Melvin,8,1,enjoys listening to rock music,4,0
41,Melvin,8,1,is male,5,0
41,Melvin,8,1,has high blood pressure,6,0
41,Melvin,8,1,has a cheerful personality,7,0
41,Melvin,8,1,is a farmer,8,0
41,Melvin,8,1,grows hay,9,0
41,Melvin,8,1,is 45 years old,10,0
41,Melvin,8,1,built his barn near the border with Vincent's property,11,0
41,Melvin,8,1,was concerned with hayfires,12,0
41,Melvin,8,1,considered buying hay-drying equipment,13,0
41,Melvin,8,1,met with consultants,14,0
41,Melvin,8,1,decided not to buy hay-drying equipment,15,1
41,Julia,9,0,has asthma,1,0
41,Julia,9,0,can be sensitive sometimes,2,1
41,Julia,9,0,is multiracial,3,0
41,Julia,9,0,is female,4,0
41,Julia,9,0,babysits on the weekends,5,0
41,Julia,9,0,enjoys watching TV shows,6,0
41,Julia,9,0,is a college student,7,0
41,Julia,9,0,is 19 years old,8,0
41,Julia,9,0,is a courteous person,9,0
41,Julia,9,0,studies psychology,10,0
41,Julia,9,0,read children's books with Benji,11,0
41,Julia,9,0,picked up her partner's call while filling the bathtub,12,1
41,Julia,9,0,felt hurt after learning about the cheating,13,0
41,Julia,9,0,left the bathroom to talk to her partner,14,1
41,Julia,9,0,sat for a few minutes after hanging up,15,1
41,Nadia,10,0,is female,1,0
41,Nadia,10,0,attended couples therapy years ago,2,0
41,Nadia,10,0,has red hair,3,0
41,Nadia,10,0,is 34 years old,4,0
41,Nadia,10,0,is a timid person,5,1
41,Nadia,10,0,collects vinyl records,6,0
41,Nadia,10,0,is a software engineer,7,0
41,Nadia,10,0,enjoys oil painting,8,0
41,Nadia,10,0,is White,9,0
41,Nadia,10,0,is an organized person,10,0
41,Nadia,10,0,went to the emergency room for bruises,11,0
41,Nadia,10,0,did not seek help after the emergency room incident,12,1
41,Nadia,10,0,was scared when Franklin screamed,13,0
41,Nadia,10,0,grabbed the revolver,14,1
41,Nadia,10,0,shot Franklin with the revolver,15,1
41,Chris,11,1,is White,1,0
41,Chris,11,1,admires his father,2,0
41,Chris,11,1,is a picky eater,3,0
41,Chris,11,1,enjoys swimming,4,0
41,Chris,11,1,enjoys playing hide-and-seek,5,0
41,Chris,11,1,is male,6,0
41,Chris,11,1,has an average IQ,7,0
41,Chris,11,1,has a curious personality,8,1
41,Chris,11,1,is 10 years old,9,0
41,Chris,11,1,weighs 70 lbs,10,0
41,Chris,11,1,invited friends over to play,11,0
41,Chris,11,1,hid in the hall closet,12,1
41,Chris,11,1,found the key in his father's jacket pocket,13,1
41,Chris,11,1,opened the gun cabinet with the key,14,1
41,Chris,11,1,picked up a pistol to play with,15,1
42,Nadia,1,0,is a software engineer,1,0
42,Nadia,1,0,has red hair,2,1
42,Nadia,1,0,is a timid person,3,0
42,Nadia,1,0,attended couples therapy years ago,4,0
42,Nadia,1,0,is female,5,1
42,Nadia,1,0,is 34 years old,6,0
42,Nadia,1,0,is an organized person,7,0
42,Nadia,1,0,is White,8,0
42,Nadia,1,0,enjoys oil painting,9,0
42,Nadia,1,0,collects vinyl records,10,0
42,Nadia,1,0,went to the emergency room for bruises,11,0
42,Nadia,1,0,did not seek help after the emergency room incident,12,0
42,Nadia,1,0,was scared when Franklin screamed,13,0
42,Nadia,1,0,grabbed the revolver,14,0
42,Nadia,1,0,shot Franklin with the revolver,15,0
42,Edward,2,0,is an ambitious person,1,1
42,Edward,2,0,is a clinical research assistant,2,1
42,Edward,2,0,is an experienced driver,3,1
42,Edward,2,0,is 24 years old,4,1
42,Edward,2,0,is single,5,1
42,Edward,2,0,is White,6,1
42,Edward,2,0,enjoys reading science fiction,7,0
42,Edward,2,0,enjoys browsing Twitter,8,0
42,Edward,2,0,is a studious person,9,0
42,Edward,2,0,is male,10,0
42,Edward,2,0,did not mute phone notifications while driving,11,0
42,Edward,2,0,was not speeding,12,0
42,Edward,2,0,checked that there were no other cars nearby,13,0
42,Edward,2,0,took a peek at the text,14,0
42,Edward,2,0,veered into the cyclist while reading the text,15,0
42,Chris,3,0,admires his father,1,1
42,Chris,3,0,has an average IQ,2,0
42,Chris,3,0,is a picky eater,3,1
42,Chris,3,0,is male,4,0
42,Chris,3,0,is White,5,1
42,Chris,3,0,enjoys swimming,6,0
42,Chris,3,0,enjoys playing hide-and-seek,7,0
42,Chris,3,0,has a curious personality,8,0
42,Chris,3,0,weighs 70 lbs,9,0
42,Chris,3,0,is 10 years old,10,0
42,Chris,3,0,invited friends over to play,11,0
42,Chris,3,0,hid in the hall closet,12,0
42,Chris,3,0,found the key in his father's jacket pocket,13,0
42,Chris,3,0,opened the gun cabinet with the key,14,0
42,Chris,3,0,picked up a pistol to play with,15,0
42,Qian,4,0,is Asian,1,0
42,Qian,4,0,enjoys watching sports,2,0
42,Qian,4,0,has a humorous personality,3,1
42,Qian,4,0,is hard-working,4,0
42,Qian,4,0,is 27 years old,5,1
42,Qian,4,0,does not smoke,6,0
42,Qian,4,0,can be stubborn sometimes,7,0
42,Qian,4,0,is a restaurant waiter,8,0
42,Qian,4,0,enjoys jazz music,9,0
42,Qian,4,0,is male,10,0
42,Qian,4,0,hung out at the local bar with cousins,11,0
42,Qian,4,0,had several drinks over the course of two hours,12,0
42,Qian,4,0,was angered by Wilson's comments,13,0
42,Qian,4,0,did not talk back to Wilson,14,0
42,Qian,4,0,pushed Wilson to the ground,15,0
42,Melvin,5,0,has high blood pressure,1,1
42,Melvin,5,0,grows hay,2,0
42,Melvin,5,0,is 45 years old,3,1
42,Melvin,5,0,is a farmer,4,0
42,Melvin,5,0,grows corn,5,1
42,Melvin,5,0,enjoys listening to rock music,6,0
42,Melvin,5,0,has a cheerful personality,7,0
42,Melvin,5,0,is White,8,0
42,Melvin,5,0,can be stingy sometimes,9,0
42,Melvin,5,0,is male,10,0
42,Melvin,5,0,built his barn near the border with Vincent's property,11,0
42,Melvin,5,0,was concerned with hayfires,12,0
42,Melvin,5,0,considered buying hay-drying equipment,13,0
42,Melvin,5,0,met with consultants,14,0
42,Melvin,5,0,decided not to buy hay-drying equipment,15,0
42,Darla,6,0,has an absent-minded personality,1,0
42,Darla,6,0,is female,2,1
42,Darla,6,0,has a laid-back personality,3,0
42,Darla,6,0,has worked with Pamela for many years,4,1
42,Darla,6,0,is Black,5,0
42,Darla,6,0,is 32 years old,6,1
42,Darla,6,0,is nearsighted,7,0
42,Darla,6,0,communicates and interacts well with children,8,0
42,Darla,6,0,runs a home daycare business,9,0
42,Darla,6,0,enjoys cooking,10,0
42,Darla,6,0,lives in a tornado-affected area,11,0
42,Darla,6,0,played games with the children,12,0
42,Darla,6,0,played loud upbeat music with the children,13,0
42,Darla,6,0,focused on the children,14,0
42,Darla,6,0,did not hear the tornado sirens,15,0
42,Flora,7,1,composes music in her free time,1,1
42,Flora,7,1,is Asian,2,0
42,Flora,7,1,is an early riser,3,0
42,Flora,7,1,is 32 years old,4,1
42,Flora,7,1,uses a white cane to guide herself,5,0
42,Flora,7,1,is legally blind,6,1
42,Flora,7,1,is female,7,0
42,Flora,7,1,is a counselor,8,0
42,Flora,7,1,enjoys gardening,9,0
42,Flora,7,1,is an empathetic person,10,0
42,Flora,7,1,went to a neighbor's house for dinner,11,0
42,Flora,7,1,used her white cane while walking home,12,0
42,Flora,7,1,did not call for help,13,0
42,Flora,7,1,her white cane slipped between Paul's legs,14,0
42,Flora,7,1,stepped on Paul's torso,15,0
42,Ava,8,0,often drives Peter to appointments and errands,1,1
42,Ava,8,0,has a peanut allergy,2,1
42,Ava,8,0,is an artist,3,0
42,Ava,8,0,is female,4,0
42,Ava,8,0,is a compassionate person,5,1
42,Ava,8,0,has been friends with Peter for many years,6,0
42,Ava,8,0,regularly drinks coffee,7,0
42,Ava,8,0,is 26 years old,8,0
42,Ava,8,0,is Native American,9,0
42,Ava,8,0,enjoys going to music concerts,10,0
42,Ava,8,0,did her annual car maintenance,11,0
42,Ava,8,0,drove under the speed limit,12,0
42,Ava,8,0,listened to the radio while driving,13,0
42,Ava,8,0,was startled by the deer,14,0
42,Ava,8,0,slammed the brakes after seeing the deer,15,0
42,Alfred,9,0,has a calm personality,1,1
42,Alfred,9,0,lives alone,2,0
42,Alfred,9,0,has PTSD,3,1
42,Alfred,9,0,is male,4,0
42,Alfred,9,0,is patriotic,5,1
42,Alfred,9,0,enjoys Italian cuisine,6,0
42,Alfred,9,0,is White,7,0
42,Alfred,9,0,is a veteran,8,0
42,Alfred,9,0,enjoys fishing,9,0
42,Alfred,9,0,is 68 years old,10,0
42,Alfred,9,0,took the subway home,11,0
42,Alfred,9,0,was quiet on the subway,12,0
42,Alfred,9,0,got off at the same stop as Oliver,13,0
42,Alfred,9,0,heard loud drilling and yelling from the construction above,14,0
42,Alfred,9,0,physically attacked Oliver,15,0
42,Tristan,10,0,enjoys listening to country music,1,1
42,Tristan,10,0,is extroverted and outgoing,2,0
42,Tristan,10,0,can be opinionated sometimes,3,1
42,Tristan,10,0,can be impatient sometimes,4,1
42,Tristan,10,0,is male,5,0
42,Tristan,10,0,is Black,6,0
42,Tristan,10,0,is a cardiologist,7,0
42,Tristan,10,0,is 43 years old,8,0
42,Tristan,10,0,has worked for over ten years at the same hospital,9,0
42,Tristan,10,0,is Christian,10,0
42,Tristan,10,0,reviewed Annie's medical history and symptoms,11,0
42,Tristan,10,0,checked Annie's vitals,12,0
42,Tristan,10,0,ordered Annie an electrocardiogram (ECG/EKG),13,0
42,Tristan,10,0,did not order any other heart tests,14,0
42,Tristan,10,0,did not order a mammogram,15,0
42,Julia,11,0,studies psychology,1,1
42,Julia,11,0,babysits on the weekends,2,1
42,Julia,11,0,is a courteous person,3,0
42,Julia,11,0,is a college student,4,0
42,Julia,11,0,is female,5,0
42,Julia,11,0,is multiracial,6,0
42,Julia,11,0,enjoys watching TV shows,7,0
42,Julia,11,0,is 19 years old,8,0
42,Julia,11,0,can be sensitive sometimes,9,0
42,Julia,11,0,has asthma,10,0
42,Julia,11,0,read children's books with Benji,11,0
42,Julia,11,0,picked up her partner's call while filling the bathtub,12,0
42,Julia,11,0,felt hurt after learning about the cheating,13,0
42,Julia,11,0,left the bathroom to talk to her partner,14,0
42,Julia,11,0,sat for a few minutes after hanging up,15,0
43,Nadia,1,0,is 34 years old,1,0
43,Nadia,1,0,attended couples therapy years ago,2,0
43,Nadia,1,0,enjoys oil painting,3,0
43,Nadia,1,0,is a timid person,4,0
43,Nadia,1,0,is White,5,0
43,Nadia,1,0,is female,6,0
43,Nadia,1,0,is an organized person,7,0
43,Nadia,1,0,has red hair,8,0
43,Nadia,1,0,collects vinyl records,9,0
43,Nadia,1,0,is a software engineer,10,0
43,Nadia,1,0,went to the emergency room for bruises,11,0
43,Nadia,1,0,did not seek help after the emergency room incident,12,1
43,Nadia,1,0,was scared when Franklin screamed,13,0
43,Nadia,1,0,grabbed the revolver,14,0
43,Nadia,1,0,shot Franklin with the revolver,15,1
43,Chris,2,1,has an average IQ,1,0
43,Chris,2,1,is a picky eater,2,0
43,Chris,2,1,enjoys playing hide-and-seek,3,0
43,Chris,2,1,is 10 years old,4,0
43,Chris,2,1,is male,5,0
43,Chris,2,1,is White,6,0
43,Chris,2,1,weighs 70 lbs,7,0
43,Chris,2,1,admires his father,8,0
43,Chris,2,1,enjoys swimming,9,0
43,Chris,2,1,has a curious personality,10,0
43,Chris,2,1,invited friends over to play,11,0
43,Chris,2,1,hid in the hall closet,12,0
43,Chris,2,1,found the key in his father's jacket pocket,13,1
43,Chris,2,1,opened the gun cabinet with the key,14,1
43,Chris,2,1,picked up a pistol to play with,15,0
43,Melvin,3,1,is White,1,0
43,Melvin,3,1,grows corn,2,0
43,Melvin,3,1,is a farmer,3,0
43,Melvin,3,1,has a cheerful personality,4,0
43,Melvin,3,1,has high blood pressure,5,0
43,Melvin,3,1,can be stingy sometimes,6,0
43,Melvin,3,1,is 45 years old,7,0
43,Melvin,3,1,grows hay,8,0
43,Melvin,3,1,is male,9,0
43,Melvin,3,1,enjoys listening to rock music,10,0
43,Melvin,3,1,built his barn near the border with Vincent's property,11,0
43,Melvin,3,1,was concerned with hayfires,12,1
43,Melvin,3,1,considered buying hay-drying equipment,13,1
43,Melvin,3,1,met with consultants,14,1
43,Melvin,3,1,decided not to buy hay-drying equipment,15,0
43,Qian,4,0,is Asian,1,0
43,Qian,4,0,is a restaurant waiter,2,0
43,Qian,4,0,enjoys watching sports,3,0
43,Qian,4,0,does not smoke,4,0
43,Qian,4,0,can be stubborn sometimes,5,1
43,Qian,4,0,is 27 years old,6,0
43,Qian,4,0,has a humorous personality,7,0
43,Qian,4,0,is hard-working,8,0
43,Qian,4,0,enjoys jazz music,9,0
43,Qian,4,0,is male,10,0
43,Qian,4,0,hung out at the local bar with cousins,11,0
43,Qian,4,0,had several drinks over the course of two hours,12,1
43,Qian,4,0,was angered by Wilson's comments,13,0
43,Qian,4,0,did not talk back to Wilson,14,1
43,Qian,4,0,pushed Wilson to the ground,15,0
43,Ava,5,1,has been friends with Peter for many years,1,0
43,Ava,5,1,often drives Peter to appointments and errands,2,0
43,Ava,5,1,is a compassionate person,3,0
43,Ava,5,1,regularly drinks coffee,4,0
43,Ava,5,1,has a peanut allergy,5,0
43,Ava,5,1,is female,6,0
43,Ava,5,1,is Native American,7,0
43,Ava,5,1,is an artist,8,0
43,Ava,5,1,enjoys going to music concerts,9,0
43,Ava,5,1,is 26 years old,10,0
43,Ava,5,1,did her annual car maintenance,11,0
43,Ava,5,1,drove under the speed limit,12,0
43,Ava,5,1,listened to the radio while driving,13,1
43,Ava,5,1,was startled by the deer,14,0
43,Ava,5,1,slammed the brakes after seeing the deer,15,1
43,Darla,6,0,is 32 years old,1,0
43,Darla,6,0,runs a home daycare business,2,0
43,Darla,6,0,has a laid-back personality,3,1
43,Darla,6,0,is female,4,0
43,Darla,6,0,has an absent-minded personality,5,1
43,Darla,6,0,is Black,6,1
43,Darla,6,0,enjoys cooking,7,0
43,Darla,6,0,has worked with Pamela for many years,8,0
43,Darla,6,0,is nearsighted,9,0
43,Darla,6,0,communicates and interacts well with children,10,0
43,Darla,6,0,lives in a tornado-affected area,11,0
43,Darla,6,0,played games with the children,12,0
43,Darla,6,0,played loud upbeat music with the children,13,0
43,Darla,6,0,focused on the children,14,0
43,Darla,6,0,did not hear the tornado sirens,15,0
43,Alfred,7,1,enjoys Italian cuisine,1,0
43,Alfred,7,1,has a calm personality,2,0
43,Alfred,7,1,lives alone,3,0
43,Alfred,7,1,is White,4,0
43,Alfred,7,1,has PTSD,5,0
43,Alfred,7,1,is a veteran,6,0
43,Alfred,7,1,is male,7,0
43,Alfred,7,1,enjoys fishing,8,0
43,Alfred,7,1,is 68 years old,9,0
43,Alfred,7,1,is patriotic,10,0
43,Alfred,7,1,took the subway home,11,0
43,Alfred,7,1,was quiet on the subway,12,0
43,Alfred,7,1,got off at the same stop as Oliver,13,0
43,Alfred,7,1,heard loud drilling and yelling from the construction above,14,0
43,Alfred,7,1,physically attacked Oliver,15,1
43,Edward,8,1,is an experienced driver,1,0
43,Edward,8,1,is a studious person,2,0
43,Edward,8,1,is an ambitious person,3,0
43,Edward,8,1,is single,4,0
43,Edward,8,1,is 24 years old,5,0
43,Edward,8,1,is a clinical research assistant,6,0
43,Edward,8,1,enjoys browsing Twitter,7,1
43,Edward,8,1,is male,8,0
43,Edward,8,1,enjoys reading science fiction,9,0
43,Edward,8,1,is White,10,0
43,Edward,8,1,did not mute phone notifications while driving,11,1
43,Edward,8,1,was not speeding,12,0
43,Edward,8,1,checked that there were no other cars nearby,13,0
43,Edward,8,1,took a peek at the text,14,0
43,Edward,8,1,veered into the cyclist while reading the text,15,0
43,Flora,9,1,is legally blind,1,0
43,Flora,9,1,is a counselor,2,0
43,Flora,9,1,is Asian,3,0
43,Flora,9,1,is an early riser,4,0
43,Flora,9,1,is 32 years old,5,0
43,Flora,9,1,is female,6,0
43,Flora,9,1,enjoys gardening,7,0
43,Flora,9,1,composes music in her free time,8,0
43,Flora,9,1,uses a white cane to guide herself,9,0
43,Flora,9,1,is an empathetic person,10,0
43,Flora,9,1,went to a neighbor's house for dinner,11,0
43,Flora,9,1,used her white cane while walking home,12,0
43,Flora,9,1,did not call for help,13,1
43,Flora,9,1,her white cane slipped between Paul's legs,14,1
43,Flora,9,1,stepped on Paul's torso,15,1
43,Julia,10,0,has asthma,1,0
43,Julia,10,0,can be sensitive sometimes,2,0
43,Julia,10,0,is female,3,0
43,Julia,10,0,studies psychology,4,0
43,Julia,10,0,is a college student,5,0
43,Julia,10,0,is 19 years old,6,0
43,Julia,10,0,babysits on the weekends,7,0
43,Julia,10,0,is multiracial,8,0
43,Julia,10,0,enjoys watching TV shows,9,0
43,Julia,10,0,is a courteous person,10,0
43,Julia,10,0,read children's books with Benji,11,0
43,Julia,10,0,picked up her partner's call while filling the bathtub,12,1
43,Julia,10,0,felt hurt after learning about the cheating,13,1
43,Julia,10,0,left the bathroom to talk to her partner,14,1
43,Julia,10,0,sat for a few minutes after hanging up,15,1
43,Tristan,11,1,enjoys listening to country music,1,0
43,Tristan,11,1,can be impatient sometimes,2,0
43,Tristan,11,1,has worked for over ten years at the same hospital,3,0
43,Tristan,11,1,is male,4,0
43,Tristan,11,1,is Black,5,0
43,Tristan,11,1,can be opinionated sometimes,6,0
43,Tristan,11,1,is Christian,7,0
43,Tristan,11,1,is extroverted and outgoing,8,0
43,Tristan,11,1,is 43 years old,9,0
43,Tristan,11,1,is a cardiologist,10,0
43,Tristan,11,1,reviewed Annie's medical history and symptoms,11,0
43,Tristan,11,1,checked Annie's vitals,12,0
43,Tristan,11,1,ordered Annie an electrocardiogram (ECG/EKG),13,0
43,Tristan,11,1,did not order any other heart tests,14,1
43,Tristan,11,1,did not order a mammogram,15,1
44,Chris,1,1,has an average IQ,1,0
44,Chris,1,1,is 10 years old,2,0
44,Chris,1,1,is a picky eater,3,0
44,Chris,1,1,has a curious personality,4,0
44,Chris,1,1,weighs 70 lbs,5,0
44,Chris,1,1,enjoys swimming,6,0
44,Chris,1,1,is male,7,0
44,Chris,1,1,enjoys playing hide-and-seek,8,0
44,Chris,1,1,is White,9,0
44,Chris,1,1,admires his father,10,0
44,Chris,1,1,invited friends over to play,11,0
44,Chris,1,1,hid in the hall closet,12,0
44,Chris,1,1,found the key in his father's jacket pocket,13,1
44,Chris,1,1,opened the gun cabinet with the key,14,1
44,Chris,1,1,picked up a pistol to play with,15,1
44,Alfred,2,1,is patriotic,1,0
44,Alfred,2,1,enjoys fishing,2,0
44,Alfred,2,1,is White,3,0
44,Alfred,2,1,has a calm personality,4,0
44,Alfred,2,1,has PTSD,5,1
44,Alfred,2,1,enjoys Italian cuisine,6,0
44,Alfred,2,1,is a veteran,7,0
44,Alfred,2,1,is 68 years old,8,0
44,Alfred,2,1,lives alone,9,0
44,Alfred,2,1,is male,10,0
44,Alfred,2,1,took the subway home,11,0
44,Alfred,2,1,was quiet on the subway,12,0
44,Alfred,2,1,got off at the same stop as Oliver,13,0
44,Alfred,2,1,heard loud drilling and yelling from the construction above,14,1
44,Alfred,2,1,physically attacked Oliver,15,1
44,Ava,3,1,is 26 years old,1,0
44,Ava,3,1,is Native American,2,0
44,Ava,3,1,regularly drinks coffee,3,0
44,Ava,3,1,has a peanut allergy,4,0
44,Ava,3,1,is a compassionate person,5,0
44,Ava,3,1,often drives Peter to appointments and errands,6,0
44,Ava,3,1,is an artist,7,0
44,Ava,3,1,enjoys going to music concerts,8,0
44,Ava,3,1,has been friends with Peter for many years,9,0
44,Ava,3,1,is female,10,0
44,Ava,3,1,did her annual car maintenance,11,0
44,Ava,3,1,drove under the speed limit,12,0
44,Ava,3,1,listened to the radio while driving,13,0
44,Ava,3,1,was startled by the deer,14,1
44,Ava,3,1,slammed the brakes after seeing the deer,15,1
44,Darla,4,0,has worked with Pamela for many years,1,0
44,Darla,4,0,communicates and interacts well with children,2,0
44,Darla,4,0,is Black,3,0
44,Darla,4,0,has an absent-minded personality,4,1
44,Darla,4,0,enjoys cooking,5,0
44,Darla,4,0,is female,6,0
44,Darla,4,0,is nearsighted,7,0
44,Darla,4,0,runs a home daycare business,8,0
44,Darla,4,0,has a laid-back personality,9,0
44,Darla,4,0,is 32 years old,10,0
44,Darla,4,0,lives in a tornado-affected area,11,0
44,Darla,4,0,played games with the children,12,0
44,Darla,4,0,played loud upbeat music with the children,13,1
44,Darla,4,0,focused on the children,14,0
44,Darla,4,0,did not hear the tornado sirens,15,1
44,Melvin,5,1,grows hay,1,0
44,Melvin,5,1,enjoys listening to rock music,2,0
44,Melvin,5,1,is 45 years old,3,0
44,Melvin,5,1,is White,4,0
44,Melvin,5,1,grows corn,5,0
44,Melvin,5,1,is male,6,0
44,Melvin,5,1,has high blood pressure,7,0
44,Melvin,5,1,can be stingy sometimes,8,1
44,Melvin,5,1,is a farmer,9,0
44,Melvin,5,1,has a cheerful personality,10,0
44,Melvin,5,1,built his barn near the border with Vincent's property,11,0
44,Melvin,5,1,was concerned with hayfires,12,0
44,Melvin,5,1,considered buying hay-drying equipment,13,1
44,Melvin,5,1,met with consultants,14,0
44,Melvin,5,1,decided not to buy hay-drying equipment,15,1
44,Edward,6,1,enjoys browsing Twitter,1,0
44,Edward,6,1,is an experienced driver,2,0
44,Edward,6,1,is a clinical research assistant,3,0
44,Edward,6,1,is male,4,0
44,Edward,6,1,is an ambitious person,5,0
44,Edward,6,1,is 24 years old,6,0
44,Edward,6,1,enjoys reading science fiction,7,0
44,Edward,6,1,is single,8,0
44,Edward,6,1,is a studious person,9,0
44,Edward,6,1,is White,10,0
44,Edward,6,1,did not mute phone notifications while driving,11,0
44,Edward,6,1,was not speeding,12,0
44,Edward,6,1,checked that there were no other cars nearby,13,0
44,Edward,6,1,took a peek at the text,14,1
44,Edward,6,1,veered into the cyclist while reading the text,15,1
44,Tristan,7,1,can be impatient sometimes,1,0
44,Tristan,7,1,has worked for over ten years at the same hospital,2,0
44,Tristan,7,1,enjoys listening to country music,3,0
44,Tristan,7,1,is male,4,0
44,Tristan,7,1,is Black,5,0
44,Tristan,7,1,can be opinionated sometimes,6,1
44,Tristan,7,1,is extroverted and outgoing,7,0
44,Tristan,7,1,is a cardiologist,8,0
44,Tristan,7,1,is Christian,9,0
44,Tristan,7,1,is 43 years old,10,0
44,Tristan,7,1,reviewed Annie's medical history and symptoms,11,0
44,Tristan,7,1,checked Annie's vitals,12,0
44,Tristan,7,1,ordered Annie an electrocardiogram (ECG/EKG),13,0
44,Tristan,7,1,did not order any other heart tests,14,1
44,Tristan,7,1,did not order a mammogram,15,0
44,Flora,8,1,is a counselor,1,0
44,Flora,8,1,composes music in her free time,2,0
44,Flora,8,1,uses a white cane to guide herself,3,0
44,Flora,8,1,is an early riser,4,0
44,Flora,8,1,is female,5,0
44,Flora,8,1,is 32 years old,6,0
44,Flora,8,1,enjoys gardening,7,0
44,Flora,8,1,is an empathetic person,8,0
44,Flora,8,1,is Asian,9,0
44,Flora,8,1,is legally blind,10,0
44,Flora,8,1,went to a neighbor's house for dinner,11,0
44,Flora,8,1,used her white cane while walking home,12,0
44,Flora,8,1,did not call for help,13,1
44,Flora,8,1,her white cane slipped between Paul's legs,14,1
44,Flora,8,1,stepped on Paul's torso,15,1
44,Nadia,9,0,has red hair,1,0
44,Nadia,9,0,is a timid person,2,0
44,Nadia,9,0,is 34 years old,3,0
44,Nadia,9,0,enjoys oil painting,4,0
44,Nadia,9,0,is an organized person,5,0
44,Nadia,9,0,attended couples therapy years ago,6,0
44,Nadia,9,0,collects vinyl records,7,0
44,Nadia,9,0,is White,8,0
44,Nadia,9,0,is a software engineer,9,0
44,Nadia,9,0,is female,10,0
44,Nadia,9,0,went to the emergency room for bruises,11,0
44,Nadia,9,0,did not seek help after the emergency room incident,12,1
44,Nadia,9,0,was scared when Franklin screamed,13,0
44,Nadia,9,0,grabbed the revolver,14,1
44,Nadia,9,0,shot Franklin with the revolver,15,1
44,Qian,10,0,can be stubborn sometimes,1,0
44,Qian,10,0,has a humorous personality,2,0
44,Qian,10,0,is 27 years old,3,0
44,Qian,10,0,enjoys jazz music,4,0
44,Qian,10,0,enjoys watching sports,5,0
44,Qian,10,0,is male,6,0
44,Qian,10,0,does not smoke,7,0
44,Qian,10,0,is a restaurant waiter,8,0
44,Qian,10,0,is Asian,9,0
44,Qian,10,0,is hard-working,10,0
44,Qian,10,0,hung out at the local bar with cousins,11,0
44,Qian,10,0,had several drinks over the course of two hours,12,0
44,Qian,10,0,was angered by Wilson's comments,13,0
44,Qian,10,0,did not talk back to Wilson,14,1
44,Qian,10,0,pushed Wilson to the ground,15,0
44,Julia,11,0,enjoys watching TV shows,1,0
44,Julia,11,0,is 19 years old,2,0
44,Julia,11,0,is a college student,3,0
44,Julia,11,0,studies psychology,4,0
44,Julia,11,0,has asthma,5,0
44,Julia,11,0,is a courteous person,6,0
44,Julia,11,0,can be sensitive sometimes,7,0
44,Julia,11,0,is multiracial,8,0
44,Julia,11,0,babysits on the weekends,9,0
44,Julia,11,0,is female,10,0
44,Julia,11,0,read children's books with Benji,11,0
44,Julia,11,0,picked up her partner's call while filling the bathtub,12,0
44,Julia,11,0,felt hurt after learning about the cheating,13,0
44,Julia,11,0,left the bathroom to talk to her partner,14,1
44,Julia,11,0,sat for a few minutes after hanging up,15,1
45,Chris,1,1,admires his father,1,0
45,Chris,1,1,weighs 70 lbs,2,0
45,Chris,1,1,enjoys playing hide-and-seek,3,0
45,Chris,1,1,enjoys swimming,4,0
45,Chris,1,1,is a picky eater,5,0
45,Chris,1,1,is 10 years old,6,0
45,Chris,1,1,is White,7,0
45,Chris,1,1,is male,8,0
45,Chris,1,1,has an average IQ,9,0
45,Chris,1,1,has a curious personality,10,0
45,Chris,1,1,invited friends over to play,11,0
45,Chris,1,1,hid in the hall closet,12,0
45,Chris,1,1,found the key in his father's jacket pocket,13,1
45,Chris,1,1,opened the gun cabinet with the key,14,1
45,Chris,1,1,picked up a pistol to play with,15,1
45,Julia,2,0,is female,1,0
45,Julia,2,0,is a college student,2,0
45,Julia,2,0,babysits on the weekends,3,0
45,Julia,2,0,has asthma,4,0
45,Julia,2,0,enjoys watching TV shows,5,0
45,Julia,2,0,is 19 years old,6,0
45,Julia,2,0,is multiracial,7,0
45,Julia,2,0,studies psychology,8,0
45,Julia,2,0,can be sensitive sometimes,9,0
45,Julia,2,0,is a courteous person,10,0
45,Julia,2,0,read children's books with Benji,11,0
45,Julia,2,0,picked up her partner's call while filling the bathtub,12,0
45,Julia,2,0,felt hurt after learning about the cheating,13,0
45,Julia,2,0,left the bathroom to talk to her partner,14,1
45,Julia,2,0,sat for a few minutes after hanging up,15,1
45,Edward,3,1,enjoys reading science fiction,1,0
45,Edward,3,1,is 24 years old,2,0
45,Edward,3,1,enjoys browsing Twitter,3,0
45,Edward,3,1,is male,4,0
45,Edward,3,1,is White,5,0
45,Edward,3,1,is a studious person,6,0
45,Edward,3,1,is an experienced driver,7,0
45,Edward,3,1,is a clinical research assistant,8,0
45,Edward,3,1,is single,9,0
45,Edward,3,1,is an ambitious person,10,0
45,Edward,3,1,did not mute phone notifications while driving,11,1
45,Edward,3,1,was not speeding,12,0
45,Edward,3,1,checked that there were no other cars nearby,13,0
45,Edward,3,1,took a peek at the text,14,1
45,Edward,3,1,veered into the cyclist while reading the text,15,1
45,Qian,4,0,enjoys jazz music,1,0
45,Qian,4,0,enjoys watching sports,2,0
45,Qian,4,0,is male,3,0
45,Qian,4,0,is Asian,4,0
45,Qian,4,0,has a humorous personality,5,0
45,Qian,4,0,does not smoke,6,0
45,Qian,4,0,is hard-working,7,0
45,Qian,4,0,is 27 years old,8,0
45,Qian,4,0,can be stubborn sometimes,9,0
45,Qian,4,0,is a restaurant waiter,10,0
45,Qian,4,0,hung out at the local bar with cousins,11,0
45,Qian,4,0,had several drinks over the course of two hours,12,1
45,Qian,4,0,was angered by Wilson's comments,13,1
45,Qian,4,0,did not talk back to Wilson,14,1
45,Qian,4,0,pushed Wilson to the ground,15,1
45,Darla,5,0,has a laid-back personality,1,0
45,Darla,5,0,has an absent-minded personality,2,0
45,Darla,5,0,enjoys cooking,3,0
45,Darla,5,0,is female,4,0
45,Darla,5,0,is nearsighted,5,0
45,Darla,5,0,has worked with Pamela for many years,6,0
45,Darla,5,0,is Black,7,0
45,Darla,5,0,runs a home daycare business,8,0
45,Darla,5,0,is 32 years old,9,0
45,Darla,5,0,communicates and interacts well with children,10,0
45,Darla,5,0,lives in a tornado-affected area,11,0
45,Darla,5,0,played games with the children,12,0
45,Darla,5,0,played loud upbeat music with the children,13,0
45,Darla,5,0,focused on the children,14,0
45,Darla,5,0,did not hear the tornado sirens,15,1
45,Melvin,6,1,is male,1,0
45,Melvin,6,1,has high blood pressure,2,0
45,Melvin,6,1,can be stingy sometimes,3,0
45,Melvin,6,1,is White,4,0
45,Melvin,6,1,is a farmer,5,0
45,Melvin,6,1,enjoys listening to rock music,6,0
45,Melvin,6,1,is 45 years old,7,0
45,Melvin,6,1,grows corn,8,0
45,Melvin,6,1,has a cheerful personality,9,0
45,Melvin,6,1,grows hay,10,0
45,Melvin,6,1,built his barn near the border with Vincent's property,11,1
45,Melvin,6,1,was concerned with hayfires,12,0
45,Melvin,6,1,considered buying hay-drying equipment,13,0
45,Melvin,6,1,met with consultants,14,0
45,Melvin,6,1,decided not to buy hay-drying equipment,15,1
45,Alfred,7,1,is patriotic,1,0
45,Alfred,7,1,has PTSD,2,1
45,Alfred,7,1,is a veteran,3,0
45,Alfred,7,1,is White,4,0
45,Alfred,7,1,enjoys Italian cuisine,5,0
45,Alfred,7,1,is male,6,0
45,Alfred,7,1,enjoys fishing,7,0
45,Alfred,7,1,lives alone,8,0
45,Alfred,7,1,has a calm personality,9,0
45,Alfred,7,1,is 68 years old,10,0
45,Alfred,7,1,took the subway home,11,0
45,Alfred,7,1,was quiet on the subway,12,0
45,Alfred,7,1,got off at the same stop as Oliver,13,0
45,Alfred,7,1,heard loud drilling and yelling from the construction above,14,0
45,Alfred,7,1,physically attacked Oliver,15,0
45,Ava,8,1,has a peanut allergy,1,0
45,Ava,8,1,is a compassionate person,2,0
45,Ava,8,1,is Native American,3,0
45,Ava,8,1,has been friends with Peter for many years,4,0
45,Ava,8,1,is female,5,0
45,Ava,8,1,enjoys going to music concerts,6,0
45,Ava,8,1,regularly drinks coffee,7,0
45,Ava,8,1,is 26 years old,8,0
45,Ava,8,1,is an artist,9,0
45,Ava,8,1,often drives Peter to appointments and errands,10,0
45,Ava,8,1,did her annual car maintenance,11,0
45,Ava,8,1,drove under the speed limit,12,0
45,Ava,8,1,listened to the radio while driving,13,0
45,Ava,8,1,was startled by the deer,14,0
45,Ava,8,1,slammed the brakes after seeing the deer,15,1
45,Flora,9,1,uses a white cane to guide herself,1,0
45,Flora,9,1,is legally blind,2,0
45,Flora,9,1,is female,3,0
45,Flora,9,1,is 32 years old,4,0
45,Flora,9,1,enjoys gardening,5,0
45,Flora,9,1,is an early riser,6,0
45,Flora,9,1,composes music in her free time,7,0
45,Flora,9,1,is a counselor,8,0
45,Flora,9,1,is an empathetic person,9,0
45,Flora,9,1,is Asian,10,0
45,Flora,9,1,went to a neighbor's house for dinner,11,0
45,Flora,9,1,used her white cane while walking home,12,0
45,Flora,9,1,did not call for help,13,0
45,Flora,9,1,her white cane slipped between Paul's legs,14,0
45,Flora,9,1,stepped on Paul's torso,15,1
45,Tristan,10,1,is Christian,1,0
45,Tristan,10,1,can be impatient sometimes,2,0
45,Tristan,10,1,enjoys listening to country music,3,0
45,Tristan,10,1,can be opinionated sometimes,4,0
45,Tristan,10,1,is extroverted and outgoing,5,0
45,Tristan,10,1,is 43 years old,6,0
45,Tristan,10,1,has worked for over ten years at the same hospital,7,0
45,Tristan,10,1,is male,8,0
45,Tristan,10,1,is Black,9,0
45,Tristan,10,1,is a cardiologist,10,0
45,Tristan,10,1,reviewed Annie's medical history and symptoms,11,0
45,Tristan,10,1,checked Annie's vitals,12,0
45,Tristan,10,1,ordered Annie an electrocardiogram (ECG/EKG),13,0
45,Tristan,10,1,did not order any other heart tests,14,1
45,Tristan,10,1,did not order a mammogram,15,0
45,Nadia,11,0,is 34 years old,1,0
45,Nadia,11,0,is a software engineer,2,0
45,Nadia,11,0,attended couples therapy years ago,3,0
45,Nadia,11,0,is White,4,0
45,Nadia,11,0,is an organized person,5,0
45,Nadia,11,0,is female,6,0
45,Nadia,11,0,is a timid person,7,0
45,Nadia,11,0,enjoys oil painting,8,0
45,Nadia,11,0,collects vinyl records,9,0
45,Nadia,11,0,has red hair,10,0
45,Nadia,11,0,went to the emergency room for bruises,11,0
45,Nadia,11,0,did not seek help after the emergency room incident,12,1
45,Nadia,11,0,was scared when Franklin screamed,13,0
45,Nadia,11,0,grabbed the revolver,14,0
45,Nadia,11,0,shot Franklin with the revolver,15,0
46,Flora,1,1,enjoys gardening,1,0
46,Flora,1,1,is Asian,2,0
46,Flora,1,1,is an early riser,3,0
46,Flora,1,1,is legally blind,4,1
46,Flora,1,1,composes music in her free time,5,0
46,Flora,1,1,is an empathetic person,6,0
46,Flora,1,1,is 32 years old,7,0
46,Flora,1,1,is female,8,0
46,Flora,1,1,uses a white cane to guide herself,9,1
46,Flora,1,1,is a counselor,10,0
46,Flora,1,1,went to a neighbor's house for dinner,11,0
46,Flora,1,1,used her white cane while walking home,12,1
46,Flora,1,1,did not call for help,13,0
46,Flora,1,1,her white cane slipped between Paul's legs,14,1
46,Flora,1,1,stepped on Paul's torso,15,1
46,Darla,2,0,has a laid-back personality,1,0
46,Darla,2,0,is nearsighted,2,0
46,Darla,2,0,enjoys cooking,3,0
46,Darla,2,0,is 32 years old,4,0
46,Darla,2,0,runs a home daycare business,5,0
46,Darla,2,0,communicates and interacts well with children,6,0
46,Darla,2,0,is female,7,0
46,Darla,2,0,has an absent-minded personality,8,0
46,Darla,2,0,has worked with Pamela for many years,9,0
46,Darla,2,0,is Black,10,0
46,Darla,2,0,lives in a tornado-affected area,11,1
46,Darla,2,0,played games with the children,12,0
46,Darla,2,0,played loud upbeat music with the children,13,0
46,Darla,2,0,focused on the children,14,1
46,Darla,2,0,did not hear the tornado sirens,15,1
46,Edward,3,1,is male,1,0
46,Edward,3,1,is a studious person,2,0
46,Edward,3,1,enjoys reading science fiction,3,0
46,Edward,3,1,is a clinical research assistant,4,0
46,Edward,3,1,is White,5,0
46,Edward,3,1,enjoys browsing Twitter,6,0
46,Edward,3,1,is an ambitious person,7,0
46,Edward,3,1,is single,8,0
46,Edward,3,1,is an experienced driver,9,0
46,Edward,3,1,is 24 years old,10,0
46,Edward,3,1,did not mute phone notifications while driving,11,1
46,Edward,3,1,was not speeding,12,0
46,Edward,3,1,checked that there were no other cars nearby,13,0
46,Edward,3,1,took a peek at the text,14,1
46,Edward,3,1,veered into the cyclist while reading the text,15,1
46,Alfred,4,1,is a veteran,1,0
46,Alfred,4,1,has PTSD,2,1
46,Alfred,4,1,is 68 years old,3,0
46,Alfred,4,1,enjoys fishing,4,0
46,Alfred,4,1,lives alone,5,0
46,Alfred,4,1,is White,6,0
46,Alfred,4,1,has a calm personality,7,0
46,Alfred,4,1,enjoys Italian cuisine,8,0
46,Alfred,4,1,is patriotic,9,0
46,Alfred,4,1,is male,10,0
46,Alfred,4,1,took the subway home,11,0
46,Alfred,4,1,was quiet on the subway,12,0
46,Alfred,4,1,got off at the same stop as Oliver,13,1
46,Alfred,4,1,heard loud drilling and yelling from the construction above,14,1
46,Alfred,4,1,physically attacked Oliver,15,1
46,Chris,5,1,is 10 years old,1,0
46,Chris,5,1,is a picky eater,2,0
46,Chris,5,1,has a curious personality,3,0
46,Chris,5,1,weighs 70 lbs,4,0
46,Chris,5,1,enjoys playing hide-and-seek,5,0
46,Chris,5,1,is male,6,0
46,Chris,5,1,enjoys swimming,7,0
46,Chris,5,1,has an average IQ,8,0
46,Chris,5,1,is White,9,0
46,Chris,5,1,admires his father,10,0
46,Chris,5,1,invited friends over to play,11,0
46,Chris,5,1,hid in the hall closet,12,0
46,Chris,5,1,found the key in his father's jacket pocket,13,1
46,Chris,5,1,opened the gun cabinet with the key,14,1
46,Chris,5,1,picked up a pistol to play with,15,1
46,Ava,6,1,has been friends with Peter for many years,1,0
46,Ava,6,1,is 26 years old,2,0
46,Ava,6,1,has a peanut allergy,3,0
46,Ava,6,1,often drives Peter to appointments and errands,4,0
46,Ava,6,1,is female,5,0
46,Ava,6,1,regularly drinks coffee,6,0
46,Ava,6,1,is an artist,7,0
46,Ava,6,1,is Native American,8,0
46,Ava,6,1,is a compassionate person,9,0
46,Ava,6,1,enjoys going to music concerts,10,0
46,Ava,6,1,did her annual car maintenance,11,0
46,Ava,6,1,drove under the speed limit,12,0
46,Ava,6,1,listened to the radio while driving,13,0
46,Ava,6,1,was startled by the deer,14,1
46,Ava,6,1,slammed the brakes after seeing the deer,15,1
46,Nadia,7,0,is an organized person,1,0
46,Nadia,7,0,attended couples therapy years ago,2,0
46,Nadia,7,0,is a software engineer,3,0
46,Nadia,7,0,is 34 years old,4,0
46,Nadia,7,0,has red hair,5,0
46,Nadia,7,0,enjoys oil painting,6,0
46,Nadia,7,0,collects vinyl records,7,0
46,Nadia,7,0,is White,8,0
46,Nadia,7,0,is a timid person,9,0
46,Nadia,7,0,is female,10,0
46,Nadia,7,0,went to the emergency room for bruises,11,0
46,Nadia,7,0,did not seek help after the emergency room incident,12,0
46,Nadia,7,0,was scared when Franklin screamed,13,0
46,Nadia,7,0,grabbed the revolver,14,0
46,Nadia,7,0,shot Franklin with the revolver,15,1
46,Qian,8,0,does not smoke,1,0
46,Qian,8,0,enjoys watching sports,2,0
46,Qian,8,0,is Asian,3,0
46,Qian,8,0,can be stubborn sometimes,4,0
46,Qian,8,0,enjoys jazz music,5,0
46,Qian,8,0,is a restaurant waiter,6,0
46,Qian,8,0,is 27 years old,7,0
46,Qian,8,0,is male,8,0
46,Qian,8,0,is hard-working,9,0
46,Qian,8,0,has a humorous personality,10,0
46,Qian,8,0,hung out at the local bar with cousins,11,0
46,Qian,8,0,had several drinks over the course of two hours,12,0
46,Qian,8,0,was angered by Wilson's comments,13,0
46,Qian,8,0,did not talk back to Wilson,14,0
46,Qian,8,0,pushed Wilson to the ground,15,1
46,Tristan,9,1,has worked for over ten years at the same hospital,1,0
46,Tristan,9,1,is Black,2,0
46,Tristan,9,1,is a cardiologist,3,0
46,Tristan,9,1,is Christian,4,0
46,Tristan,9,1,is male,5,0
46,Tristan,9,1,enjoys listening to country music,6,0
46,Tristan,9,1,is 43 years old,7,0
46,Tristan,9,1,can be impatient sometimes,8,0
46,Tristan,9,1,is extroverted and outgoing,9,0
46,Tristan,9,1,can be opinionated sometimes,10,0
46,Tristan,9,1,reviewed Annie's medical history and symptoms,11,0
46,Tristan,9,1,checked Annie's vitals,12,0
46,Tristan,9,1,ordered Annie an electrocardiogram (ECG/EKG),13,0
46,Tristan,9,1,did not order any other heart tests,14,1
46,Tristan,9,1,did not order a mammogram,15,1
46,Julia,10,0,is 19 years old,1,0
46,Julia,10,0,is female,2,0
46,Julia,10,0,is a college student,3,0
46,Julia,10,0,babysits on the weekends,4,0
46,Julia,10,0,studies psychology,5,0
46,Julia,10,0,is a courteous person,6,0
46,Julia,10,0,is multiracial,7,0
46,Julia,10,0,enjoys watching TV shows,8,0
46,Julia,10,0,can be sensitive sometimes,9,0
46,Julia,10,0,has asthma,10,0
46,Julia,10,0,read children's books with Benji,11,0
46,Julia,10,0,picked up her partner's call while filling the bathtub,12,1
46,Julia,10,0,felt hurt after learning about the cheating,13,0
46,Julia,10,0,left the bathroom to talk to her partner,14,1
46,Julia,10,0,sat for a few minutes after hanging up,15,1
46,Melvin,11,1,is 45 years old,1,0
46,Melvin,11,1,is male,2,0
46,Melvin,11,1,has a cheerful personality,3,0
46,Melvin,11,1,is a farmer,4,0
46,Melvin,11,1,has high blood pressure,5,0
46,Melvin,11,1,enjoys listening to rock music,6,0
46,Melvin,11,1,can be stingy sometimes,7,0
46,Melvin,11,1,grows hay,8,0
46,Melvin,11,1,grows corn,9,0
46,Melvin,11,1,is White,10,0
46,Melvin,11,1,built his barn near the border with Vincent's property,11,0
46,Melvin,11,1,was concerned with hayfires,12,0
46,Melvin,11,1,considered buying hay-drying equipment,13,0
46,Melvin,11,1,met with consultants,14,0
46,Melvin,11,1,decided not to buy hay-drying equipment,15,1
47,Nadia,1,0,is an organized person,1,0
47,Nadia,1,0,attended couples therapy years ago,2,0
47,Nadia,1,0,is White,3,0
47,Nadia,1,0,enjoys oil painting,4,0
47,Nadia,1,0,has red hair,5,0
47,Nadia,1,0,collects vinyl records,6,0
47,Nadia,1,0,is 34 years old,7,0
47,Nadia,1,0,is a software engineer,8,0
47,Nadia,1,0,is female,9,0
47,Nadia,1,0,is a timid person,10,0
47,Nadia,1,0,went to the emergency room for bruises,11,0
47,Nadia,1,0,did not seek help after the emergency room incident,12,1
47,Nadia,1,0,was scared when Franklin screamed,13,0
47,Nadia,1,0,grabbed the revolver,14,1
47,Nadia,1,0,shot Franklin with the revolver,15,0
47,Darla,2,0,is 32 years old,1,0
47,Darla,2,0,is female,2,0
47,Darla,2,0,communicates and interacts well with children,3,0
47,Darla,2,0,runs a home daycare business,4,0
47,Darla,2,0,is Black,5,0
47,Darla,2,0,has worked with Pamela for many years,6,0
47,Darla,2,0,is nearsighted,7,0
47,Darla,2,0,has an absent-minded personality,8,1
47,Darla,2,0,has a laid-back personality,9,0
47,Darla,2,0,enjoys cooking,10,0
47,Darla,2,0,lives in a tornado-affected area,11,1
47,Darla,2,0,played games with the children,12,0
47,Darla,2,0,played loud upbeat music with the children,13,0
47,Darla,2,0,focused on the children,14,0
47,Darla,2,0,did not hear the tornado sirens,15,1
47,Julia,3,0,is 19 years old,1,0
47,Julia,3,0,studies psychology,2,0
47,Julia,3,0,is female,3,0
47,Julia,3,0,is a courteous person,4,0
47,Julia,3,0,is multiracial,5,0
47,Julia,3,0,is a college student,6,0
47,Julia,3,0,has asthma,7,0
47,Julia,3,0,can be sensitive sometimes,8,0
47,Julia,3,0,babysits on the weekends,9,0
47,Julia,3,0,enjoys watching TV shows,10,0
47,Julia,3,0,read children's books with Benji,11,0
47,Julia,3,0,picked up her partner's call while filling the bathtub,12,1
47,Julia,3,0,felt hurt after learning about the cheating,13,0
47,Julia,3,0,left the bathroom to talk to her partner,14,1
47,Julia,3,0,sat for a few minutes after hanging up,15,1
47,Qian,4,0,is Asian,1,1
47,Qian,4,0,is male,2,0
47,Qian,4,0,enjoys jazz music,3,0
47,Qian,4,0,is a restaurant waiter,4,0
47,Qian,4,0,has a humorous personality,5,0
47,Qian,4,0,is hard-working,6,0
47,Qian,4,0,is 27 years old,7,0
47,Qian,4,0,enjoys watching sports,8,0
47,Qian,4,0,does not smoke,9,0
47,Qian,4,0,can be stubborn sometimes,10,0
47,Qian,4,0,hung out at the local bar with cousins,11,0
47,Qian,4,0,had several drinks over the course of two hours,12,1
47,Qian,4,0,was angered by Wilson's comments,13,0
47,Qian,4,0,did not talk back to Wilson,14,0
47,Qian,4,0,pushed Wilson to the ground,15,1
47,Melvin,5,1,can be stingy sometimes,1,0
47,Melvin,5,1,has a cheerful personality,2,0
47,Melvin,5,1,is male,3,0
47,Melvin,5,1,grows corn,4,0
47,Melvin,5,1,grows hay,5,0
47,Melvin,5,1,is White,6,0
47,Melvin,5,1,enjoys listening to rock music,7,0
47,Melvin,5,1,is a farmer,8,0
47,Melvin,5,1,is 45 years old,9,0
47,Melvin,5,1,has high blood pressure,10,0
47,Melvin,5,1,built his barn near the border with Vincent's property,11,1
47,Melvin,5,1,was concerned with hayfires,12,0
47,Melvin,5,1,considered buying hay-drying equipment,13,0
47,Melvin,5,1,met with consultants,14,0
47,Melvin,5,1,decided not to buy hay-drying equipment,15,1
47,Flora,6,1,is 32 years old,1,0
47,Flora,6,1,is female,2,0
47,Flora,6,1,uses a white cane to guide herself,3,0
47,Flora,6,1,composes music in her free time,4,0
47,Flora,6,1,is an early riser,5,0
47,Flora,6,1,enjoys gardening,6,0
47,Flora,6,1,is an empathetic person,7,0
47,Flora,6,1,is Asian,8,0
47,Flora,6,1,is a counselor,9,0
47,Flora,6,1,is legally blind,10,1
47,Flora,6,1,went to a neighbor's house for dinner,11,0
47,Flora,6,1,used her white cane while walking home,12,0
47,Flora,6,1,did not call for help,13,1
47,Flora,6,1,her white cane slipped between Paul's legs,14,1
47,Flora,6,1,stepped on Paul's torso,15,1
47,Ava,7,1,has been friends with Peter for many years,1,0
47,Ava,7,1,has a peanut allergy,2,0
47,Ava,7,1,is Native American,3,0
47,Ava,7,1,regularly drinks coffee,4,0
47,Ava,7,1,is a compassionate person,5,0
47,Ava,7,1,is 26 years old,6,0
47,Ava,7,1,enjoys going to music concerts,7,0
47,Ava,7,1,is an artist,8,0
47,Ava,7,1,is female,9,0
47,Ava,7,1,often drives Peter to appointments and errands,10,0
47,Ava,7,1,did her annual car maintenance,11,0
47,Ava,7,1,drove under the speed limit,12,0
47,Ava,7,1,listened to the radio while driving,13,0
47,Ava,7,1,was startled by the deer,14,1
47,Ava,7,1,slammed the brakes after seeing the deer,15,0
47,Alfred,8,1,lives alone,1,0
47,Alfred,8,1,is a veteran,2,0
47,Alfred,8,1,has PTSD,3,1
47,Alfred,8,1,is 68 years old,4,0
47,Alfred,8,1,is patriotic,5,0
47,Alfred,8,1,is male,6,0
47,Alfred,8,1,is White,7,0
47,Alfred,8,1,enjoys fishing,8,0
47,Alfred,8,1,has a calm personality,9,0
47,Alfred,8,1,enjoys Italian cuisine,10,0
47,Alfred,8,1,took the subway home,11,0
47,Alfred,8,1,was quiet on the subway,12,0
47,Alfred,8,1,got off at the same stop as Oliver,13,0
47,Alfred,8,1,heard loud drilling and yelling from the construction above,14,0
47,Alfred,8,1,physically attacked Oliver,15,1
47,Edward,9,1,is male,1,0
47,Edward,9,1,is a studious person,2,0
47,Edward,9,1,enjoys reading science fiction,3,0
47,Edward,9,1,is White,4,0
47,Edward,9,1,enjoys browsing Twitter,5,1
47,Edward,9,1,is an experienced driver,6,0
47,Edward,9,1,is an ambitious person,7,0
47,Edward,9,1,is 24 years old,8,0
47,Edward,9,1,is a clinical research assistant,9,0
47,Edward,9,1,is single,10,0
47,Edward,9,1,did not mute phone notifications while driving,11,1
47,Edward,9,1,was not speeding,12,0
47,Edward,9,1,checked that there were no other cars nearby,13,0
47,Edward,9,1,took a peek at the text,14,1
47,Edward,9,1,veered into the cyclist while reading the text,15,1
47,Chris,10,1,has a curious personality,1,0
47,Chris,10,1,has an average IQ,2,0
47,Chris,10,1,is a picky eater,3,0
47,Chris,10,1,is 10 years old,4,0
47,Chris,10,1,admires his father,5,0
47,Chris,10,1,is male,6,0
47,Chris,10,1,weighs 70 lbs,7,0
47,Chris,10,1,enjoys playing hide-and-seek,8,0
47,Chris,10,1,is White,9,0
47,Chris,10,1,enjoys swimming,10,0
47,Chris,10,1,invited friends over to play,11,0
47,Chris,10,1,hid in the hall closet,12,0
47,Chris,10,1,found the key in his father's jacket pocket,13,0
47,Chris,10,1,opened the gun cabinet with the key,14,1
47,Chris,10,1,picked up a pistol to play with,15,1
47,Tristan,11,1,is male,1,0
47,Tristan,11,1,is Black,2,0
47,Tristan,11,1,is a cardiologist,3,0
47,Tristan,11,1,has worked for over ten years at the same hospital,4,0
47,Tristan,11,1,is 43 years old,5,0
47,Tristan,11,1,can be impatient sometimes,6,1
47,Tristan,11,1,can be opinionated sometimes,7,1
47,Tristan,11,1,enjoys listening to country music,8,0
47,Tristan,11,1,is extroverted and outgoing,9,0
47,Tristan,11,1,is Christian,10,0
47,Tristan,11,1,reviewed Annie's medical history and symptoms,11,0
47,Tristan,11,1,checked Annie's vitals,12,0
47,Tristan,11,1,ordered Annie an electrocardiogram (ECG/EKG),13,0
47,Tristan,11,1,did not order any other heart tests,14,1
47,Tristan,11,1,did not order a mammogram,15,0
48,Edward,1,1,enjoys browsing Twitter,1,0
48,Edward,1,1,is an experienced driver,2,0
48,Edward,1,1,is single,3,0
48,Edward,1,1,enjoys reading science fiction,4,0
48,Edward,1,1,is 24 years old,5,0
48,Edward,1,1,is a studious person,6,0
48,Edward,1,1,is White,7,0
48,Edward,1,1,is an ambitious person,8,0
48,Edward,1,1,is male,9,0
48,Edward,1,1,is a clinical research assistant,10,0
48,Edward,1,1,did not mute phone notifications while driving,11,0
48,Edward,1,1,was not speeding,12,0
48,Edward,1,1,checked that there were no other cars nearby,13,0
48,Edward,1,1,took a peek at the text,14,1
48,Edward,1,1,veered into the cyclist while reading the text,15,1
48,Melvin,2,1,can be stingy sometimes,1,0
48,Melvin,2,1,is 45 years old,2,0
48,Melvin,2,1,is a farmer,3,0
48,Melvin,2,1,grows corn,4,0
48,Melvin,2,1,is male,5,0
48,Melvin,2,1,is White,6,0
48,Melvin,2,1,enjoys listening to rock music,7,0
48,Melvin,2,1,has a cheerful personality,8,0
48,Melvin,2,1,has high blood pressure,9,0
48,Melvin,2,1,grows hay,10,0
48,Melvin,2,1,built his barn near the border with Vincent's property,11,0
48,Melvin,2,1,was concerned with hayfires,12,0
48,Melvin,2,1,considered buying hay-drying equipment,13,0
48,Melvin,2,1,met with consultants,14,0
48,Melvin,2,1,decided not to buy hay-drying equipment,15,1
48,Julia,3,1,is multiracial,1,0
48,Julia,3,1,babysits on the weekends,2,0
48,Julia,3,1,is 19 years old,3,0
48,Julia,3,1,enjoys watching TV shows,4,0
48,Julia,3,1,studies psychology,5,0
48,Julia,3,1,is female,6,0
48,Julia,3,1,is a courteous person,7,0
48,Julia,3,1,is a college student,8,0
48,Julia,3,1,can be sensitive sometimes,9,0
48,Julia,3,1,has asthma,10,0
48,Julia,3,1,read children's books with Benji,11,0
48,Julia,3,1,picked up her partner's call while filling the bathtub,12,0
48,Julia,3,1,felt hurt after learning about the cheating,13,0
48,Julia,3,1,left the bathroom to talk to her partner,14,1
48,Julia,3,1,sat for a few minutes after hanging up,15,1
48,Ava,4,1,enjoys going to music concerts,1,0
48,Ava,4,1,is female,2,0
48,Ava,4,1,regularly drinks coffee,3,0
48,Ava,4,1,has been friends with Peter for many years,4,0
48,Ava,4,1,has a peanut allergy,5,0
48,Ava,4,1,is a compassionate person,6,0
48,Ava,4,1,is Native American,7,0
48,Ava,4,1,is an artist,8,0
48,Ava,4,1,is 26 years old,9,0
48,Ava,4,1,often drives Peter to appointments and errands,10,0
48,Ava,4,1,did her annual car maintenance,11,1
48,Ava,4,1,drove under the speed limit,12,0
48,Ava,4,1,listened to the radio while driving,13,0
48,Ava,4,1,was startled by the deer,14,0
48,Ava,4,1,slammed the brakes after seeing the deer,15,0
48,Alfred,5,1,is patriotic,1,0
48,Alfred,5,1,is White,2,0
48,Alfred,5,1,lives alone,3,0
48,Alfred,5,1,enjoys Italian cuisine,4,0
48,Alfred,5,1,is a veteran,5,0
48,Alfred,5,1,is male,6,0
48,Alfred,5,1,has PTSD,7,0
48,Alfred,5,1,enjoys fishing,8,0
48,Alfred,5,1,has a calm personality,9,0
48,Alfred,5,1,is 68 years old,10,0
48,Alfred,5,1,took the subway home,11,0
48,Alfred,5,1,was quiet on the subway,12,0
48,Alfred,5,1,got off at the same stop as Oliver,13,0
48,Alfred,5,1,heard loud drilling and yelling from the construction above,14,1
48,Alfred,5,1,physically attacked Oliver,15,0
48,Chris,6,1,is male,1,0
48,Chris,6,1,weighs 70 lbs,2,0
48,Chris,6,1,admires his father,3,0
48,Chris,6,1,has a curious personality,4,0
48,Chris,6,1,is White,5,0
48,Chris,6,1,is 10 years old,6,0
48,Chris,6,1,enjoys swimming,7,0
48,Chris,6,1,enjoys playing hide-and-seek,8,0
48,Chris,6,1,has an average IQ,9,0
48,Chris,6,1,is a picky eater,10,0
48,Chris,6,1,invited friends over to play,11,0
48,Chris,6,1,hid in the hall closet,12,0
48,Chris,6,1,found the key in his father's jacket pocket,13,1
48,Chris,6,1,opened the gun cabinet with the key,14,1
48,Chris,6,1,picked up a pistol to play with,15,1
48,Nadia,7,0,collects vinyl records,1,0
48,Nadia,7,0,attended couples therapy years ago,2,0
48,Nadia,7,0,is a timid person,3,0
48,Nadia,7,0,is White,4,0
48,Nadia,7,0,is a software engineer,5,0
48,Nadia,7,0,has red hair,6,0
48,Nadia,7,0,is female,7,0
48,Nadia,7,0,enjoys oil painting,8,0
48,Nadia,7,0,is an organized person,9,0
48,Nadia,7,0,is 34 years old,10,0
48,Nadia,7,0,went to the emergency room for bruises,11,0
48,Nadia,7,0,did not seek help after the emergency room incident,12,1
48,Nadia,7,0,was scared when Franklin screamed,13,0
48,Nadia,7,0,grabbed the revolver,14,0
48,Nadia,7,0,shot Franklin with the revolver,15,0
48,Darla,8,0,is female,1,0
48,Darla,8,0,is Black,2,0
48,Darla,8,0,enjoys cooking,3,0
48,Darla,8,0,communicates and interacts well with children,4,0
48,Darla,8,0,runs a home daycare business,5,0
48,Darla,8,0,is nearsighted,6,0
48,Darla,8,0,has a laid-back personality,7,0
48,Darla,8,0,is 32 years old,8,0
48,Darla,8,0,has worked with Pamela for many years,9,0
48,Darla,8,0,has an absent-minded personality,10,0
48,Darla,8,0,lives in a tornado-affected area,11,0
48,Darla,8,0,played games with the children,12,0
48,Darla,8,0,played loud upbeat music with the children,13,1
48,Darla,8,0,focused on the children,14,0
48,Darla,8,0,did not hear the tornado sirens,15,1
48,Flora,9,1,uses a white cane to guide herself,1,0
48,Flora,9,1,composes music in her free time,2,0
48,Flora,9,1,is an early riser,3,0
48,Flora,9,1,is female,4,0
48,Flora,9,1,is Asian,5,0
48,Flora,9,1,enjoys gardening,6,0
48,Flora,9,1,is a counselor,7,0
48,Flora,9,1,is legally blind,8,0
48,Flora,9,1,is 32 years old,9,0
48,Flora,9,1,is an empathetic person,10,0
48,Flora,9,1,went to a neighbor's house for dinner,11,0
48,Flora,9,1,used her white cane while walking home,12,0
48,Flora,9,1,did not call for help,13,1
48,Flora,9,1,her white cane slipped between Paul's legs,14,0
48,Flora,9,1,stepped on Paul's torso,15,0
48,Tristan,10,1,is Black,1,0
48,Tristan,10,1,can be impatient sometimes,2,0
48,Tristan,10,1,is extroverted and outgoing,3,0
48,Tristan,10,1,is Christian,4,0
48,Tristan,10,1,enjoys listening to country music,5,0
48,Tristan,10,1,is male,6,0
48,Tristan,10,1,is 43 years old,7,0
48,Tristan,10,1,can be opinionated sometimes,8,0
48,Tristan,10,1,has worked for over ten years at the same hospital,9,0
48,Tristan,10,1,is a cardiologist,10,0
48,Tristan,10,1,reviewed Annie's medical history and symptoms,11,0
48,Tristan,10,1,checked Annie's vitals,12,0
48,Tristan,10,1,ordered Annie an electrocardiogram (ECG/EKG),13,0
48,Tristan,10,1,did not order any other heart tests,14,1
48,Tristan,10,1,did not order a mammogram,15,0
48,Qian,11,0,is 27 years old,1,0
48,Qian,11,0,does not smoke,2,0
48,Qian,11,0,is Asian,3,0
48,Qian,11,0,is hard-working,4,0
48,Qian,11,0,is male,5,0
48,Qian,11,0,enjoys jazz music,6,0
48,Qian,11,0,can be stubborn sometimes,7,0
48,Qian,11,0,enjoys watching sports,8,0
48,Qian,11,0,is a restaurant waiter,9,0
48,Qian,11,0,has a humorous personality,10,0
48,Qian,11,0,hung out at the local bar with cousins,11,0
48,Qian,11,0,had several drinks over the course of two hours,12,0
48,Qian,11,0,was angered by Wilson's comments,13,1
48,Qian,11,0,did not talk back to Wilson,14,1
48,Qian,11,0,pushed Wilson to the ground,15,0
49,Ava,1,1,regularly drinks coffee,1,0
49,Ava,1,1,is a compassionate person,2,0
49,Ava,1,1,enjoys going to music concerts,3,0
49,Ava,1,1,is an artist,4,0
49,Ava,1,1,often drives Peter to appointments and errands,5,0
49,Ava,1,1,is 26 years old,6,0
49,Ava,1,1,has a peanut allergy,7,0
49,Ava,1,1,is Native American,8,0
49,Ava,1,1,has been friends with Peter for many years,9,0
49,Ava,1,1,is female,10,0
49,Ava,1,1,did her annual car maintenance,11,0
49,Ava,1,1,drove under the speed limit,12,0
49,Ava,1,1,listened to the radio while driving,13,0
49,Ava,1,1,was startled by the deer,14,0
49,Ava,1,1,slammed the brakes after seeing the deer,15,1
49,Flora,2,0,enjoys gardening,1,0
49,Flora,2,0,is an early riser,2,0
49,Flora,2,0,is legally blind,3,1
49,Flora,2,0,composes music in her free time,4,0
49,Flora,2,0,is Asian,5,0
49,Flora,2,0,is an empathetic person,6,0
49,Flora,2,0,uses a white cane to guide herself,7,0
49,Flora,2,0,is a counselor,8,0
49,Flora,2,0,is female,9,0
49,Flora,2,0,is 32 years old,10,0
49,Flora,2,0,went to a neighbor's house for dinner,11,0
49,Flora,2,0,used her white cane while walking home,12,0
49,Flora,2,0,did not call for help,13,1
49,Flora,2,0,her white cane slipped between Paul's legs,14,0
49,Flora,2,0,stepped on Paul's torso,15,0
49,Alfred,3,1,is male,1,0
49,Alfred,3,1,has a calm personality,2,0
49,Alfred,3,1,enjoys fishing,3,0
49,Alfred,3,1,has PTSD,4,0
49,Alfred,3,1,is a veteran,5,0
49,Alfred,3,1,is White,6,0
49,Alfred,3,1,lives alone,7,0
49,Alfred,3,1,is patriotic,8,0
49,Alfred,3,1,is 68 years old,9,0
49,Alfred,3,1,enjoys Italian cuisine,10,0
49,Alfred,3,1,took the subway home,11,0
49,Alfred,3,1,was quiet on the subway,12,0
49,Alfred,3,1,got off at the same stop as Oliver,13,0
49,Alfred,3,1,heard loud drilling and yelling from the construction above,14,1
49,Alfred,3,1,physically attacked Oliver,15,1
49,Qian,4,0,is hard-working,1,0
49,Qian,4,0,has a humorous personality,2,0
49,Qian,4,0,is male,3,0
49,Qian,4,0,is Asian,4,0
49,Qian,4,0,is 27 years old,5,0
49,Qian,4,0,enjoys jazz music,6,0
49,Qian,4,0,can be stubborn sometimes,7,1
49,Qian,4,0,is a restaurant waiter,8,0
49,Qian,4,0,enjoys watching sports,9,0
49,Qian,4,0,does not smoke,10,0
49,Qian,4,0,hung out at the local bar with cousins,11,1
49,Qian,4,0,had several drinks over the course of two hours,12,1
49,Qian,4,0,was angered by Wilson's comments,13,0
49,Qian,4,0,did not talk back to Wilson,14,0
49,Qian,4,0,pushed Wilson to the ground,15,1
49,Nadia,5,0,is White,1,0
49,Nadia,5,0,is 34 years old,2,0
49,Nadia,5,0,enjoys oil painting,3,0
49,Nadia,5,0,is a software engineer,4,0
49,Nadia,5,0,collects vinyl records,5,0
49,Nadia,5,0,is a timid person,6,0
49,Nadia,5,0,is an organized person,7,0
49,Nadia,5,0,has red hair,8,0
49,Nadia,5,0,attended couples therapy years ago,9,0
49,Nadia,5,0,is female,10,0
49,Nadia,5,0,went to the emergency room for bruises,11,0
49,Nadia,5,0,did not seek help after the emergency room incident,12,0
49,Nadia,5,0,was scared when Franklin screamed,13,0
49,Nadia,5,0,grabbed the revolver,14,1
49,Nadia,5,0,shot Franklin with the revolver,15,1
49,Melvin,6,0,is White,1,0
49,Melvin,6,0,is male,2,0
49,Melvin,6,0,has high blood pressure,3,0
49,Melvin,6,0,is 45 years old,4,0
49,Melvin,6,0,can be stingy sometimes,5,0
49,Melvin,6,0,enjoys listening to rock music,6,0
49,Melvin,6,0,grows corn,7,0
49,Melvin,6,0,is a farmer,8,0
49,Melvin,6,0,has a cheerful personality,9,0
49,Melvin,6,0,grows hay,10,0
49,Melvin,6,0,built his barn near the border with Vincent's property,11,1
49,Melvin,6,0,was concerned with hayfires,12,0
49,Melvin,6,0,considered buying hay-drying equipment,13,0
49,Melvin,6,0,met with consultants,14,0
49,Melvin,6,0,decided not to buy hay-drying equipment,15,1
49,Edward,7,1,is a clinical research assistant,1,0
49,Edward,7,1,is male,2,0
49,Edward,7,1,enjoys browsing Twitter,3,0
49,Edward,7,1,is White,4,0
49,Edward,7,1,is single,5,0
49,Edward,7,1,is an experienced driver,6,0
49,Edward,7,1,is an ambitious person,7,0
49,Edward,7,1,is a studious person,8,0
49,Edward,7,1,enjoys reading science fiction,9,0
49,Edward,7,1,is 24 years old,10,0
49,Edward,7,1,did not mute phone notifications while driving,11,0
49,Edward,7,1,was not speeding,12,0
49,Edward,7,1,checked that there were no other cars nearby,13,0
49,Edward,7,1,took a peek at the text,14,1
49,Edward,7,1,veered into the cyclist while reading the text,15,1
49,Chris,8,1,has an average IQ,1,0
49,Chris,8,1,is male,2,0
49,Chris,8,1,enjoys playing hide-and-seek,3,0
49,Chris,8,1,admires his father,4,0
49,Chris,8,1,is a picky eater,5,0
49,Chris,8,1,is 10 years old,6,0
49,Chris,8,1,enjoys swimming,7,0
49,Chris,8,1,has a curious personality,8,0
49,Chris,8,1,weighs 70 lbs,9,0
49,Chris,8,1,is White,10,0
49,Chris,8,1,invited friends over to play,11,0
49,Chris,8,1,hid in the hall closet,12,0
49,Chris,8,1,found the key in his father's jacket pocket,13,1
49,Chris,8,1,opened the gun cabinet with the key,14,1
49,Chris,8,1,picked up a pistol to play with,15,1
49,Julia,9,0,is a courteous person,1,0
49,Julia,9,0,is 19 years old,2,0
49,Julia,9,0,babysits on the weekends,3,0
49,Julia,9,0,has asthma,4,0
49,Julia,9,0,is multiracial,5,0
49,Julia,9,0,is a college student,6,0
49,Julia,9,0,studies psychology,7,0
49,Julia,9,0,can be sensitive sometimes,8,0
49,Julia,9,0,enjoys watching TV shows,9,0
49,Julia,9,0,is female,10,0
49,Julia,9,0,read children's books with Benji,11,0
49,Julia,9,0,picked up her partner's call while filling the bathtub,12,0
49,Julia,9,0,felt hurt after learning about the cheating,13,1
49,Julia,9,0,left the bathroom to talk to her partner,14,1
49,Julia,9,0,sat for a few minutes after hanging up,15,0
49,Darla,10,0,is 32 years old,1,0
49,Darla,10,0,enjoys cooking,2,0
49,Darla,10,0,communicates and interacts well with children,3,0
49,Darla,10,0,is Black,4,0
49,Darla,10,0,has worked with Pamela for many years,5,0
49,Darla,10,0,is female,6,0
49,Darla,10,0,has a laid-back personality,7,0
49,Darla,10,0,is nearsighted,8,0
49,Darla,10,0,has an absent-minded personality,9,0
49,Darla,10,0,runs a home daycare business,10,0
49,Darla,10,0,lives in a tornado-affected area,11,0
49,Darla,10,0,played games with the children,12,0
49,Darla,10,0,played loud upbeat music with the children,13,1
49,Darla,10,0,focused on the children,14,0
49,Darla,10,0,did not hear the tornado sirens,15,1
49,Tristan,11,1,can be opinionated sometimes,1,0
49,Tristan,11,1,is Christian,2,0
49,Tristan,11,1,enjoys listening to country music,3,0
49,Tristan,11,1,is a cardiologist,4,0
49,Tristan,11,1,is Black,5,0
49,Tristan,11,1,is 43 years old,6,0
49,Tristan,11,1,is extroverted and outgoing,7,0
49,Tristan,11,1,is male,8,0
49,Tristan,11,1,has worked for over ten years at the same hospital,9,0
49,Tristan,11,1,can be impatient sometimes,10,0
49,Tristan,11,1,reviewed Annie's medical history and symptoms,11,0
49,Tristan,11,1,checked Annie's vitals,12,0
49,Tristan,11,1,ordered Annie an electrocardiogram (ECG/EKG),13,0
49,Tristan,11,1,did not order any other heart tests,14,1
49,Tristan,11,1,did not order a mammogram,15,0
50,Alfred,1,1,lives alone,1,0
50,Alfred,1,1,has PTSD,2,1
50,Alfred,1,1,is male,3,0
50,Alfred,1,1,is 68 years old,4,0
50,Alfred,1,1,has a calm personality,5,0
50,Alfred,1,1,is White,6,0
50,Alfred,1,1,enjoys Italian cuisine,7,1
50,Alfred,1,1,enjoys fishing,8,0
50,Alfred,1,1,is a veteran,9,0
50,Alfred,1,1,is patriotic,10,0
50,Alfred,1,1,took the subway home,11,0
50,Alfred,1,1,was quiet on the subway,12,0
50,Alfred,1,1,got off at the same stop as Oliver,13,0
50,Alfred,1,1,heard loud drilling and yelling from the construction above,14,0
50,Alfred,1,1,physically attacked Oliver,15,1
50,Ava,2,1,is an artist,1,0
50,Ava,2,1,has a peanut allergy,2,1
50,Ava,2,1,is a compassionate person,3,0
50,Ava,2,1,regularly drinks coffee,4,0
50,Ava,2,1,is 26 years old,5,0
50,Ava,2,1,often drives Peter to appointments and errands,6,0
50,Ava,2,1,enjoys going to music concerts,7,0
50,Ava,2,1,has been friends with Peter for many years,8,0
50,Ava,2,1,is female,9,0
50,Ava,2,1,is Native American,10,0
50,Ava,2,1,did her annual car maintenance,11,0
50,Ava,2,1,drove under the speed limit,12,0
50,Ava,2,1,listened to the radio while driving,13,0
50,Ava,2,1,was startled by the deer,14,1
50,Ava,2,1,slammed the brakes after seeing the deer,15,0
50,Flora,3,1,is Asian,1,0
50,Flora,3,1,enjoys gardening,2,0
50,Flora,3,1,is legally blind,3,0
50,Flora,3,1,is an early riser,4,0
50,Flora,3,1,uses a white cane to guide herself,5,0
50,Flora,3,1,is an empathetic person,6,0
50,Flora,3,1,composes music in her free time,7,0
50,Flora,3,1,is 32 years old,8,0
50,Flora,3,1,is a counselor,9,0
50,Flora,3,1,is female,10,0
50,Flora,3,1,went to a neighbor's house for dinner,11,0
50,Flora,3,1,used her white cane while walking home,12,0
50,Flora,3,1,did not call for help,13,0
50,Flora,3,1,her white cane slipped between Paul's legs,14,0
50,Flora,3,1,stepped on Paul's torso,15,1
50,Nadia,4,0,is an organized person,1,0
50,Nadia,4,0,is a software engineer,2,0
50,Nadia,4,0,is female,3,0
50,Nadia,4,0,is 34 years old,4,0
50,Nadia,4,0,is White,5,0
50,Nadia,4,0,has red hair,6,0
50,Nadia,4,0,enjoys oil painting,7,0
50,Nadia,4,0,is a timid person,8,0
50,Nadia,4,0,attended couples therapy years ago,9,0
50,Nadia,4,0,collects vinyl records,10,0
50,Nadia,4,0,went to the emergency room for bruises,11,0
50,Nadia,4,0,did not seek help after the emergency room incident,12,0
50,Nadia,4,0,was scared when Franklin screamed,13,1
50,Nadia,4,0,grabbed the revolver,14,1
50,Nadia,4,0,shot Franklin with the revolver,15,1
50,Julia,5,0,studies psychology,1,0
50,Julia,5,0,enjoys watching TV shows,2,0
50,Julia,5,0,can be sensitive sometimes,3,0
50,Julia,5,0,babysits on the weekends,4,0
50,Julia,5,0,is 19 years old,5,0
50,Julia,5,0,is multiracial,6,0
50,Julia,5,0,is a courteous person,7,0
50,Julia,5,0,is female,8,0
50,Julia,5,0,is a college student,9,0
50,Julia,5,0,has asthma,10,1
50,Julia,5,0,read children's books with Benji,11,0
50,Julia,5,0,picked up her partner's call while filling the bathtub,12,0
50,Julia,5,0,felt hurt after learning about the cheating,13,0
50,Julia,5,0,left the bathroom to talk to her partner,14,0
50,Julia,5,0,sat for a few minutes after hanging up,15,0
50,Qian,6,0,can be stubborn sometimes,1,0
50,Qian,6,0,is a restaurant waiter,2,1
50,Qian,6,0,is male,3,0
50,Qian,6,0,is hard-working,4,0
50,Qian,6,0,has a humorous personality,5,0
50,Qian,6,0,is 27 years old,6,0
50,Qian,6,0,enjoys jazz music,7,0
50,Qian,6,0,is Asian,8,0
50,Qian,6,0,enjoys watching sports,9,0
50,Qian,6,0,does not smoke,10,0
50,Qian,6,0,hung out at the local bar with cousins,11,0
50,Qian,6,0,had several drinks over the course of two hours,12,0
50,Qian,6,0,was angered by Wilson's comments,13,0
50,Qian,6,0,did not talk back to Wilson,14,1
50,Qian,6,0,pushed Wilson to the ground,15,1
50,Darla,7,1,is Black,1,0
50,Darla,7,1,enjoys cooking,2,0
50,Darla,7,1,runs a home daycare business,3,0
50,Darla,7,1,has an absent-minded personality,4,0
50,Darla,7,1,is nearsighted,5,0
50,Darla,7,1,communicates and interacts well with children,6,0
50,Darla,7,1,has a laid-back personality,7,0
50,Darla,7,1,has worked with Pamela for many years,8,0
50,Darla,7,1,is 32 years old,9,0
50,Darla,7,1,is female,10,0
50,Darla,7,1,lives in a tornado-affected area,11,0
50,Darla,7,1,played games with the children,12,0
50,Darla,7,1,played loud upbeat music with the children,13,0
50,Darla,7,1,focused on the children,14,0
50,Darla,7,1,did not hear the tornado sirens,15,1
50,Tristan,8,1,is 43 years old,1,0
50,Tristan,8,1,has worked for over ten years at the same hospital,2,0
50,Tristan,8,1,is extroverted and outgoing,3,0
50,Tristan,8,1,is Christian,4,0
50,Tristan,8,1,is Black,5,0
50,Tristan,8,1,is male,6,0
50,Tristan,8,1,enjoys listening to country music,7,0
50,Tristan,8,1,is a cardiologist,8,0
50,Tristan,8,1,can be impatient sometimes,9,0
50,Tristan,8,1,can be opinionated sometimes,10,0
50,Tristan,8,1,reviewed Annie's medical history and symptoms,11,0
50,Tristan,8,1,checked Annie's vitals,12,0
50,Tristan,8,1,ordered Annie an electrocardiogram (ECG/EKG),13,0
50,Tristan,8,1,did not order any other heart tests,14,1
50,Tristan,8,1,did not order a mammogram,15,0
50,Melvin,9,1,grows hay,1,0
50,Melvin,9,1,is a farmer,2,0
50,Melvin,9,1,grows corn,3,0
50,Melvin,9,1,can be stingy sometimes,4,0
50,Melvin,9,1,is male,5,0
50,Melvin,9,1,has a cheerful personality,6,0
50,Melvin,9,1,is White,7,0
50,Melvin,9,1,enjoys listening to rock music,8,0
50,Melvin,9,1,has high blood pressure,9,0
50,Melvin,9,1,is 45 years old,10,0
50,Melvin,9,1,built his barn near the border with Vincent's property,11,1
50,Melvin,9,1,was concerned with hayfires,12,0
50,Melvin,9,1,considered buying hay-drying equipment,13,0
50,Melvin,9,1,met with consultants,14,0
50,Melvin,9,1,decided not to buy hay-drying equipment,15,1
50,Chris,10,1,enjoys swimming,1,0
50,Chris,10,1,is a picky eater,2,0
50,Chris,10,1,is male,3,0
50,Chris,10,1,is 10 years old,4,0
50,Chris,10,1,enjoys playing hide-and-seek,5,0
50,Chris,10,1,has a curious personality,6,0
50,Chris,10,1,is White,7,0
50,Chris,10,1,admires his father,8,0
50,Chris,10,1,weighs 70 lbs,9,0
50,Chris,10,1,has an average IQ,10,0
50,Chris,10,1,invited friends over to play,11,0
50,Chris,10,1,hid in the hall closet,12,0
50,Chris,10,1,found the key in his father's jacket pocket,13,0
50,Chris,10,1,opened the gun cabinet with the key,14,0
50,Chris,10,1,picked up a pistol to play with,15,1
50,Edward,11,1,is single,1,0
50,Edward,11,1,is an ambitious person,2,0
50,Edward,11,1,is an experienced driver,3,0
50,Edward,11,1,enjoys browsing Twitter,4,0
50,Edward,11,1,enjoys reading science fiction,5,0
50,Edward,11,1,is 24 years old,6,0
50,Edward,11,1,is White,7,0
50,Edward,11,1,is a studious person,8,0
50,Edward,11,1,is a clinical research assistant,9,0
50,Edward,11,1,is male,10,0
50,Edward,11,1,did not mute phone notifications while driving,11,1
50,Edward,11,1,was not speeding,12,0
50,Edward,11,1,checked that there were no other cars nearby,13,0
50,Edward,11,1,took a peek at the text,14,1
50,Edward,11,1,veered into the cyclist while reading the text,15,0
51,Flora,1,1,enjoys gardening,1,0
51,Flora,1,1,uses a white cane to guide herself,2,0
51,Flora,1,1,is an empathetic person,3,0
51,Flora,1,1,is a counselor,4,0
51,Flora,1,1,is 32 years old,5,0
51,Flora,1,1,is female,6,0
51,Flora,1,1,is legally blind,7,0
51,Flora,1,1,is Asian,8,0
51,Flora,1,1,composes music in her free time,9,0
51,Flora,1,1,is an early riser,10,0
51,Flora,1,1,went to a neighbor's house for dinner,11,0
51,Flora,1,1,used her white cane while walking home,12,0
51,Flora,1,1,did not call for help,13,1
51,Flora,1,1,her white cane slipped between Paul's legs,14,0
51,Flora,1,1,stepped on Paul's torso,15,0
51,Alfred,2,1,is a veteran,1,0
51,Alfred,2,1,has a calm personality,2,0
51,Alfred,2,1,enjoys fishing,3,0
51,Alfred,2,1,has PTSD,4,0
51,Alfred,2,1,is White,5,0
51,Alfred,2,1,is 68 years old,6,0
51,Alfred,2,1,is patriotic,7,0
51,Alfred,2,1,enjoys Italian cuisine,8,0
51,Alfred,2,1,is male,9,0
51,Alfred,2,1,lives alone,10,0
51,Alfred,2,1,took the subway home,11,0
51,Alfred,2,1,was quiet on the subway,12,0
51,Alfred,2,1,got off at the same stop as Oliver,13,0
51,Alfred,2,1,heard loud drilling and yelling from the construction above,14,0
51,Alfred,2,1,physically attacked Oliver,15,1
51,Melvin,3,1,is male,1,0
51,Melvin,3,1,grows corn,2,0
51,Melvin,3,1,is 45 years old,3,0
51,Melvin,3,1,has high blood pressure,4,0
51,Melvin,3,1,grows hay,5,0
51,Melvin,3,1,can be stingy sometimes,6,0
51,Melvin,3,1,enjoys listening to rock music,7,0
51,Melvin,3,1,is a farmer,8,0
51,Melvin,3,1,has a cheerful personality,9,0
51,Melvin,3,1,is White,10,0
51,Melvin,3,1,built his barn near the border with Vincent's property,11,0
51,Melvin,3,1,was concerned with hayfires,12,0
51,Melvin,3,1,considered buying hay-drying equipment,13,0
51,Melvin,3,1,met with consultants,14,0
51,Melvin,3,1,decided not to buy hay-drying equipment,15,1
51,Ava,4,1,has been friends with Peter for many years,1,0
51,Ava,4,1,has a peanut allergy,2,1
51,Ava,4,1,regularly drinks coffee,3,1
51,Ava,4,1,is 26 years old,4,0
51,Ava,4,1,enjoys going to music concerts,5,0
51,Ava,4,1,is female,6,0
51,Ava,4,1,is a compassionate person,7,0
51,Ava,4,1,often drives Peter to appointments and errands,8,0
51,Ava,4,1,is an artist,9,0
51,Ava,4,1,is Native American,10,0
51,Ava,4,1,did her annual car maintenance,11,0
51,Ava,4,1,drove under the speed limit,12,0
51,Ava,4,1,listened to the radio while driving,13,0
51,Ava,4,1,was startled by the deer,14,0
51,Ava,4,1,slammed the brakes after seeing the deer,15,0
51,Nadia,5,0,is White,1,0
51,Nadia,5,0,collects vinyl records,2,1
51,Nadia,5,0,is a timid person,3,0
51,Nadia,5,0,is 34 years old,4,0
51,Nadia,5,0,has red hair,5,1
51,Nadia,5,0,is female,6,0
51,Nadia,5,0,is a software engineer,7,0
51,Nadia,5,0,enjoys oil painting,8,0
51,Nadia,5,0,attended couples therapy years ago,9,0
51,Nadia,5,0,is an organized person,10,1
51,Nadia,5,0,went to the emergency room for bruises,11,0
51,Nadia,5,0,did not seek help after the emergency room incident,12,0
51,Nadia,5,0,was scared when Franklin screamed,13,0
51,Nadia,5,0,grabbed the revolver,14,0
51,Nadia,5,0,shot Franklin with the revolver,15,0
51,Darla,6,0,is 32 years old,1,1
51,Darla,6,0,runs a home daycare business,2,0
51,Darla,6,0,enjoys cooking,3,1
51,Darla,6,0,has an absent-minded personality,4,1
51,Darla,6,0,has worked with Pamela for many years,5,0
51,Darla,6,0,has a laid-back personality,6,0
51,Darla,6,0,communicates and interacts well with children,7,0
51,Darla,6,0,is female,8,0
51,Darla,6,0,is Black,9,0
51,Darla,6,0,is nearsighted,10,0
51,Darla,6,0,lives in a tornado-affected area,11,0
51,Darla,6,0,played games with the children,12,0
51,Darla,6,0,played loud upbeat music with the children,13,0
51,Darla,6,0,focused on the children,14,0
51,Darla,6,0,did not hear the tornado sirens,15,0
51,Qian,7,0,enjoys jazz music,1,1
51,Qian,7,0,is 27 years old,2,1
51,Qian,7,0,enjoys watching sports,3,0
51,Qian,7,0,does not smoke,4,1
51,Qian,7,0,is Asian,5,0
51,Qian,7,0,has a humorous personality,6,0
51,Qian,7,0,is a restaurant waiter,7,0
51,Qian,7,0,can be stubborn sometimes,8,0
51,Qian,7,0,is hard-working,9,0
51,Qian,7,0,is male,10,0
51,Qian,7,0,hung out at the local bar with cousins,11,0
51,Qian,7,0,had several drinks over the course of two hours,12,0
51,Qian,7,0,was angered by Wilson's comments,13,0
51,Qian,7,0,did not talk back to Wilson,14,0
51,Qian,7,0,pushed Wilson to the ground,15,0
51,Julia,8,0,is multiracial,1,1
51,Julia,8,0,studies psychology,2,1
51,Julia,8,0,babysits on the weekends,3,0
51,Julia,8,0,can be sensitive sometimes,4,0
51,Julia,8,0,is 19 years old,5,0
51,Julia,8,0,has asthma,6,0
51,Julia,8,0,is a college student,7,0
51,Julia,8,0,is a courteous person,8,1
51,Julia,8,0,enjoys watching TV shows,9,0
51,Julia,8,0,is female,10,0
51,Julia,8,0,read children's books with Benji,11,0
51,Julia,8,0,picked up her partner's call while filling the bathtub,12,0
51,Julia,8,0,felt hurt after learning about the cheating,13,0
51,Julia,8,0,left the bathroom to talk to her partner,14,0
51,Julia,8,0,sat for a few minutes after hanging up,15,0
51,Chris,9,1,admires his father,1,0
51,Chris,9,1,is 10 years old,2,0
51,Chris,9,1,weighs 70 lbs,3,1
51,Chris,9,1,has a curious personality,4,0
51,Chris,9,1,enjoys swimming,5,1
51,Chris,9,1,has an average IQ,6,0
51,Chris,9,1,is a picky eater,7,1
51,Chris,9,1,enjoys playing hide-and-seek,8,0
51,Chris,9,1,is White,9,0
51,Chris,9,1,is male,10,0
51,Chris,9,1,invited friends over to play,11,0
51,Chris,9,1,hid in the hall closet,12,0
51,Chris,9,1,found the key in his father's jacket pocket,13,0
51,Chris,9,1,opened the gun cabinet with the key,14,0
51,Chris,9,1,picked up a pistol to play with,15,0
51,Edward,10,1,is a studious person,1,0
51,Edward,10,1,is a clinical research assistant,2,0
51,Edward,10,1,enjoys reading science fiction,3,1
51,Edward,10,1,is male,4,0
51,Edward,10,1,enjoys browsing Twitter,5,1
51,Edward,10,1,is an experienced driver,6,0
51,Edward,10,1,is 24 years old,7,0
51,Edward,10,1,is White,8,0
51,Edward,10,1,is an ambitious person,9,0
51,Edward,10,1,is single,10,1
51,Edward,10,1,did not mute phone notifications while driving,11,0
51,Edward,10,1,was not speeding,12,0
51,Edward,10,1,checked that there were no other cars nearby,13,0
51,Edward,10,1,took a peek at the text,14,0
51,Edward,10,1,veered into the cyclist while reading the text,15,0
51,Tristan,11,1,can be impatient sometimes,1,0
51,Tristan,11,1,is male,2,0
51,Tristan,11,1,is Black,3,0
51,Tristan,11,1,is Christian,4,0
51,Tristan,11,1,enjoys listening to country music,5,1
51,Tristan,11,1,is extroverted and outgoing,6,1
51,Tristan,11,1,has worked for over ten years at the same hospital,7,0
51,Tristan,11,1,is 43 years old,8,0
51,Tristan,11,1,can be opinionated sometimes,9,0
51,Tristan,11,1,is a cardiologist,10,0
51,Tristan,11,1,reviewed Annie's medical history and symptoms,11,0
51,Tristan,11,1,checked Annie's vitals,12,0
51,Tristan,11,1,ordered Annie an electrocardiogram (ECG/EKG),13,0
51,Tristan,11,1,did not order any other heart tests,14,0
51,Tristan,11,1,did not order a mammogram,15,0
52,Qian,1,0,is male,1,0
52,Qian,1,0,is hard-working,2,0
52,Qian,1,0,has a humorous personality,3,0
52,Qian,1,0,is 27 years old,4,0
52,Qian,1,0,enjoys jazz music,5,0
52,Qian,1,0,can be stubborn sometimes,6,0
52,Qian,1,0,is a restaurant waiter,7,0
52,Qian,1,0,enjoys watching sports,8,0
52,Qian,1,0,does not smoke,9,0
52,Qian,1,0,is Asian,10,0
52,Qian,1,0,hung out at the local bar with cousins,11,0
52,Qian,1,0,had several drinks over the course of two hours,12,1
52,Qian,1,0,was angered by Wilson's comments,13,1
52,Qian,1,0,did not talk back to Wilson,14,0
52,Qian,1,0,pushed Wilson to the ground,15,1
52,Edward,2,1,is single,1,0
52,Edward,2,1,is an ambitious person,2,0
52,Edward,2,1,is male,3,0
52,Edward,2,1,enjoys reading science fiction,4,0
52,Edward,2,1,enjoys browsing Twitter,5,0
52,Edward,2,1,is an experienced driver,6,0
52,Edward,2,1,is a studious person,7,0
52,Edward,2,1,is a clinical research assistant,8,0
52,Edward,2,1,is White,9,0
52,Edward,2,1,is 24 years old,10,0
52,Edward,2,1,did not mute phone notifications while driving,11,1
52,Edward,2,1,was not speeding,12,0
52,Edward,2,1,checked that there were no other cars nearby,13,0
52,Edward,2,1,took a peek at the text,14,1
52,Edward,2,1,veered into the cyclist while reading the text,15,1
52,Flora,3,1,is 32 years old,1,0
52,Flora,3,1,is an empathetic person,2,0
52,Flora,3,1,enjoys gardening,3,0
52,Flora,3,1,is a counselor,4,0
52,Flora,3,1,is an early riser,5,0
52,Flora,3,1,is legally blind,6,0
52,Flora,3,1,is female,7,0
52,Flora,3,1,uses a white cane to guide herself,8,0
52,Flora,3,1,is Asian,9,0
52,Flora,3,1,composes music in her free time,10,0
52,Flora,3,1,went to a neighbor's house for dinner,11,0
52,Flora,3,1,used her white cane while walking home,12,0
52,Flora,3,1,did not call for help,13,1
52,Flora,3,1,her white cane slipped between Paul's legs,14,1
52,Flora,3,1,stepped on Paul's torso,15,1
52,Julia,4,0,babysits on the weekends,1,0
52,Julia,4,0,is a college student,2,0
52,Julia,4,0,is 19 years old,3,0
52,Julia,4,0,can be sensitive sometimes,4,0
52,Julia,4,0,is female,5,0
52,Julia,4,0,is multiracial,6,0
52,Julia,4,0,enjoys watching TV shows,7,0
52,Julia,4,0,is a courteous person,8,0
52,Julia,4,0,studies psychology,9,0
52,Julia,4,0,has asthma,10,0
52,Julia,4,0,read children's books with Benji,11,0
52,Julia,4,0,picked up her partner's call while filling the bathtub,12,1
52,Julia,4,0,felt hurt after learning about the cheating,13,0
52,Julia,4,0,left the bathroom to talk to her partner,14,1
52,Julia,4,0,sat for a few minutes after hanging up,15,1
52,Ava,5,1,is an artist,1,0
52,Ava,5,1,often drives Peter to appointments and errands,2,0
52,Ava,5,1,has been friends with Peter for many years,3,0
52,Ava,5,1,is 26 years old,4,0
52,Ava,5,1,is female,5,0
52,Ava,5,1,is Native American,6,0
52,Ava,5,1,enjoys going to music concerts,7,0
52,Ava,5,1,has a peanut allergy,8,0
52,Ava,5,1,regularly drinks coffee,9,0
52,Ava,5,1,is a compassionate person,10,0
52,Ava,5,1,did her annual car maintenance,11,0
52,Ava,5,1,drove under the speed limit,12,0
52,Ava,5,1,listened to the radio while driving,13,0
52,Ava,5,1,was startled by the deer,14,0
52,Ava,5,1,slammed the brakes after seeing the deer,15,1
52,Melvin,6,1,is a farmer,1,0
52,Melvin,6,1,is male,2,0
52,Melvin,6,1,grows corn,3,0
52,Melvin,6,1,is 45 years old,4,0
52,Melvin,6,1,is White,5,0
52,Melvin,6,1,grows hay,6,0
52,Melvin,6,1,has high blood pressure,7,0
52,Melvin,6,1,has a cheerful personality,8,0
52,Melvin,6,1,enjoys listening to rock music,9,0
52,Melvin,6,1,can be stingy sometimes,10,0
52,Melvin,6,1,built his barn near the border with Vincent's property,11,0
52,Melvin,6,1,was concerned with hayfires,12,0
52,Melvin,6,1,considered buying hay-drying equipment,13,0
52,Melvin,6,1,met with consultants,14,0
52,Melvin,6,1,decided not to buy hay-drying equipment,15,1
52,Chris,7,1,enjoys playing hide-and-seek,1,0
52,Chris,7,1,has a curious personality,2,0
52,Chris,7,1,admires his father,3,0
52,Chris,7,1,is a picky eater,4,0
52,Chris,7,1,has an average IQ,5,0
52,Chris,7,1,is male,6,0
52,Chris,7,1,weighs 70 lbs,7,0
52,Chris,7,1,is White,8,0
52,Chris,7,1,enjoys swimming,9,0
52,Chris,7,1,is 10 years old,10,0
52,Chris,7,1,invited friends over to play,11,0
52,Chris,7,1,hid in the hall closet,12,0
52,Chris,7,1,found the key in his father's jacket pocket,13,0
52,Chris,7,1,opened the gun cabinet with the key,14,1
52,Chris,7,1,picked up a pistol to play with,15,1
52,Alfred,8,1,is 68 years old,1,0
52,Alfred,8,1,is a veteran,2,0
52,Alfred,8,1,has PTSD,3,0
52,Alfred,8,1,lives alone,4,0
52,Alfred,8,1,enjoys Italian cuisine,5,0
52,Alfred,8,1,is White,6,0
52,Alfred,8,1,enjoys fishing,7,0
52,Alfred,8,1,is male,8,0
52,Alfred,8,1,has a calm personality,9,0
52,Alfred,8,1,is patriotic,10,0
52,Alfred,8,1,took the subway home,11,0
52,Alfred,8,1,was quiet on the subway,12,0
52,Alfred,8,1,got off at the same stop as Oliver,13,0
52,Alfred,8,1,heard loud drilling and yelling from the construction above,14,0
52,Alfred,8,1,physically attacked Oliver,15,1
52,Tristan,9,1,is male,1,0
52,Tristan,9,1,can be impatient sometimes,2,0
52,Tristan,9,1,is Christian,3,0
52,Tristan,9,1,is 43 years old,4,0
52,Tristan,9,1,is extroverted and outgoing,5,0
52,Tristan,9,1,enjoys listening to country music,6,0
52,Tristan,9,1,is a cardiologist,7,0
52,Tristan,9,1,has worked for over ten years at the same hospital,8,0
52,Tristan,9,1,can be opinionated sometimes,9,0
52,Tristan,9,1,is Black,10,0
52,Tristan,9,1,reviewed Annie's medical history and symptoms,11,0
52,Tristan,9,1,checked Annie's vitals,12,0
52,Tristan,9,1,ordered Annie an electrocardiogram (ECG/EKG),13,0
52,Tristan,9,1,did not order any other heart tests,14,1
52,Tristan,9,1,did not order a mammogram,15,0
52,Darla,10,0,has an absent-minded personality,1,0
52,Darla,10,0,has worked with Pamela for many years,2,0
52,Darla,10,0,is nearsighted,3,0
52,Darla,10,0,has a laid-back personality,4,0
52,Darla,10,0,is female,5,0
52,Darla,10,0,communicates and interacts well with children,6,0
52,Darla,10,0,is 32 years old,7,0
52,Darla,10,0,enjoys cooking,8,0
52,Darla,10,0,runs a home daycare business,9,0
52,Darla,10,0,is Black,10,0
52,Darla,10,0,lives in a tornado-affected area,11,1
52,Darla,10,0,played games with the children,12,0
52,Darla,10,0,played loud upbeat music with the children,13,0
52,Darla,10,0,focused on the children,14,0
52,Darla,10,0,did not hear the tornado sirens,15,1
52,Nadia,11,0,is a software engineer,1,0
52,Nadia,11,0,is an organized person,2,0
52,Nadia,11,0,is female,3,0
52,Nadia,11,0,is 34 years old,4,0
52,Nadia,11,0,attended couples therapy years ago,5,1
52,Nadia,11,0,is White,6,0
52,Nadia,11,0,collects vinyl records,7,0
52,Nadia,11,0,has red hair,8,0
52,Nadia,11,0,is a timid person,9,0
52,Nadia,11,0,enjoys oil painting,10,0
52,Nadia,11,0,went to the emergency room for bruises,11,0
52,Nadia,11,0,did not seek help after the emergency room incident,12,1
52,Nadia,11,0,was scared when Franklin screamed,13,0
52,Nadia,11,0,grabbed the revolver,14,0
52,Nadia,11,0,shot Franklin with the revolver,15,0
53,Julia,1,0,is multiracial,1,0
53,Julia,1,0,has asthma,2,0
53,Julia,1,0,is 19 years old,3,0
53,Julia,1,0,can be sensitive sometimes,4,0
53,Julia,1,0,is female,5,0
53,Julia,1,0,is a college student,6,0
53,Julia,1,0,is a courteous person,7,0
53,Julia,1,0,babysits on the weekends,8,0
53,Julia,1,0,studies psychology,9,0
53,Julia,1,0,enjoys watching TV shows,10,0
53,Julia,1,0,read children's books with Benji,11,0
53,Julia,1,0,picked up her partner's call while filling the bathtub,12,1
53,Julia,1,0,felt hurt after learning about the cheating,13,0
53,Julia,1,0,left the bathroom to talk to her partner,14,1
53,Julia,1,0,sat for a few minutes after hanging up,15,1
53,Edward,2,1,is an experienced driver,1,0
53,Edward,2,1,is 24 years old,2,0
53,Edward,2,1,is a clinical research assistant,3,0
53,Edward,2,1,is an ambitious person,4,0
53,Edward,2,1,is single,5,0
53,Edward,2,1,is White,6,0
53,Edward,2,1,is male,7,0
53,Edward,2,1,enjoys reading science fiction,8,0
53,Edward,2,1,is a studious person,9,0
53,Edward,2,1,enjoys browsing Twitter,10,0
53,Edward,2,1,did not mute phone notifications while driving,11,1
53,Edward,2,1,was not speeding,12,0
53,Edward,2,1,checked that there were no other cars nearby,13,0
53,Edward,2,1,took a peek at the text,14,1
53,Edward,2,1,veered into the cyclist while reading the text,15,1
53,Flora,3,1,is an early riser,1,0
53,Flora,3,1,uses a white cane to guide herself,2,0
53,Flora,3,1,is female,3,0
53,Flora,3,1,is 32 years old,4,0
53,Flora,3,1,is a counselor,5,0
53,Flora,3,1,is legally blind,6,0
53,Flora,3,1,composes music in her free time,7,0
53,Flora,3,1,is an empathetic person,8,0
53,Flora,3,1,is Asian,9,0
53,Flora,3,1,enjoys gardening,10,0
53,Flora,3,1,went to a neighbor's house for dinner,11,0
53,Flora,3,1,used her white cane while walking home,12,0
53,Flora,3,1,did not call for help,13,1
53,Flora,3,1,her white cane slipped between Paul's legs,14,0
53,Flora,3,1,stepped on Paul's torso,15,0
53,Melvin,4,1,has high blood pressure,1,0
53,Melvin,4,1,can be stingy sometimes,2,1
53,Melvin,4,1,is White,3,0
53,Melvin,4,1,is 45 years old,4,0
53,Melvin,4,1,is male,5,0
53,Melvin,4,1,grows corn,6,0
53,Melvin,4,1,has a cheerful personality,7,0
53,Melvin,4,1,grows hay,8,0
53,Melvin,4,1,enjoys listening to rock music,9,0
53,Melvin,4,1,is a farmer,10,0
53,Melvin,4,1,built his barn near the border with Vincent's property,11,0
53,Melvin,4,1,was concerned with hayfires,12,0
53,Melvin,4,1,considered buying hay-drying equipment,13,0
53,Melvin,4,1,met with consultants,14,0
53,Melvin,4,1,decided not to buy hay-drying equipment,15,1
53,Nadia,5,0,collects vinyl records,1,0
53,Nadia,5,0,is White,2,0
53,Nadia,5,0,enjoys oil painting,3,0
53,Nadia,5,0,is a software engineer,4,0
53,Nadia,5,0,is an organized person,5,0
53,Nadia,5,0,is a timid person,6,0
53,Nadia,5,0,has red hair,7,0
53,Nadia,5,0,attended couples therapy years ago,8,0
53,Nadia,5,0,is female,9,0
53,Nadia,5,0,is 34 years old,10,0
53,Nadia,5,0,went to the emergency room for bruises,11,0
53,Nadia,5,0,did not seek help after the emergency room incident,12,1
53,Nadia,5,0,was scared when Franklin screamed,13,0
53,Nadia,5,0,grabbed the revolver,14,1
53,Nadia,5,0,shot Franklin with the revolver,15,0
53,Alfred,6,1,is a veteran,1,0
53,Alfred,6,1,is White,2,0
53,Alfred,6,1,is 68 years old,3,0
53,Alfred,6,1,lives alone,4,0
53,Alfred,6,1,is male,5,0
53,Alfred,6,1,has PTSD,6,1
53,Alfred,6,1,enjoys Italian cuisine,7,0
53,Alfred,6,1,enjoys fishing,8,0
53,Alfred,6,1,has a calm personality,9,0
53,Alfred,6,1,is patriotic,10,0
53,Alfred,6,1,took the subway home,11,0
53,Alfred,6,1,was quiet on the subway,12,0
53,Alfred,6,1,got off at the same stop as Oliver,13,1
53,Alfred,6,1,heard loud drilling and yelling from the construction above,14,1
53,Alfred,6,1,physically attacked Oliver,15,1
53,Darla,7,0,runs a home daycare business,1,0
53,Darla,7,0,has worked with Pamela for many years,2,0
53,Darla,7,0,is nearsighted,3,0
53,Darla,7,0,is 32 years old,4,0
53,Darla,7,0,is Black,5,0
53,Darla,7,0,is female,6,0
53,Darla,7,0,enjoys cooking,7,0
53,Darla,7,0,has an absent-minded personality,8,0
53,Darla,7,0,has a laid-back personality,9,0
53,Darla,7,0,communicates and interacts well with children,10,0
53,Darla,7,0,lives in a tornado-affected area,11,1
53,Darla,7,0,played games with the children,12,0
53,Darla,7,0,played loud upbeat music with the children,13,0
53,Darla,7,0,focused on the children,14,0
53,Darla,7,0,did not hear the tornado sirens,15,1
53,Chris,8,1,is 10 years old,1,0
53,Chris,8,1,is White,2,0
53,Chris,8,1,is a picky eater,3,0
53,Chris,8,1,is male,4,0
53,Chris,8,1,has an average IQ,5,0
53,Chris,8,1,weighs 70 lbs,6,0
53,Chris,8,1,enjoys playing hide-and-seek,7,0
53,Chris,8,1,enjoys swimming,8,0
53,Chris,8,1,admires his father,9,0
53,Chris,8,1,has a curious personality,10,0
53,Chris,8,1,invited friends over to play,11,0
53,Chris,8,1,hid in the hall closet,12,0
53,Chris,8,1,found the key in his father's jacket pocket,13,1
53,Chris,8,1,opened the gun cabinet with the key,14,1
53,Chris,8,1,picked up a pistol to play with,15,1
53,Tristan,9,1,enjoys listening to country music,1,0
53,Tristan,9,1,is extroverted and outgoing,2,0
53,Tristan,9,1,is 43 years old,3,0
53,Tristan,9,1,can be impatient sometimes,4,0
53,Tristan,9,1,is male,5,0
53,Tristan,9,1,can be opinionated sometimes,6,0
53,Tristan,9,1,is Black,7,0
53,Tristan,9,1,has worked for over ten years at the same hospital,8,0
53,Tristan,9,1,is a cardiologist,9,0
53,Tristan,9,1,is Christian,10,0
53,Tristan,9,1,reviewed Annie's medical history and symptoms,11,0
53,Tristan,9,1,checked Annie's vitals,12,0
53,Tristan,9,1,ordered Annie an electrocardiogram (ECG/EKG),13,0
53,Tristan,9,1,did not order any other heart tests,14,1
53,Tristan,9,1,did not order a mammogram,15,0
53,Ava,10,1,often drives Peter to appointments and errands,1,0
53,Ava,10,1,is female,2,0
53,Ava,10,1,is a compassionate person,3,0
53,Ava,10,1,is Native American,4,0
53,Ava,10,1,is an artist,5,0
53,Ava,10,1,is 26 years old,6,0
53,Ava,10,1,regularly drinks coffee,7,0
53,Ava,10,1,enjoys going to music concerts,8,0
53,Ava,10,1,has been friends with Peter for many years,9,0
53,Ava,10,1,has a peanut allergy,10,0
53,Ava,10,1,did her annual car maintenance,11,0
53,Ava,10,1,drove under the speed limit,12,0
53,Ava,10,1,listened to the radio while driving,13,0
53,Ava,10,1,was startled by the deer,14,1
53,Ava,10,1,slammed the brakes after seeing the deer,15,0
53,Qian,11,0,enjoys jazz music,1,0
53,Qian,11,0,is hard-working,2,0
53,Qian,11,0,is 27 years old,3,0
53,Qian,11,0,has a humorous personality,4,0
53,Qian,11,0,enjoys watching sports,5,0
53,Qian,11,0,does not smoke,6,0
53,Qian,11,0,is Asian,7,0
53,Qian,11,0,is a restaurant waiter,8,0
53,Qian,11,0,can be stubborn sometimes,9,0
53,Qian,11,0,is male,10,0
53,Qian,11,0,hung out at the local bar with cousins,11,1
53,Qian,11,0,had several drinks over the course of two hours,12,0
53,Qian,11,0,was angered by Wilson's comments,13,0
53,Qian,11,0,did not talk back to Wilson,14,0
53,Qian,11,0,pushed Wilson to the ground,15,0
54,Nadia,1,0,enjoys oil painting,1,0
54,Nadia,1,0,is an organized person,2,0
54,Nadia,1,0,attended couples therapy years ago,3,0
54,Nadia,1,0,is White,4,0
54,Nadia,1,0,is a software engineer,5,0
54,Nadia,1,0,is 34 years old,6,0
54,Nadia,1,0,collects vinyl records,7,0
54,Nadia,1,0,is a timid person,8,0
54,Nadia,1,0,has red hair,9,0
54,Nadia,1,0,is female,10,0
54,Nadia,1,0,went to the emergency room for bruises,11,0
54,Nadia,1,0,did not seek help after the emergency room incident,12,0
54,Nadia,1,0,was scared when Franklin screamed,13,0
54,Nadia,1,0,grabbed the revolver,14,0
54,Nadia,1,0,shot Franklin with the revolver,15,1
54,Qian,2,0,enjoys jazz music,1,0
54,Qian,2,0,is male,2,0
54,Qian,2,0,is a restaurant waiter,3,0
54,Qian,2,0,can be stubborn sometimes,4,0
54,Qian,2,0,does not smoke,5,0
54,Qian,2,0,is hard-working,6,0
54,Qian,2,0,has a humorous personality,7,0
54,Qian,2,0,enjoys watching sports,8,0
54,Qian,2,0,is Asian,9,0
54,Qian,2,0,is 27 years old,10,0
54,Qian,2,0,hung out at the local bar with cousins,11,0
54,Qian,2,0,had several drinks over the course of two hours,12,0
54,Qian,2,0,was angered by Wilson's comments,13,0
54,Qian,2,0,did not talk back to Wilson,14,0
54,Qian,2,0,pushed Wilson to the ground,15,1
54,Julia,3,0,is a college student,1,0
54,Julia,3,0,is a courteous person,2,0
54,Julia,3,0,is female,3,0
54,Julia,3,0,is 19 years old,4,0
54,Julia,3,0,babysits on the weekends,5,0
54,Julia,3,0,has asthma,6,0
54,Julia,3,0,enjoys watching TV shows,7,0
54,Julia,3,0,studies psychology,8,0
54,Julia,3,0,is multiracial,9,0
54,Julia,3,0,can be sensitive sometimes,10,0
54,Julia,3,0,read children's books with Benji,11,0
54,Julia,3,0,picked up her partner's call while filling the bathtub,12,0
54,Julia,3,0,felt hurt after learning about the cheating,13,0
54,Julia,3,0,left the bathroom to talk to her partner,14,1
54,Julia,3,0,sat for a few minutes after hanging up,15,0
54,Melvin,4,1,has high blood pressure,1,0
54,Melvin,4,1,grows hay,2,0
54,Melvin,4,1,grows corn,3,0
54,Melvin,4,1,is male,4,0
54,Melvin,4,1,is White,5,0
54,Melvin,4,1,can be stingy sometimes,6,0
54,Melvin,4,1,has a cheerful personality,7,0
54,Melvin,4,1,is a farmer,8,0
54,Melvin,4,1,enjoys listening to rock music,9,0
54,Melvin,4,1,is 45 years old,10,0
54,Melvin,4,1,built his barn near the border with Vincent's property,11,0
54,Melvin,4,1,was concerned with hayfires,12,0
54,Melvin,4,1,considered buying hay-drying equipment,13,0
54,Melvin,4,1,met with consultants,14,0
54,Melvin,4,1,decided not to buy hay-drying equipment,15,1
54,Chris,5,1,enjoys swimming,1,0
54,Chris,5,1,has a curious personality,2,0
54,Chris,5,1,is 10 years old,3,0
54,Chris,5,1,weighs 70 lbs,4,0
54,Chris,5,1,is White,5,0
54,Chris,5,1,has an average IQ,6,0
54,Chris,5,1,enjoys playing hide-and-seek,7,0
54,Chris,5,1,is a picky eater,8,0
54,Chris,5,1,is male,9,0
54,Chris,5,1,admires his father,10,0
54,Chris,5,1,invited friends over to play,11,0
54,Chris,5,1,hid in the hall closet,12,0
54,Chris,5,1,found the key in his father's jacket pocket,13,0
54,Chris,5,1,opened the gun cabinet with the key,14,0
54,Chris,5,1,picked up a pistol to play with,15,1
54,Darla,6,0,is female,1,0
54,Darla,6,0,runs a home daycare business,2,0
54,Darla,6,0,has an absent-minded personality,3,0
54,Darla,6,0,is nearsighted,4,0
54,Darla,6,0,is Black,5,0
54,Darla,6,0,enjoys cooking,6,0
54,Darla,6,0,has worked with Pamela for many years,7,0
54,Darla,6,0,has a laid-back personality,8,0
54,Darla,6,0,communicates and interacts well with children,9,0
54,Darla,6,0,is 32 years old,10,0
54,Darla,6,0,lives in a tornado-affected area,11,0
54,Darla,6,0,played games with the children,12,0
54,Darla,6,0,played loud upbeat music with the children,13,0
54,Darla,6,0,focused on the children,14,0
54,Darla,6,0,did not hear the tornado sirens,15,1
54,Alfred,7,1,is male,1,0
54,Alfred,7,1,is a veteran,2,0
54,Alfred,7,1,is patriotic,3,0
54,Alfred,7,1,enjoys Italian cuisine,4,0
54,Alfred,7,1,has PTSD,5,1
54,Alfred,7,1,lives alone,6,0
54,Alfred,7,1,is 68 years old,7,0
54,Alfred,7,1,is White,8,0
54,Alfred,7,1,enjoys fishing,9,0
54,Alfred,7,1,has a calm personality,10,0
54,Alfred,7,1,took the subway home,11,0
54,Alfred,7,1,was quiet on the subway,12,0
54,Alfred,7,1,got off at the same stop as Oliver,13,0
54,Alfred,7,1,heard loud drilling and yelling from the construction above,14,0
54,Alfred,7,1,physically attacked Oliver,15,0
54,Edward,8,1,is male,1,0
54,Edward,8,1,is an ambitious person,2,0
54,Edward,8,1,enjoys reading science fiction,3,0
54,Edward,8,1,is 24 years old,4,0
54,Edward,8,1,is White,5,0
54,Edward,8,1,is single,6,0
54,Edward,8,1,is a studious person,7,0
54,Edward,8,1,enjoys browsing Twitter,8,0
54,Edward,8,1,is an experienced driver,9,0
54,Edward,8,1,is a clinical research assistant,10,0
54,Edward,8,1,did not mute phone notifications while driving,11,0
54,Edward,8,1,was not speeding,12,0
54,Edward,8,1,checked that there were no other cars nearby,13,0
54,Edward,8,1,took a peek at the text,14,1
54,Edward,8,1,veered into the cyclist while reading the text,15,0
54,Flora,9,1,is Asian,1,0
54,Flora,9,1,is 32 years old,2,0
54,Flora,9,1,uses a white cane to guide herself,3,0
54,Flora,9,1,enjoys gardening,4,0
54,Flora,9,1,is a counselor,5,0
54,Flora,9,1,is an early riser,6,0
54,Flora,9,1,is female,7,0
54,Flora,9,1,is an empathetic person,8,0
54,Flora,9,1,is legally blind,9,0
54,Flora,9,1,composes music in her free time,10,0
54,Flora,9,1,went to a neighbor's house for dinner,11,0
54,Flora,9,1,used her white cane while walking home,12,0
54,Flora,9,1,did not call for help,13,1
54,Flora,9,1,her white cane slipped between Paul's legs,14,0
54,Flora,9,1,stepped on Paul's torso,15,0
54,Ava,10,1,is an artist,1,0
54,Ava,10,1,regularly drinks coffee,2,0
54,Ava,10,1,enjoys going to music concerts,3,0
54,Ava,10,1,is Native American,4,0
54,Ava,10,1,has a peanut allergy,5,0
54,Ava,10,1,is a compassionate person,6,0
54,Ava,10,1,has been friends with Peter for many years,7,0
54,Ava,10,1,is female,8,0
54,Ava,10,1,is 26 years old,9,0
54,Ava,10,1,often drives Peter to appointments and errands,10,0
54,Ava,10,1,did her annual car maintenance,11,0
54,Ava,10,1,drove under the speed limit,12,0
54,Ava,10,1,listened to the radio while driving,13,1
54,Ava,10,1,was startled by the deer,14,0
54,Ava,10,1,slammed the brakes after seeing the deer,15,0
54,Tristan,11,1,is 43 years old,1,0
54,Tristan,11,1,is Black,2,0
54,Tristan,11,1,is male,3,0
54,Tristan,11,1,can be opinionated sometimes,4,0
54,Tristan,11,1,is extroverted and outgoing,5,0
54,Tristan,11,1,is Christian,6,0
54,Tristan,11,1,is a cardiologist,7,0
54,Tristan,11,1,enjoys listening to country music,8,0
54,Tristan,11,1,can be impatient sometimes,9,0
54,Tristan,11,1,has worked for over ten years at the same hospital,10,0
54,Tristan,11,1,reviewed Annie's medical history and symptoms,11,0
54,Tristan,11,1,checked Annie's vitals,12,0
54,Tristan,11,1,ordered Annie an electrocardiogram (ECG/EKG),13,0
54,Tristan,11,1,did not order any other heart tests,14,0
54,Tristan,11,1,did not order a mammogram,15,1
