id,story,story_order,attention,feature,feature_order,response
1,Ava,1,1,being female,1,1
1,Ava,1,1,having a peanut allergy,2,1
1,Ava,1,1,being Native American,3,1
1,Ava,1,1,being an artist,4,7
1,Ava,1,1,being friends with Peter for many years,5,5
1,Ava,1,1,enjoying going to music concerts,6,4
1,Ava,1,1,regularly drinking coffee,7,7
1,Ava,1,1,being 26 years old,8,1
1,Ava,1,1,often driving Peter to appointments and errands,9,7
1,Ava,1,1,being a compassionate person,10,7
1,Ava,1,1,doing her annual car maintenance,11,7
1,Ava,1,1,driving under the speed limit,12,7
1,Ava,1,1,listening to the radio while driving,13,7
1,Ava,1,1,being startled by the deer,14,1
1,Ava,1,1,slamming the brakes after seeing the deer,15,3
1,Flora,2,1,using a white cane to guide herself,1,1
1,Flora,2,1,being female,2,1
1,Flora,2,1,being a counselor,3,7
1,Flora,2,1,enjoying gardening,4,7
1,Flora,2,1,being an early riser,5,5
1,Flora,2,1,being Asian,6,1
1,Flora,2,1,being legally blind,7,1
1,Flora,2,1,being 32 years old,8,1
1,Flora,2,1,being an empathetic person,9,7
1,Flora,2,1,composing music in her free time,10,7
1,Flora,2,1,going to a neighbor's house for dinner,11,7
1,Flora,2,1,using her white cane while walking home,12,1
1,Flora,2,1,not calling for help,13,4
1,Flora,2,1,her white cane slipping between Paul's legs,14,1
1,Flora,2,1,stepping on Paul's torso,15,1
1,Darla,3,0,enjoying cooking,1,4
1,Darla,3,0,being nearsighted,2,1
1,Darla,3,0,working with Pamela for many years,3,7
1,Darla,3,0,running a home daycare business,4,7
1,Darla,3,0,being Black,5,1
1,Darla,3,0,being 32 years old,6,1
1,Darla,3,0,communicating and interacting well with children,7,4
1,Darla,3,0,having an absent-minded personality,8,3
1,Darla,3,0,being female,9,1
1,Darla,3,0,having a laid-back personality,10,3
1,Darla,3,0,living in a tornado-affected area,11,7
1,Darla,3,0,playing games with the children,12,7
1,Darla,3,0,playing loud upbeat music with the children,13,7
1,Darla,3,0,focusing on the children,14,7
1,Darla,3,0,not hearing the tornado sirens,15,3
1,Julia,4,0,studying psychology,1,7
1,Julia,4,0,being a college student,2,7
1,Julia,4,0,being sensitive sometimes,3,2
1,Julia,4,0,enjoying watching TV shows,4,6
1,Julia,4,0,being female,5,1
1,Julia,4,0,being 19 years old,6,1
1,Julia,4,0,having asthma,7,1
1,Julia,4,0,being multiracial,8,1
1,Julia,4,0,being a courteous person,9,7
1,Julia,4,0,babysitting on the weekends,10,7
1,Julia,4,0,reading children's books with Benji,11,7
1,Julia,4,0,picking up her partner's call while filling the bathtub,12,7
1,Julia,4,0,feeling hurt after learning about the cheating,13,5
1,Julia,4,0,leaving the bathroom to talk to her partner,14,7
1,Julia,4,0,sitting for a few minutes after hanging up,15,7
1,Edward,5,1,enjoying reading science fiction,1,7
1,Edward,5,1,being an experienced driver,2,5
1,Edward,5,1,being a studious person,3,7
1,Edward,5,1,being male,4,1
1,Edward,5,1,enjoying browsing Twitter,5,7
1,Edward,5,1,being a clinical research assistant,6,7
1,Edward,5,1,being 24 years old,7,1
1,Edward,5,1,being an ambitious person,8,7
1,Edward,5,1,being single,9,5
1,Edward,5,1,being White,10,1
1,Edward,5,1,not muting phone notifications while driving,11,7
1,Edward,5,1,not speeding,12,7
1,Edward,5,1,checking that there were no other cars nearby,13,7
1,Edward,5,1,taking a peek at the text,14,7
1,Edward,5,1,veering into the cyclist while reading the text,15,6
1,Qian,6,0,not smoking,1,7
1,Qian,6,0,being stubborn sometimes,2,4
1,Qian,6,0,being male,3,1
1,Qian,6,0,being hard-working,4,7
1,Qian,6,0,being a restaurant waiter,5,7
1,Qian,6,0,enjoying watching sports,6,6
1,Qian,6,0,being Asian,7,1
1,Qian,6,0,being 27 years old,8,1
1,Qian,6,0,enjoying jazz music,9,3
1,Qian,6,0,having a humorous personality,10,4
1,Qian,6,0,hanging out at the local bar with cousins,11,7
1,Qian,6,0,having several drinks over the course of two hours,12,7
1,Qian,6,0,being angered by Wilson's comments,13,3
1,Qian,6,0,not talking back to Wilson,14,7
1,Qian,6,0,pushing Wilson to the ground,15,7
1,Alfred,7,1,being 68 years old,1,1
1,Alfred,7,1,being a veteran,2,5
1,Alfred,7,1,enjoying fishing,3,5
1,Alfred,7,1,being White,4,1
1,Alfred,7,1,having PTSD,5,1
1,Alfred,7,1,being patriotic,6,6
1,Alfred,7,1,having a calm personality,7,5
1,Alfred,7,1,living alone,8,4
1,Alfred,7,1,being male,9,1
1,Alfred,7,1,enjoying Italian cuisine,10,3
1,Alfred,7,1,taking the subway home,11,6
1,Alfred,7,1,being quiet on the subway,12,4
1,Alfred,7,1,getting off at the same stop as Oliver,13,1
1,Alfred,7,1,hearing loud drilling and yelling from the construction above,14,1
1,Alfred,7,1,physically attacking Oliver,15,5
1,Tristan,8,1,being opinionated sometimes,1,6
1,Tristan,8,1,having worked for over ten years at the same hospital,2,7
1,Tristan,8,1,being 43 years old,3,1
1,Tristan,8,1,being impatient sometimes,4,4
1,Tristan,8,1,being male,5,1
1,Tristan,8,1,being a cardiologist,6,7
1,Tristan,8,1,being Black,7,1
1,Tristan,8,1,enjoying listening to country music,8,3
1,Tristan,8,1,being extroverted and outgoing,9,3
1,Tristan,8,1,being Christian,10,6
1,Tristan,8,1,reviewing Annie's medical history and symptoms,11,7
1,Tristan,8,1,checking Annie's vitals,12,7
1,Tristan,8,1,ordering Annie an electrocardiogram (ECG/EKG),13,7
1,Tristan,8,1,not ordering any other heart tests,14,7
1,Tristan,8,1,not ordering a mammogram,15,7
1,Chris,9,1,being 10 years old,1,1
1,Chris,9,1,having a curious personality,2,2
1,Chris,9,1,having an average IQ,3,1
1,Chris,9,1,being male,4,1
1,Chris,9,1,being White,5,1
1,Chris,9,1,weighing 70 lbs,6,1
1,Chris,9,1,enjoying playing hide-and-seek,7,4
1,Chris,9,1,enjoying swimming,8,4
1,Chris,9,1,admiring his father,9,4
1,Chris,9,1,being a picky eater,10,3
1,Chris,9,1,inviting friends over to play,11,7
1,Chris,9,1,hiding in the hall closet,12,7
1,Chris,9,1,finding the key in his father's jacket pocket,13,1
1,Chris,9,1,opening the gun cabinet with the key,14,7
1,Chris,9,1,picking up a pistol to play with,15,7
1,Melvin,10,1,being stingy sometimes,1,6
1,Melvin,10,1,being 45 years old,2,1
1,Melvin,10,1,having a cheerful personality,3,4
1,Melvin,10,1,being male,4,1
1,Melvin,10,1,growing corn,5,7
1,Melvin,10,1,enjoying listening to rock music,6,6
1,Melvin,10,1,being White,7,1
1,Melvin,10,1,growing hay,8,7
1,Melvin,10,1,having high blood pressure,9,2
1,Melvin,10,1,being a farmer,10,7
1,Melvin,10,1,building his barn near the border with Vincent's property,11,4
1,Melvin,10,1,being concerned with hayfires,12,7
1,Melvin,10,1,considering buying hay-drying equipment,13,7
1,Melvin,10,1,meeting with consultants,14,7
1,Melvin,10,1,deciding not to buy hay-drying equipment,15,7
1,Nadia,11,0,collecting vinyl records,1,7
1,Nadia,11,0,being female,2,1
1,Nadia,11,0,enjoying oil painting,3,4
1,Nadia,11,0,being 34 years old,4,1
1,Nadia,11,0,attending couples therapy years ago,5,7
1,Nadia,11,0,being an organized person,6,7
1,Nadia,11,0,being a timid person,7,2
1,Nadia,11,0,being a software engineer,8,7
1,Nadia,11,0,being White,9,1
1,Nadia,11,0,having red hair,10,1
1,Nadia,11,0,going to the emergency room for bruises,11,3
1,Nadia,11,0,not seeking help after the emergency room incident,12,6
1,Nadia,11,0,being scared when Franklin screamed,13,2
1,Nadia,11,0,grabbing the revolver,14,7
1,Nadia,11,0,shooting Franklin with the revolver,15,7
2,Nadia,1,0,being a software engineer,1,6
2,Nadia,1,0,having red hair,2,3
2,Nadia,1,0,being 34 years old,3,1
2,Nadia,1,0,attending couples therapy years ago,4,6
2,Nadia,1,0,being female,5,1
2,Nadia,1,0,being an organized person,6,6
2,Nadia,1,0,being White,7,1
2,Nadia,1,0,being a timid person,8,2
2,Nadia,1,0,enjoying oil painting,9,4
2,Nadia,1,0,collecting vinyl records,10,6
2,Nadia,1,0,going to the emergency room for bruises,11,4
2,Nadia,1,0,not seeking help after the emergency room incident,12,6
2,Nadia,1,0,being scared when Franklin screamed,13,2
2,Nadia,1,0,grabbing the revolver,14,4
2,Nadia,1,0,shooting Franklin with the revolver,15,4
2,Julia,2,0,babysitting on the weekends,1,6
2,Julia,2,0,being female,2,1
2,Julia,2,0,being a courteous person,3,4
2,Julia,2,0,having asthma,4,4
2,Julia,2,0,being multiracial,5,1
2,Julia,2,0,being 19 years old,6,1
2,Julia,2,0,being sensitive sometimes,7,3
2,Julia,2,0,being a college student,8,6
2,Julia,2,0,studying psychology,9,6
2,Julia,2,0,enjoying watching TV shows,10,5
2,Julia,2,0,reading children's books with Benji,11,5
2,Julia,2,0,picking up her partner's call while filling the bathtub,12,7
2,Julia,2,0,feeling hurt after learning about the cheating,13,4
2,Julia,2,0,leaving the bathroom to talk to her partner,14,7
2,Julia,2,0,sitting for a few minutes after hanging up,15,7
2,Chris,3,1,being a picky eater,1,5
2,Chris,3,1,admiring his father,2,5
2,Chris,3,1,being male,3,1
2,Chris,3,1,having an average IQ,4,5
2,Chris,3,1,being White,5,1
2,Chris,3,1,being 10 years old,6,1
2,Chris,3,1,weighing 70 lbs,7,5
2,Chris,3,1,enjoying swimming,8,5
2,Chris,3,1,having a curious personality,9,4
2,Chris,3,1,enjoying playing hide-and-seek,10,5
2,Chris,3,1,inviting friends over to play,11,6
2,Chris,3,1,hiding in the hall closet,12,6
2,Chris,3,1,finding the key in his father's jacket pocket,13,4
2,Chris,3,1,opening the gun cabinet with the key,14,7
2,Chris,3,1,picking up a pistol to play with,15,7
2,Qian,4,0,being Asian,1,1
2,Qian,4,0,being male,2,1
2,Qian,4,0,being 27 years old,3,1
2,Qian,4,0,enjoying jazz music,4,5
2,Qian,4,0,being hard-working,5,6
2,Qian,4,0,having a humorous personality,6,5
2,Qian,4,0,being stubborn sometimes,7,5
2,Qian,4,0,not smoking,8,7
2,Qian,4,0,enjoying watching sports,9,6
2,Qian,4,0,being a restaurant waiter,10,7
2,Qian,4,0,hanging out at the local bar with cousins,11,7
2,Qian,4,0,having several drinks over the course of two hours,12,7
2,Qian,4,0,being angered by Wilson's comments,13,5
2,Qian,4,0,not talking back to Wilson,14,5
2,Qian,4,0,pushing Wilson to the ground,15,5
2,Tristan,5,1,being opinionated sometimes,1,5
2,Tristan,5,1,being Black,2,1
2,Tristan,5,1,enjoying listening to country music,3,5
2,Tristan,5,1,being extroverted and outgoing,4,5
2,Tristan,5,1,being Christian,5,5
2,Tristan,5,1,being impatient sometimes,6,5
2,Tristan,5,1,being 43 years old,7,1
2,Tristan,5,1,being a cardiologist,8,7
2,Tristan,5,1,having worked for over ten years at the same hospital,9,7
2,Tristan,5,1,being male,10,1
2,Tristan,5,1,reviewing Annie's medical history and symptoms,11,7
2,Tristan,5,1,checking Annie's vitals,12,7
2,Tristan,5,1,ordering Annie an electrocardiogram (ECG/EKG),13,7
2,Tristan,5,1,not ordering any other heart tests,14,7
2,Tristan,5,1,not ordering a mammogram,15,7
2,Ava,6,1,being female,1,1
2,Ava,6,1,being 26 years old,2,1
2,Ava,6,1,often driving Peter to appointments and errands,3,7
2,Ava,6,1,being friends with Peter for many years,4,7
2,Ava,6,1,being Native American,5,1
2,Ava,6,1,regularly drinking coffee,6,6
2,Ava,6,1,enjoying going to music concerts,7,6
2,Ava,6,1,having a peanut allergy,8,1
2,Ava,6,1,being an artist,9,7
2,Ava,6,1,being a compassionate person,10,5
2,Ava,6,1,doing her annual car maintenance,11,7
2,Ava,6,1,driving under the speed limit,12,6
2,Ava,6,1,listening to the radio while driving,13,6
2,Ava,6,1,being startled by the deer,14,5
2,Ava,6,1,slamming the brakes after seeing the deer,15,6
2,Alfred,7,1,being patriotic,1,5
2,Alfred,7,1,having PTSD,2,3
2,Alfred,7,1,being a veteran,3,1
2,Alfred,7,1,having a calm personality,4,4
2,Alfred,7,1,being White,5,1
2,Alfred,7,1,enjoying Italian cuisine,6,5
2,Alfred,7,1,enjoying fishing,7,5
2,Alfred,7,1,living alone,8,5
2,Alfred,7,1,being 68 years old,9,1
2,Alfred,7,1,being male,10,1
2,Alfred,7,1,taking the subway home,11,5
2,Alfred,7,1,being quiet on the subway,12,5
2,Alfred,7,1,getting off at the same stop as Oliver,13,6
2,Alfred,7,1,hearing loud drilling and yelling from the construction above,14,1
2,Alfred,7,1,physically attacking Oliver,15,6
2,Flora,8,1,enjoying gardening,1,5
2,Flora,8,1,being an empathetic person,2,5
2,Flora,8,1,composing music in her free time,3,5
2,Flora,8,1,being an early riser,4,5
2,Flora,8,1,being legally blind,5,1
2,Flora,8,1,being Asian,6,1
2,Flora,8,1,using a white cane to guide herself,7,6
2,Flora,8,1,being 32 years old,8,1
2,Flora,8,1,being a counselor,9,6
2,Flora,8,1,being female,10,1
2,Flora,8,1,going to a neighbor's house for dinner,11,7
2,Flora,8,1,using her white cane while walking home,12,7
2,Flora,8,1,not calling for help,13,6
2,Flora,8,1,her white cane slipping between Paul's legs,14,5
2,Flora,8,1,stepping on Paul's torso,15,6
2,Edward,9,1,being an experienced driver,1,6
2,Edward,9,1,being 24 years old,2,1
2,Edward,9,1,being White,3,1
2,Edward,9,1,being an ambitious person,4,5
2,Edward,9,1,enjoying browsing Twitter,5,5
2,Edward,9,1,being a studious person,6,5
2,Edward,9,1,being male,7,1
2,Edward,9,1,being single,8,6
2,Edward,9,1,enjoying reading science fiction,9,5
2,Edward,9,1,being a clinical research assistant,10,5
2,Edward,9,1,not muting phone notifications while driving,11,7
2,Edward,9,1,not speeding,12,7
2,Edward,9,1,checking that there were no other cars nearby,13,7
2,Edward,9,1,taking a peek at the text,14,7
2,Edward,9,1,veering into the cyclist while reading the text,15,7
2,Melvin,10,1,enjoying listening to rock music,1,5
2,Melvin,10,1,being 45 years old,2,1
2,Melvin,10,1,being a farmer,3,6
2,Melvin,10,1,being White,4,1
2,Melvin,10,1,being stingy sometimes,5,6
2,Melvin,10,1,having high blood pressure,6,5
2,Melvin,10,1,having a cheerful personality,7,5
2,Melvin,10,1,being male,8,1
2,Melvin,10,1,growing corn,9,7
2,Melvin,10,1,growing hay,10,7
2,Melvin,10,1,building his barn near the border with Vincent's property,11,6
2,Melvin,10,1,being concerned with hayfires,12,6
2,Melvin,10,1,considering buying hay-drying equipment,13,7
2,Melvin,10,1,meeting with consultants,14,6
2,Melvin,10,1,deciding not to buy hay-drying equipment,15,7
2,Darla,11,0,communicating and interacting well with children,1,7
2,Darla,11,0,being Black,2,1
2,Darla,11,0,working with Pamela for many years,3,7
2,Darla,11,0,enjoying cooking,4,5
2,Darla,11,0,having a laid-back personality,5,5
2,Darla,11,0,being 32 years old,6,1
2,Darla,11,0,having an absent-minded personality,7,5
2,Darla,11,0,running a home daycare business,8,7
2,Darla,11,0,being nearsighted,9,4
2,Darla,11,0,being female,10,1
2,Darla,11,0,living in a tornado-affected area,11,6
2,Darla,11,0,playing games with the children,12,6
2,Darla,11,0,playing loud upbeat music with the children,13,6
2,Darla,11,0,focusing on the children,14,6
2,Darla,11,0,not hearing the tornado sirens,15,7
3,Qian,1,0,being 27 years old,1,1
3,Qian,1,0,not smoking,2,7
3,Qian,1,0,enjoying jazz music,3,7
3,Qian,1,0,having a humorous personality,4,6
3,Qian,1,0,being stubborn sometimes,5,6
3,Qian,1,0,being hard-working,6,7
3,Qian,1,0,being a restaurant waiter,7,7
3,Qian,1,0,being Asian,8,1
3,Qian,1,0,enjoying watching sports,9,7
3,Qian,1,0,being male,10,1
3,Qian,1,0,hanging out at the local bar with cousins,11,7
3,Qian,1,0,having several drinks over the course of two hours,12,7
3,Qian,1,0,being angered by Wilson's comments,13,7
3,Qian,1,0,not talking back to Wilson,14,7
3,Qian,1,0,pushing Wilson to the ground,15,7
3,Darla,2,0,having an absent-minded personality,1,5
3,Darla,2,0,working with Pamela for many years,2,6
3,Darla,2,0,being female,3,1
3,Darla,2,0,having a laid-back personality,4,5
3,Darla,2,0,being nearsighted,5,1
3,Darla,2,0,running a home daycare business,6,7
3,Darla,2,0,communicating and interacting well with children,7,7
3,Darla,2,0,being Black,8,1
3,Darla,2,0,enjoying cooking,9,7
3,Darla,2,0,being 32 years old,10,1
3,Darla,2,0,living in a tornado-affected area,11,4
3,Darla,2,0,playing games with the children,12,7
3,Darla,2,0,playing loud upbeat music with the children,13,7
3,Darla,2,0,focusing on the children,14,7
3,Darla,2,0,not hearing the tornado sirens,15,5
3,Chris,3,1,weighing 70 lbs,1,4
3,Chris,3,1,being a picky eater,2,6
3,Chris,3,1,being male,3,1
3,Chris,3,1,enjoying swimming,4,6
3,Chris,3,1,having a curious personality,5,6
3,Chris,3,1,being 10 years old,6,1
3,Chris,3,1,having an average IQ,7,1
3,Chris,3,1,admiring his father,8,7
3,Chris,3,1,being White,9,1
3,Chris,3,1,enjoying playing hide-and-seek,10,6
3,Chris,3,1,inviting friends over to play,11,6
3,Chris,3,1,hiding in the hall closet,12,6
3,Chris,3,1,finding the key in his father's jacket pocket,13,5
3,Chris,3,1,opening the gun cabinet with the key,14,7
3,Chris,3,1,picking up a pistol to play with,15,7
3,Melvin,4,1,being a farmer,1,7
3,Melvin,4,1,being White,2,1
3,Melvin,4,1,enjoying listening to rock music,3,7
3,Melvin,4,1,having a cheerful personality,4,7
3,Melvin,4,1,having high blood pressure,5,5
3,Melvin,4,1,being stingy sometimes,6,7
3,Melvin,4,1,being male,7,1
3,Melvin,4,1,growing hay,8,7
3,Melvin,4,1,being 45 years old,9,1
3,Melvin,4,1,growing corn,10,7
3,Melvin,4,1,building his barn near the border with Vincent's property,11,6
3,Melvin,4,1,being concerned with hayfires,12,7
3,Melvin,4,1,considering buying hay-drying equipment,13,7
3,Melvin,4,1,meeting with consultants,14,7
3,Melvin,4,1,deciding not to buy hay-drying equipment,15,7
3,Julia,5,0,being female,1,1
3,Julia,5,0,being multiracial,2,1
3,Julia,5,0,being a courteous person,3,7
3,Julia,5,0,being 19 years old,4,1
3,Julia,5,0,having asthma,5,1
3,Julia,5,0,studying psychology,6,7
3,Julia,5,0,being sensitive sometimes,7,6
3,Julia,5,0,enjoying watching TV shows,8,7
3,Julia,5,0,being a college student,9,7
3,Julia,5,0,babysitting on the weekends,10,7
3,Julia,5,0,reading children's books with Benji,11,7
3,Julia,5,0,picking up her partner's call while filling the bathtub,12,7
3,Julia,5,0,feeling hurt after learning about the cheating,13,7
3,Julia,5,0,leaving the bathroom to talk to her partner,14,7
3,Julia,5,0,sitting for a few minutes after hanging up,15,7
3,Edward,6,1,being a clinical research assistant,1,7
3,Edward,6,1,being a studious person,2,7
3,Edward,6,1,being an ambitious person,3,7
3,Edward,6,1,being single,4,5
3,Edward,6,1,enjoying browsing Twitter,5,7
3,Edward,6,1,being male,6,1
3,Edward,6,1,being 24 years old,7,1
3,Edward,6,1,being White,8,1
3,Edward,6,1,being an experienced driver,9,6
3,Edward,6,1,enjoying reading science fiction,10,7
3,Edward,6,1,not muting phone notifications while driving,11,7
3,Edward,6,1,not speeding,12,7
3,Edward,6,1,checking that there were no other cars nearby,13,7
3,Edward,6,1,taking a peek at the text,14,7
3,Edward,6,1,veering into the cyclist while reading the text,15,6
3,Ava,7,1,being female,1,1
3,Ava,7,1,often driving Peter to appointments and errands,2,7
3,Ava,7,1,having a peanut allergy,3,1
3,Ava,7,1,being a compassionate person,4,7
3,Ava,7,1,being an artist,5,7
3,Ava,7,1,regularly drinking coffee,6,7
3,Ava,7,1,being 26 years old,7,1
3,Ava,7,1,being Native American,8,1
3,Ava,7,1,enjoying going to music concerts,9,7
3,Ava,7,1,being friends with Peter for many years,10,7
3,Ava,7,1,doing her annual car maintenance,11,7
3,Ava,7,1,driving under the speed limit,12,7
3,Ava,7,1,listening to the radio while driving,13,7
3,Ava,7,1,being startled by the deer,14,5
3,Ava,7,1,slamming the brakes after seeing the deer,15,5
3,Flora,8,1,using a white cane to guide herself,1,3
3,Flora,8,1,being female,2,1
3,Flora,8,1,being an early riser,3,7
3,Flora,8,1,being Asian,4,1
3,Flora,8,1,being an empathetic person,5,7
3,Flora,8,1,being 32 years old,6,1
3,Flora,8,1,being a counselor,7,7
3,Flora,8,1,composing music in her free time,8,7
3,Flora,8,1,being legally blind,9,1
3,Flora,8,1,enjoying gardening,10,7
3,Flora,8,1,going to a neighbor's house for dinner,11,7
3,Flora,8,1,using her white cane while walking home,12,5
3,Flora,8,1,not calling for help,13,5
3,Flora,8,1,her white cane slipping between Paul's legs,14,5
3,Flora,8,1,stepping on Paul's torso,15,5
3,Alfred,9,1,living alone,1,5
3,Alfred,9,1,being 68 years old,2,1
3,Alfred,9,1,being patriotic,3,7
3,Alfred,9,1,having a calm personality,4,7
3,Alfred,9,1,being male,5,1
3,Alfred,9,1,being a veteran,6,7
3,Alfred,9,1,enjoying Italian cuisine,7,7
3,Alfred,9,1,having PTSD,8,4
3,Alfred,9,1,being White,9,1
3,Alfred,9,1,enjoying fishing,10,7
3,Alfred,9,1,taking the subway home,11,7
3,Alfred,9,1,being quiet on the subway,12,7
3,Alfred,9,1,getting off at the same stop as Oliver,13,5
3,Alfred,9,1,hearing loud drilling and yelling from the construction above,14,1
3,Alfred,9,1,physically attacking Oliver,15,5
3,Tristan,10,1,being impatient sometimes,1,5
3,Tristan,10,1,enjoying listening to country music,2,7
3,Tristan,10,1,having worked for over ten years at the same hospital,3,7
3,Tristan,10,1,being opinionated sometimes,4,7
3,Tristan,10,1,being a cardiologist,5,7
3,Tristan,10,1,being 43 years old,6,1
3,Tristan,10,1,being Black,7,1
3,Tristan,10,1,being Christian,8,4
3,Tristan,10,1,being male,9,1
3,Tristan,10,1,being extroverted and outgoing,10,7
3,Tristan,10,1,reviewing Annie's medical history and symptoms,11,7
3,Tristan,10,1,checking Annie's vitals,12,7
3,Tristan,10,1,ordering Annie an electrocardiogram (ECG/EKG),13,7
3,Tristan,10,1,not ordering any other heart tests,14,7
3,Tristan,10,1,not ordering a mammogram,15,7
3,Nadia,11,0,being an organized person,1,7
3,Nadia,11,0,being female,2,1
3,Nadia,11,0,being a software engineer,3,7
3,Nadia,11,0,enjoying oil painting,4,7
3,Nadia,11,0,collecting vinyl records,5,7
3,Nadia,11,0,being a timid person,6,5
3,Nadia,11,0,attending couples therapy years ago,7,7
3,Nadia,11,0,being 34 years old,8,1
3,Nadia,11,0,having red hair,9,1
3,Nadia,11,0,being White,10,1
3,Nadia,11,0,going to the emergency room for bruises,11,7
3,Nadia,11,0,not seeking help after the emergency room incident,12,7
3,Nadia,11,0,being scared when Franklin screamed,13,5
3,Nadia,11,0,grabbing the revolver,14,7
3,Nadia,11,0,shooting Franklin with the revolver,15,7
4,Julia,1,0,being multiracial,1,1
4,Julia,1,0,having asthma,2,1
4,Julia,1,0,babysitting on the weekends,3,7
4,Julia,1,0,being sensitive sometimes,4,4
4,Julia,1,0,being a courteous person,5,7
4,Julia,1,0,being 19 years old,6,1
4,Julia,1,0,being a college student,7,4
4,Julia,1,0,studying psychology,8,7
4,Julia,1,0,being female,9,1
4,Julia,1,0,enjoying watching TV shows,10,7
4,Julia,1,0,reading children's books with Benji,11,7
4,Julia,1,0,picking up her partner's call while filling the bathtub,12,7
4,Julia,1,0,feeling hurt after learning about the cheating,13,7
4,Julia,1,0,leaving the bathroom to talk to her partner,14,7
4,Julia,1,0,sitting for a few minutes after hanging up,15,7
4,Ava,2,1,enjoying going to music concerts,1,7
4,Ava,2,1,being female,2,1
4,Ava,2,1,having a peanut allergy,3,1
4,Ava,2,1,being 26 years old,4,1
4,Ava,2,1,being friends with Peter for many years,5,4
4,Ava,2,1,being Native American,6,1
4,Ava,2,1,often driving Peter to appointments and errands,7,6
4,Ava,2,1,being a compassionate person,8,4
4,Ava,2,1,regularly drinking coffee,9,7
4,Ava,2,1,being an artist,10,6
4,Ava,2,1,doing her annual car maintenance,11,7
4,Ava,2,1,driving under the speed limit,12,7
4,Ava,2,1,listening to the radio while driving,13,7
4,Ava,2,1,being startled by the deer,14,2
4,Ava,2,1,slamming the brakes after seeing the deer,15,3
4,Alfred,3,1,being 68 years old,1,1
4,Alfred,3,1,enjoying fishing,2,5
4,Alfred,3,1,having PTSD,3,1
4,Alfred,3,1,being White,4,1
4,Alfred,3,1,being patriotic,5,7
4,Alfred,3,1,living alone,6,6
4,Alfred,3,1,having a calm personality,7,2
4,Alfred,3,1,being male,8,1
4,Alfred,3,1,being a veteran,9,7
4,Alfred,3,1,enjoying Italian cuisine,10,4
4,Alfred,3,1,taking the subway home,11,5
4,Alfred,3,1,being quiet on the subway,12,7
4,Alfred,3,1,getting off at the same stop as Oliver,13,4
4,Alfred,3,1,hearing loud drilling and yelling from the construction above,14,1
4,Alfred,3,1,physically attacking Oliver,15,2
4,Nadia,4,0,being a timid person,1,1
4,Nadia,4,0,having red hair,2,1
4,Nadia,4,0,being female,3,1
4,Nadia,4,0,enjoying oil painting,4,4
4,Nadia,4,0,being an organized person,5,4
4,Nadia,4,0,being 34 years old,6,1
4,Nadia,4,0,being White,7,1
4,Nadia,4,0,attending couples therapy years ago,8,7
4,Nadia,4,0,being a software engineer,9,6
4,Nadia,4,0,collecting vinyl records,10,4
4,Nadia,4,0,going to the emergency room for bruises,11,1
4,Nadia,4,0,not seeking help after the emergency room incident,12,6
4,Nadia,4,0,being scared when Franklin screamed,13,1
4,Nadia,4,0,grabbing the revolver,14,1
4,Nadia,4,0,shooting Franklin with the revolver,15,4
4,Tristan,5,1,enjoying listening to country music,1,7
4,Tristan,5,1,being impatient sometimes,2,6
4,Tristan,5,1,being a cardiologist,3,7
4,Tristan,5,1,being opinionated sometimes,4,7
4,Tristan,5,1,being Christian,5,7
4,Tristan,5,1,being 43 years old,6,1
4,Tristan,5,1,having worked for over ten years at the same hospital,7,6
4,Tristan,5,1,being extroverted and outgoing,8,2
4,Tristan,5,1,being male,9,1
4,Tristan,5,1,being Black,10,1
4,Tristan,5,1,reviewing Annie's medical history and symptoms,11,7
4,Tristan,5,1,checking Annie's vitals,12,7
4,Tristan,5,1,ordering Annie an electrocardiogram (ECG/EKG),13,7
4,Tristan,5,1,not ordering any other heart tests,14,7
4,Tristan,5,1,not ordering a mammogram,15,7
4,Flora,6,1,being a counselor,1,6
4,Flora,6,1,being female,2,1
4,Flora,6,1,being Asian,3,1
4,Flora,6,1,composing music in her free time,4,6
4,Flora,6,1,enjoying gardening,5,5
4,Flora,6,1,being an early riser,6,2
4,Flora,6,1,being legally blind,7,1
4,Flora,6,1,being 32 years old,8,1
4,Flora,6,1,being an empathetic person,9,1
4,Flora,6,1,using a white cane to guide herself,10,1
4,Flora,6,1,going to a neighbor's house for dinner,11,6
4,Flora,6,1,using her white cane while walking home,12,1
4,Flora,6,1,not calling for help,13,5
4,Flora,6,1,her white cane slipping between Paul's legs,14,1
4,Flora,6,1,stepping on Paul's torso,15,1
4,Chris,7,1,being 10 years old,1,1
4,Chris,7,1,enjoying playing hide-and-seek,2,5
4,Chris,7,1,having an average IQ,3,1
4,Chris,7,1,admiring his father,4,1
4,Chris,7,1,having a curious personality,5,1
4,Chris,7,1,weighing 70 lbs,6,3
4,Chris,7,1,enjoying swimming,7,4
4,Chris,7,1,being a picky eater,8,4
4,Chris,7,1,being White,9,1
4,Chris,7,1,being male,10,1
4,Chris,7,1,inviting friends over to play,11,6
4,Chris,7,1,hiding in the hall closet,12,4
4,Chris,7,1,finding the key in his father's jacket pocket,13,5
4,Chris,7,1,opening the gun cabinet with the key,14,7
4,Chris,7,1,picking up a pistol to play with,15,7
4,Qian,8,0,being male,1,1
4,Qian,8,0,being stubborn sometimes,2,4
4,Qian,8,0,enjoying jazz music,3,4
4,Qian,8,0,having a humorous personality,4,3
4,Qian,8,0,not smoking,5,7
4,Qian,8,0,being Asian,6,1
4,Qian,8,0,enjoying watching sports,7,4
4,Qian,8,0,being a restaurant waiter,8,5
4,Qian,8,0,being hard-working,9,6
4,Qian,8,0,being 27 years old,10,1
4,Qian,8,0,hanging out at the local bar with cousins,11,6
4,Qian,8,0,having several drinks over the course of two hours,12,6
4,Qian,8,0,being angered by Wilson's comments,13,7
4,Qian,8,0,not talking back to Wilson,14,6
4,Qian,8,0,pushing Wilson to the ground,15,7
4,Melvin,9,1,having high blood pressure,1,1
4,Melvin,9,1,being White,2,1
4,Melvin,9,1,enjoying listening to rock music,3,4
4,Melvin,9,1,growing corn,4,6
4,Melvin,9,1,growing hay,5,6
4,Melvin,9,1,being male,6,1
4,Melvin,9,1,being a farmer,7,5
4,Melvin,9,1,being 45 years old,8,1
4,Melvin,9,1,having a cheerful personality,9,2
4,Melvin,9,1,being stingy sometimes,10,6
4,Melvin,9,1,building his barn near the border with Vincent's property,11,7
4,Melvin,9,1,being concerned with hayfires,12,7
4,Melvin,9,1,considering buying hay-drying equipment,13,7
4,Melvin,9,1,meeting with consultants,14,7
4,Melvin,9,1,deciding not to buy hay-drying equipment,15,7
4,Edward,10,1,enjoying browsing Twitter,1,7
4,Edward,10,1,being male,2,1
4,Edward,10,1,being 24 years old,3,1
4,Edward,10,1,being an experienced driver,4,7
4,Edward,10,1,being White,5,1
4,Edward,10,1,being single,6,4
4,Edward,10,1,being a clinical research assistant,7,4
4,Edward,10,1,being a studious person,8,7
4,Edward,10,1,being an ambitious person,9,6
4,Edward,10,1,enjoying reading science fiction,10,6
4,Edward,10,1,not muting phone notifications while driving,11,7
4,Edward,10,1,not speeding,12,7
4,Edward,10,1,checking that there were no other cars nearby,13,7
4,Edward,10,1,taking a peek at the text,14,7
4,Edward,10,1,veering into the cyclist while reading the text,15,7
4,Darla,11,0,running a home daycare business,1,7
4,Darla,11,0,being Black,2,1
4,Darla,11,0,having an absent-minded personality,3,2
4,Darla,11,0,being 32 years old,4,1
4,Darla,11,0,being female,5,1
4,Darla,11,0,being nearsighted,6,1
4,Darla,11,0,enjoying cooking,7,4
4,Darla,11,0,working with Pamela for many years,8,4
4,Darla,11,0,having a laid-back personality,9,3
4,Darla,11,0,communicating and interacting well with children,10,7
4,Darla,11,0,living in a tornado-affected area,11,4
4,Darla,11,0,playing games with the children,12,7
4,Darla,11,0,playing loud upbeat music with the children,13,7
4,Darla,11,0,focusing on the children,14,7
4,Darla,11,0,not hearing the tornado sirens,15,7
5,Darla,1,0,being female,1,1
5,Darla,1,0,being 32 years old,2,1
5,Darla,1,0,being nearsighted,3,3
5,Darla,1,0,enjoying cooking,4,6
5,Darla,1,0,working with Pamela for many years,5,5
5,Darla,1,0,running a home daycare business,6,6
5,Darla,1,0,being Black,7,1
5,Darla,1,0,having a laid-back personality,8,2
5,Darla,1,0,communicating and interacting well with children,9,5
5,Darla,1,0,having an absent-minded personality,10,3
5,Darla,1,0,living in a tornado-affected area,11,4
5,Darla,1,0,playing games with the children,12,7
5,Darla,1,0,playing loud upbeat music with the children,13,7
5,Darla,1,0,focusing on the children,14,6
5,Darla,1,0,not hearing the tornado sirens,15,5
5,Melvin,2,1,being 45 years old,1,1
5,Melvin,2,1,being White,2,1
5,Melvin,2,1,being stingy sometimes,3,6
5,Melvin,2,1,growing corn,4,6
5,Melvin,2,1,being male,5,1
5,Melvin,2,1,having high blood pressure,6,4
5,Melvin,2,1,having a cheerful personality,7,5
5,Melvin,2,1,growing hay,8,5
5,Melvin,2,1,being a farmer,9,4
5,Melvin,2,1,enjoying listening to rock music,10,5
5,Melvin,2,1,building his barn near the border with Vincent's property,11,4
5,Melvin,2,1,being concerned with hayfires,12,5
5,Melvin,2,1,considering buying hay-drying equipment,13,6
5,Melvin,2,1,meeting with consultants,14,6
5,Melvin,2,1,deciding not to buy hay-drying equipment,15,6
5,Flora,3,0,being a counselor,1,6
5,Flora,3,0,being 32 years old,2,1
5,Flora,3,0,enjoying gardening,3,6
5,Flora,3,0,being female,4,1
5,Flora,3,0,being Asian,5,1
5,Flora,3,0,using a white cane to guide herself,6,2
5,Flora,3,0,being an early riser,7,5
5,Flora,3,0,being an empathetic person,8,4
5,Flora,3,0,being legally blind,9,1
5,Flora,3,0,composing music in her free time,10,6
5,Flora,3,0,going to a neighbor's house for dinner,11,7
5,Flora,3,0,using her white cane while walking home,12,3
5,Flora,3,0,not calling for help,13,4
5,Flora,3,0,her white cane slipping between Paul's legs,14,3
5,Flora,3,0,stepping on Paul's torso,15,4
5,Qian,4,0,being hard-working,1,5
5,Qian,4,0,having a humorous personality,2,5
5,Qian,4,0,enjoying watching sports,3,5
5,Qian,4,0,being a restaurant waiter,4,5
5,Qian,4,0,being Asian,5,1
5,Qian,4,0,being male,6,1
5,Qian,4,0,enjoying jazz music,7,5
5,Qian,4,0,being 27 years old,8,1
5,Qian,4,0,being stubborn sometimes,9,5
5,Qian,4,0,not smoking,10,7
5,Qian,4,0,hanging out at the local bar with cousins,11,7
5,Qian,4,0,having several drinks over the course of two hours,12,7
5,Qian,4,0,being angered by Wilson's comments,13,6
5,Qian,4,0,not talking back to Wilson,14,6
5,Qian,4,0,pushing Wilson to the ground,15,6
5,Nadia,5,0,attending couples therapy years ago,1,6
5,Nadia,5,0,being a timid person,2,3
5,Nadia,5,0,being female,3,1
5,Nadia,5,0,collecting vinyl records,4,6
5,Nadia,5,0,being 34 years old,5,1
5,Nadia,5,0,being White,6,1
5,Nadia,5,0,being a software engineer,7,5
5,Nadia,5,0,being an organized person,8,5
5,Nadia,5,0,enjoying oil painting,9,4
5,Nadia,5,0,having red hair,10,2
5,Nadia,5,0,going to the emergency room for bruises,11,5
5,Nadia,5,0,not seeking help after the emergency room incident,12,5
5,Nadia,5,0,being scared when Franklin screamed,13,2
5,Nadia,5,0,grabbing the revolver,14,4
5,Nadia,5,0,shooting Franklin with the revolver,15,5
5,Chris,6,1,being White,1,1
5,Chris,6,1,being male,2,1
5,Chris,6,1,having an average IQ,3,1
5,Chris,6,1,being a picky eater,4,3
5,Chris,6,1,being 10 years old,5,1
5,Chris,6,1,enjoying playing hide-and-seek,6,4
5,Chris,6,1,weighing 70 lbs,7,2
5,Chris,6,1,admiring his father,8,4
5,Chris,6,1,having a curious personality,9,3
5,Chris,6,1,enjoying swimming,10,5
5,Chris,6,1,inviting friends over to play,11,5
5,Chris,6,1,hiding in the hall closet,12,6
5,Chris,6,1,finding the key in his father's jacket pocket,13,3
5,Chris,6,1,opening the gun cabinet with the key,14,6
5,Chris,6,1,picking up a pistol to play with,15,6
5,Tristan,7,1,being opinionated sometimes,1,5
5,Tristan,7,1,being extroverted and outgoing,2,3
5,Tristan,7,1,being impatient sometimes,3,5
5,Tristan,7,1,having worked for over ten years at the same hospital,4,5
5,Tristan,7,1,being male,5,1
5,Tristan,7,1,being Christian,6,3
5,Tristan,7,1,being Black,7,1
5,Tristan,7,1,enjoying listening to country music,8,4
5,Tristan,7,1,being 43 years old,9,1
5,Tristan,7,1,being a cardiologist,10,5
5,Tristan,7,1,reviewing Annie's medical history and symptoms,11,6
5,Tristan,7,1,checking Annie's vitals,12,6
5,Tristan,7,1,ordering Annie an electrocardiogram (ECG/EKG),13,6
5,Tristan,7,1,not ordering any other heart tests,14,5
5,Tristan,7,1,not ordering a mammogram,15,6
5,Ava,8,1,having a peanut allergy,1,1
5,Ava,8,1,often driving Peter to appointments and errands,2,6
5,Ava,8,1,being a compassionate person,3,4
5,Ava,8,1,enjoying going to music concerts,4,5
5,Ava,8,1,being friends with Peter for many years,5,5
5,Ava,8,1,being female,6,1
5,Ava,8,1,regularly drinking coffee,7,5
5,Ava,8,1,being Native American,8,1
5,Ava,8,1,being an artist,9,5
5,Ava,8,1,being 26 years old,10,1
5,Ava,8,1,doing her annual car maintenance,11,5
5,Ava,8,1,driving under the speed limit,12,6
5,Ava,8,1,listening to the radio while driving,13,5
5,Ava,8,1,being startled by the deer,14,3
5,Ava,8,1,slamming the brakes after seeing the deer,15,4
5,Alfred,9,1,being patriotic,1,5
5,Alfred,9,1,having PTSD,2,3
5,Alfred,9,1,living alone,3,4
5,Alfred,9,1,being 68 years old,4,1
5,Alfred,9,1,enjoying Italian cuisine,5,4
5,Alfred,9,1,being a veteran,6,5
5,Alfred,9,1,having a calm personality,7,3
5,Alfred,9,1,being male,8,1
5,Alfred,9,1,being White,9,1
5,Alfred,9,1,enjoying fishing,10,5
5,Alfred,9,1,taking the subway home,11,3
5,Alfred,9,1,being quiet on the subway,12,5
5,Alfred,9,1,getting off at the same stop as Oliver,13,3
5,Alfred,9,1,hearing loud drilling and yelling from the construction above,14,2
5,Alfred,9,1,physically attacking Oliver,15,4
5,Julia,10,0,having asthma,1,1
5,Julia,10,0,being female,2,1
5,Julia,10,0,enjoying watching TV shows,3,4
5,Julia,10,0,babysitting on the weekends,4,5
5,Julia,10,0,being a college student,5,3
5,Julia,10,0,being multiracial,6,1
5,Julia,10,0,being sensitive sometimes,7,4
5,Julia,10,0,studying psychology,8,5
5,Julia,10,0,being 19 years old,9,1
5,Julia,10,0,being a courteous person,10,4
5,Julia,10,0,reading children's books with Benji,11,6
5,Julia,10,0,picking up her partner's call while filling the bathtub,12,5
5,Julia,10,0,feeling hurt after learning about the cheating,13,3
5,Julia,10,0,leaving the bathroom to talk to her partner,14,6
5,Julia,10,0,sitting for a few minutes after hanging up,15,6
5,Edward,11,1,being an ambitious person,1,2
5,Edward,11,1,being a clinical research assistant,2,3
5,Edward,11,1,being an experienced driver,3,3
5,Edward,11,1,being White,4,1
5,Edward,11,1,enjoying reading science fiction,5,4
5,Edward,11,1,being a studious person,6,6
5,Edward,11,1,being male,7,1
5,Edward,11,1,being 24 years old,8,1
5,Edward,11,1,enjoying browsing Twitter,9,5
5,Edward,11,1,being single,10,3
5,Edward,11,1,not muting phone notifications while driving,11,5
5,Edward,11,1,not speeding,12,6
5,Edward,11,1,checking that there were no other cars nearby,13,6
5,Edward,11,1,taking a peek at the text,14,6
5,Edward,11,1,veering into the cyclist while reading the text,15,5
6,Flora,1,1,being legally blind,1,1
6,Flora,1,1,being 32 years old,2,1
6,Flora,1,1,being a counselor,3,7
6,Flora,1,1,composing music in her free time,4,7
6,Flora,1,1,being an empathetic person,5,7
6,Flora,1,1,enjoying gardening,6,5
6,Flora,1,1,using a white cane to guide herself,7,2
6,Flora,1,1,being female,8,1
6,Flora,1,1,being Asian,9,1
6,Flora,1,1,being an early riser,10,3
6,Flora,1,1,going to a neighbor's house for dinner,11,7
6,Flora,1,1,using her white cane while walking home,12,3
6,Flora,1,1,not calling for help,13,7
6,Flora,1,1,her white cane slipping between Paul's legs,14,1
6,Flora,1,1,stepping on Paul's torso,15,1
6,Qian,2,0,being stubborn sometimes,1,5
6,Qian,2,0,being hard-working,2,6
6,Qian,2,0,being Asian,3,1
6,Qian,2,0,having a humorous personality,4,4
6,Qian,2,0,being male,5,1
6,Qian,2,0,being a restaurant waiter,6,7
6,Qian,2,0,not smoking,7,7
6,Qian,2,0,being 27 years old,8,1
6,Qian,2,0,enjoying watching sports,9,7
6,Qian,2,0,enjoying jazz music,10,7
6,Qian,2,0,hanging out at the local bar with cousins,11,7
6,Qian,2,0,having several drinks over the course of two hours,12,7
6,Qian,2,0,being angered by Wilson's comments,13,2
6,Qian,2,0,not talking back to Wilson,14,2
6,Qian,2,0,pushing Wilson to the ground,15,7
6,Tristan,3,1,being Black,1,1
6,Tristan,3,1,being Christian,2,7
6,Tristan,3,1,being a cardiologist,3,7
6,Tristan,3,1,being opinionated sometimes,4,3
6,Tristan,3,1,being male,5,1
6,Tristan,3,1,being impatient sometimes,6,4
6,Tristan,3,1,enjoying listening to country music,7,7
6,Tristan,3,1,having worked for over ten years at the same hospital,8,7
6,Tristan,3,1,being 43 years old,9,1
6,Tristan,3,1,being extroverted and outgoing,10,4
6,Tristan,3,1,reviewing Annie's medical history and symptoms,11,7
6,Tristan,3,1,checking Annie's vitals,12,7
6,Tristan,3,1,ordering Annie an electrocardiogram (ECG/EKG),13,7
6,Tristan,3,1,not ordering any other heart tests,14,7
6,Tristan,3,1,not ordering a mammogram,15,7
6,Melvin,4,1,being 45 years old,1,1
6,Melvin,4,1,growing hay,2,4
6,Melvin,4,1,enjoying listening to rock music,3,7
6,Melvin,4,1,being a farmer,4,7
6,Melvin,4,1,having a cheerful personality,5,4
6,Melvin,4,1,growing corn,6,2
6,Melvin,4,1,being male,7,1
6,Melvin,4,1,being stingy sometimes,8,4
6,Melvin,4,1,having high blood pressure,9,1
6,Melvin,4,1,being White,10,1
6,Melvin,4,1,building his barn near the border with Vincent's property,11,7
6,Melvin,4,1,being concerned with hayfires,12,7
6,Melvin,4,1,considering buying hay-drying equipment,13,7
6,Melvin,4,1,meeting with consultants,14,4
6,Melvin,4,1,deciding not to buy hay-drying equipment,15,7
6,Chris,5,1,enjoying playing hide-and-seek,1,7
6,Chris,5,1,being 10 years old,2,1
6,Chris,5,1,having an average IQ,3,1
6,Chris,5,1,enjoying swimming,4,5
6,Chris,5,1,weighing 70 lbs,5,1
6,Chris,5,1,having a curious personality,6,1
6,Chris,5,1,being White,7,1
6,Chris,5,1,being a picky eater,8,5
6,Chris,5,1,being male,9,1
6,Chris,5,1,admiring his father,10,5
6,Chris,5,1,inviting friends over to play,11,7
6,Chris,5,1,hiding in the hall closet,12,7
6,Chris,5,1,finding the key in his father's jacket pocket,13,5
6,Chris,5,1,opening the gun cabinet with the key,14,7
6,Chris,5,1,picking up a pistol to play with,15,7
6,Julia,6,0,being multiracial,1,1
6,Julia,6,0,being a college student,2,7
6,Julia,6,0,being sensitive sometimes,3,1
6,Julia,6,0,being 19 years old,4,1
6,Julia,6,0,babysitting on the weekends,5,6
6,Julia,6,0,studying psychology,6,7
6,Julia,6,0,having asthma,7,1
6,Julia,6,0,enjoying watching TV shows,8,7
6,Julia,6,0,being a courteous person,9,5
6,Julia,6,0,being female,10,1
6,Julia,6,0,reading children's books with Benji,11,7
6,Julia,6,0,picking up her partner's call while filling the bathtub,12,7
6,Julia,6,0,feeling hurt after learning about the cheating,13,7
6,Julia,6,0,leaving the bathroom to talk to her partner,14,7
6,Julia,6,0,sitting for a few minutes after hanging up,15,7
6,Edward,7,1,being a clinical research assistant,1,6
6,Edward,7,1,being 24 years old,2,6
6,Edward,7,1,being a studious person,3,6
6,Edward,7,1,being White,4,6
6,Edward,7,1,being an ambitious person,5,6
6,Edward,7,1,being single,6,6
6,Edward,7,1,enjoying browsing Twitter,7,6
6,Edward,7,1,being an experienced driver,8,6
6,Edward,7,1,being male,9,6
6,Edward,7,1,enjoying reading science fiction,10,6
6,Edward,7,1,not muting phone notifications while driving,11,6
6,Edward,7,1,not speeding,12,2
6,Edward,7,1,checking that there were no other cars nearby,13,6
6,Edward,7,1,taking a peek at the text,14,6
6,Edward,7,1,veering into the cyclist while reading the text,15,6
6,Ava,8,1,regularly drinking coffee,1,2
6,Ava,8,1,often driving Peter to appointments and errands,2,6
6,Ava,8,1,being female,3,6
6,Ava,8,1,being Native American,4,6
6,Ava,8,1,being a compassionate person,5,6
6,Ava,8,1,having a peanut allergy,6,6
6,Ava,8,1,being an artist,7,6
6,Ava,8,1,being friends with Peter for many years,8,6
6,Ava,8,1,being 26 years old,9,6
6,Ava,8,1,enjoying going to music concerts,10,2
6,Ava,8,1,doing her annual car maintenance,11,2
6,Ava,8,1,driving under the speed limit,12,2
6,Ava,8,1,listening to the radio while driving,13,3
6,Ava,8,1,being startled by the deer,14,6
6,Ava,8,1,slamming the brakes after seeing the deer,15,6
6,Darla,9,0,enjoying cooking,1,6
6,Darla,9,0,communicating and interacting well with children,2,6
6,Darla,9,0,being female,3,6
6,Darla,9,0,working with Pamela for many years,4,6
6,Darla,9,0,being Black,5,6
6,Darla,9,0,having an absent-minded personality,6,2
6,Darla,9,0,having a laid-back personality,7,2
6,Darla,9,0,being 32 years old,8,6
6,Darla,9,0,running a home daycare business,9,6
6,Darla,9,0,being nearsighted,10,6
6,Darla,9,0,living in a tornado-affected area,11,6
6,Darla,9,0,playing games with the children,12,6
6,Darla,9,0,playing loud upbeat music with the children,13,6
6,Darla,9,0,focusing on the children,14,6
6,Darla,9,0,not hearing the tornado sirens,15,6
6,Alfred,10,1,being patriotic,1,6
6,Alfred,10,1,being male,2,6
6,Alfred,10,1,having a calm personality,3,6
6,Alfred,10,1,being a veteran,4,6
6,Alfred,10,1,being 68 years old,5,6
6,Alfred,10,1,having PTSD,6,6
6,Alfred,10,1,enjoying Italian cuisine,7,6
6,Alfred,10,1,enjoying fishing,8,6
6,Alfred,10,1,living alone,9,6
6,Alfred,10,1,being White,10,6
6,Alfred,10,1,taking the subway home,11,6
6,Alfred,10,1,being quiet on the subway,12,6
6,Alfred,10,1,getting off at the same stop as Oliver,13,6
6,Alfred,10,1,hearing loud drilling and yelling from the construction above,14,6
6,Alfred,10,1,physically attacking Oliver,15,6
6,Nadia,11,1,having red hair,1,3
6,Nadia,11,1,being an organized person,2,3
6,Nadia,11,1,being female,3,3
6,Nadia,11,1,being a software engineer,4,4
6,Nadia,11,1,enjoying oil painting,5,4
6,Nadia,11,1,attending couples therapy years ago,6,4
6,Nadia,11,1,being 34 years old,7,6
6,Nadia,11,1,being a timid person,8,6
6,Nadia,11,1,collecting vinyl records,9,6
6,Nadia,11,1,being White,10,6
6,Nadia,11,1,going to the emergency room for bruises,11,6
6,Nadia,11,1,not seeking help after the emergency room incident,12,4
6,Nadia,11,1,being scared when Franklin screamed,13,6
6,Nadia,11,1,grabbing the revolver,14,6
6,Nadia,11,1,shooting Franklin with the revolver,15,6
7,Nadia,1,0,being a timid person,1,1
7,Nadia,1,0,being female,2,6
7,Nadia,1,0,being White,3,6
7,Nadia,1,0,attending couples therapy years ago,4,6
7,Nadia,1,0,being 34 years old,5,6
7,Nadia,1,0,being an organized person,6,6
7,Nadia,1,0,having red hair,7,6
7,Nadia,1,0,being a software engineer,8,6
7,Nadia,1,0,enjoying oil painting,9,6
7,Nadia,1,0,collecting vinyl records,10,6
7,Nadia,1,0,going to the emergency room for bruises,11,6
7,Nadia,1,0,not seeking help after the emergency room incident,12,6
7,Nadia,1,0,being scared when Franklin screamed,13,5
7,Nadia,1,0,grabbing the revolver,14,5
7,Nadia,1,0,shooting Franklin with the revolver,15,6
7,Qian,2,0,enjoying jazz music,1,5
7,Qian,2,0,being male,2,4
7,Qian,2,0,being hard-working,3,5
7,Qian,2,0,having a humorous personality,4,4
7,Qian,2,0,being a restaurant waiter,5,4
7,Qian,2,0,being Asian,6,4
7,Qian,2,0,enjoying watching sports,7,4
7,Qian,2,0,not smoking,8,7
7,Qian,2,0,being 27 years old,9,4
7,Qian,2,0,being stubborn sometimes,10,5
7,Qian,2,0,hanging out at the local bar with cousins,11,4
7,Qian,2,0,having several drinks over the course of two hours,12,5
7,Qian,2,0,being angered by Wilson's comments,13,4
7,Qian,2,0,not talking back to Wilson,14,4
7,Qian,2,0,pushing Wilson to the ground,15,5
7,Julia,3,0,being a college student,1,4
7,Julia,3,0,having asthma,2,4
7,Julia,3,0,enjoying watching TV shows,3,5
7,Julia,3,0,being multiracial,4,4
7,Julia,3,0,babysitting on the weekends,5,5
7,Julia,3,0,being sensitive sometimes,6,4
7,Julia,3,0,being a courteous person,7,3
7,Julia,3,0,being female,8,4
7,Julia,3,0,studying psychology,9,5
7,Julia,3,0,being 19 years old,10,5
7,Julia,3,0,reading children's books with Benji,11,4
7,Julia,3,0,picking up her partner's call while filling the bathtub,12,5
7,Julia,3,0,feeling hurt after learning about the cheating,13,4
7,Julia,3,0,leaving the bathroom to talk to her partner,14,5
7,Julia,3,0,sitting for a few minutes after hanging up,15,4
7,Chris,4,0,weighing 70 lbs,1,4
7,Chris,4,0,being 10 years old,2,5
7,Chris,4,0,enjoying playing hide-and-seek,3,4
7,Chris,4,0,admiring his father,4,4
7,Chris,4,0,having an average IQ,5,4
7,Chris,4,0,being White,6,5
7,Chris,4,0,having a curious personality,7,4
7,Chris,4,0,being a picky eater,8,4
7,Chris,4,0,being male,9,5
7,Chris,4,0,enjoying swimming,10,4
7,Chris,4,0,inviting friends over to play,11,4
7,Chris,4,0,hiding in the hall closet,12,4
7,Chris,4,0,finding the key in his father's jacket pocket,13,4
7,Chris,4,0,opening the gun cabinet with the key,14,5
7,Chris,4,0,picking up a pistol to play with,15,4
7,Alfred,5,0,being a veteran,1,4
7,Alfred,5,0,being male,2,3
7,Alfred,5,0,having a calm personality,3,4
7,Alfred,5,0,being 68 years old,4,4
7,Alfred,5,0,having PTSD,5,4
7,Alfred,5,0,living alone,6,5
7,Alfred,5,0,enjoying fishing,7,4
7,Alfred,5,0,enjoying Italian cuisine,8,4
7,Alfred,5,0,being patriotic,9,4
7,Alfred,5,0,being White,10,4
7,Alfred,5,0,taking the subway home,11,4
7,Alfred,5,0,being quiet on the subway,12,4
7,Alfred,5,0,getting off at the same stop as Oliver,13,5
7,Alfred,5,0,hearing loud drilling and yelling from the construction above,14,4
7,Alfred,5,0,physically attacking Oliver,15,5
7,Darla,6,1,communicating and interacting well with children,1,4
7,Darla,6,1,working with Pamela for many years,2,3
7,Darla,6,1,being Black,3,4
7,Darla,6,1,being nearsighted,4,4
7,Darla,6,1,having a laid-back personality,5,4
7,Darla,6,1,being 32 years old,6,5
7,Darla,6,1,enjoying cooking,7,4
7,Darla,6,1,having an absent-minded personality,8,4
7,Darla,6,1,being female,9,4
7,Darla,6,1,running a home daycare business,10,4
7,Darla,6,1,living in a tornado-affected area,11,4
7,Darla,6,1,playing games with the children,12,5
7,Darla,6,1,playing loud upbeat music with the children,13,4
7,Darla,6,1,focusing on the children,14,4
7,Darla,6,1,not hearing the tornado sirens,15,4
7,Tristan,7,0,being a cardiologist,1,5
7,Tristan,7,0,being opinionated sometimes,2,4
7,Tristan,7,0,being Christian,3,4
7,Tristan,7,0,being impatient sometimes,4,5
7,Tristan,7,0,being Black,5,4
7,Tristan,7,0,being extroverted and outgoing,6,5
7,Tristan,7,0,having worked for over ten years at the same hospital,7,4
7,Tristan,7,0,enjoying listening to country music,8,4
7,Tristan,7,0,being male,9,5
7,Tristan,7,0,being 43 years old,10,4
7,Tristan,7,0,reviewing Annie's medical history and symptoms,11,5
7,Tristan,7,0,checking Annie's vitals,12,4
7,Tristan,7,0,ordering Annie an electrocardiogram (ECG/EKG),13,5
7,Tristan,7,0,not ordering any other heart tests,14,4
7,Tristan,7,0,not ordering a mammogram,15,5
7,Ava,8,0,being female,1,4
7,Ava,8,0,enjoying going to music concerts,2,5
7,Ava,8,0,having a peanut allergy,3,4
7,Ava,8,0,regularly drinking coffee,4,5
7,Ava,8,0,being 26 years old,5,4
7,Ava,8,0,being a compassionate person,6,5
7,Ava,8,0,often driving Peter to appointments and errands,7,4
7,Ava,8,0,being friends with Peter for many years,8,5
7,Ava,8,0,being an artist,9,4
7,Ava,8,0,being Native American,10,4
7,Ava,8,0,doing her annual car maintenance,11,4
7,Ava,8,0,driving under the speed limit,12,5
7,Ava,8,0,listening to the radio while driving,13,4
7,Ava,8,0,being startled by the deer,14,5
7,Ava,8,0,slamming the brakes after seeing the deer,15,4
7,Edward,9,0,enjoying reading science fiction,1,4
7,Edward,9,0,being 24 years old,2,5
7,Edward,9,0,being an ambitious person,3,4
7,Edward,9,0,enjoying browsing Twitter,4,5
7,Edward,9,0,being male,5,4
7,Edward,9,0,being an experienced driver,6,5
7,Edward,9,0,being a clinical research assistant,7,4
7,Edward,9,0,being White,8,5
7,Edward,9,0,being single,9,4
7,Edward,9,0,being a studious person,10,5
7,Edward,9,0,not muting phone notifications while driving,11,4
7,Edward,9,0,not speeding,12,5
7,Edward,9,0,checking that there were no other cars nearby,13,4
7,Edward,9,0,taking a peek at the text,14,4
7,Edward,9,0,veering into the cyclist while reading the text,15,5
7,Melvin,10,0,being male,1,5
7,Melvin,10,0,growing corn,2,4
7,Melvin,10,0,having a cheerful personality,3,5
7,Melvin,10,0,enjoying listening to rock music,4,4
7,Melvin,10,0,being stingy sometimes,5,5
7,Melvin,10,0,growing hay,6,5
7,Melvin,10,0,having high blood pressure,7,4
7,Melvin,10,0,being a farmer,8,4
7,Melvin,10,0,being 45 years old,9,5
7,Melvin,10,0,being White,10,5
7,Melvin,10,0,building his barn near the border with Vincent's property,11,5
7,Melvin,10,0,being concerned with hayfires,12,4
7,Melvin,10,0,considering buying hay-drying equipment,13,4
7,Melvin,10,0,meeting with consultants,14,4
7,Melvin,10,0,deciding not to buy hay-drying equipment,15,5
7,Flora,11,0,being female,1,5
7,Flora,11,0,enjoying gardening,2,4
7,Flora,11,0,being 32 years old,3,5
7,Flora,11,0,using a white cane to guide herself,4,4
7,Flora,11,0,being legally blind,5,5
7,Flora,11,0,being an empathetic person,6,5
7,Flora,11,0,composing music in her free time,7,4
7,Flora,11,0,being an early riser,8,5
7,Flora,11,0,being Asian,9,4
7,Flora,11,0,being a counselor,10,5
7,Flora,11,0,going to a neighbor's house for dinner,11,4
7,Flora,11,0,using her white cane while walking home,12,5
7,Flora,11,0,not calling for help,13,4
7,Flora,11,0,her white cane slipping between Paul's legs,14,5
7,Flora,11,0,stepping on Paul's torso,15,4
8,Ava,1,1,being Native American,1,1
8,Ava,1,1,regularly drinking coffee,2,7
8,Ava,1,1,having a peanut allergy,3,1
8,Ava,1,1,enjoying going to music concerts,4,6
8,Ava,1,1,being an artist,5,7
8,Ava,1,1,being 26 years old,6,1
8,Ava,1,1,being friends with Peter for many years,7,7
8,Ava,1,1,often driving Peter to appointments and errands,8,7
8,Ava,1,1,being a compassionate person,9,4
8,Ava,1,1,being female,10,1
8,Ava,1,1,doing her annual car maintenance,11,7
8,Ava,1,1,driving under the speed limit,12,7
8,Ava,1,1,listening to the radio while driving,13,7
8,Ava,1,1,being startled by the deer,14,7
8,Ava,1,1,slamming the brakes after seeing the deer,15,7
8,Nadia,2,0,enjoying oil painting,1,2
8,Nadia,2,0,being a software engineer,2,7
8,Nadia,2,0,collecting vinyl records,3,7
8,Nadia,2,0,attending couples therapy years ago,4,7
8,Nadia,2,0,being an organized person,5,2
8,Nadia,2,0,being 34 years old,6,1
8,Nadia,2,0,being female,7,1
8,Nadia,2,0,being White,8,1
8,Nadia,2,0,being a timid person,9,2
8,Nadia,2,0,having red hair,10,3
8,Nadia,2,0,going to the emergency room for bruises,11,6
8,Nadia,2,0,not seeking help after the emergency room incident,12,3
8,Nadia,2,0,being scared when Franklin screamed,13,3
8,Nadia,2,0,grabbing the revolver,14,6
8,Nadia,2,0,shooting Franklin with the revolver,15,7
8,Chris,3,1,admiring his father,1,5
8,Chris,3,1,weighing 70 lbs,2,2
8,Chris,3,1,being White,3,1
8,Chris,3,1,being a picky eater,4,2
8,Chris,3,1,enjoying playing hide-and-seek,5,3
8,Chris,3,1,being 10 years old,6,1
8,Chris,3,1,having a curious personality,7,5
8,Chris,3,1,having an average IQ,8,4
8,Chris,3,1,being male,9,1
8,Chris,3,1,enjoying swimming,10,3
8,Chris,3,1,inviting friends over to play,11,7
8,Chris,3,1,hiding in the hall closet,12,7
8,Chris,3,1,finding the key in his father's jacket pocket,13,7
8,Chris,3,1,opening the gun cabinet with the key,14,7
8,Chris,3,1,picking up a pistol to play with,15,7
8,Darla,4,0,being nearsighted,1,1
8,Darla,4,0,being female,2,1
8,Darla,4,0,having an absent-minded personality,3,3
8,Darla,4,0,being Black,4,1
8,Darla,4,0,having a laid-back personality,5,3
8,Darla,4,0,being 32 years old,6,1
8,Darla,4,0,communicating and interacting well with children,7,5
8,Darla,4,0,running a home daycare business,8,7
8,Darla,4,0,enjoying cooking,9,3
8,Darla,4,0,working with Pamela for many years,10,7
8,Darla,4,0,living in a tornado-affected area,11,7
8,Darla,4,0,playing games with the children,12,7
8,Darla,4,0,playing loud upbeat music with the children,13,7
8,Darla,4,0,focusing on the children,14,7
8,Darla,4,0,not hearing the tornado sirens,15,7
8,Flora,5,1,being 32 years old,1,1
8,Flora,5,1,being a counselor,2,7
8,Flora,5,1,being Asian,3,1
8,Flora,5,1,enjoying gardening,4,3
8,Flora,5,1,being legally blind,5,1
8,Flora,5,1,being an empathetic person,6,2
8,Flora,5,1,being female,7,1
8,Flora,5,1,composing music in her free time,8,7
8,Flora,5,1,being an early riser,9,5
8,Flora,5,1,using a white cane to guide herself,10,7
8,Flora,5,1,going to a neighbor's house for dinner,11,7
8,Flora,5,1,using her white cane while walking home,12,7
8,Flora,5,1,not calling for help,13,7
8,Flora,5,1,her white cane slipping between Paul's legs,14,2
8,Flora,5,1,stepping on Paul's torso,15,3
8,Tristan,6,1,being impatient sometimes,1,5
8,Tristan,6,1,being 43 years old,2,1
8,Tristan,6,1,being opinionated sometimes,3,3
8,Tristan,6,1,enjoying listening to country music,4,4
8,Tristan,6,1,being Christian,5,7
8,Tristan,6,1,having worked for over ten years at the same hospital,6,7
8,Tristan,6,1,being a cardiologist,7,7
8,Tristan,6,1,being male,8,1
8,Tristan,6,1,being extroverted and outgoing,9,4
8,Tristan,6,1,being Black,10,1
8,Tristan,6,1,reviewing Annie's medical history and symptoms,11,7
8,Tristan,6,1,checking Annie's vitals,12,7
8,Tristan,6,1,ordering Annie an electrocardiogram (ECG/EKG),13,7
8,Tristan,6,1,not ordering any other heart tests,14,7
8,Tristan,6,1,not ordering a mammogram,15,7
8,Qian,7,0,being hard-working,1,4
8,Qian,7,0,not smoking,2,7
8,Qian,7,0,being 27 years old,3,1
8,Qian,7,0,having a humorous personality,4,3
8,Qian,7,0,being a restaurant waiter,5,7
8,Qian,7,0,being male,6,1
8,Qian,7,0,being Asian,7,1
8,Qian,7,0,enjoying watching sports,8,3
8,Qian,7,0,being stubborn sometimes,9,6
8,Qian,7,0,enjoying jazz music,10,4
8,Qian,7,0,hanging out at the local bar with cousins,11,7
8,Qian,7,0,having several drinks over the course of two hours,12,7
8,Qian,7,0,being angered by Wilson's comments,13,7
8,Qian,7,0,not talking back to Wilson,14,7
8,Qian,7,0,pushing Wilson to the ground,15,7
8,Julia,8,0,being a courteous person,1,5
8,Julia,8,0,studying psychology,2,7
8,Julia,8,0,being 19 years old,3,1
8,Julia,8,0,babysitting on the weekends,4,7
8,Julia,8,0,being sensitive sometimes,5,5
8,Julia,8,0,enjoying watching TV shows,6,5
8,Julia,8,0,being a college student,7,7
8,Julia,8,0,being multiracial,8,1
8,Julia,8,0,being female,9,1
8,Julia,8,0,having asthma,10,1
8,Julia,8,0,reading children's books with Benji,11,7
8,Julia,8,0,picking up her partner's call while filling the bathtub,12,7
8,Julia,8,0,feeling hurt after learning about the cheating,13,6
8,Julia,8,0,leaving the bathroom to talk to her partner,14,7
8,Julia,8,0,sitting for a few minutes after hanging up,15,7
8,Alfred,9,1,enjoying fishing,1,6
8,Alfred,9,1,enjoying Italian cuisine,2,6
8,Alfred,9,1,being male,3,1
8,Alfred,9,1,living alone,4,5
8,Alfred,9,1,having PTSD,5,1
8,Alfred,9,1,being patriotic,6,7
8,Alfred,9,1,being a veteran,7,7
8,Alfred,9,1,being White,8,1
8,Alfred,9,1,being 68 years old,9,1
8,Alfred,9,1,having a calm personality,10,4
8,Alfred,9,1,taking the subway home,11,7
8,Alfred,9,1,being quiet on the subway,12,5
8,Alfred,9,1,getting off at the same stop as Oliver,13,7
8,Alfred,9,1,hearing loud drilling and yelling from the construction above,14,1
8,Alfred,9,1,physically attacking Oliver,15,3
8,Edward,10,1,enjoying reading science fiction,1,4
8,Edward,10,1,being single,2,4
8,Edward,10,1,enjoying browsing Twitter,3,4
8,Edward,10,1,being an experienced driver,4,7
8,Edward,10,1,being a clinical research assistant,5,7
8,Edward,10,1,being White,6,1
8,Edward,10,1,being an ambitious person,7,4
8,Edward,10,1,being 24 years old,8,1
8,Edward,10,1,being a studious person,9,5
8,Edward,10,1,being male,10,1
8,Edward,10,1,not muting phone notifications while driving,11,7
8,Edward,10,1,not speeding,12,7
8,Edward,10,1,checking that there were no other cars nearby,13,7
8,Edward,10,1,taking a peek at the text,14,7
8,Edward,10,1,veering into the cyclist while reading the text,15,7
8,Melvin,11,1,being 45 years old,1,1
8,Melvin,11,1,enjoying listening to rock music,2,4
8,Melvin,11,1,growing corn,3,7
8,Melvin,11,1,having a cheerful personality,4,4
8,Melvin,11,1,having high blood pressure,5,5
8,Melvin,11,1,being White,6,1
8,Melvin,11,1,growing hay,7,7
8,Melvin,11,1,being stingy sometimes,8,7
8,Melvin,11,1,being male,9,1
8,Melvin,11,1,being a farmer,10,7
8,Melvin,11,1,building his barn near the border with Vincent's property,11,7
8,Melvin,11,1,being concerned with hayfires,12,7
8,Melvin,11,1,considering buying hay-drying equipment,13,7
8,Melvin,11,1,meeting with consultants,14,7
8,Melvin,11,1,deciding not to buy hay-drying equipment,15,7
9,Nadia,1,0,enjoying oil painting,1,5
9,Nadia,1,0,having red hair,2,3
9,Nadia,1,0,being a timid person,3,2
9,Nadia,1,0,being 34 years old,4,1
9,Nadia,1,0,being White,5,1
9,Nadia,1,0,collecting vinyl records,6,5
9,Nadia,1,0,being an organized person,7,3
9,Nadia,1,0,attending couples therapy years ago,8,5
9,Nadia,1,0,being female,9,2
9,Nadia,1,0,being a software engineer,10,5
9,Nadia,1,0,going to the emergency room for bruises,11,3
9,Nadia,1,0,not seeking help after the emergency room incident,12,6
9,Nadia,1,0,being scared when Franklin screamed,13,2
9,Nadia,1,0,grabbing the revolver,14,5
9,Nadia,1,0,shooting Franklin with the revolver,15,4
9,Chris,2,1,having an average IQ,1,3
9,Chris,2,1,enjoying playing hide-and-seek,2,6
9,Chris,2,1,being a picky eater,3,6
9,Chris,2,1,being White,4,1
9,Chris,2,1,admiring his father,5,6
9,Chris,2,1,weighing 70 lbs,6,3
9,Chris,2,1,having a curious personality,7,2
9,Chris,2,1,enjoying swimming,8,3
9,Chris,2,1,being male,9,2
9,Chris,2,1,being 10 years old,10,1
9,Chris,2,1,inviting friends over to play,11,5
9,Chris,2,1,hiding in the hall closet,12,6
9,Chris,2,1,finding the key in his father's jacket pocket,13,7
9,Chris,2,1,opening the gun cabinet with the key,14,7
9,Chris,2,1,picking up a pistol to play with,15,7
9,Darla,3,0,enjoying cooking,1,6
9,Darla,3,0,being Black,2,1
9,Darla,3,0,working with Pamela for many years,3,6
9,Darla,3,0,being nearsighted,4,2
9,Darla,3,0,running a home daycare business,5,6
9,Darla,3,0,being 32 years old,6,1
9,Darla,3,0,being female,7,2
9,Darla,3,0,having an absent-minded personality,8,3
9,Darla,3,0,communicating and interacting well with children,9,6
9,Darla,3,0,having a laid-back personality,10,3
9,Darla,3,0,living in a tornado-affected area,11,5
9,Darla,3,0,playing games with the children,12,6
9,Darla,3,0,playing loud upbeat music with the children,13,6
9,Darla,3,0,focusing on the children,14,6
9,Darla,3,0,not hearing the tornado sirens,15,2
9,Julia,4,0,being multiracial,1,1
9,Julia,4,0,having asthma,2,1
9,Julia,4,0,being 19 years old,3,1
9,Julia,4,0,being a courteous person,4,4
9,Julia,4,0,babysitting on the weekends,5,7
9,Julia,4,0,studying psychology,6,6
9,Julia,4,0,being female,7,2
9,Julia,4,0,being sensitive sometimes,8,4
9,Julia,4,0,being a college student,9,6
9,Julia,4,0,enjoying watching TV shows,10,6
9,Julia,4,0,reading children's books with Benji,11,6
9,Julia,4,0,picking up her partner's call while filling the bathtub,12,7
9,Julia,4,0,feeling hurt after learning about the cheating,13,6
9,Julia,4,0,leaving the bathroom to talk to her partner,14,7
9,Julia,4,0,sitting for a few minutes after hanging up,15,7
9,Qian,5,0,enjoying jazz music,1,6
9,Qian,5,0,not smoking,2,7
9,Qian,5,0,having a humorous personality,3,6
9,Qian,5,0,being a restaurant waiter,4,7
9,Qian,5,0,being 27 years old,5,1
9,Qian,5,0,being hard-working,6,6
9,Qian,5,0,enjoying watching sports,7,6
9,Qian,5,0,being stubborn sometimes,8,5
9,Qian,5,0,being Asian,9,1
9,Qian,5,0,being male,10,2
9,Qian,5,0,hanging out at the local bar with cousins,11,7
9,Qian,5,0,having several drinks over the course of two hours,12,7
9,Qian,5,0,being angered by Wilson's comments,13,6
9,Qian,5,0,not talking back to Wilson,14,6
9,Qian,5,0,pushing Wilson to the ground,15,7
9,Melvin,6,1,being stingy sometimes,1,6
9,Melvin,6,1,being White,2,1
9,Melvin,6,1,being male,3,2
9,Melvin,6,1,having a cheerful personality,4,5
9,Melvin,6,1,growing corn,5,7
9,Melvin,6,1,being a farmer,6,7
9,Melvin,6,1,enjoying listening to rock music,7,6
9,Melvin,6,1,being 45 years old,8,1
9,Melvin,6,1,growing hay,9,7
9,Melvin,6,1,having high blood pressure,10,5
9,Melvin,6,1,building his barn near the border with Vincent's property,11,7
9,Melvin,6,1,being concerned with hayfires,12,6
9,Melvin,6,1,considering buying hay-drying equipment,13,7
9,Melvin,6,1,meeting with consultants,14,7
9,Melvin,6,1,deciding not to buy hay-drying equipment,15,7
9,Edward,7,1,being a studious person,1,6
9,Edward,7,1,being a clinical research assistant,2,7
9,Edward,7,1,being male,3,2
9,Edward,7,1,enjoying browsing Twitter,4,7
9,Edward,7,1,being 24 years old,5,1
9,Edward,7,1,being an ambitious person,6,6
9,Edward,7,1,being single,7,5
9,Edward,7,1,enjoying reading science fiction,8,6
9,Edward,7,1,being an experienced driver,9,6
9,Edward,7,1,being White,10,1
9,Edward,7,1,not muting phone notifications while driving,11,7
9,Edward,7,1,not speeding,12,7
9,Edward,7,1,checking that there were no other cars nearby,13,7
9,Edward,7,1,taking a peek at the text,14,7
9,Edward,7,1,veering into the cyclist while reading the text,15,7
9,Flora,8,1,being an early riser,1,5
9,Flora,8,1,using a white cane to guide herself,2,6
9,Flora,8,1,being 32 years old,3,1
9,Flora,8,1,being Asian,4,1
9,Flora,8,1,enjoying gardening,5,6
9,Flora,8,1,being an empathetic person,6,5
9,Flora,8,1,composing music in her free time,7,6
9,Flora,8,1,being female,8,2
9,Flora,8,1,being a counselor,9,7
9,Flora,8,1,being legally blind,10,1
9,Flora,8,1,going to a neighbor's house for dinner,11,7
9,Flora,8,1,using her white cane while walking home,12,5
9,Flora,8,1,not calling for help,13,6
9,Flora,8,1,her white cane slipping between Paul's legs,14,3
9,Flora,8,1,stepping on Paul's torso,15,4
9,Ava,9,1,enjoying going to music concerts,1,6
9,Ava,9,1,often driving Peter to appointments and errands,2,7
9,Ava,9,1,being friends with Peter for many years,3,7
9,Ava,9,1,being 26 years old,4,1
9,Ava,9,1,regularly drinking coffee,5,7
9,Ava,9,1,being an artist,6,6
9,Ava,9,1,being female,7,2
9,Ava,9,1,being a compassionate person,8,6
9,Ava,9,1,being Native American,9,1
9,Ava,9,1,having a peanut allergy,10,1
9,Ava,9,1,doing her annual car maintenance,11,7
9,Ava,9,1,driving under the speed limit,12,7
9,Ava,9,1,listening to the radio while driving,13,7
9,Ava,9,1,being startled by the deer,14,6
9,Ava,9,1,slamming the brakes after seeing the deer,15,5
9,Tristan,10,1,being Christian,1,6
9,Tristan,10,1,being extroverted and outgoing,2,6
9,Tristan,10,1,being opinionated sometimes,3,6
9,Tristan,10,1,enjoying listening to country music,4,7
9,Tristan,10,1,having worked for over ten years at the same hospital,5,6
9,Tristan,10,1,being male,6,2
9,Tristan,10,1,being impatient sometimes,7,6
9,Tristan,10,1,being a cardiologist,8,7
9,Tristan,10,1,being Black,9,1
9,Tristan,10,1,being 43 years old,10,1
9,Tristan,10,1,reviewing Annie's medical history and symptoms,11,7
9,Tristan,10,1,checking Annie's vitals,12,7
9,Tristan,10,1,ordering Annie an electrocardiogram (ECG/EKG),13,7
9,Tristan,10,1,not ordering any other heart tests,14,7
9,Tristan,10,1,not ordering a mammogram,15,7
9,Alfred,11,1,being patriotic,1,7
9,Alfred,11,1,living alone,2,6
9,Alfred,11,1,having PTSD,3,3
9,Alfred,11,1,being 68 years old,4,1
9,Alfred,11,1,being a veteran,5,6
9,Alfred,11,1,having a calm personality,6,6
9,Alfred,11,1,enjoying fishing,7,7
9,Alfred,11,1,enjoying Italian cuisine,8,6
9,Alfred,11,1,being White,9,1
9,Alfred,11,1,being male,10,2
9,Alfred,11,1,taking the subway home,11,7
9,Alfred,11,1,being quiet on the subway,12,7
9,Alfred,11,1,getting off at the same stop as Oliver,13,6
9,Alfred,11,1,hearing loud drilling and yelling from the construction above,14,4
9,Alfred,11,1,physically attacking Oliver,15,7
10,Qian,1,0,being stubborn sometimes,1,6
10,Qian,1,0,being male,2,1
10,Qian,1,0,enjoying jazz music,3,5
10,Qian,1,0,enjoying watching sports,4,5
10,Qian,1,0,being a restaurant waiter,5,6
10,Qian,1,0,having a humorous personality,6,6
10,Qian,1,0,being hard-working,7,6
10,Qian,1,0,being 27 years old,8,1
10,Qian,1,0,not smoking,9,7
10,Qian,1,0,being Asian,10,1
10,Qian,1,0,hanging out at the local bar with cousins,11,6
10,Qian,1,0,having several drinks over the course of two hours,12,7
10,Qian,1,0,being angered by Wilson's comments,13,4
10,Qian,1,0,not talking back to Wilson,14,5
10,Qian,1,0,pushing Wilson to the ground,15,6
10,Nadia,2,0,being White,1,1
10,Nadia,2,0,being a timid person,2,3
10,Nadia,2,0,having red hair,3,4
10,Nadia,2,0,attending couples therapy years ago,4,7
10,Nadia,2,0,being an organized person,5,5
10,Nadia,2,0,being 34 years old,6,1
10,Nadia,2,0,being a software engineer,7,6
10,Nadia,2,0,being female,8,1
10,Nadia,2,0,collecting vinyl records,9,6
10,Nadia,2,0,enjoying oil painting,10,6
10,Nadia,2,0,going to the emergency room for bruises,11,7
10,Nadia,2,0,not seeking help after the emergency room incident,12,7
10,Nadia,2,0,being scared when Franklin screamed,13,1
10,Nadia,2,0,grabbing the revolver,14,5
10,Nadia,2,0,shooting Franklin with the revolver,15,5
10,Tristan,3,1,being 43 years old,1,1
10,Tristan,3,1,being male,2,1
10,Tristan,3,1,being Christian,3,5
10,Tristan,3,1,being opinionated sometimes,4,6
10,Tristan,3,1,enjoying listening to country music,5,6
10,Tristan,3,1,being Black,6,1
10,Tristan,3,1,being extroverted and outgoing,7,5
10,Tristan,3,1,having worked for over ten years at the same hospital,8,7
10,Tristan,3,1,being impatient sometimes,9,6
10,Tristan,3,1,being a cardiologist,10,7
10,Tristan,3,1,reviewing Annie's medical history and symptoms,11,7
10,Tristan,3,1,checking Annie's vitals,12,7
10,Tristan,3,1,ordering Annie an electrocardiogram (ECG/EKG),13,7
10,Tristan,3,1,not ordering any other heart tests,14,7
10,Tristan,3,1,not ordering a mammogram,15,7
10,Melvin,4,1,having high blood pressure,1,6
10,Melvin,4,1,being 45 years old,2,1
10,Melvin,4,1,being White,3,1
10,Melvin,4,1,being stingy sometimes,4,6
10,Melvin,4,1,having a cheerful personality,5,6
10,Melvin,4,1,growing hay,6,7
10,Melvin,4,1,growing corn,7,7
10,Melvin,4,1,being male,8,1
10,Melvin,4,1,being a farmer,9,5
10,Melvin,4,1,enjoying listening to rock music,10,6
10,Melvin,4,1,building his barn near the border with Vincent's property,11,7
10,Melvin,4,1,being concerned with hayfires,12,5
10,Melvin,4,1,considering buying hay-drying equipment,13,7
10,Melvin,4,1,meeting with consultants,14,7
10,Melvin,4,1,deciding not to buy hay-drying equipment,15,7
10,Alfred,5,1,being male,1,1
10,Alfred,5,1,being White,2,1
10,Alfred,5,1,having a calm personality,3,5
10,Alfred,5,1,being 68 years old,4,1
10,Alfred,5,1,enjoying fishing,5,6
10,Alfred,5,1,being a veteran,6,4
10,Alfred,5,1,being patriotic,7,5
10,Alfred,5,1,living alone,8,6
10,Alfred,5,1,having PTSD,9,2
10,Alfred,5,1,enjoying Italian cuisine,10,6
10,Alfred,5,1,taking the subway home,11,7
10,Alfred,5,1,being quiet on the subway,12,7
10,Alfred,5,1,getting off at the same stop as Oliver,13,1
10,Alfred,5,1,hearing loud drilling and yelling from the construction above,14,1
10,Alfred,5,1,physically attacking Oliver,15,5
10,Julia,6,0,enjoying watching TV shows,1,6
10,Julia,6,0,studying psychology,2,7
10,Julia,6,0,being sensitive sometimes,3,5
10,Julia,6,0,babysitting on the weekends,4,7
10,Julia,6,0,being a courteous person,5,6
10,Julia,6,0,being 19 years old,6,1
10,Julia,6,0,being multiracial,7,1
10,Julia,6,0,having asthma,8,3
10,Julia,6,0,being female,9,1
10,Julia,6,0,being a college student,10,6
10,Julia,6,0,reading children's books with Benji,11,7
10,Julia,6,0,picking up her partner's call while filling the bathtub,12,7
10,Julia,6,0,feeling hurt after learning about the cheating,13,4
10,Julia,6,0,leaving the bathroom to talk to her partner,14,7
10,Julia,6,0,sitting for a few minutes after hanging up,15,7
10,Darla,7,0,enjoying cooking,1,6
10,Darla,7,0,having a laid-back personality,2,5
10,Darla,7,0,communicating and interacting well with children,3,6
10,Darla,7,0,having an absent-minded personality,4,6
10,Darla,7,0,being 32 years old,5,1
10,Darla,7,0,being Black,6,1
10,Darla,7,0,being female,7,1
10,Darla,7,0,being nearsighted,8,2
10,Darla,7,0,working with Pamela for many years,9,6
10,Darla,7,0,running a home daycare business,10,7
10,Darla,7,0,living in a tornado-affected area,11,5
10,Darla,7,0,playing games with the children,12,7
10,Darla,7,0,playing loud upbeat music with the children,13,7
10,Darla,7,0,focusing on the children,14,7
10,Darla,7,0,not hearing the tornado sirens,15,4
10,Chris,8,1,having an average IQ,1,3
10,Chris,8,1,having a curious personality,2,5
10,Chris,8,1,being male,3,1
10,Chris,8,1,being a picky eater,4,6
10,Chris,8,1,weighing 70 lbs,5,3
10,Chris,8,1,enjoying playing hide-and-seek,6,6
10,Chris,8,1,admiring his father,7,6
10,Chris,8,1,being White,8,1
10,Chris,8,1,enjoying swimming,9,6
10,Chris,8,1,being 10 years old,10,1
10,Chris,8,1,inviting friends over to play,11,7
10,Chris,8,1,hiding in the hall closet,12,7
10,Chris,8,1,finding the key in his father's jacket pocket,13,5
10,Chris,8,1,opening the gun cabinet with the key,14,7
10,Chris,8,1,picking up a pistol to play with,15,7
10,Flora,9,1,enjoying gardening,1,6
10,Flora,9,1,composing music in her free time,2,7
10,Flora,9,1,being a counselor,3,7
10,Flora,9,1,being 32 years old,4,1
10,Flora,9,1,being an empathetic person,5,5
10,Flora,9,1,being Asian,6,1
10,Flora,9,1,using a white cane to guide herself,7,2
10,Flora,9,1,being an early riser,8,4
10,Flora,9,1,being legally blind,9,1
10,Flora,9,1,being female,10,1
10,Flora,9,1,going to a neighbor's house for dinner,11,7
10,Flora,9,1,using her white cane while walking home,12,2
10,Flora,9,1,not calling for help,13,7
10,Flora,9,1,her white cane slipping between Paul's legs,14,2
10,Flora,9,1,stepping on Paul's torso,15,2
10,Ava,10,1,being friends with Peter for many years,1,6
10,Ava,10,1,being 26 years old,2,1
10,Ava,10,1,being a compassionate person,3,5
10,Ava,10,1,often driving Peter to appointments and errands,4,7
10,Ava,10,1,being female,5,1
10,Ava,10,1,regularly drinking coffee,6,6
10,Ava,10,1,having a peanut allergy,7,1
10,Ava,10,1,enjoying going to music concerts,8,6
10,Ava,10,1,being an artist,9,3
10,Ava,10,1,being Native American,10,1
10,Ava,10,1,doing her annual car maintenance,11,7
10,Ava,10,1,driving under the speed limit,12,7
10,Ava,10,1,listening to the radio while driving,13,7
10,Ava,10,1,being startled by the deer,14,2
10,Ava,10,1,slamming the brakes after seeing the deer,15,2
10,Edward,11,1,being White,1,1
10,Edward,11,1,being a clinical research assistant,2,6
10,Edward,11,1,being 24 years old,3,1
10,Edward,11,1,being a studious person,4,6
10,Edward,11,1,enjoying browsing Twitter,5,6
10,Edward,11,1,being single,6,6
10,Edward,11,1,being male,7,1
10,Edward,11,1,being an experienced driver,8,7
10,Edward,11,1,enjoying reading science fiction,9,7
10,Edward,11,1,being an ambitious person,10,5
10,Edward,11,1,not muting phone notifications while driving,11,7
10,Edward,11,1,not speeding,12,7
10,Edward,11,1,checking that there were no other cars nearby,13,7
10,Edward,11,1,taking a peek at the text,14,7
10,Edward,11,1,veering into the cyclist while reading the text,15,7
11,Edward,1,0,being White,1,1
11,Edward,1,0,being a clinical research assistant,2,7
11,Edward,1,0,enjoying browsing Twitter,3,7
11,Edward,1,0,being an experienced driver,4,7
11,Edward,1,0,enjoying reading science fiction,5,7
11,Edward,1,0,being an ambitious person,6,6
11,Edward,1,0,being male,7,1
11,Edward,1,0,being 24 years old,8,1
11,Edward,1,0,being single,9,5
11,Edward,1,0,being a studious person,10,5
11,Edward,1,0,not muting phone notifications while driving,11,7
11,Edward,1,0,not speeding,12,7
11,Edward,1,0,checking that there were no other cars nearby,13,7
11,Edward,1,0,taking a peek at the text,14,7
11,Edward,1,0,veering into the cyclist while reading the text,15,7
11,Flora,2,1,being 32 years old,1,1
11,Flora,2,1,being legally blind,2,1
11,Flora,2,1,being Asian,3,1
11,Flora,2,1,enjoying gardening,4,7
11,Flora,2,1,being an early riser,5,5
11,Flora,2,1,being female,6,1
11,Flora,2,1,being a counselor,7,7
11,Flora,2,1,composing music in her free time,8,7
11,Flora,2,1,being an empathetic person,9,7
11,Flora,2,1,using a white cane to guide herself,10,4
11,Flora,2,1,going to a neighbor's house for dinner,11,4
11,Flora,2,1,using her white cane while walking home,12,4
11,Flora,2,1,not calling for help,13,7
11,Flora,2,1,her white cane slipping between Paul's legs,14,4
11,Flora,2,1,stepping on Paul's torso,15,5
11,Alfred,3,1,enjoying Italian cuisine,1,3
11,Alfred,3,1,being White,2,1
11,Alfred,3,1,being patriotic,3,7
11,Alfred,3,1,being 68 years old,4,1
11,Alfred,3,1,being male,5,1
11,Alfred,3,1,being a veteran,6,6
11,Alfred,3,1,having a calm personality,7,6
11,Alfred,3,1,living alone,8,5
11,Alfred,3,1,enjoying fishing,9,7
11,Alfred,3,1,having PTSD,10,1
11,Alfred,3,1,taking the subway home,11,3
11,Alfred,3,1,being quiet on the subway,12,7
11,Alfred,3,1,getting off at the same stop as Oliver,13,7
11,Alfred,3,1,hearing loud drilling and yelling from the construction above,14,1
11,Alfred,3,1,physically attacking Oliver,15,3
11,Tristan,4,1,being impatient sometimes,1,5
11,Tristan,4,1,being 43 years old,2,1
11,Tristan,4,1,being male,3,1
11,Tristan,4,1,enjoying listening to country music,4,6
11,Tristan,4,1,being a cardiologist,5,7
11,Tristan,4,1,being extroverted and outgoing,6,7
11,Tristan,4,1,being opinionated sometimes,7,5
11,Tristan,4,1,being Christian,8,6
11,Tristan,4,1,being Black,9,1
11,Tristan,4,1,having worked for over ten years at the same hospital,10,1
11,Tristan,4,1,reviewing Annie's medical history and symptoms,11,7
11,Tristan,4,1,checking Annie's vitals,12,4
11,Tristan,4,1,ordering Annie an electrocardiogram (ECG/EKG),13,7
11,Tristan,4,1,not ordering any other heart tests,14,7
11,Tristan,4,1,not ordering a mammogram,15,7
11,Julia,5,0,babysitting on the weekends,1,7
11,Julia,5,0,studying psychology,2,7
11,Julia,5,0,being sensitive sometimes,3,6
11,Julia,5,0,being 19 years old,4,1
11,Julia,5,0,being female,5,1
11,Julia,5,0,being multiracial,6,7
11,Julia,5,0,being a courteous person,7,7
11,Julia,5,0,enjoying watching TV shows,8,7
11,Julia,5,0,being a college student,9,7
11,Julia,5,0,having asthma,10,4
11,Julia,5,0,reading children's books with Benji,11,7
11,Julia,5,0,picking up her partner's call while filling the bathtub,12,7
11,Julia,5,0,feeling hurt after learning about the cheating,13,7
11,Julia,5,0,leaving the bathroom to talk to her partner,14,7
11,Julia,5,0,sitting for a few minutes after hanging up,15,6
11,Ava,6,0,being an artist,1,6
11,Ava,6,0,being female,2,1
11,Ava,6,0,being 26 years old,3,1
11,Ava,6,0,being a compassionate person,4,6
11,Ava,6,0,being friends with Peter for many years,5,7
11,Ava,6,0,being Native American,6,1
11,Ava,6,0,regularly drinking coffee,7,7
11,Ava,6,0,often driving Peter to appointments and errands,8,7
11,Ava,6,0,having a peanut allergy,9,1
11,Ava,6,0,enjoying going to music concerts,10,7
11,Ava,6,0,doing her annual car maintenance,11,7
11,Ava,6,0,driving under the speed limit,12,7
11,Ava,6,0,listening to the radio while driving,13,7
11,Ava,6,0,being startled by the deer,14,1
11,Ava,6,0,slamming the brakes after seeing the deer,15,1
11,Nadia,7,0,having red hair,1,1
11,Nadia,7,0,collecting vinyl records,2,7
11,Nadia,7,0,being 34 years old,3,1
11,Nadia,7,0,enjoying oil painting,4,6
11,Nadia,7,0,being a timid person,5,6
11,Nadia,7,0,attending couples therapy years ago,6,7
11,Nadia,7,0,being a software engineer,7,7
11,Nadia,7,0,being an organized person,8,7
11,Nadia,7,0,being White,9,1
11,Nadia,7,0,being female,10,1
11,Nadia,7,0,going to the emergency room for bruises,11,4
11,Nadia,7,0,not seeking help after the emergency room incident,12,7
11,Nadia,7,0,being scared when Franklin screamed,13,4
11,Nadia,7,0,grabbing the revolver,14,7
11,Nadia,7,0,shooting Franklin with the revolver,15,4
11,Darla,8,0,having an absent-minded personality,1,4
11,Darla,8,0,running a home daycare business,2,6
11,Darla,8,0,being nearsighted,3,1
11,Darla,8,0,working with Pamela for many years,4,5
11,Darla,8,0,having a laid-back personality,5,6
11,Darla,8,0,enjoying cooking,6,7
11,Darla,8,0,being female,7,1
11,Darla,8,0,communicating and interacting well with children,8,5
11,Darla,8,0,being 32 years old,9,1
11,Darla,8,0,being Black,10,1
11,Darla,8,0,living in a tornado-affected area,11,7
11,Darla,8,0,playing games with the children,12,4
11,Darla,8,0,playing loud upbeat music with the children,13,7
11,Darla,8,0,focusing on the children,14,7
11,Darla,8,0,not hearing the tornado sirens,15,7
11,Qian,9,0,being hard-working,1,7
11,Qian,9,0,being a restaurant waiter,2,7
11,Qian,9,0,being stubborn sometimes,3,5
11,Qian,9,0,enjoying watching sports,4,7
11,Qian,9,0,having a humorous personality,5,6
11,Qian,9,0,being 27 years old,6,1
11,Qian,9,0,being Asian,7,1
11,Qian,9,0,enjoying jazz music,8,7
11,Qian,9,0,being male,9,1
11,Qian,9,0,not smoking,10,7
11,Qian,9,0,hanging out at the local bar with cousins,11,7
11,Qian,9,0,having several drinks over the course of two hours,12,7
11,Qian,9,0,being angered by Wilson's comments,13,7
11,Qian,9,0,not talking back to Wilson,14,7
11,Qian,9,0,pushing Wilson to the ground,15,7
11,Chris,10,1,having an average IQ,1,4
11,Chris,10,1,weighing 70 lbs,2,5
11,Chris,10,1,being male,3,1
11,Chris,10,1,having a curious personality,4,7
11,Chris,10,1,enjoying swimming,5,7
11,Chris,10,1,being White,6,1
11,Chris,10,1,enjoying playing hide-and-seek,7,7
11,Chris,10,1,being 10 years old,8,1
11,Chris,10,1,admiring his father,9,7
11,Chris,10,1,being a picky eater,10,5
11,Chris,10,1,inviting friends over to play,11,7
11,Chris,10,1,hiding in the hall closet,12,7
11,Chris,10,1,finding the key in his father's jacket pocket,13,6
11,Chris,10,1,opening the gun cabinet with the key,14,7
11,Chris,10,1,picking up a pistol to play with,15,7
11,Melvin,11,1,being a farmer,1,7
11,Melvin,11,1,being 45 years old,2,1
11,Melvin,11,1,being male,3,1
11,Melvin,11,1,being White,4,1
11,Melvin,11,1,having high blood pressure,5,4
11,Melvin,11,1,being stingy sometimes,6,7
11,Melvin,11,1,growing hay,7,4
11,Melvin,11,1,having a cheerful personality,8,7
11,Melvin,11,1,growing corn,9,6
11,Melvin,11,1,enjoying listening to rock music,10,7
11,Melvin,11,1,building his barn near the border with Vincent's property,11,4
11,Melvin,11,1,being concerned with hayfires,12,7
11,Melvin,11,1,considering buying hay-drying equipment,13,7
11,Melvin,11,1,meeting with consultants,14,7
11,Melvin,11,1,deciding not to buy hay-drying equipment,15,7
12,Nadia,1,0,enjoying oil painting,1,7
12,Nadia,1,0,being a timid person,2,4
12,Nadia,1,0,collecting vinyl records,3,7
12,Nadia,1,0,being White,4,1
12,Nadia,1,0,attending couples therapy years ago,5,7
12,Nadia,1,0,being a software engineer,6,7
12,Nadia,1,0,being 34 years old,7,1
12,Nadia,1,0,being female,8,1
12,Nadia,1,0,having red hair,9,5
12,Nadia,1,0,being an organized person,10,7
12,Nadia,1,0,going to the emergency room for bruises,11,7
12,Nadia,1,0,not seeking help after the emergency room incident,12,2
12,Nadia,1,0,being scared when Franklin screamed,13,2
12,Nadia,1,0,grabbing the revolver,14,5
12,Nadia,1,0,shooting Franklin with the revolver,15,5
12,Julia,2,0,babysitting on the weekends,1,7
12,Julia,2,0,being a college student,2,7
12,Julia,2,0,having asthma,3,2
12,Julia,2,0,being sensitive sometimes,4,5
12,Julia,2,0,being 19 years old,5,1
12,Julia,2,0,being female,6,1
12,Julia,2,0,being a courteous person,7,7
12,Julia,2,0,being multiracial,8,1
12,Julia,2,0,studying psychology,9,7
12,Julia,2,0,enjoying watching TV shows,10,7
12,Julia,2,0,reading children's books with Benji,11,7
12,Julia,2,0,picking up her partner's call while filling the bathtub,12,6
12,Julia,2,0,feeling hurt after learning about the cheating,13,3
12,Julia,2,0,leaving the bathroom to talk to her partner,14,6
12,Julia,2,0,sitting for a few minutes after hanging up,15,6
12,Tristan,3,1,being Black,1,1
12,Tristan,3,1,being impatient sometimes,2,6
12,Tristan,3,1,being opinionated sometimes,3,6
12,Tristan,3,1,having worked for over ten years at the same hospital,4,7
12,Tristan,3,1,being male,5,1
12,Tristan,3,1,being Christian,6,7
12,Tristan,3,1,being 43 years old,7,1
12,Tristan,3,1,enjoying listening to country music,8,7
12,Tristan,3,1,being extroverted and outgoing,9,7
12,Tristan,3,1,being a cardiologist,10,7
12,Tristan,3,1,reviewing Annie's medical history and symptoms,11,7
12,Tristan,3,1,checking Annie's vitals,12,7
12,Tristan,3,1,ordering Annie an electrocardiogram (ECG/EKG),13,7
12,Tristan,3,1,not ordering any other heart tests,14,6
12,Tristan,3,1,not ordering a mammogram,15,6
12,Ava,4,1,being Native American,1,1
12,Ava,4,1,being 26 years old,2,1
12,Ava,4,1,being a compassionate person,3,7
12,Ava,4,1,regularly drinking coffee,4,7
12,Ava,4,1,having a peanut allergy,5,1
12,Ava,4,1,enjoying going to music concerts,6,7
12,Ava,4,1,often driving Peter to appointments and errands,7,7
12,Ava,4,1,being female,8,1
12,Ava,4,1,being an artist,9,7
12,Ava,4,1,being friends with Peter for many years,10,7
12,Ava,4,1,doing her annual car maintenance,11,7
12,Ava,4,1,driving under the speed limit,12,7
12,Ava,4,1,listening to the radio while driving,13,7
12,Ava,4,1,being startled by the deer,14,2
12,Ava,4,1,slamming the brakes after seeing the deer,15,2
12,Flora,5,1,being legally blind,1,1
12,Flora,5,1,being an empathetic person,2,7
12,Flora,5,1,being an early riser,3,7
12,Flora,5,1,composing music in her free time,4,7
12,Flora,5,1,enjoying gardening,5,7
12,Flora,5,1,using a white cane to guide herself,6,7
12,Flora,5,1,being a counselor,7,7
12,Flora,5,1,being female,8,1
12,Flora,5,1,being Asian,9,1
12,Flora,5,1,being 32 years old,10,1
12,Flora,5,1,going to a neighbor's house for dinner,11,7
12,Flora,5,1,using her white cane while walking home,12,7
12,Flora,5,1,not calling for help,13,2
12,Flora,5,1,her white cane slipping between Paul's legs,14,3
12,Flora,5,1,stepping on Paul's torso,15,3
12,Darla,6,0,running a home daycare business,1,7
12,Darla,6,0,being Black,2,1
12,Darla,6,0,being 32 years old,3,1
12,Darla,6,0,having a laid-back personality,4,5
12,Darla,6,0,being female,5,1
12,Darla,6,0,being nearsighted,6,2
12,Darla,6,0,enjoying cooking,7,7
12,Darla,6,0,having an absent-minded personality,8,5
12,Darla,6,0,working with Pamela for many years,9,7
12,Darla,6,0,communicating and interacting well with children,10,7
12,Darla,6,0,living in a tornado-affected area,11,7
12,Darla,6,0,playing games with the children,12,7
12,Darla,6,0,playing loud upbeat music with the children,13,7
12,Darla,6,0,focusing on the children,14,7
12,Darla,6,0,not hearing the tornado sirens,15,6
12,Melvin,7,1,being male,1,1
12,Melvin,7,1,being 45 years old,2,1
12,Melvin,7,1,having a cheerful personality,3,7
12,Melvin,7,1,growing hay,4,7
12,Melvin,7,1,enjoying listening to rock music,5,7
12,Melvin,7,1,being White,6,1
12,Melvin,7,1,growing corn,7,7
12,Melvin,7,1,being a farmer,8,7
12,Melvin,7,1,being stingy sometimes,9,6
12,Melvin,7,1,having high blood pressure,10,5
12,Melvin,7,1,building his barn near the border with Vincent's property,11,7
12,Melvin,7,1,being concerned with hayfires,12,7
12,Melvin,7,1,considering buying hay-drying equipment,13,7
12,Melvin,7,1,meeting with consultants,14,7
12,Melvin,7,1,deciding not to buy hay-drying equipment,15,7
12,Edward,8,1,enjoying browsing Twitter,1,7
12,Edward,8,1,being male,2,1
12,Edward,8,1,being an experienced driver,3,7
12,Edward,8,1,being a clinical research assistant,4,7
12,Edward,8,1,being an ambitious person,5,7
12,Edward,8,1,enjoying reading science fiction,6,7
12,Edward,8,1,being 24 years old,7,1
12,Edward,8,1,being single,8,7
12,Edward,8,1,being White,9,1
12,Edward,8,1,being a studious person,10,7
12,Edward,8,1,not muting phone notifications while driving,11,7
12,Edward,8,1,not speeding,12,7
12,Edward,8,1,checking that there were no other cars nearby,13,7
12,Edward,8,1,taking a peek at the text,14,7
12,Edward,8,1,veering into the cyclist while reading the text,15,7
12,Chris,9,0,enjoying playing hide-and-seek,1,7
12,Chris,9,0,admiring his father,2,7
12,Chris,9,0,having a curious personality,3,6
12,Chris,9,0,enjoying swimming,4,7
12,Chris,9,0,weighing 70 lbs,5,6
12,Chris,9,0,being a picky eater,6,6
12,Chris,9,0,being White,7,1
12,Chris,9,0,having an average IQ,8,4
12,Chris,9,0,being 10 years old,9,1
12,Chris,9,0,being male,10,1
12,Chris,9,0,inviting friends over to play,11,7
12,Chris,9,0,hiding in the hall closet,12,7
12,Chris,9,0,finding the key in his father's jacket pocket,13,7
12,Chris,9,0,opening the gun cabinet with the key,14,7
12,Chris,9,0,picking up a pistol to play with,15,7
12,Qian,10,0,not smoking,1,7
12,Qian,10,0,being hard-working,2,7
12,Qian,10,0,enjoying watching sports,3,7
12,Qian,10,0,being a restaurant waiter,4,7
12,Qian,10,0,being Asian,5,1
12,Qian,10,0,being male,6,1
12,Qian,10,0,enjoying jazz music,7,7
12,Qian,10,0,being stubborn sometimes,8,6
12,Qian,10,0,being 27 years old,9,1
12,Qian,10,0,having a humorous personality,10,6
12,Qian,10,0,hanging out at the local bar with cousins,11,7
12,Qian,10,0,having several drinks over the course of two hours,12,7
12,Qian,10,0,being angered by Wilson's comments,13,7
12,Qian,10,0,not talking back to Wilson,14,7
12,Qian,10,0,pushing Wilson to the ground,15,7
12,Alfred,11,1,having PTSD,1,3
12,Alfred,11,1,being a veteran,2,7
12,Alfred,11,1,being male,3,1
12,Alfred,11,1,being patriotic,4,7
12,Alfred,11,1,being White,5,1
12,Alfred,11,1,being 68 years old,6,1
12,Alfred,11,1,living alone,7,6
12,Alfred,11,1,enjoying Italian cuisine,8,7
12,Alfred,11,1,having a calm personality,9,6
12,Alfred,11,1,enjoying fishing,10,7
12,Alfred,11,1,taking the subway home,11,6
12,Alfred,11,1,being quiet on the subway,12,6
12,Alfred,11,1,getting off at the same stop as Oliver,13,6
12,Alfred,11,1,hearing loud drilling and yelling from the construction above,14,7
12,Alfred,11,1,physically attacking Oliver,15,5
13,Edward,1,1,being single,1,4
13,Edward,1,1,being an ambitious person,2,5
13,Edward,1,1,being White,3,1
13,Edward,1,1,being a studious person,4,4
13,Edward,1,1,being an experienced driver,5,7
13,Edward,1,1,being 24 years old,6,1
13,Edward,1,1,enjoying reading science fiction,7,6
13,Edward,1,1,enjoying browsing Twitter,8,6
13,Edward,1,1,being male,9,1
13,Edward,1,1,being a clinical research assistant,10,6
13,Edward,1,1,not muting phone notifications while driving,11,7
13,Edward,1,1,not speeding,12,7
13,Edward,1,1,checking that there were no other cars nearby,13,7
13,Edward,1,1,taking a peek at the text,14,7
13,Edward,1,1,veering into the cyclist while reading the text,15,2
13,Darla,2,0,communicating and interacting well with children,1,7
13,Darla,2,0,being nearsighted,2,1
13,Darla,2,0,being Black,3,1
13,Darla,2,0,enjoying cooking,4,2
13,Darla,2,0,being 32 years old,5,1
13,Darla,2,0,working with Pamela for many years,6,7
13,Darla,2,0,having an absent-minded personality,7,2
13,Darla,2,0,being female,8,1
13,Darla,2,0,having a laid-back personality,9,3
13,Darla,2,0,running a home daycare business,10,7
13,Darla,2,0,living in a tornado-affected area,11,5
13,Darla,2,0,playing games with the children,12,6
13,Darla,2,0,playing loud upbeat music with the children,13,7
13,Darla,2,0,focusing on the children,14,7
13,Darla,2,0,not hearing the tornado sirens,15,2
13,Qian,3,0,enjoying watching sports,1,3
13,Qian,3,0,not smoking,2,7
13,Qian,3,0,being Asian,3,1
13,Qian,3,0,having a humorous personality,4,6
13,Qian,3,0,being stubborn sometimes,5,5
13,Qian,3,0,being hard-working,6,7
13,Qian,3,0,being 27 years old,7,1
13,Qian,3,0,being male,8,1
13,Qian,3,0,being a restaurant waiter,9,5
13,Qian,3,0,enjoying jazz music,10,6
13,Qian,3,0,hanging out at the local bar with cousins,11,7
13,Qian,3,0,having several drinks over the course of two hours,12,7
13,Qian,3,0,being angered by Wilson's comments,13,6
13,Qian,3,0,not talking back to Wilson,14,7
13,Qian,3,0,pushing Wilson to the ground,15,7
13,Alfred,4,1,being a veteran,1,1
13,Alfred,4,1,being 68 years old,2,1
13,Alfred,4,1,enjoying fishing,3,6
13,Alfred,4,1,enjoying Italian cuisine,4,6
13,Alfred,4,1,being patriotic,5,7
13,Alfred,4,1,living alone,6,6
13,Alfred,4,1,being White,7,1
13,Alfred,4,1,being male,8,1
13,Alfred,4,1,having PTSD,9,1
13,Alfred,4,1,having a calm personality,10,1
13,Alfred,4,1,taking the subway home,11,2
13,Alfred,4,1,being quiet on the subway,12,7
13,Alfred,4,1,getting off at the same stop as Oliver,13,2
13,Alfred,4,1,hearing loud drilling and yelling from the construction above,14,1
13,Alfred,4,1,physically attacking Oliver,15,1
13,Chris,5,1,being 10 years old,1,1
13,Chris,5,1,being a picky eater,2,6
13,Chris,5,1,admiring his father,3,6
13,Chris,5,1,having an average IQ,4,1
13,Chris,5,1,enjoying playing hide-and-seek,5,6
13,Chris,5,1,enjoying swimming,6,6
13,Chris,5,1,having a curious personality,7,6
13,Chris,5,1,being male,8,1
13,Chris,5,1,being White,9,1
13,Chris,5,1,weighing 70 lbs,10,5
13,Chris,5,1,inviting friends over to play,11,7
13,Chris,5,1,hiding in the hall closet,12,7
13,Chris,5,1,finding the key in his father's jacket pocket,13,7
13,Chris,5,1,opening the gun cabinet with the key,14,7
13,Chris,5,1,picking up a pistol to play with,15,7
13,Flora,6,1,composing music in her free time,1,2
13,Flora,6,1,being an early riser,2,5
13,Flora,6,1,enjoying gardening,3,5
13,Flora,6,1,being female,4,1
13,Flora,6,1,being 32 years old,5,1
13,Flora,6,1,using a white cane to guide herself,6,5
13,Flora,6,1,being an empathetic person,7,6
13,Flora,6,1,being Asian,8,1
13,Flora,6,1,being a counselor,9,7
13,Flora,6,1,being legally blind,10,1
13,Flora,6,1,going to a neighbor's house for dinner,11,7
13,Flora,6,1,using her white cane while walking home,12,5
13,Flora,6,1,not calling for help,13,7
13,Flora,6,1,her white cane slipping between Paul's legs,14,1
13,Flora,6,1,stepping on Paul's torso,15,1
13,Nadia,7,0,collecting vinyl records,1,7
13,Nadia,7,0,enjoying oil painting,2,7
13,Nadia,7,0,being a software engineer,3,7
13,Nadia,7,0,being female,4,1
13,Nadia,7,0,being a timid person,5,5
13,Nadia,7,0,being 34 years old,6,1
13,Nadia,7,0,attending couples therapy years ago,7,6
13,Nadia,7,0,having red hair,8,1
13,Nadia,7,0,being an organized person,9,6
13,Nadia,7,0,being White,10,1
13,Nadia,7,0,going to the emergency room for bruises,11,1
13,Nadia,7,0,not seeking help after the emergency room incident,12,6
13,Nadia,7,0,being scared when Franklin screamed,13,1
13,Nadia,7,0,grabbing the revolver,14,2
13,Nadia,7,0,shooting Franklin with the revolver,15,1
13,Ava,8,1,being a compassionate person,1,6
13,Ava,8,1,being friends with Peter for many years,2,7
13,Ava,8,1,being 26 years old,3,1
13,Ava,8,1,regularly drinking coffee,4,7
13,Ava,8,1,often driving Peter to appointments and errands,5,7
13,Ava,8,1,having a peanut allergy,6,1
13,Ava,8,1,enjoying going to music concerts,7,6
13,Ava,8,1,being female,8,1
13,Ava,8,1,being an artist,9,7
13,Ava,8,1,being Native American,10,1
13,Ava,8,1,doing her annual car maintenance,11,7
13,Ava,8,1,driving under the speed limit,12,7
13,Ava,8,1,listening to the radio while driving,13,7
13,Ava,8,1,being startled by the deer,14,1
13,Ava,8,1,slamming the brakes after seeing the deer,15,2
13,Tristan,9,1,being Christian,1,7
13,Tristan,9,1,enjoying listening to country music,2,6
13,Tristan,9,1,having worked for over ten years at the same hospital,3,7
13,Tristan,9,1,being extroverted and outgoing,4,2
13,Tristan,9,1,being opinionated sometimes,5,6
13,Tristan,9,1,being impatient sometimes,6,6
13,Tristan,9,1,being male,7,1
13,Tristan,9,1,being 43 years old,8,1
13,Tristan,9,1,being a cardiologist,9,6
13,Tristan,9,1,being Black,10,1
13,Tristan,9,1,reviewing Annie's medical history and symptoms,11,7
13,Tristan,9,1,checking Annie's vitals,12,7
13,Tristan,9,1,ordering Annie an electrocardiogram (ECG/EKG),13,7
13,Tristan,9,1,not ordering any other heart tests,14,7
13,Tristan,9,1,not ordering a mammogram,15,7
13,Melvin,10,1,being 45 years old,1,1
13,Melvin,10,1,being a farmer,2,6
13,Melvin,10,1,having a cheerful personality,3,6
13,Melvin,10,1,being White,4,1
13,Melvin,10,1,growing hay,5,7
13,Melvin,10,1,enjoying listening to rock music,6,6
13,Melvin,10,1,having high blood pressure,7,1
13,Melvin,10,1,growing corn,8,6
13,Melvin,10,1,being male,9,1
13,Melvin,10,1,being stingy sometimes,10,7
13,Melvin,10,1,building his barn near the border with Vincent's property,11,7
13,Melvin,10,1,being concerned with hayfires,12,7
13,Melvin,10,1,considering buying hay-drying equipment,13,7
13,Melvin,10,1,meeting with consultants,14,7
13,Melvin,10,1,deciding not to buy hay-drying equipment,15,7
13,Julia,11,0,studying psychology,1,7
13,Julia,11,0,having asthma,2,1
13,Julia,11,0,enjoying watching TV shows,3,6
13,Julia,11,0,being 19 years old,4,1
13,Julia,11,0,babysitting on the weekends,5,7
13,Julia,11,0,being sensitive sometimes,6,5
13,Julia,11,0,being a college student,7,6
13,Julia,11,0,being multiracial,8,1
13,Julia,11,0,being female,9,1
13,Julia,11,0,being a courteous person,10,7
13,Julia,11,0,reading children's books with Benji,11,7
13,Julia,11,0,picking up her partner's call while filling the bathtub,12,7
13,Julia,11,0,feeling hurt after learning about the cheating,13,1
13,Julia,11,0,leaving the bathroom to talk to her partner,14,7
13,Julia,11,0,sitting for a few minutes after hanging up,15,5
14,Alfred,1,1,having a calm personality,1,3
14,Alfred,1,1,being White,2,1
14,Alfred,1,1,enjoying Italian cuisine,3,2
14,Alfred,1,1,living alone,4,3
14,Alfred,1,1,being a veteran,5,1
14,Alfred,1,1,being patriotic,6,4
14,Alfred,1,1,being 68 years old,7,1
14,Alfred,1,1,being male,8,1
14,Alfred,1,1,enjoying fishing,9,3
14,Alfred,1,1,having PTSD,10,1
14,Alfred,1,1,taking the subway home,11,5
14,Alfred,1,1,being quiet on the subway,12,6
14,Alfred,1,1,getting off at the same stop as Oliver,13,4
14,Alfred,1,1,hearing loud drilling and yelling from the construction above,14,1
14,Alfred,1,1,physically attacking Oliver,15,3
14,Tristan,2,1,being Christian,1,5
14,Tristan,2,1,being extroverted and outgoing,2,2
14,Tristan,2,1,being a cardiologist,3,7
14,Tristan,2,1,being Black,4,1
14,Tristan,2,1,being 43 years old,5,1
14,Tristan,2,1,being male,6,1
14,Tristan,2,1,having worked for over ten years at the same hospital,7,7
14,Tristan,2,1,being impatient sometimes,8,5
14,Tristan,2,1,being opinionated sometimes,9,6
14,Tristan,2,1,enjoying listening to country music,10,4
14,Tristan,2,1,reviewing Annie's medical history and symptoms,11,7
14,Tristan,2,1,checking Annie's vitals,12,7
14,Tristan,2,1,ordering Annie an electrocardiogram (ECG/EKG),13,7
14,Tristan,2,1,not ordering any other heart tests,14,7
14,Tristan,2,1,not ordering a mammogram,15,7
14,Nadia,3,0,being a timid person,1,2
14,Nadia,3,0,being White,2,1
14,Nadia,3,0,having red hair,3,1
14,Nadia,3,0,collecting vinyl records,4,5
14,Nadia,3,0,being an organized person,5,5
14,Nadia,3,0,attending couples therapy years ago,6,7
14,Nadia,3,0,being a software engineer,7,6
14,Nadia,3,0,being female,8,1
14,Nadia,3,0,being 34 years old,9,1
14,Nadia,3,0,enjoying oil painting,10,3
14,Nadia,3,0,going to the emergency room for bruises,11,7
14,Nadia,3,0,not seeking help after the emergency room incident,12,5
14,Nadia,3,0,being scared when Franklin screamed,13,2
14,Nadia,3,0,grabbing the revolver,14,5
14,Nadia,3,0,shooting Franklin with the revolver,15,5
14,Darla,4,1,having an absent-minded personality,1,5
14,Darla,4,1,enjoying cooking,2,3
14,Darla,4,1,being female,3,1
14,Darla,4,1,being nearsighted,4,1
14,Darla,4,1,being Black,5,1
14,Darla,4,1,working with Pamela for many years,6,7
14,Darla,4,1,being 32 years old,7,1
14,Darla,4,1,running a home daycare business,8,7
14,Darla,4,1,having a laid-back personality,9,5
14,Darla,4,1,communicating and interacting well with children,10,6
14,Darla,4,1,living in a tornado-affected area,11,6
14,Darla,4,1,playing games with the children,12,7
14,Darla,4,1,playing loud upbeat music with the children,13,7
14,Darla,4,1,focusing on the children,14,7
14,Darla,4,1,not hearing the tornado sirens,15,7
14,Flora,5,1,composing music in her free time,1,5
14,Flora,5,1,being an empathetic person,2,5
14,Flora,5,1,being Asian,3,1
14,Flora,5,1,being female,4,1
14,Flora,5,1,enjoying gardening,5,4
14,Flora,5,1,being legally blind,6,1
14,Flora,5,1,being 32 years old,7,1
14,Flora,5,1,being a counselor,8,6
14,Flora,5,1,being an early riser,9,3
14,Flora,5,1,using a white cane to guide herself,10,5
14,Flora,5,1,going to a neighbor's house for dinner,11,7
14,Flora,5,1,using her white cane while walking home,12,7
14,Flora,5,1,not calling for help,13,6
14,Flora,5,1,her white cane slipping between Paul's legs,14,5
14,Flora,5,1,stepping on Paul's torso,15,5
14,Melvin,6,1,being White,1,1
14,Melvin,6,1,enjoying listening to rock music,2,3
14,Melvin,6,1,growing hay,3,7
14,Melvin,6,1,being male,4,1
14,Melvin,6,1,growing corn,5,7
14,Melvin,6,1,being stingy sometimes,6,6
14,Melvin,6,1,having high blood pressure,7,5
14,Melvin,6,1,having a cheerful personality,8,3
14,Melvin,6,1,being a farmer,9,6
14,Melvin,6,1,being 45 years old,10,1
14,Melvin,6,1,building his barn near the border with Vincent's property,11,7
14,Melvin,6,1,being concerned with hayfires,12,7
14,Melvin,6,1,considering buying hay-drying equipment,13,7
14,Melvin,6,1,meeting with consultants,14,7
14,Melvin,6,1,deciding not to buy hay-drying equipment,15,7
14,Qian,7,0,enjoying jazz music,1,3
14,Qian,7,0,being stubborn sometimes,2,6
14,Qian,7,0,being 27 years old,3,1
14,Qian,7,0,not smoking,4,7
14,Qian,7,0,being Asian,5,1
14,Qian,7,0,being male,6,1
14,Qian,7,0,having a humorous personality,7,5
14,Qian,7,0,being a restaurant waiter,8,6
14,Qian,7,0,enjoying watching sports,9,5
14,Qian,7,0,being hard-working,10,6
14,Qian,7,0,hanging out at the local bar with cousins,11,7
14,Qian,7,0,having several drinks over the course of two hours,12,7
14,Qian,7,0,being angered by Wilson's comments,13,6
14,Qian,7,0,not talking back to Wilson,14,6
14,Qian,7,0,pushing Wilson to the ground,15,7
14,Julia,8,0,being multiracial,1,1
14,Julia,8,0,being a college student,2,5
14,Julia,8,0,being female,3,1
14,Julia,8,0,being sensitive sometimes,4,4
14,Julia,8,0,being a courteous person,5,6
14,Julia,8,0,babysitting on the weekends,6,7
14,Julia,8,0,studying psychology,7,7
14,Julia,8,0,being 19 years old,8,1
14,Julia,8,0,having asthma,9,1
14,Julia,8,0,enjoying watching TV shows,10,4
14,Julia,8,0,reading children's books with Benji,11,7
14,Julia,8,0,picking up her partner's call while filling the bathtub,12,7
14,Julia,8,0,feeling hurt after learning about the cheating,13,3
14,Julia,8,0,leaving the bathroom to talk to her partner,14,6
14,Julia,8,0,sitting for a few minutes after hanging up,15,7
14,Ava,9,1,being an artist,1,3
14,Ava,9,1,being friends with Peter for many years,2,6
14,Ava,9,1,being Native American,3,1
14,Ava,9,1,often driving Peter to appointments and errands,4,7
14,Ava,9,1,being female,5,1
14,Ava,9,1,regularly drinking coffee,6,6
14,Ava,9,1,enjoying going to music concerts,7,3
14,Ava,9,1,being 26 years old,8,1
14,Ava,9,1,having a peanut allergy,9,1
14,Ava,9,1,being a compassionate person,10,5
14,Ava,9,1,doing her annual car maintenance,11,6
14,Ava,9,1,driving under the speed limit,12,7
14,Ava,9,1,listening to the radio while driving,13,7
14,Ava,9,1,being startled by the deer,14,2
14,Ava,9,1,slamming the brakes after seeing the deer,15,5
14,Chris,10,1,being 10 years old,1,1
14,Chris,10,1,enjoying swimming,2,4
14,Chris,10,1,admiring his father,3,5
14,Chris,10,1,having an average IQ,4,1
14,Chris,10,1,weighing 70 lbs,5,1
14,Chris,10,1,being White,6,1
14,Chris,10,1,being a picky eater,7,6
14,Chris,10,1,having a curious personality,8,3
14,Chris,10,1,being male,9,1
14,Chris,10,1,enjoying playing hide-and-seek,10,3
14,Chris,10,1,inviting friends over to play,11,6
14,Chris,10,1,hiding in the hall closet,12,7
14,Chris,10,1,finding the key in his father's jacket pocket,13,7
14,Chris,10,1,opening the gun cabinet with the key,14,7
14,Chris,10,1,picking up a pistol to play with,15,7
14,Edward,11,1,being a studious person,1,5
14,Edward,11,1,being male,2,1
14,Edward,11,1,being a clinical research assistant,3,7
14,Edward,11,1,being White,4,1
14,Edward,11,1,being an ambitious person,5,5
14,Edward,11,1,being single,6,6
14,Edward,11,1,enjoying reading science fiction,7,4
14,Edward,11,1,being an experienced driver,8,6
14,Edward,11,1,enjoying browsing Twitter,9,4
14,Edward,11,1,being 24 years old,10,1
14,Edward,11,1,not muting phone notifications while driving,11,7
14,Edward,11,1,not speeding,12,6
14,Edward,11,1,checking that there were no other cars nearby,13,7
14,Edward,11,1,taking a peek at the text,14,7
14,Edward,11,1,veering into the cyclist while reading the text,15,7
15,Melvin,1,1,having a cheerful personality,1,5
15,Melvin,1,1,growing corn,2,5
15,Melvin,1,1,enjoying listening to rock music,3,5
15,Melvin,1,1,being White,4,1
15,Melvin,1,1,growing hay,5,5
15,Melvin,1,1,being a farmer,6,5
15,Melvin,1,1,being stingy sometimes,7,5
15,Melvin,1,1,having high blood pressure,8,3
15,Melvin,1,1,being male,9,1
15,Melvin,1,1,being 45 years old,10,1
15,Melvin,1,1,building his barn near the border with Vincent's property,11,3
15,Melvin,1,1,being concerned with hayfires,12,5
15,Melvin,1,1,considering buying hay-drying equipment,13,5
15,Melvin,1,1,meeting with consultants,14,5
15,Melvin,1,1,deciding not to buy hay-drying equipment,15,6
15,Tristan,2,1,being opinionated sometimes,1,6
15,Tristan,2,1,having worked for over ten years at the same hospital,2,5
15,Tristan,2,1,enjoying listening to country music,3,5
15,Tristan,2,1,being Black,4,1
15,Tristan,2,1,being a cardiologist,5,5
15,Tristan,2,1,being male,6,5
15,Tristan,2,1,being Christian,7,5
15,Tristan,2,1,being impatient sometimes,8,5
15,Tristan,2,1,being 43 years old,9,1
15,Tristan,2,1,being extroverted and outgoing,10,5
15,Tristan,2,1,reviewing Annie's medical history and symptoms,11,5
15,Tristan,2,1,checking Annie's vitals,12,5
15,Tristan,2,1,ordering Annie an electrocardiogram (ECG/EKG),13,6
15,Tristan,2,1,not ordering any other heart tests,14,5
15,Tristan,2,1,not ordering a mammogram,15,5
15,Julia,3,0,babysitting on the weekends,1,5
15,Julia,3,0,having asthma,2,2
15,Julia,3,0,being a college student,3,5
15,Julia,3,0,being female,4,1
15,Julia,3,0,being sensitive sometimes,5,6
15,Julia,3,0,being multiracial,6,1
15,Julia,3,0,being a courteous person,7,5
15,Julia,3,0,enjoying watching TV shows,8,5
15,Julia,3,0,being 19 years old,9,1
15,Julia,3,0,studying psychology,10,5
15,Julia,3,0,reading children's books with Benji,11,5
15,Julia,3,0,picking up her partner's call while filling the bathtub,12,5
15,Julia,3,0,feeling hurt after learning about the cheating,13,5
15,Julia,3,0,leaving the bathroom to talk to her partner,14,5
15,Julia,3,0,sitting for a few minutes after hanging up,15,6
15,Darla,4,0,being Black,1,1
15,Darla,4,0,working with Pamela for many years,2,2
15,Darla,4,0,being nearsighted,3,2
15,Darla,4,0,being female,4,1
15,Darla,4,0,communicating and interacting well with children,5,5
15,Darla,4,0,having an absent-minded personality,6,4
15,Darla,4,0,having a laid-back personality,7,5
15,Darla,4,0,enjoying cooking,8,5
15,Darla,4,0,running a home daycare business,9,5
15,Darla,4,0,being 32 years old,10,1
15,Darla,4,0,living in a tornado-affected area,11,4
15,Darla,4,0,playing games with the children,12,5
15,Darla,4,0,playing loud upbeat music with the children,13,5
15,Darla,4,0,focusing on the children,14,5
15,Darla,4,0,not hearing the tornado sirens,15,2
15,Flora,5,1,composing music in her free time,1,5
15,Flora,5,1,being legally blind,2,1
15,Flora,5,1,being an empathetic person,3,5
15,Flora,5,1,being a counselor,4,5
15,Flora,5,1,being an early riser,5,5
15,Flora,5,1,being 32 years old,6,1
15,Flora,5,1,using a white cane to guide herself,7,4
15,Flora,5,1,being female,8,1
15,Flora,5,1,enjoying gardening,9,5
15,Flora,5,1,being Asian,10,1
15,Flora,5,1,going to a neighbor's house for dinner,11,5
15,Flora,5,1,using her white cane while walking home,12,5
15,Flora,5,1,not calling for help,13,6
15,Flora,5,1,her white cane slipping between Paul's legs,14,2
15,Flora,5,1,stepping on Paul's torso,15,2
15,Ava,6,0,often driving Peter to appointments and errands,1,5
15,Ava,6,0,being an artist,2,5
15,Ava,6,0,regularly drinking coffee,3,4
15,Ava,6,0,enjoying going to music concerts,4,4
15,Ava,6,0,being Native American,5,1
15,Ava,6,0,having a peanut allergy,6,4
15,Ava,6,0,being friends with Peter for many years,7,4
15,Ava,6,0,being female,8,1
15,Ava,6,0,being 26 years old,9,1
15,Ava,6,0,being a compassionate person,10,5
15,Ava,6,0,doing her annual car maintenance,11,5
15,Ava,6,0,driving under the speed limit,12,6
15,Ava,6,0,listening to the radio while driving,13,6
15,Ava,6,0,being startled by the deer,14,4
15,Ava,6,0,slamming the brakes after seeing the deer,15,3
15,Nadia,7,0,being 34 years old,1,1
15,Nadia,7,0,collecting vinyl records,2,6
15,Nadia,7,0,being a timid person,3,5
15,Nadia,7,0,attending couples therapy years ago,4,5
15,Nadia,7,0,being female,5,1
15,Nadia,7,0,being a software engineer,6,5
15,Nadia,7,0,enjoying oil painting,7,5
15,Nadia,7,0,having red hair,8,2
15,Nadia,7,0,being an organized person,9,5
15,Nadia,7,0,being White,10,1
15,Nadia,7,0,going to the emergency room for bruises,11,5
15,Nadia,7,0,not seeking help after the emergency room incident,12,5
15,Nadia,7,0,being scared when Franklin screamed,13,4
15,Nadia,7,0,grabbing the revolver,14,5
15,Nadia,7,0,shooting Franklin with the revolver,15,6
15,Edward,8,1,being an experienced driver,1,5
15,Edward,8,1,being single,2,2
15,Edward,8,1,being male,3,1
15,Edward,8,1,being a clinical research assistant,4,5
15,Edward,8,1,being 24 years old,5,5
15,Edward,8,1,being White,6,1
15,Edward,8,1,being an ambitious person,7,5
15,Edward,8,1,enjoying reading science fiction,8,5
15,Edward,8,1,being a studious person,9,5
15,Edward,8,1,enjoying browsing Twitter,10,5
15,Edward,8,1,not muting phone notifications while driving,11,5
15,Edward,8,1,not speeding,12,6
15,Edward,8,1,checking that there were no other cars nearby,13,5
15,Edward,8,1,taking a peek at the text,14,5
15,Edward,8,1,veering into the cyclist while reading the text,15,4
15,Alfred,9,1,having PTSD,1,2
15,Alfred,9,1,being a veteran,2,1
15,Alfred,9,1,enjoying fishing,3,5
15,Alfred,9,1,being patriotic,4,5
15,Alfred,9,1,having a calm personality,5,5
15,Alfred,9,1,being male,6,1
15,Alfred,9,1,being White,7,1
15,Alfred,9,1,being 68 years old,8,1
15,Alfred,9,1,living alone,9,2
15,Alfred,9,1,enjoying Italian cuisine,10,5
15,Alfred,9,1,taking the subway home,11,5
15,Alfred,9,1,being quiet on the subway,12,5
15,Alfred,9,1,getting off at the same stop as Oliver,13,2
15,Alfred,9,1,hearing loud drilling and yelling from the construction above,14,2
15,Alfred,9,1,physically attacking Oliver,15,3
15,Chris,10,1,being White,1,1
15,Chris,10,1,being 10 years old,2,1
15,Chris,10,1,being a picky eater,3,5
15,Chris,10,1,enjoying swimming,4,5
15,Chris,10,1,having a curious personality,5,3
15,Chris,10,1,having an average IQ,6,2
15,Chris,10,1,enjoying playing hide-and-seek,7,3
15,Chris,10,1,admiring his father,8,4
15,Chris,10,1,weighing 70 lbs,9,2
15,Chris,10,1,being male,10,1
15,Chris,10,1,inviting friends over to play,11,5
15,Chris,10,1,hiding in the hall closet,12,6
15,Chris,10,1,finding the key in his father's jacket pocket,13,4
15,Chris,10,1,opening the gun cabinet with the key,14,6
15,Chris,10,1,picking up a pistol to play with,15,6
15,Qian,11,0,not smoking,1,5
15,Qian,11,0,being 27 years old,2,1
15,Qian,11,0,being Asian,3,1
15,Qian,11,0,being a restaurant waiter,4,4
15,Qian,11,0,enjoying jazz music,5,4
15,Qian,11,0,having a humorous personality,6,5
15,Qian,11,0,being hard-working,7,4
15,Qian,11,0,being male,8,1
15,Qian,11,0,enjoying watching sports,9,5
15,Qian,11,0,being stubborn sometimes,10,5
15,Qian,11,0,hanging out at the local bar with cousins,11,5
15,Qian,11,0,having several drinks over the course of two hours,12,5
15,Qian,11,0,being angered by Wilson's comments,13,6
15,Qian,11,0,not talking back to Wilson,14,6
15,Qian,11,0,pushing Wilson to the ground,15,6
16,Edward,1,1,enjoying reading science fiction,1,7
16,Edward,1,1,being 24 years old,2,1
16,Edward,1,1,being a clinical research assistant,3,7
16,Edward,1,1,enjoying browsing Twitter,4,7
16,Edward,1,1,being an experienced driver,5,5
16,Edward,1,1,being a studious person,6,7
16,Edward,1,1,being an ambitious person,7,7
16,Edward,1,1,being single,8,2
16,Edward,1,1,being male,9,1
16,Edward,1,1,being White,10,1
16,Edward,1,1,not muting phone notifications while driving,11,7
16,Edward,1,1,not speeding,12,7
16,Edward,1,1,checking that there were no other cars nearby,13,7
16,Edward,1,1,taking a peek at the text,14,7
16,Edward,1,1,veering into the cyclist while reading the text,15,7
16,Ava,2,1,regularly drinking coffee,1,7
16,Ava,2,1,being 26 years old,2,1
16,Ava,2,1,often driving Peter to appointments and errands,3,7
16,Ava,2,1,being female,4,1
16,Ava,2,1,being friends with Peter for many years,5,7
16,Ava,2,1,having a peanut allergy,6,1
16,Ava,2,1,enjoying going to music concerts,7,7
16,Ava,2,1,being Native American,8,1
16,Ava,2,1,being an artist,9,7
16,Ava,2,1,being a compassionate person,10,7
16,Ava,2,1,doing her annual car maintenance,11,7
16,Ava,2,1,driving under the speed limit,12,7
16,Ava,2,1,listening to the radio while driving,13,7
16,Ava,2,1,being startled by the deer,14,1
16,Ava,2,1,slamming the brakes after seeing the deer,15,7
16,Flora,3,1,being legally blind,1,1
16,Flora,3,1,enjoying gardening,2,7
16,Flora,3,1,using a white cane to guide herself,3,1
16,Flora,3,1,being Asian,4,1
16,Flora,3,1,being female,5,1
16,Flora,3,1,being 32 years old,6,1
16,Flora,3,1,being an early riser,7,2
16,Flora,3,1,being a counselor,8,7
16,Flora,3,1,being an empathetic person,9,6
16,Flora,3,1,composing music in her free time,10,7
16,Flora,3,1,going to a neighbor's house for dinner,11,7
16,Flora,3,1,using her white cane while walking home,12,1
16,Flora,3,1,not calling for help,13,2
16,Flora,3,1,her white cane slipping between Paul's legs,14,1
16,Flora,3,1,stepping on Paul's torso,15,1
16,Nadia,4,0,being a software engineer,1,7
16,Nadia,4,0,collecting vinyl records,2,7
16,Nadia,4,0,attending couples therapy years ago,3,7
16,Nadia,4,0,being an organized person,4,7
16,Nadia,4,0,being a timid person,5,5
16,Nadia,4,0,being female,6,1
16,Nadia,4,0,being White,7,1
16,Nadia,4,0,having red hair,8,1
16,Nadia,4,0,being 34 years old,9,1
16,Nadia,4,0,enjoying oil painting,10,6
16,Nadia,4,0,going to the emergency room for bruises,11,3
16,Nadia,4,0,not seeking help after the emergency room incident,12,5
16,Nadia,4,0,being scared when Franklin screamed,13,1
16,Nadia,4,0,grabbing the revolver,14,6
16,Nadia,4,0,shooting Franklin with the revolver,15,6
16,Alfred,5,1,being male,1,1
16,Alfred,5,1,being a veteran,2,6
16,Alfred,5,1,having PTSD,3,1
16,Alfred,5,1,being White,4,1
16,Alfred,5,1,being patriotic,5,6
16,Alfred,5,1,being 68 years old,6,1
16,Alfred,5,1,living alone,7,3
16,Alfred,5,1,enjoying Italian cuisine,8,6
16,Alfred,5,1,enjoying fishing,9,6
16,Alfred,5,1,having a calm personality,10,5
16,Alfred,5,1,taking the subway home,11,6
16,Alfred,5,1,being quiet on the subway,12,7
16,Alfred,5,1,getting off at the same stop as Oliver,13,3
16,Alfred,5,1,hearing loud drilling and yelling from the construction above,14,1
16,Alfred,5,1,physically attacking Oliver,15,3
16,Tristan,6,1,being impatient sometimes,1,4
16,Tristan,6,1,having worked for over ten years at the same hospital,2,7
16,Tristan,6,1,enjoying listening to country music,3,6
16,Tristan,6,1,being Black,4,1
16,Tristan,6,1,being 43 years old,5,1
16,Tristan,6,1,being opinionated sometimes,6,6
16,Tristan,6,1,being extroverted and outgoing,7,6
16,Tristan,6,1,being a cardiologist,8,6
16,Tristan,6,1,being Christian,9,6
16,Tristan,6,1,being male,10,1
16,Tristan,6,1,reviewing Annie's medical history and symptoms,11,7
16,Tristan,6,1,checking Annie's vitals,12,7
16,Tristan,6,1,ordering Annie an electrocardiogram (ECG/EKG),13,7
16,Tristan,6,1,not ordering any other heart tests,14,7
16,Tristan,6,1,not ordering a mammogram,15,7
16,Qian,7,0,being stubborn sometimes,1,6
16,Qian,7,0,enjoying jazz music,2,6
16,Qian,7,0,having a humorous personality,3,6
16,Qian,7,0,being hard-working,4,6
16,Qian,7,0,being male,5,1
16,Qian,7,0,being Asian,6,1
16,Qian,7,0,enjoying watching sports,7,6
16,Qian,7,0,not smoking,8,7
16,Qian,7,0,being a restaurant waiter,9,6
16,Qian,7,0,being 27 years old,10,1
16,Qian,7,0,hanging out at the local bar with cousins,11,6
16,Qian,7,0,having several drinks over the course of two hours,12,6
16,Qian,7,0,being angered by Wilson's comments,13,3
16,Qian,7,0,not talking back to Wilson,14,6
16,Qian,7,0,pushing Wilson to the ground,15,6
16,Chris,8,1,enjoying swimming,1,6
16,Chris,8,1,weighing 70 lbs,2,3
16,Chris,8,1,being 10 years old,3,1
16,Chris,8,1,admiring his father,4,6
16,Chris,8,1,having a curious personality,5,6
16,Chris,8,1,having an average IQ,6,4
16,Chris,8,1,being a picky eater,7,6
16,Chris,8,1,being White,8,1
16,Chris,8,1,enjoying playing hide-and-seek,9,6
16,Chris,8,1,being male,10,1
16,Chris,8,1,inviting friends over to play,11,6
16,Chris,8,1,hiding in the hall closet,12,6
16,Chris,8,1,finding the key in his father's jacket pocket,13,6
16,Chris,8,1,opening the gun cabinet with the key,14,7
16,Chris,8,1,picking up a pistol to play with,15,7
16,Darla,9,0,communicating and interacting well with children,1,7
16,Darla,9,0,running a home daycare business,2,7
16,Darla,9,0,working with Pamela for many years,3,7
16,Darla,9,0,being nearsighted,4,1
16,Darla,9,0,being Black,5,1
16,Darla,9,0,having a laid-back personality,6,5
16,Darla,9,0,being 32 years old,7,1
16,Darla,9,0,being female,8,1
16,Darla,9,0,enjoying cooking,9,6
16,Darla,9,0,having an absent-minded personality,10,5
16,Darla,9,0,living in a tornado-affected area,11,6
16,Darla,9,0,playing games with the children,12,7
16,Darla,9,0,playing loud upbeat music with the children,13,7
16,Darla,9,0,focusing on the children,14,7
16,Darla,9,0,not hearing the tornado sirens,15,4
16,Melvin,10,1,being White,1,1
16,Melvin,10,1,having high blood pressure,2,5
16,Melvin,10,1,being male,3,1
16,Melvin,10,1,being a farmer,4,7
16,Melvin,10,1,being 45 years old,5,1
16,Melvin,10,1,growing hay,6,7
16,Melvin,10,1,being stingy sometimes,7,6
16,Melvin,10,1,having a cheerful personality,8,6
16,Melvin,10,1,enjoying listening to rock music,9,6
16,Melvin,10,1,growing corn,10,7
16,Melvin,10,1,building his barn near the border with Vincent's property,11,7
16,Melvin,10,1,being concerned with hayfires,12,7
16,Melvin,10,1,considering buying hay-drying equipment,13,7
16,Melvin,10,1,meeting with consultants,14,7
16,Melvin,10,1,deciding not to buy hay-drying equipment,15,7
16,Julia,11,0,enjoying watching TV shows,1,7
16,Julia,11,0,being a college student,2,7
16,Julia,11,0,being female,3,1
16,Julia,11,0,being 19 years old,4,1
16,Julia,11,0,babysitting on the weekends,5,7
16,Julia,11,0,being multiracial,6,1
16,Julia,11,0,having asthma,7,1
16,Julia,11,0,being sensitive sometimes,8,6
16,Julia,11,0,being a courteous person,9,6
16,Julia,11,0,studying psychology,10,7
16,Julia,11,0,reading children's books with Benji,11,7
16,Julia,11,0,picking up her partner's call while filling the bathtub,12,7
16,Julia,11,0,feeling hurt after learning about the cheating,13,1
16,Julia,11,0,leaving the bathroom to talk to her partner,14,7
16,Julia,11,0,sitting for a few minutes after hanging up,15,7
17,Qian,1,0,being male,1,4
17,Qian,1,0,enjoying watching sports,2,5
17,Qian,1,0,not smoking,3,4
17,Qian,1,0,enjoying jazz music,4,5
17,Qian,1,0,being Asian,5,4
17,Qian,1,0,being stubborn sometimes,6,5
17,Qian,1,0,being a restaurant waiter,7,4
17,Qian,1,0,being 27 years old,8,4
17,Qian,1,0,being hard-working,9,5
17,Qian,1,0,having a humorous personality,10,4
17,Qian,1,0,hanging out at the local bar with cousins,11,5
17,Qian,1,0,having several drinks over the course of two hours,12,4
17,Qian,1,0,being angered by Wilson's comments,13,5
17,Qian,1,0,not talking back to Wilson,14,4
17,Qian,1,0,pushing Wilson to the ground,15,5
17,Edward,2,1,being 24 years old,1,4
17,Edward,2,1,being a studious person,2,5
17,Edward,2,1,being an experienced driver,3,4
17,Edward,2,1,being White,4,4
17,Edward,2,1,being an ambitious person,5,5
17,Edward,2,1,enjoying reading science fiction,6,4
17,Edward,2,1,being single,7,5
17,Edward,2,1,being male,8,4
17,Edward,2,1,being a clinical research assistant,9,5
17,Edward,2,1,enjoying browsing Twitter,10,4
17,Edward,2,1,not muting phone notifications while driving,11,5
17,Edward,2,1,not speeding,12,4
17,Edward,2,1,checking that there were no other cars nearby,13,5
17,Edward,2,1,taking a peek at the text,14,4
17,Edward,2,1,veering into the cyclist while reading the text,15,5
17,Ava,3,1,being Native American,1,4
17,Ava,3,1,being friends with Peter for many years,2,5
17,Ava,3,1,being an artist,3,4
17,Ava,3,1,enjoying going to music concerts,4,3
17,Ava,3,1,being a compassionate person,5,4
17,Ava,3,1,being female,6,5
17,Ava,3,1,often driving Peter to appointments and errands,7,4
17,Ava,3,1,regularly drinking coffee,8,4
17,Ava,3,1,being 26 years old,9,5
17,Ava,3,1,having a peanut allergy,10,4
17,Ava,3,1,doing her annual car maintenance,11,3
17,Ava,3,1,driving under the speed limit,12,4
17,Ava,3,1,listening to the radio while driving,13,5
17,Ava,3,1,being startled by the deer,14,4
17,Ava,3,1,slamming the brakes after seeing the deer,15,4
17,Chris,4,1,being male,1,4
17,Chris,4,1,enjoying swimming,2,5
17,Chris,4,1,enjoying playing hide-and-seek,3,4
17,Chris,4,1,admiring his father,4,5
17,Chris,4,1,weighing 70 lbs,5,4
17,Chris,4,1,having an average IQ,6,5
17,Chris,4,1,having a curious personality,7,4
17,Chris,4,1,being a picky eater,8,5
17,Chris,4,1,being White,9,4
17,Chris,4,1,being 10 years old,10,5
17,Chris,4,1,inviting friends over to play,11,4
17,Chris,4,1,hiding in the hall closet,12,5
17,Chris,4,1,finding the key in his father's jacket pocket,13,4
17,Chris,4,1,opening the gun cabinet with the key,14,5
17,Chris,4,1,picking up a pistol to play with,15,4
17,Flora,5,0,using a white cane to guide herself,1,4
17,Flora,5,0,being a counselor,2,5
17,Flora,5,0,being female,3,4
17,Flora,5,0,being an early riser,4,5
17,Flora,5,0,being an empathetic person,5,4
17,Flora,5,0,being 32 years old,6,5
17,Flora,5,0,being Asian,7,4
17,Flora,5,0,being legally blind,8,5
17,Flora,5,0,enjoying gardening,9,4
17,Flora,5,0,composing music in her free time,10,5
17,Flora,5,0,going to a neighbor's house for dinner,11,4
17,Flora,5,0,using her white cane while walking home,12,5
17,Flora,5,0,not calling for help,13,4
17,Flora,5,0,her white cane slipping between Paul's legs,14,5
17,Flora,5,0,stepping on Paul's torso,15,4
17,Nadia,6,0,being an organized person,1,4
17,Nadia,6,0,being a software engineer,2,5
17,Nadia,6,0,being White,3,4
17,Nadia,6,0,being a timid person,4,5
17,Nadia,6,0,having red hair,5,4
17,Nadia,6,0,attending couples therapy years ago,6,3
17,Nadia,6,0,enjoying oil painting,7,4
17,Nadia,6,0,being female,8,5
17,Nadia,6,0,being 34 years old,9,4
17,Nadia,6,0,collecting vinyl records,10,4
17,Nadia,6,0,going to the emergency room for bruises,11,5
17,Nadia,6,0,not seeking help after the emergency room incident,12,4
17,Nadia,6,0,being scared when Franklin screamed,13,3
17,Nadia,6,0,grabbing the revolver,14,4
17,Nadia,6,0,shooting Franklin with the revolver,15,5
17,Darla,7,0,running a home daycare business,1,4
17,Darla,7,0,having an absent-minded personality,2,3
17,Darla,7,0,communicating and interacting well with children,3,2
17,Darla,7,0,being female,4,4
17,Darla,7,0,working with Pamela for many years,5,5
17,Darla,7,0,being nearsighted,6,5
17,Darla,7,0,having a laid-back personality,7,4
17,Darla,7,0,enjoying cooking,8,3
17,Darla,7,0,being Black,9,4
17,Darla,7,0,being 32 years old,10,5
17,Darla,7,0,living in a tornado-affected area,11,4
17,Darla,7,0,playing games with the children,12,5
17,Darla,7,0,playing loud upbeat music with the children,13,4
17,Darla,7,0,focusing on the children,14,5
17,Darla,7,0,not hearing the tornado sirens,15,4
17,Julia,8,0,being sensitive sometimes,1,4
17,Julia,8,0,being a college student,2,5
17,Julia,8,0,enjoying watching TV shows,3,4
17,Julia,8,0,being female,4,5
17,Julia,8,0,being a courteous person,5,4
17,Julia,8,0,having asthma,6,5
17,Julia,8,0,studying psychology,7,4
17,Julia,8,0,babysitting on the weekends,8,5
17,Julia,8,0,being 19 years old,9,4
17,Julia,8,0,being multiracial,10,5
17,Julia,8,0,reading children's books with Benji,11,4
17,Julia,8,0,picking up her partner's call while filling the bathtub,12,5
17,Julia,8,0,feeling hurt after learning about the cheating,13,4
17,Julia,8,0,leaving the bathroom to talk to her partner,14,5
17,Julia,8,0,sitting for a few minutes after hanging up,15,4
17,Alfred,9,1,being a veteran,1,4
17,Alfred,9,1,enjoying fishing,2,5
17,Alfred,9,1,enjoying Italian cuisine,3,4
17,Alfred,9,1,being 68 years old,4,3
17,Alfred,9,1,being male,5,4
17,Alfred,9,1,being White,6,5
17,Alfred,9,1,being patriotic,7,4
17,Alfred,9,1,having PTSD,8,5
17,Alfred,9,1,living alone,9,4
17,Alfred,9,1,having a calm personality,10,5
17,Alfred,9,1,taking the subway home,11,4
17,Alfred,9,1,being quiet on the subway,12,5
17,Alfred,9,1,getting off at the same stop as Oliver,13,4
17,Alfred,9,1,hearing loud drilling and yelling from the construction above,14,5
17,Alfred,9,1,physically attacking Oliver,15,4
17,Tristan,10,1,being opinionated sometimes,1,4
17,Tristan,10,1,being impatient sometimes,2,4
17,Tristan,10,1,being 43 years old,3,5
17,Tristan,10,1,being Black,4,5
17,Tristan,10,1,enjoying listening to country music,5,4
17,Tristan,10,1,being male,6,5
17,Tristan,10,1,having worked for over ten years at the same hospital,7,4
17,Tristan,10,1,being extroverted and outgoing,8,5
17,Tristan,10,1,being Christian,9,4
17,Tristan,10,1,being a cardiologist,10,5
17,Tristan,10,1,reviewing Annie's medical history and symptoms,11,4
17,Tristan,10,1,checking Annie's vitals,12,5
17,Tristan,10,1,ordering Annie an electrocardiogram (ECG/EKG),13,4
17,Tristan,10,1,not ordering any other heart tests,14,5
17,Tristan,10,1,not ordering a mammogram,15,4
17,Melvin,11,1,enjoying listening to rock music,1,4
17,Melvin,11,1,being 45 years old,2,5
17,Melvin,11,1,being male,3,4
17,Melvin,11,1,growing corn,4,5
17,Melvin,11,1,being stingy sometimes,5,4
17,Melvin,11,1,being White,6,5
17,Melvin,11,1,having a cheerful personality,7,4
17,Melvin,11,1,having high blood pressure,8,5
17,Melvin,11,1,growing hay,9,4
17,Melvin,11,1,being a farmer,10,5
17,Melvin,11,1,building his barn near the border with Vincent's property,11,4
17,Melvin,11,1,being concerned with hayfires,12,5
17,Melvin,11,1,considering buying hay-drying equipment,13,4
17,Melvin,11,1,meeting with consultants,14,5
17,Melvin,11,1,deciding not to buy hay-drying equipment,15,4
18,Alfred,1,1,having PTSD,1,2
18,Alfred,1,1,being a veteran,2,4
18,Alfred,1,1,enjoying fishing,3,7
18,Alfred,1,1,being patriotic,4,7
18,Alfred,1,1,being male,5,1
18,Alfred,1,1,being 68 years old,6,1
18,Alfred,1,1,having a calm personality,7,7
18,Alfred,1,1,enjoying Italian cuisine,8,7
18,Alfred,1,1,living alone,9,7
18,Alfred,1,1,being White,10,1
18,Alfred,1,1,taking the subway home,11,6
18,Alfred,1,1,being quiet on the subway,12,7
18,Alfred,1,1,getting off at the same stop as Oliver,13,7
18,Alfred,1,1,hearing loud drilling and yelling from the construction above,14,1
18,Alfred,1,1,physically attacking Oliver,15,5
18,Qian,2,0,being stubborn sometimes,1,6
18,Qian,2,0,being Asian,2,1
18,Qian,2,0,enjoying watching sports,3,7
18,Qian,2,0,not smoking,4,7
18,Qian,2,0,being hard-working,5,7
18,Qian,2,0,having a humorous personality,6,7
18,Qian,2,0,enjoying jazz music,7,7
18,Qian,2,0,being a restaurant waiter,8,7
18,Qian,2,0,being male,9,1
18,Qian,2,0,being 27 years old,10,1
18,Qian,2,0,hanging out at the local bar with cousins,11,7
18,Qian,2,0,having several drinks over the course of two hours,12,7
18,Qian,2,0,being angered by Wilson's comments,13,5
18,Qian,2,0,not talking back to Wilson,14,6
18,Qian,2,0,pushing Wilson to the ground,15,6
18,Tristan,3,1,enjoying listening to country music,1,7
18,Tristan,3,1,being impatient sometimes,2,7
18,Tristan,3,1,being 43 years old,3,1
18,Tristan,3,1,being Black,4,1
18,Tristan,3,1,being extroverted and outgoing,5,7
18,Tristan,3,1,being a cardiologist,6,7
18,Tristan,3,1,being male,7,1
18,Tristan,3,1,having worked for over ten years at the same hospital,8,6
18,Tristan,3,1,being opinionated sometimes,9,6
18,Tristan,3,1,being Christian,10,7
18,Tristan,3,1,reviewing Annie's medical history and symptoms,11,7
18,Tristan,3,1,checking Annie's vitals,12,7
18,Tristan,3,1,ordering Annie an electrocardiogram (ECG/EKG),13,7
18,Tristan,3,1,not ordering any other heart tests,14,7
18,Tristan,3,1,not ordering a mammogram,15,7
18,Chris,4,1,being 10 years old,1,1
18,Chris,4,1,enjoying swimming,2,6
18,Chris,4,1,being male,3,1
18,Chris,4,1,enjoying playing hide-and-seek,4,7
18,Chris,4,1,being White,5,1
18,Chris,4,1,being a picky eater,6,6
18,Chris,4,1,admiring his father,7,7
18,Chris,4,1,having an average IQ,8,4
18,Chris,4,1,having a curious personality,9,6
18,Chris,4,1,weighing 70 lbs,10,5
18,Chris,4,1,inviting friends over to play,11,7
18,Chris,4,1,hiding in the hall closet,12,7
18,Chris,4,1,finding the key in his father's jacket pocket,13,7
18,Chris,4,1,opening the gun cabinet with the key,14,7
18,Chris,4,1,picking up a pistol to play with,15,7
18,Melvin,5,1,being a farmer,1,5
18,Melvin,5,1,being 45 years old,2,1
18,Melvin,5,1,being stingy sometimes,3,6
18,Melvin,5,1,growing corn,4,6
18,Melvin,5,1,having high blood pressure,5,4
18,Melvin,5,1,being male,6,1
18,Melvin,5,1,having a cheerful personality,7,7
18,Melvin,5,1,growing hay,8,6
18,Melvin,5,1,being White,9,1
18,Melvin,5,1,enjoying listening to rock music,10,7
18,Melvin,5,1,building his barn near the border with Vincent's property,11,7
18,Melvin,5,1,being concerned with hayfires,12,7
18,Melvin,5,1,considering buying hay-drying equipment,13,7
18,Melvin,5,1,meeting with consultants,14,7
18,Melvin,5,1,deciding not to buy hay-drying equipment,15,7
18,Julia,6,0,being a courteous person,1,6
18,Julia,6,0,studying psychology,2,7
18,Julia,6,0,babysitting on the weekends,3,5
18,Julia,6,0,being 19 years old,4,1
18,Julia,6,0,being female,5,1
18,Julia,6,0,being a college student,6,6
18,Julia,6,0,having asthma,7,1
18,Julia,6,0,being sensitive sometimes,8,6
18,Julia,6,0,being multiracial,9,1
18,Julia,6,0,enjoying watching TV shows,10,7
18,Julia,6,0,reading children's books with Benji,11,7
18,Julia,6,0,picking up her partner's call while filling the bathtub,12,5
18,Julia,6,0,feeling hurt after learning about the cheating,13,3
18,Julia,6,0,leaving the bathroom to talk to her partner,14,6
18,Julia,6,0,sitting for a few minutes after hanging up,15,6
18,Nadia,7,0,being 34 years old,1,1
18,Nadia,7,0,collecting vinyl records,2,6
18,Nadia,7,0,being a timid person,3,6
18,Nadia,7,0,being an organized person,4,6
18,Nadia,7,0,having red hair,5,1
18,Nadia,7,0,enjoying oil painting,6,6
18,Nadia,7,0,attending couples therapy years ago,7,7
18,Nadia,7,0,being White,8,1
18,Nadia,7,0,being female,9,1
18,Nadia,7,0,being a software engineer,10,6
18,Nadia,7,0,going to the emergency room for bruises,11,6
18,Nadia,7,0,not seeking help after the emergency room incident,12,7
18,Nadia,7,0,being scared when Franklin screamed,13,2
18,Nadia,7,0,grabbing the revolver,14,6
18,Nadia,7,0,shooting Franklin with the revolver,15,7
18,Darla,8,0,having a laid-back personality,1,6
18,Darla,8,0,being nearsighted,2,4
18,Darla,8,0,having an absent-minded personality,3,6
18,Darla,8,0,being Black,4,1
18,Darla,8,0,enjoying cooking,5,7
18,Darla,8,0,being 32 years old,6,1
18,Darla,8,0,working with Pamela for many years,7,7
18,Darla,8,0,communicating and interacting well with children,8,6
18,Darla,8,0,being female,9,1
18,Darla,8,0,running a home daycare business,10,7
18,Darla,8,0,living in a tornado-affected area,11,5
18,Darla,8,0,playing games with the children,12,7
18,Darla,8,0,playing loud upbeat music with the children,13,7
18,Darla,8,0,focusing on the children,14,7
18,Darla,8,0,not hearing the tornado sirens,15,7
18,Ava,9,1,enjoying going to music concerts,1,7
18,Ava,9,1,being 26 years old,2,1
18,Ava,9,1,being a compassionate person,3,7
18,Ava,9,1,being friends with Peter for many years,4,7
18,Ava,9,1,having a peanut allergy,5,1
18,Ava,9,1,being female,6,1
18,Ava,9,1,often driving Peter to appointments and errands,7,7
18,Ava,9,1,being an artist,8,7
18,Ava,9,1,being Native American,9,1
18,Ava,9,1,regularly drinking coffee,10,7
18,Ava,9,1,doing her annual car maintenance,11,7
18,Ava,9,1,driving under the speed limit,12,7
18,Ava,9,1,listening to the radio while driving,13,7
18,Ava,9,1,being startled by the deer,14,3
18,Ava,9,1,slamming the brakes after seeing the deer,15,6
18,Flora,10,1,enjoying gardening,1,6
18,Flora,10,1,being female,2,1
18,Flora,10,1,being legally blind,3,1
18,Flora,10,1,being a counselor,4,6
18,Flora,10,1,being an empathetic person,5,6
18,Flora,10,1,using a white cane to guide herself,6,6
18,Flora,10,1,being Asian,7,1
18,Flora,10,1,being an early riser,8,6
18,Flora,10,1,composing music in her free time,9,7
18,Flora,10,1,being 32 years old,10,1
18,Flora,10,1,going to a neighbor's house for dinner,11,7
18,Flora,10,1,using her white cane while walking home,12,7
18,Flora,10,1,not calling for help,13,7
18,Flora,10,1,her white cane slipping between Paul's legs,14,4
18,Flora,10,1,stepping on Paul's torso,15,3
18,Edward,11,1,being a clinical research assistant,1,6
18,Edward,11,1,being single,2,4
18,Edward,11,1,being an experienced driver,3,6
18,Edward,11,1,enjoying browsing Twitter,4,7
18,Edward,11,1,being White,5,1
18,Edward,11,1,being an ambitious person,6,7
18,Edward,11,1,being male,7,1
18,Edward,11,1,being a studious person,8,7
18,Edward,11,1,being 24 years old,9,1
18,Edward,11,1,enjoying reading science fiction,10,7
18,Edward,11,1,not muting phone notifications while driving,11,7
18,Edward,11,1,not speeding,12,7
18,Edward,11,1,checking that there were no other cars nearby,13,7
18,Edward,11,1,taking a peek at the text,14,7
18,Edward,11,1,veering into the cyclist while reading the text,15,7
19,Julia,1,0,having asthma,1,4
19,Julia,1,0,babysitting on the weekends,2,5
19,Julia,1,0,being a college student,3,4
19,Julia,1,0,being multiracial,4,7
19,Julia,1,0,studying psychology,5,4
19,Julia,1,0,being female,6,7
19,Julia,1,0,being sensitive sometimes,7,5
19,Julia,1,0,being 19 years old,8,7
19,Julia,1,0,being a courteous person,9,4
19,Julia,1,0,enjoying watching TV shows,10,6
19,Julia,1,0,reading children's books with Benji,11,4
19,Julia,1,0,picking up her partner's call while filling the bathtub,12,7
19,Julia,1,0,feeling hurt after learning about the cheating,13,4
19,Julia,1,0,leaving the bathroom to talk to her partner,14,7
19,Julia,1,0,sitting for a few minutes after hanging up,15,4
19,Edward,2,1,being single,1,7
19,Edward,2,1,being 24 years old,2,7
19,Edward,2,1,being an experienced driver,3,7
19,Edward,2,1,enjoying browsing Twitter,4,7
19,Edward,2,1,enjoying reading science fiction,5,7
19,Edward,2,1,being White,6,7
19,Edward,2,1,being a studious person,7,7
19,Edward,2,1,being an ambitious person,8,7
19,Edward,2,1,being male,9,7
19,Edward,2,1,being a clinical research assistant,10,7
19,Edward,2,1,not muting phone notifications while driving,11,6
19,Edward,2,1,not speeding,12,4
19,Edward,2,1,checking that there were no other cars nearby,13,7
19,Edward,2,1,taking a peek at the text,14,7
19,Edward,2,1,veering into the cyclist while reading the text,15,4
19,Nadia,3,0,being a software engineer,1,7
19,Nadia,3,0,being female,2,7
19,Nadia,3,0,being 34 years old,3,7
19,Nadia,3,0,collecting vinyl records,4,7
19,Nadia,3,0,being White,5,7
19,Nadia,3,0,attending couples therapy years ago,6,7
19,Nadia,3,0,being an organized person,7,7
19,Nadia,3,0,enjoying oil painting,8,6
19,Nadia,3,0,being a timid person,9,7
19,Nadia,3,0,having red hair,10,7
19,Nadia,3,0,going to the emergency room for bruises,11,7
19,Nadia,3,0,not seeking help after the emergency room incident,12,4
19,Nadia,3,0,being scared when Franklin screamed,13,7
19,Nadia,3,0,grabbing the revolver,14,6
19,Nadia,3,0,shooting Franklin with the revolver,15,5
19,Qian,4,0,being 27 years old,1,7
19,Qian,4,0,enjoying jazz music,2,7
19,Qian,4,0,enjoying watching sports,3,6
19,Qian,4,0,not smoking,4,7
19,Qian,4,0,being a restaurant waiter,5,6
19,Qian,4,0,being Asian,6,7
19,Qian,4,0,being hard-working,7,7
19,Qian,4,0,being male,8,7
19,Qian,4,0,having a humorous personality,9,7
19,Qian,4,0,being stubborn sometimes,10,4
19,Qian,4,0,hanging out at the local bar with cousins,11,7
19,Qian,4,0,having several drinks over the course of two hours,12,6
19,Qian,4,0,being angered by Wilson's comments,13,6
19,Qian,4,0,not talking back to Wilson,14,4
19,Qian,4,0,pushing Wilson to the ground,15,6
19,Flora,5,1,composing music in her free time,1,6
19,Flora,5,1,enjoying gardening,2,6
19,Flora,5,1,being legally blind,3,5
19,Flora,5,1,being an early riser,4,6
19,Flora,5,1,being 32 years old,5,7
19,Flora,5,1,being Asian,6,7
19,Flora,5,1,being an empathetic person,7,7
19,Flora,5,1,being female,8,7
19,Flora,5,1,using a white cane to guide herself,9,5
19,Flora,5,1,being a counselor,10,5
19,Flora,5,1,going to a neighbor's house for dinner,11,6
19,Flora,5,1,using her white cane while walking home,12,5
19,Flora,5,1,not calling for help,13,5
19,Flora,5,1,her white cane slipping between Paul's legs,14,4
19,Flora,5,1,stepping on Paul's torso,15,5
19,Melvin,6,0,growing corn,1,7
19,Melvin,6,0,growing hay,2,6
19,Melvin,6,0,being a farmer,3,7
19,Melvin,6,0,being male,4,7
19,Melvin,6,0,being 45 years old,5,4
19,Melvin,6,0,enjoying listening to rock music,6,4
19,Melvin,6,0,being White,7,4
19,Melvin,6,0,having a cheerful personality,8,6
19,Melvin,6,0,being stingy sometimes,9,4
19,Melvin,6,0,having high blood pressure,10,4
19,Melvin,6,0,building his barn near the border with Vincent's property,11,4
19,Melvin,6,0,being concerned with hayfires,12,4
19,Melvin,6,0,considering buying hay-drying equipment,13,5
19,Melvin,6,0,meeting with consultants,14,4
19,Melvin,6,0,deciding not to buy hay-drying equipment,15,5
19,Ava,7,0,being an artist,1,5
19,Ava,7,0,being Native American,2,5
19,Ava,7,0,being a compassionate person,3,5
19,Ava,7,0,enjoying going to music concerts,4,4
19,Ava,7,0,having a peanut allergy,5,5
19,Ava,7,0,often driving Peter to appointments and errands,6,5
19,Ava,7,0,being female,7,6
19,Ava,7,0,being 26 years old,8,4
19,Ava,7,0,being friends with Peter for many years,9,5
19,Ava,7,0,regularly drinking coffee,10,6
19,Ava,7,0,doing her annual car maintenance,11,5
19,Ava,7,0,driving under the speed limit,12,5
19,Ava,7,0,listening to the radio while driving,13,4
19,Ava,7,0,being startled by the deer,14,4
19,Ava,7,0,slamming the brakes after seeing the deer,15,5
19,Chris,8,1,being White,1,6
19,Chris,8,1,being 10 years old,2,6
19,Chris,8,1,enjoying swimming,3,6
19,Chris,8,1,being male,4,6
19,Chris,8,1,having an average IQ,5,6
19,Chris,8,1,being a picky eater,6,4
19,Chris,8,1,having a curious personality,7,5
19,Chris,8,1,weighing 70 lbs,8,4
19,Chris,8,1,enjoying playing hide-and-seek,9,6
19,Chris,8,1,admiring his father,10,6
19,Chris,8,1,inviting friends over to play,11,5
19,Chris,8,1,hiding in the hall closet,12,6
19,Chris,8,1,finding the key in his father's jacket pocket,13,6
19,Chris,8,1,opening the gun cabinet with the key,14,5
19,Chris,8,1,picking up a pistol to play with,15,4
19,Tristan,9,1,enjoying listening to country music,1,6
19,Tristan,9,1,being 43 years old,2,6
19,Tristan,9,1,being Black,3,4
19,Tristan,9,1,having worked for over ten years at the same hospital,4,5
19,Tristan,9,1,being male,5,5
19,Tristan,9,1,being Christian,6,6
19,Tristan,9,1,being opinionated sometimes,7,4
19,Tristan,9,1,being impatient sometimes,8,6
19,Tristan,9,1,being a cardiologist,9,5
19,Tristan,9,1,being extroverted and outgoing,10,4
19,Tristan,9,1,reviewing Annie's medical history and symptoms,11,4
19,Tristan,9,1,checking Annie's vitals,12,5
19,Tristan,9,1,ordering Annie an electrocardiogram (ECG/EKG),13,4
19,Tristan,9,1,not ordering any other heart tests,14,5
19,Tristan,9,1,not ordering a mammogram,15,4
19,Darla,10,0,being 32 years old,1,6
19,Darla,10,0,being nearsighted,2,6
19,Darla,10,0,having a laid-back personality,3,6
19,Darla,10,0,communicating and interacting well with children,4,5
19,Darla,10,0,working with Pamela for many years,5,6
19,Darla,10,0,enjoying cooking,6,6
19,Darla,10,0,having an absent-minded personality,7,5
19,Darla,10,0,being Black,8,6
19,Darla,10,0,running a home daycare business,9,6
19,Darla,10,0,being female,10,6
19,Darla,10,0,living in a tornado-affected area,11,6
19,Darla,10,0,playing games with the children,12,6
19,Darla,10,0,playing loud upbeat music with the children,13,6
19,Darla,10,0,focusing on the children,14,6
19,Darla,10,0,not hearing the tornado sirens,15,6
19,Alfred,11,1,being a veteran,1,6
19,Alfred,11,1,being patriotic,2,6
19,Alfred,11,1,living alone,3,5
19,Alfred,11,1,enjoying fishing,4,6
19,Alfred,11,1,being White,5,6
19,Alfred,11,1,being 68 years old,6,6
19,Alfred,11,1,having a calm personality,7,5
19,Alfred,11,1,enjoying Italian cuisine,8,6
19,Alfred,11,1,having PTSD,9,6
19,Alfred,11,1,being male,10,6
19,Alfred,11,1,taking the subway home,11,6
19,Alfred,11,1,being quiet on the subway,12,6
19,Alfred,11,1,getting off at the same stop as Oliver,13,6
19,Alfred,11,1,hearing loud drilling and yelling from the construction above,14,6
19,Alfred,11,1,physically attacking Oliver,15,6
20,Tristan,1,1,being male,1,2
20,Tristan,1,1,being impatient sometimes,2,6
20,Tristan,1,1,having worked for over ten years at the same hospital,3,7
20,Tristan,1,1,enjoying listening to country music,4,6
20,Tristan,1,1,being opinionated sometimes,5,7
20,Tristan,1,1,being 43 years old,6,1
20,Tristan,1,1,being a cardiologist,7,7
20,Tristan,1,1,being extroverted and outgoing,8,4
20,Tristan,1,1,being Black,9,1
20,Tristan,1,1,being Christian,10,7
20,Tristan,1,1,reviewing Annie's medical history and symptoms,11,6
20,Tristan,1,1,checking Annie's vitals,12,6
20,Tristan,1,1,ordering Annie an electrocardiogram (ECG/EKG),13,7
20,Tristan,1,1,not ordering any other heart tests,14,7
20,Tristan,1,1,not ordering a mammogram,15,7
20,Flora,2,1,enjoying gardening,1,6
20,Flora,2,1,being a counselor,2,7
20,Flora,2,1,being female,3,2
20,Flora,2,1,being Asian,4,1
20,Flora,2,1,being an empathetic person,5,6
20,Flora,2,1,being legally blind,6,1
20,Flora,2,1,being an early riser,7,6
20,Flora,2,1,being 32 years old,8,1
20,Flora,2,1,composing music in her free time,9,7
20,Flora,2,1,using a white cane to guide herself,10,6
20,Flora,2,1,going to a neighbor's house for dinner,11,7
20,Flora,2,1,using her white cane while walking home,12,6
20,Flora,2,1,not calling for help,13,4
20,Flora,2,1,her white cane slipping between Paul's legs,14,5
20,Flora,2,1,stepping on Paul's torso,15,4
20,Nadia,3,0,having red hair,1,3
20,Nadia,3,0,being 34 years old,2,1
20,Nadia,3,0,being a software engineer,3,7
20,Nadia,3,0,attending couples therapy years ago,4,7
20,Nadia,3,0,being female,5,2
20,Nadia,3,0,being an organized person,6,6
20,Nadia,3,0,being a timid person,7,6
20,Nadia,3,0,being White,8,1
20,Nadia,3,0,collecting vinyl records,9,7
20,Nadia,3,0,enjoying oil painting,10,7
20,Nadia,3,0,going to the emergency room for bruises,11,4
20,Nadia,3,0,not seeking help after the emergency room incident,12,6
20,Nadia,3,0,being scared when Franklin screamed,13,3
20,Nadia,3,0,grabbing the revolver,14,5
20,Nadia,3,0,shooting Franklin with the revolver,15,5
20,Alfred,4,1,living alone,1,6
20,Alfred,4,1,being White,2,1
20,Alfred,4,1,being a veteran,3,3
20,Alfred,4,1,having PTSD,4,2
20,Alfred,4,1,being 68 years old,5,1
20,Alfred,4,1,enjoying Italian cuisine,6,6
20,Alfred,4,1,being patriotic,7,7
20,Alfred,4,1,having a calm personality,8,6
20,Alfred,4,1,being male,9,2
20,Alfred,4,1,enjoying fishing,10,7
20,Alfred,4,1,taking the subway home,11,6
20,Alfred,4,1,being quiet on the subway,12,7
20,Alfred,4,1,getting off at the same stop as Oliver,13,3
20,Alfred,4,1,hearing loud drilling and yelling from the construction above,14,3
20,Alfred,4,1,physically attacking Oliver,15,5
20,Chris,5,1,being White,1,1
20,Chris,5,1,admiring his father,2,7
20,Chris,5,1,enjoying swimming,3,7
20,Chris,5,1,enjoying playing hide-and-seek,4,7
20,Chris,5,1,being 10 years old,5,1
20,Chris,5,1,having a curious personality,6,5
20,Chris,5,1,having an average IQ,7,2
20,Chris,5,1,being a picky eater,8,4
20,Chris,5,1,weighing 70 lbs,9,3
20,Chris,5,1,being male,10,2
20,Chris,5,1,inviting friends over to play,11,6
20,Chris,5,1,hiding in the hall closet,12,7
20,Chris,5,1,finding the key in his father's jacket pocket,13,4
20,Chris,5,1,opening the gun cabinet with the key,14,7
20,Chris,5,1,picking up a pistol to play with,15,7
20,Melvin,6,1,growing hay,1,6
20,Melvin,6,1,being White,2,1
20,Melvin,6,1,enjoying listening to rock music,3,7
20,Melvin,6,1,having a cheerful personality,4,6
20,Melvin,6,1,being stingy sometimes,5,6
20,Melvin,6,1,growing corn,6,5
20,Melvin,6,1,being male,7,2
20,Melvin,6,1,having high blood pressure,8,1
20,Melvin,6,1,being a farmer,9,7
20,Melvin,6,1,being 45 years old,10,1
20,Melvin,6,1,building his barn near the border with Vincent's property,11,6
20,Melvin,6,1,being concerned with hayfires,12,5
20,Melvin,6,1,considering buying hay-drying equipment,13,7
20,Melvin,6,1,meeting with consultants,14,7
20,Melvin,6,1,deciding not to buy hay-drying equipment,15,7
20,Darla,7,0,being 32 years old,1,1
20,Darla,7,0,being Black,2,1
20,Darla,7,0,being female,3,2
20,Darla,7,0,being nearsighted,4,1
20,Darla,7,0,having an absent-minded personality,5,5
20,Darla,7,0,communicating and interacting well with children,6,6
20,Darla,7,0,having a laid-back personality,7,6
20,Darla,7,0,running a home daycare business,8,7
20,Darla,7,0,enjoying cooking,9,7
20,Darla,7,0,working with Pamela for many years,10,7
20,Darla,7,0,living in a tornado-affected area,11,5
20,Darla,7,0,playing games with the children,12,6
20,Darla,7,0,playing loud upbeat music with the children,13,7
20,Darla,7,0,focusing on the children,14,6
20,Darla,7,0,not hearing the tornado sirens,15,6
20,Julia,8,0,being multiracial,1,1
20,Julia,8,0,enjoying watching TV shows,2,7
20,Julia,8,0,studying psychology,3,7
20,Julia,8,0,being a college student,4,6
20,Julia,8,0,being 19 years old,5,1
20,Julia,8,0,being sensitive sometimes,6,3
20,Julia,8,0,being a courteous person,7,6
20,Julia,8,0,having asthma,8,1
20,Julia,8,0,babysitting on the weekends,9,7
20,Julia,8,0,being female,10,2
20,Julia,8,0,reading children's books with Benji,11,7
20,Julia,8,0,picking up her partner's call while filling the bathtub,12,7
20,Julia,8,0,feeling hurt after learning about the cheating,13,5
20,Julia,8,0,leaving the bathroom to talk to her partner,14,7
20,Julia,8,0,sitting for a few minutes after hanging up,15,7
20,Ava,9,1,having a peanut allergy,1,1
20,Ava,9,1,being friends with Peter for many years,2,6
20,Ava,9,1,being 26 years old,3,1
20,Ava,9,1,being a compassionate person,4,6
20,Ava,9,1,enjoying going to music concerts,5,7
20,Ava,9,1,being an artist,6,7
20,Ava,9,1,being female,7,2
20,Ava,9,1,being Native American,8,1
20,Ava,9,1,often driving Peter to appointments and errands,9,7
20,Ava,9,1,regularly drinking coffee,10,7
20,Ava,9,1,doing her annual car maintenance,11,7
20,Ava,9,1,driving under the speed limit,12,7
20,Ava,9,1,listening to the radio while driving,13,7
20,Ava,9,1,being startled by the deer,14,4
20,Ava,9,1,slamming the brakes after seeing the deer,15,4
20,Qian,10,0,being Asian,1,1
20,Qian,10,0,having a humorous personality,2,6
20,Qian,10,0,being stubborn sometimes,3,6
20,Qian,10,0,being 27 years old,4,1
20,Qian,10,0,being male,5,2
20,Qian,10,0,enjoying watching sports,6,7
20,Qian,10,0,being hard-working,7,7
20,Qian,10,0,being a restaurant waiter,8,7
20,Qian,10,0,enjoying jazz music,9,7
20,Qian,10,0,not smoking,10,7
20,Qian,10,0,hanging out at the local bar with cousins,11,7
20,Qian,10,0,having several drinks over the course of two hours,12,7
20,Qian,10,0,being angered by Wilson's comments,13,6
20,Qian,10,0,not talking back to Wilson,14,7
20,Qian,10,0,pushing Wilson to the ground,15,7
20,Edward,11,1,being a clinical research assistant,1,7
20,Edward,11,1,being an experienced driver,2,6
20,Edward,11,1,being single,3,6
20,Edward,11,1,enjoying browsing Twitter,4,7
20,Edward,11,1,enjoying reading science fiction,5,7
20,Edward,11,1,being 24 years old,6,1
20,Edward,11,1,being White,7,1
20,Edward,11,1,being an ambitious person,8,6
20,Edward,11,1,being male,9,2
20,Edward,11,1,being a studious person,10,7
20,Edward,11,1,not muting phone notifications while driving,11,7
20,Edward,11,1,not speeding,12,7
20,Edward,11,1,checking that there were no other cars nearby,13,6
20,Edward,11,1,taking a peek at the text,14,7
20,Edward,11,1,veering into the cyclist while reading the text,15,6
21,Tristan,1,1,enjoying listening to country music,1,7
21,Tristan,1,1,having worked for over ten years at the same hospital,2,5
21,Tristan,1,1,being 43 years old,3,1
21,Tristan,1,1,being opinionated sometimes,4,6
21,Tristan,1,1,being impatient sometimes,5,6
21,Tristan,1,1,being male,6,1
21,Tristan,1,1,being Christian,7,7
21,Tristan,1,1,being extroverted and outgoing,8,6
21,Tristan,1,1,being a cardiologist,9,7
21,Tristan,1,1,being Black,10,1
21,Tristan,1,1,reviewing Annie's medical history and symptoms,11,7
21,Tristan,1,1,checking Annie's vitals,12,7
21,Tristan,1,1,ordering Annie an electrocardiogram (ECG/EKG),13,7
21,Tristan,1,1,not ordering any other heart tests,14,7
21,Tristan,1,1,not ordering a mammogram,15,7
21,Nadia,2,0,enjoying oil painting,1,5
21,Nadia,2,0,being a timid person,2,3
21,Nadia,2,0,being a software engineer,3,7
21,Nadia,2,0,attending couples therapy years ago,4,7
21,Nadia,2,0,being female,5,1
21,Nadia,2,0,being 34 years old,6,1
21,Nadia,2,0,having red hair,7,1
21,Nadia,2,0,being White,8,1
21,Nadia,2,0,being an organized person,9,4
21,Nadia,2,0,collecting vinyl records,10,7
21,Nadia,2,0,going to the emergency room for bruises,11,7
21,Nadia,2,0,not seeking help after the emergency room incident,12,7
21,Nadia,2,0,being scared when Franklin screamed,13,1
21,Nadia,2,0,grabbing the revolver,14,6
21,Nadia,2,0,shooting Franklin with the revolver,15,6
21,Julia,3,0,enjoying watching TV shows,1,4
21,Julia,3,0,being multiracial,2,1
21,Julia,3,0,being female,3,1
21,Julia,3,0,being sensitive sometimes,4,2
21,Julia,3,0,being 19 years old,5,1
21,Julia,3,0,studying psychology,6,7
21,Julia,3,0,being a courteous person,7,6
21,Julia,3,0,having asthma,8,1
21,Julia,3,0,being a college student,9,7
21,Julia,3,0,babysitting on the weekends,10,7
21,Julia,3,0,reading children's books with Benji,11,7
21,Julia,3,0,picking up her partner's call while filling the bathtub,12,7
21,Julia,3,0,feeling hurt after learning about the cheating,13,2
21,Julia,3,0,leaving the bathroom to talk to her partner,14,7
21,Julia,3,0,sitting for a few minutes after hanging up,15,7
21,Qian,4,0,being 27 years old,1,1
21,Qian,4,0,enjoying jazz music,2,5
21,Qian,4,0,not smoking,3,7
21,Qian,4,0,being hard-working,4,7
21,Qian,4,0,being a restaurant waiter,5,7
21,Qian,4,0,being Asian,6,1
21,Qian,4,0,enjoying watching sports,7,6
21,Qian,4,0,being male,8,1
21,Qian,4,0,having a humorous personality,9,2
21,Qian,4,0,being stubborn sometimes,10,4
21,Qian,4,0,hanging out at the local bar with cousins,11,7
21,Qian,4,0,having several drinks over the course of two hours,12,7
21,Qian,4,0,being angered by Wilson's comments,13,2
21,Qian,4,0,not talking back to Wilson,14,6
21,Qian,4,0,pushing Wilson to the ground,15,1
21,Darla,5,0,being 32 years old,1,1
21,Darla,5,0,working with Pamela for many years,2,7
21,Darla,5,0,enjoying cooking,3,6
21,Darla,5,0,having a laid-back personality,4,3
21,Darla,5,0,being nearsighted,5,1
21,Darla,5,0,having an absent-minded personality,6,1
21,Darla,5,0,being Black,7,1
21,Darla,5,0,running a home daycare business,8,7
21,Darla,5,0,communicating and interacting well with children,9,7
21,Darla,5,0,being female,10,1
21,Darla,5,0,living in a tornado-affected area,11,7
21,Darla,5,0,playing games with the children,12,7
21,Darla,5,0,playing loud upbeat music with the children,13,7
21,Darla,5,0,focusing on the children,14,7
21,Darla,5,0,not hearing the tornado sirens,15,6
21,Ava,6,1,being friends with Peter for many years,1,7
21,Ava,6,1,often driving Peter to appointments and errands,2,7
21,Ava,6,1,having a peanut allergy,3,1
21,Ava,6,1,being female,4,1
21,Ava,6,1,being an artist,5,7
21,Ava,6,1,regularly drinking coffee,6,7
21,Ava,6,1,enjoying going to music concerts,7,6
21,Ava,6,1,being a compassionate person,8,6
21,Ava,6,1,being Native American,9,1
21,Ava,6,1,being 26 years old,10,1
21,Ava,6,1,doing her annual car maintenance,11,7
21,Ava,6,1,driving under the speed limit,12,7
21,Ava,6,1,listening to the radio while driving,13,7
21,Ava,6,1,being startled by the deer,14,1
21,Ava,6,1,slamming the brakes after seeing the deer,15,2
21,Melvin,7,1,growing corn,1,7
21,Melvin,7,1,having a cheerful personality,2,3
21,Melvin,7,1,being male,3,1
21,Melvin,7,1,being White,4,1
21,Melvin,7,1,being stingy sometimes,5,7
21,Melvin,7,1,being a farmer,6,7
21,Melvin,7,1,growing hay,7,7
21,Melvin,7,1,enjoying listening to rock music,8,7
21,Melvin,7,1,being 45 years old,9,1
21,Melvin,7,1,having high blood pressure,10,5
21,Melvin,7,1,building his barn near the border with Vincent's property,11,7
21,Melvin,7,1,being concerned with hayfires,12,7
21,Melvin,7,1,considering buying hay-drying equipment,13,7
21,Melvin,7,1,meeting with consultants,14,7
21,Melvin,7,1,deciding not to buy hay-drying equipment,15,7
21,Alfred,8,1,being a veteran,1,7
21,Alfred,8,1,being male,2,1
21,Alfred,8,1,having a calm personality,3,2
21,Alfred,8,1,enjoying fishing,4,6
21,Alfred,8,1,being 68 years old,5,1
21,Alfred,8,1,being patriotic,6,7
21,Alfred,8,1,enjoying Italian cuisine,7,5
21,Alfred,8,1,living alone,8,7
21,Alfred,8,1,being White,9,1
21,Alfred,8,1,having PTSD,10,1
21,Alfred,8,1,taking the subway home,11,7
21,Alfred,8,1,being quiet on the subway,12,7
21,Alfred,8,1,getting off at the same stop as Oliver,13,7
21,Alfred,8,1,hearing loud drilling and yelling from the construction above,14,1
21,Alfred,8,1,physically attacking Oliver,15,2
21,Chris,9,1,having a curious personality,1,2
21,Chris,9,1,admiring his father,2,6
21,Chris,9,1,weighing 70 lbs,3,3
21,Chris,9,1,enjoying swimming,4,4
21,Chris,9,1,being White,5,1
21,Chris,9,1,having an average IQ,6,1
21,Chris,9,1,being male,7,1
21,Chris,9,1,being 10 years old,8,1
21,Chris,9,1,being a picky eater,9,2
21,Chris,9,1,enjoying playing hide-and-seek,10,5
21,Chris,9,1,inviting friends over to play,11,7
21,Chris,9,1,hiding in the hall closet,12,7
21,Chris,9,1,finding the key in his father's jacket pocket,13,6
21,Chris,9,1,opening the gun cabinet with the key,14,7
21,Chris,9,1,picking up a pistol to play with,15,7
21,Flora,10,1,being an early riser,1,2
21,Flora,10,1,being Asian,2,1
21,Flora,10,1,enjoying gardening,3,3
21,Flora,10,1,being female,4,1
21,Flora,10,1,being legally blind,5,1
21,Flora,10,1,being a counselor,6,7
21,Flora,10,1,being an empathetic person,7,5
21,Flora,10,1,composing music in her free time,8,7
21,Flora,10,1,being 32 years old,9,1
21,Flora,10,1,using a white cane to guide herself,10,7
21,Flora,10,1,going to a neighbor's house for dinner,11,7
21,Flora,10,1,using her white cane while walking home,12,7
21,Flora,10,1,not calling for help,13,7
21,Flora,10,1,her white cane slipping between Paul's legs,14,2
21,Flora,10,1,stepping on Paul's torso,15,2
21,Edward,11,1,being White,1,1
21,Edward,11,1,enjoying browsing Twitter,2,5
21,Edward,11,1,being male,3,1
21,Edward,11,1,being an ambitious person,4,5
21,Edward,11,1,being an experienced driver,5,5
21,Edward,11,1,being a studious person,6,6
21,Edward,11,1,being 24 years old,7,1
21,Edward,11,1,enjoying reading science fiction,8,5
21,Edward,11,1,being single,9,1
21,Edward,11,1,being a clinical research assistant,10,7
21,Edward,11,1,not muting phone notifications while driving,11,7
21,Edward,11,1,not speeding,12,7
21,Edward,11,1,checking that there were no other cars nearby,13,7
21,Edward,11,1,taking a peek at the text,14,7
21,Edward,11,1,veering into the cyclist while reading the text,15,2
22,Darla,1,0,working with Pamela for many years,1,5
22,Darla,1,0,having a laid-back personality,2,3
22,Darla,1,0,communicating and interacting well with children,3,4
22,Darla,1,0,running a home daycare business,4,5
22,Darla,1,0,being Black,5,1
22,Darla,1,0,being nearsighted,6,2
22,Darla,1,0,being female,7,2
22,Darla,1,0,having an absent-minded personality,8,2
22,Darla,1,0,being 32 years old,9,1
22,Darla,1,0,enjoying cooking,10,4
22,Darla,1,0,living in a tornado-affected area,11,6
22,Darla,1,0,playing games with the children,12,5
22,Darla,1,0,playing loud upbeat music with the children,13,5
22,Darla,1,0,focusing on the children,14,5
22,Darla,1,0,not hearing the tornado sirens,15,5
22,Nadia,2,0,being a software engineer,1,5
22,Nadia,2,0,having red hair,2,4
22,Nadia,2,0,being a timid person,3,2
22,Nadia,2,0,attending couples therapy years ago,4,5
22,Nadia,2,0,being female,5,2
22,Nadia,2,0,being 34 years old,6,1
22,Nadia,2,0,enjoying oil painting,7,4
22,Nadia,2,0,being White,8,1
22,Nadia,2,0,being an organized person,9,3
22,Nadia,2,0,collecting vinyl records,10,5
22,Nadia,2,0,going to the emergency room for bruises,11,4
22,Nadia,2,0,not seeking help after the emergency room incident,12,6
22,Nadia,2,0,being scared when Franklin screamed,13,2
22,Nadia,2,0,grabbing the revolver,14,4
22,Nadia,2,0,shooting Franklin with the revolver,15,4
22,Ava,3,1,having a peanut allergy,1,1
22,Ava,3,1,being 26 years old,2,1
22,Ava,3,1,enjoying going to music concerts,3,4
22,Ava,3,1,being a compassionate person,4,3
22,Ava,3,1,being Native American,5,1
22,Ava,3,1,being female,6,2
22,Ava,3,1,being an artist,7,4
22,Ava,3,1,often driving Peter to appointments and errands,8,6
22,Ava,3,1,regularly drinking coffee,9,6
22,Ava,3,1,being friends with Peter for many years,10,5
22,Ava,3,1,doing her annual car maintenance,11,6
22,Ava,3,1,driving under the speed limit,12,6
22,Ava,3,1,listening to the radio while driving,13,6
22,Ava,3,1,being startled by the deer,14,3
22,Ava,3,1,slamming the brakes after seeing the deer,15,4
22,Qian,4,0,not smoking,1,5
22,Qian,4,0,being Asian,2,1
22,Qian,4,0,being 27 years old,3,1
22,Qian,4,0,being male,4,2
22,Qian,4,0,enjoying watching sports,5,4
22,Qian,4,0,having a humorous personality,6,3
22,Qian,4,0,being stubborn sometimes,7,3
22,Qian,4,0,enjoying jazz music,8,4
22,Qian,4,0,being hard-working,9,5
22,Qian,4,0,being a restaurant waiter,10,6
22,Qian,4,0,hanging out at the local bar with cousins,11,6
22,Qian,4,0,having several drinks over the course of two hours,12,6
22,Qian,4,0,being angered by Wilson's comments,13,5
22,Qian,4,0,not talking back to Wilson,14,5
22,Qian,4,0,pushing Wilson to the ground,15,6
22,Alfred,5,1,being patriotic,1,7
22,Alfred,5,1,enjoying Italian cuisine,2,4
22,Alfred,5,1,being male,3,2
22,Alfred,5,1,being White,4,1
22,Alfred,5,1,being 68 years old,5,1
22,Alfred,5,1,being a veteran,6,2
22,Alfred,5,1,enjoying fishing,7,4
22,Alfred,5,1,having PTSD,8,1
22,Alfred,5,1,living alone,9,5
22,Alfred,5,1,having a calm personality,10,5
22,Alfred,5,1,taking the subway home,11,5
22,Alfred,5,1,being quiet on the subway,12,5
22,Alfred,5,1,getting off at the same stop as Oliver,13,3
22,Alfred,5,1,hearing loud drilling and yelling from the construction above,14,1
22,Alfred,5,1,physically attacking Oliver,15,4
22,Edward,6,1,being a studious person,1,5
22,Edward,6,1,being a clinical research assistant,2,6
22,Edward,6,1,being an ambitious person,3,5
22,Edward,6,1,being single,4,5
22,Edward,6,1,enjoying reading science fiction,5,5
22,Edward,6,1,being White,6,1
22,Edward,6,1,being an experienced driver,7,4
22,Edward,6,1,being 24 years old,8,1
22,Edward,6,1,being male,9,2
22,Edward,6,1,enjoying browsing Twitter,10,5
22,Edward,6,1,not muting phone notifications while driving,11,7
22,Edward,6,1,not speeding,12,7
22,Edward,6,1,checking that there were no other cars nearby,13,7
22,Edward,6,1,taking a peek at the text,14,6
22,Edward,6,1,veering into the cyclist while reading the text,15,7
22,Tristan,7,1,being Christian,1,6
22,Tristan,7,1,enjoying listening to country music,2,5
22,Tristan,7,1,being a cardiologist,3,6
22,Tristan,7,1,having worked for over ten years at the same hospital,4,7
22,Tristan,7,1,being extroverted and outgoing,5,4
22,Tristan,7,1,being impatient sometimes,6,4
22,Tristan,7,1,being Black,7,1
22,Tristan,7,1,being opinionated sometimes,8,5
22,Tristan,7,1,being male,9,2
22,Tristan,7,1,being 43 years old,10,1
22,Tristan,7,1,reviewing Annie's medical history and symptoms,11,6
22,Tristan,7,1,checking Annie's vitals,12,6
22,Tristan,7,1,ordering Annie an electrocardiogram (ECG/EKG),13,6
22,Tristan,7,1,not ordering any other heart tests,14,6
22,Tristan,7,1,not ordering a mammogram,15,6
22,Flora,8,1,being 32 years old,1,1
22,Flora,8,1,being Asian,2,1
22,Flora,8,1,being legally blind,3,1
22,Flora,8,1,being an empathetic person,4,5
22,Flora,8,1,being an early riser,5,4
22,Flora,8,1,composing music in her free time,6,4
22,Flora,8,1,using a white cane to guide herself,7,3
22,Flora,8,1,being female,8,2
22,Flora,8,1,enjoying gardening,9,5
22,Flora,8,1,being a counselor,10,6
22,Flora,8,1,going to a neighbor's house for dinner,11,6
22,Flora,8,1,using her white cane while walking home,12,3
22,Flora,8,1,not calling for help,13,5
22,Flora,8,1,her white cane slipping between Paul's legs,14,4
22,Flora,8,1,stepping on Paul's torso,15,4
22,Chris,9,1,having an average IQ,1,1
22,Chris,9,1,enjoying swimming,2,4
22,Chris,9,1,being a picky eater,3,5
22,Chris,9,1,weighing 70 lbs,4,6
22,Chris,9,1,enjoying playing hide-and-seek,5,4
22,Chris,9,1,admiring his father,6,4
22,Chris,9,1,being White,7,1
22,Chris,9,1,being male,8,2
22,Chris,9,1,having a curious personality,9,4
22,Chris,9,1,being 10 years old,10,1
22,Chris,9,1,inviting friends over to play,11,6
22,Chris,9,1,hiding in the hall closet,12,6
22,Chris,9,1,finding the key in his father's jacket pocket,13,4
22,Chris,9,1,opening the gun cabinet with the key,14,6
22,Chris,9,1,picking up a pistol to play with,15,6
22,Melvin,10,1,enjoying listening to rock music,1,4
22,Melvin,10,1,being White,2,1
22,Melvin,10,1,growing corn,3,6
22,Melvin,10,1,being stingy sometimes,4,6
22,Melvin,10,1,being 45 years old,5,1
22,Melvin,10,1,having high blood pressure,6,3
22,Melvin,10,1,being male,7,2
22,Melvin,10,1,being a farmer,8,5
22,Melvin,10,1,having a cheerful personality,9,4
22,Melvin,10,1,growing hay,10,6
22,Melvin,10,1,building his barn near the border with Vincent's property,11,6
22,Melvin,10,1,being concerned with hayfires,12,5
22,Melvin,10,1,considering buying hay-drying equipment,13,6
22,Melvin,10,1,meeting with consultants,14,6
22,Melvin,10,1,deciding not to buy hay-drying equipment,15,6
22,Julia,11,0,enjoying watching TV shows,1,5
22,Julia,11,0,having asthma,2,2
22,Julia,11,0,being 19 years old,3,1
22,Julia,11,0,being a courteous person,4,4
22,Julia,11,0,babysitting on the weekends,5,6
22,Julia,11,0,being female,6,2
22,Julia,11,0,studying psychology,7,6
22,Julia,11,0,being multiracial,8,1
22,Julia,11,0,being a college student,9,6
22,Julia,11,0,being sensitive sometimes,10,4
22,Julia,11,0,reading children's books with Benji,11,6
22,Julia,11,0,picking up her partner's call while filling the bathtub,12,6
22,Julia,11,0,feeling hurt after learning about the cheating,13,2
22,Julia,11,0,leaving the bathroom to talk to her partner,14,6
22,Julia,11,0,sitting for a few minutes after hanging up,15,6
23,Edward,1,1,being a studious person,1,6
23,Edward,1,1,being White,2,2
23,Edward,1,1,being single,3,5
23,Edward,1,1,being 24 years old,4,1
23,Edward,1,1,being an experienced driver,5,6
23,Edward,1,1,being male,6,2
23,Edward,1,1,enjoying reading science fiction,7,7
23,Edward,1,1,being an ambitious person,8,7
23,Edward,1,1,enjoying browsing Twitter,9,6
23,Edward,1,1,being a clinical research assistant,10,6
23,Edward,1,1,not muting phone notifications while driving,11,7
23,Edward,1,1,not speeding,12,7
23,Edward,1,1,checking that there were no other cars nearby,13,7
23,Edward,1,1,taking a peek at the text,14,7
23,Edward,1,1,veering into the cyclist while reading the text,15,6
23,Ava,2,1,being Native American,1,2
23,Ava,2,1,regularly drinking coffee,2,6
23,Ava,2,1,being a compassionate person,3,6
23,Ava,2,1,being friends with Peter for many years,4,7
23,Ava,2,1,being 26 years old,5,2
23,Ava,2,1,being an artist,6,6
23,Ava,2,1,enjoying going to music concerts,7,6
23,Ava,2,1,often driving Peter to appointments and errands,8,6
23,Ava,2,1,being female,9,2
23,Ava,2,1,having a peanut allergy,10,3
23,Ava,2,1,doing her annual car maintenance,11,7
23,Ava,2,1,driving under the speed limit,12,7
23,Ava,2,1,listening to the radio while driving,13,7
23,Ava,2,1,being startled by the deer,14,1
23,Ava,2,1,slamming the brakes after seeing the deer,15,5
23,Nadia,3,0,attending couples therapy years ago,1,6
23,Nadia,3,0,enjoying oil painting,2,6
23,Nadia,3,0,being female,3,2
23,Nadia,3,0,being an organized person,4,7
23,Nadia,3,0,being 34 years old,5,2
23,Nadia,3,0,being White,6,1
23,Nadia,3,0,collecting vinyl records,7,6
23,Nadia,3,0,having red hair,8,1
23,Nadia,3,0,being a timid person,9,5
23,Nadia,3,0,being a software engineer,10,7
23,Nadia,3,0,going to the emergency room for bruises,11,7
23,Nadia,3,0,not seeking help after the emergency room incident,12,5
23,Nadia,3,0,being scared when Franklin screamed,13,4
23,Nadia,3,0,grabbing the revolver,14,5
23,Nadia,3,0,shooting Franklin with the revolver,15,6
23,Tristan,4,1,being male,1,2
23,Tristan,4,1,being Black,2,1
23,Tristan,4,1,being opinionated sometimes,3,6
23,Tristan,4,1,enjoying listening to country music,4,7
23,Tristan,4,1,being a cardiologist,5,7
23,Tristan,4,1,having worked for over ten years at the same hospital,6,7
23,Tristan,4,1,being Christian,7,6
23,Tristan,4,1,being extroverted and outgoing,8,6
23,Tristan,4,1,being impatient sometimes,9,6
23,Tristan,4,1,being 43 years old,10,2
23,Tristan,4,1,reviewing Annie's medical history and symptoms,11,7
23,Tristan,4,1,checking Annie's vitals,12,7
23,Tristan,4,1,ordering Annie an electrocardiogram (ECG/EKG),13,7
23,Tristan,4,1,not ordering any other heart tests,14,6
23,Tristan,4,1,not ordering a mammogram,15,6
23,Darla,5,0,having a laid-back personality,1,4
23,Darla,5,0,being nearsighted,2,2
23,Darla,5,0,running a home daycare business,3,7
23,Darla,5,0,communicating and interacting well with children,4,6
23,Darla,5,0,enjoying cooking,5,6
23,Darla,5,0,being Black,6,1
23,Darla,5,0,being 32 years old,7,2
23,Darla,5,0,working with Pamela for many years,8,7
23,Darla,5,0,having an absent-minded personality,9,5
23,Darla,5,0,being female,10,1
23,Darla,5,0,living in a tornado-affected area,11,3
23,Darla,5,0,playing games with the children,12,6
23,Darla,5,0,playing loud upbeat music with the children,13,6
23,Darla,5,0,focusing on the children,14,7
23,Darla,5,0,not hearing the tornado sirens,15,3
23,Melvin,6,1,being a farmer,1,6
23,Melvin,6,1,being White,2,2
23,Melvin,6,1,being stingy sometimes,3,5
23,Melvin,6,1,having high blood pressure,4,5
23,Melvin,6,1,having a cheerful personality,5,7
23,Melvin,6,1,being 45 years old,6,2
23,Melvin,6,1,growing hay,7,6
23,Melvin,6,1,being male,8,2
23,Melvin,6,1,growing corn,9,6
23,Melvin,6,1,enjoying listening to rock music,10,6
23,Melvin,6,1,building his barn near the border with Vincent's property,11,5
23,Melvin,6,1,being concerned with hayfires,12,6
23,Melvin,6,1,considering buying hay-drying equipment,13,6
23,Melvin,6,1,meeting with consultants,14,6
23,Melvin,6,1,deciding not to buy hay-drying equipment,15,6
23,Julia,7,0,being female,1,2
23,Julia,7,0,being a college student,2,7
23,Julia,7,0,being sensitive sometimes,3,6
23,Julia,7,0,having asthma,4,2
23,Julia,7,0,being multiracial,5,2
23,Julia,7,0,being a courteous person,6,6
23,Julia,7,0,babysitting on the weekends,7,7
23,Julia,7,0,studying psychology,8,7
23,Julia,7,0,enjoying watching TV shows,9,7
23,Julia,7,0,being 19 years old,10,1
23,Julia,7,0,reading children's books with Benji,11,7
23,Julia,7,0,picking up her partner's call while filling the bathtub,12,7
23,Julia,7,0,feeling hurt after learning about the cheating,13,6
23,Julia,7,0,leaving the bathroom to talk to her partner,14,7
23,Julia,7,0,sitting for a few minutes after hanging up,15,7
23,Qian,8,0,being stubborn sometimes,1,6
23,Qian,8,0,being 27 years old,2,1
23,Qian,8,0,being male,3,2
23,Qian,8,0,enjoying jazz music,4,6
23,Qian,8,0,being hard-working,5,6
23,Qian,8,0,being Asian,6,1
23,Qian,8,0,not smoking,7,7
23,Qian,8,0,having a humorous personality,8,6
23,Qian,8,0,enjoying watching sports,9,6
23,Qian,8,0,being a restaurant waiter,10,7
23,Qian,8,0,hanging out at the local bar with cousins,11,7
23,Qian,8,0,having several drinks over the course of two hours,12,7
23,Qian,8,0,being angered by Wilson's comments,13,6
23,Qian,8,0,not talking back to Wilson,14,6
23,Qian,8,0,pushing Wilson to the ground,15,6
23,Flora,9,1,being a counselor,1,7
23,Flora,9,1,enjoying gardening,2,7
23,Flora,9,1,using a white cane to guide herself,3,4
23,Flora,9,1,being female,4,1
23,Flora,9,1,composing music in her free time,5,6
23,Flora,9,1,being legally blind,6,1
23,Flora,9,1,being 32 years old,7,2
23,Flora,9,1,being an empathetic person,8,6
23,Flora,9,1,being an early riser,9,6
23,Flora,9,1,being Asian,10,1
23,Flora,9,1,going to a neighbor's house for dinner,11,7
23,Flora,9,1,using her white cane while walking home,12,7
23,Flora,9,1,not calling for help,13,6
23,Flora,9,1,her white cane slipping between Paul's legs,14,3
23,Flora,9,1,stepping on Paul's torso,15,2
23,Alfred,10,1,being a veteran,1,3
23,Alfred,10,1,being patriotic,2,6
23,Alfred,10,1,being male,3,2
23,Alfred,10,1,having a calm personality,4,6
23,Alfred,10,1,being 68 years old,5,1
23,Alfred,10,1,enjoying fishing,6,7
23,Alfred,10,1,being White,7,1
23,Alfred,10,1,living alone,8,6
23,Alfred,10,1,having PTSD,9,1
23,Alfred,10,1,enjoying Italian cuisine,10,6
23,Alfred,10,1,taking the subway home,11,6
23,Alfred,10,1,being quiet on the subway,12,6
23,Alfred,10,1,getting off at the same stop as Oliver,13,4
23,Alfred,10,1,hearing loud drilling and yelling from the construction above,14,1
23,Alfred,10,1,physically attacking Oliver,15,3
23,Chris,11,1,enjoying playing hide-and-seek,1,6
23,Chris,11,1,being male,2,1
23,Chris,11,1,having a curious personality,3,5
23,Chris,11,1,weighing 70 lbs,4,2
23,Chris,11,1,admiring his father,5,5
23,Chris,11,1,being White,6,1
23,Chris,11,1,enjoying swimming,7,6
23,Chris,11,1,being a picky eater,8,4
23,Chris,11,1,being 10 years old,9,1
23,Chris,11,1,having an average IQ,10,4
23,Chris,11,1,inviting friends over to play,11,6
23,Chris,11,1,hiding in the hall closet,12,6
23,Chris,11,1,finding the key in his father's jacket pocket,13,6
23,Chris,11,1,opening the gun cabinet with the key,14,6
23,Chris,11,1,picking up a pistol to play with,15,6
24,Julia,1,0,being multiracial,1,1
24,Julia,1,0,being 19 years old,2,1
24,Julia,1,0,being a college student,3,2
24,Julia,1,0,studying psychology,4,6
24,Julia,1,0,babysitting on the weekends,5,6
24,Julia,1,0,being sensitive sometimes,6,6
24,Julia,1,0,enjoying watching TV shows,7,6
24,Julia,1,0,being a courteous person,8,6
24,Julia,1,0,having asthma,9,1
24,Julia,1,0,being female,10,1
24,Julia,1,0,reading children's books with Benji,11,4
24,Julia,1,0,picking up her partner's call while filling the bathtub,12,7
24,Julia,1,0,feeling hurt after learning about the cheating,13,5
24,Julia,1,0,leaving the bathroom to talk to her partner,14,7
24,Julia,1,0,sitting for a few minutes after hanging up,15,7
24,Melvin,2,1,being male,1,1
24,Melvin,2,1,growing corn,2,5
24,Melvin,2,1,being 45 years old,3,1
24,Melvin,2,1,being White,4,1
24,Melvin,2,1,growing hay,5,5
24,Melvin,2,1,being stingy sometimes,6,6
24,Melvin,2,1,being a farmer,7,6
24,Melvin,2,1,having high blood pressure,8,2
24,Melvin,2,1,having a cheerful personality,9,6
24,Melvin,2,1,enjoying listening to rock music,10,7
24,Melvin,2,1,building his barn near the border with Vincent's property,11,5
24,Melvin,2,1,being concerned with hayfires,12,7
24,Melvin,2,1,considering buying hay-drying equipment,13,6
24,Melvin,2,1,meeting with consultants,14,6
24,Melvin,2,1,deciding not to buy hay-drying equipment,15,7
24,Ava,3,1,often driving Peter to appointments and errands,1,5
24,Ava,3,1,being friends with Peter for many years,2,5
24,Ava,3,1,being Native American,3,1
24,Ava,3,1,enjoying going to music concerts,4,6
24,Ava,3,1,regularly drinking coffee,5,6
24,Ava,3,1,being an artist,6,6
24,Ava,3,1,having a peanut allergy,7,1
24,Ava,3,1,being 26 years old,8,1
24,Ava,3,1,being a compassionate person,9,6
24,Ava,3,1,being female,10,1
24,Ava,3,1,doing her annual car maintenance,11,4
24,Ava,3,1,driving under the speed limit,12,5
24,Ava,3,1,listening to the radio while driving,13,4
24,Ava,3,1,being startled by the deer,14,2
24,Ava,3,1,slamming the brakes after seeing the deer,15,3
24,Flora,4,1,composing music in her free time,1,6
24,Flora,4,1,enjoying gardening,2,6
24,Flora,4,1,being 32 years old,3,1
24,Flora,4,1,being an early riser,4,6
24,Flora,4,1,being Asian,5,1
24,Flora,4,1,being legally blind,6,1
24,Flora,4,1,being an empathetic person,7,6
24,Flora,4,1,using a white cane to guide herself,8,5
24,Flora,4,1,being female,9,1
24,Flora,4,1,being a counselor,10,6
24,Flora,4,1,going to a neighbor's house for dinner,11,6
24,Flora,4,1,using her white cane while walking home,12,7
24,Flora,4,1,not calling for help,13,4
24,Flora,4,1,her white cane slipping between Paul's legs,14,1
24,Flora,4,1,stepping on Paul's torso,15,1
24,Tristan,5,1,enjoying listening to country music,1,5
24,Tristan,5,1,being opinionated sometimes,2,6
24,Tristan,5,1,being a cardiologist,3,6
24,Tristan,5,1,having worked for over ten years at the same hospital,4,6
24,Tristan,5,1,being male,5,1
24,Tristan,5,1,being Black,6,1
24,Tristan,5,1,being 43 years old,7,1
24,Tristan,5,1,being Christian,8,4
24,Tristan,5,1,being extroverted and outgoing,9,6
24,Tristan,5,1,being impatient sometimes,10,6
24,Tristan,5,1,reviewing Annie's medical history and symptoms,11,7
24,Tristan,5,1,checking Annie's vitals,12,7
24,Tristan,5,1,ordering Annie an electrocardiogram (ECG/EKG),13,7
24,Tristan,5,1,not ordering any other heart tests,14,7
24,Tristan,5,1,not ordering a mammogram,15,7
24,Darla,6,0,being 32 years old,1,1
24,Darla,6,0,being nearsighted,2,1
24,Darla,6,0,having a laid-back personality,3,5
24,Darla,6,0,being Black,4,1
24,Darla,6,0,having an absent-minded personality,5,5
24,Darla,6,0,working with Pamela for many years,6,7
24,Darla,6,0,enjoying cooking,7,6
24,Darla,6,0,being female,8,1
24,Darla,6,0,running a home daycare business,9,6
24,Darla,6,0,communicating and interacting well with children,10,6
24,Darla,6,0,living in a tornado-affected area,11,2
24,Darla,6,0,playing games with the children,12,6
24,Darla,6,0,playing loud upbeat music with the children,13,5
24,Darla,6,0,focusing on the children,14,7
24,Darla,6,0,not hearing the tornado sirens,15,6
24,Chris,7,1,being a picky eater,1,5
24,Chris,7,1,being 10 years old,2,1
24,Chris,7,1,enjoying swimming,3,6
24,Chris,7,1,having a curious personality,4,2
24,Chris,7,1,admiring his father,5,2
24,Chris,7,1,being White,6,1
24,Chris,7,1,having an average IQ,7,1
24,Chris,7,1,enjoying playing hide-and-seek,8,1
24,Chris,7,1,weighing 70 lbs,9,1
24,Chris,7,1,being male,10,1
24,Chris,7,1,inviting friends over to play,11,2
24,Chris,7,1,hiding in the hall closet,12,2
24,Chris,7,1,finding the key in his father's jacket pocket,13,2
24,Chris,7,1,opening the gun cabinet with the key,14,7
24,Chris,7,1,picking up a pistol to play with,15,7
24,Nadia,8,0,enjoying oil painting,1,7
24,Nadia,8,0,attending couples therapy years ago,2,6
24,Nadia,8,0,collecting vinyl records,3,6
24,Nadia,8,0,being an organized person,4,6
24,Nadia,8,0,having red hair,5,1
24,Nadia,8,0,being female,6,1
24,Nadia,8,0,being a software engineer,7,6
24,Nadia,8,0,being a timid person,8,5
24,Nadia,8,0,being White,9,1
24,Nadia,8,0,being 34 years old,10,1
24,Nadia,8,0,going to the emergency room for bruises,11,1
24,Nadia,8,0,not seeking help after the emergency room incident,12,7
24,Nadia,8,0,being scared when Franklin screamed,13,7
24,Nadia,8,0,grabbing the revolver,14,2
24,Nadia,8,0,shooting Franklin with the revolver,15,1
24,Edward,9,1,enjoying browsing Twitter,1,7
24,Edward,9,1,being White,2,1
24,Edward,9,1,being an ambitious person,3,6
24,Edward,9,1,being single,4,6
24,Edward,9,1,being an experienced driver,5,7
24,Edward,9,1,being a clinical research assistant,6,5
24,Edward,9,1,being a studious person,7,6
24,Edward,9,1,being male,8,1
24,Edward,9,1,enjoying reading science fiction,9,6
24,Edward,9,1,being 24 years old,10,1
24,Edward,9,1,not muting phone notifications while driving,11,7
24,Edward,9,1,not speeding,12,4
24,Edward,9,1,checking that there were no other cars nearby,13,7
24,Edward,9,1,taking a peek at the text,14,7
24,Edward,9,1,veering into the cyclist while reading the text,15,7
24,Qian,10,0,being a restaurant waiter,1,5
24,Qian,10,0,enjoying watching sports,2,6
24,Qian,10,0,enjoying jazz music,3,6
24,Qian,10,0,being male,4,1
24,Qian,10,0,being 27 years old,5,1
24,Qian,10,0,having a humorous personality,6,5
24,Qian,10,0,being Asian,7,1
24,Qian,10,0,being stubborn sometimes,8,6
24,Qian,10,0,being hard-working,9,5
24,Qian,10,0,not smoking,10,6
24,Qian,10,0,hanging out at the local bar with cousins,11,6
24,Qian,10,0,having several drinks over the course of two hours,12,6
24,Qian,10,0,being angered by Wilson's comments,13,7
24,Qian,10,0,not talking back to Wilson,14,7
24,Qian,10,0,pushing Wilson to the ground,15,7
24,Alfred,11,1,enjoying fishing,1,6
24,Alfred,11,1,living alone,2,5
24,Alfred,11,1,having PTSD,3,1
24,Alfred,11,1,being patriotic,4,7
24,Alfred,11,1,being White,5,1
24,Alfred,11,1,being male,6,1
24,Alfred,11,1,having a calm personality,7,6
24,Alfred,11,1,being 68 years old,8,1
24,Alfred,11,1,being a veteran,9,7
24,Alfred,11,1,enjoying Italian cuisine,10,6
24,Alfred,11,1,taking the subway home,11,5
24,Alfred,11,1,being quiet on the subway,12,6
24,Alfred,11,1,getting off at the same stop as Oliver,13,1
24,Alfred,11,1,hearing loud drilling and yelling from the construction above,14,1
24,Alfred,11,1,physically attacking Oliver,15,1
25,Ava,1,1,being an artist,1,3
25,Ava,1,1,being Native American,2,1
25,Ava,1,1,enjoying going to music concerts,3,7
25,Ava,1,1,regularly drinking coffee,4,7
25,Ava,1,1,being 26 years old,5,1
25,Ava,1,1,often driving Peter to appointments and errands,6,5
25,Ava,1,1,being friends with Peter for many years,7,7
25,Ava,1,1,being a compassionate person,8,6
25,Ava,1,1,being female,9,1
25,Ava,1,1,having a peanut allergy,10,1
25,Ava,1,1,doing her annual car maintenance,11,4
25,Ava,1,1,driving under the speed limit,12,4
25,Ava,1,1,listening to the radio while driving,13,5
25,Ava,1,1,being startled by the deer,14,2
25,Ava,1,1,slamming the brakes after seeing the deer,15,6
25,Darla,2,0,enjoying cooking,1,7
25,Darla,2,0,being nearsighted,2,3
25,Darla,2,0,being female,3,1
25,Darla,2,0,being 32 years old,4,1
25,Darla,2,0,communicating and interacting well with children,5,5
25,Darla,2,0,having an absent-minded personality,6,3
25,Darla,2,0,running a home daycare business,7,6
25,Darla,2,0,working with Pamela for many years,8,5
25,Darla,2,0,being Black,9,1
25,Darla,2,0,having a laid-back personality,10,5
25,Darla,2,0,living in a tornado-affected area,11,6
25,Darla,2,0,playing games with the children,12,3
25,Darla,2,0,playing loud upbeat music with the children,13,4
25,Darla,2,0,focusing on the children,14,6
25,Darla,2,0,not hearing the tornado sirens,15,3
25,Alfred,3,1,living alone,1,3
25,Alfred,3,1,being 68 years old,2,1
25,Alfred,3,1,enjoying Italian cuisine,3,5
25,Alfred,3,1,being male,4,1
25,Alfred,3,1,enjoying fishing,5,6
25,Alfred,3,1,being White,6,1
25,Alfred,3,1,having PTSD,7,1
25,Alfred,3,1,being a veteran,8,5
25,Alfred,3,1,having a calm personality,9,1
25,Alfred,3,1,being patriotic,10,7
25,Alfred,3,1,taking the subway home,11,4
25,Alfred,3,1,being quiet on the subway,12,7
25,Alfred,3,1,getting off at the same stop as Oliver,13,1
25,Alfred,3,1,hearing loud drilling and yelling from the construction above,14,1
25,Alfred,3,1,physically attacking Oliver,15,1
25,Edward,4,1,being male,1,1
25,Edward,4,1,enjoying reading science fiction,2,6
25,Edward,4,1,being an experienced driver,3,6
25,Edward,4,1,enjoying browsing Twitter,4,6
25,Edward,4,1,being single,5,5
25,Edward,4,1,being an ambitious person,6,7
25,Edward,4,1,being White,7,1
25,Edward,4,1,being a studious person,8,5
25,Edward,4,1,being 24 years old,9,1
25,Edward,4,1,being a clinical research assistant,10,6
25,Edward,4,1,not muting phone notifications while driving,11,2
25,Edward,4,1,not speeding,12,6
25,Edward,4,1,checking that there were no other cars nearby,13,6
25,Edward,4,1,taking a peek at the text,14,2
25,Edward,4,1,veering into the cyclist while reading the text,15,2
25,Qian,5,0,being 27 years old,1,1
25,Qian,5,0,having a humorous personality,2,5
25,Qian,5,0,being a restaurant waiter,3,5
25,Qian,5,0,enjoying watching sports,4,5
25,Qian,5,0,being stubborn sometimes,5,3
25,Qian,5,0,enjoying jazz music,6,5
25,Qian,5,0,not smoking,7,7
25,Qian,5,0,being Asian,8,1
25,Qian,5,0,being hard-working,9,6
25,Qian,5,0,being male,10,1
25,Qian,5,0,hanging out at the local bar with cousins,11,3
25,Qian,5,0,having several drinks over the course of two hours,12,5
25,Qian,5,0,being angered by Wilson's comments,13,1
25,Qian,5,0,not talking back to Wilson,14,1
25,Qian,5,0,pushing Wilson to the ground,15,1
25,Nadia,6,0,attending couples therapy years ago,1,3
25,Nadia,6,0,enjoying oil painting,2,5
25,Nadia,6,0,being an organized person,3,3
25,Nadia,6,0,being female,4,1
25,Nadia,6,0,being 34 years old,5,1
25,Nadia,6,0,being a timid person,6,2
25,Nadia,6,0,being a software engineer,7,5
25,Nadia,6,0,collecting vinyl records,8,5
25,Nadia,6,0,having red hair,9,3
25,Nadia,6,0,being White,10,2
25,Nadia,6,0,going to the emergency room for bruises,11,1
25,Nadia,6,0,not seeking help after the emergency room incident,12,1
25,Nadia,6,0,being scared when Franklin screamed,13,1
25,Nadia,6,0,grabbing the revolver,14,2
25,Nadia,6,0,shooting Franklin with the revolver,15,1
25,Melvin,7,1,being a farmer,1,6
25,Melvin,7,1,being 45 years old,2,1
25,Melvin,7,1,having a cheerful personality,3,1
25,Melvin,7,1,growing hay,4,5
25,Melvin,7,1,enjoying listening to rock music,5,2
25,Melvin,7,1,growing corn,6,6
25,Melvin,7,1,being stingy sometimes,7,3
25,Melvin,7,1,being male,8,1
25,Melvin,7,1,being White,9,1
25,Melvin,7,1,having high blood pressure,10,3
25,Melvin,7,1,building his barn near the border with Vincent's property,11,7
25,Melvin,7,1,being concerned with hayfires,12,6
25,Melvin,7,1,considering buying hay-drying equipment,13,6
25,Melvin,7,1,meeting with consultants,14,6
25,Melvin,7,1,deciding not to buy hay-drying equipment,15,2
25,Julia,8,0,being multiracial,1,1
25,Julia,8,0,being a college student,2,3
25,Julia,8,0,being a courteous person,3,2
25,Julia,8,0,being 19 years old,4,1
25,Julia,8,0,having asthma,5,1
25,Julia,8,0,babysitting on the weekends,6,7
25,Julia,8,0,studying psychology,7,6
25,Julia,8,0,being female,8,1
25,Julia,8,0,enjoying watching TV shows,9,5
25,Julia,8,0,being sensitive sometimes,10,3
25,Julia,8,0,reading children's books with Benji,11,7
25,Julia,8,0,picking up her partner's call while filling the bathtub,12,7
25,Julia,8,0,feeling hurt after learning about the cheating,13,6
25,Julia,8,0,leaving the bathroom to talk to her partner,14,7
25,Julia,8,0,sitting for a few minutes after hanging up,15,6
25,Chris,9,1,admiring his father,1,6
25,Chris,9,1,having an average IQ,2,6
25,Chris,9,1,being White,3,1
25,Chris,9,1,enjoying playing hide-and-seek,4,5
25,Chris,9,1,weighing 70 lbs,5,6
25,Chris,9,1,being 10 years old,6,1
25,Chris,9,1,having a curious personality,7,4
25,Chris,9,1,enjoying swimming,8,4
25,Chris,9,1,being male,9,1
25,Chris,9,1,being a picky eater,10,4
25,Chris,9,1,inviting friends over to play,11,5
25,Chris,9,1,hiding in the hall closet,12,6
25,Chris,9,1,finding the key in his father's jacket pocket,13,7
25,Chris,9,1,opening the gun cabinet with the key,14,7
25,Chris,9,1,picking up a pistol to play with,15,7
25,Tristan,10,1,being male,1,1
25,Tristan,10,1,enjoying listening to country music,2,2
25,Tristan,10,1,being Black,3,1
25,Tristan,10,1,being extroverted and outgoing,4,5
25,Tristan,10,1,being a cardiologist,5,7
25,Tristan,10,1,being impatient sometimes,6,6
25,Tristan,10,1,being 43 years old,7,1
25,Tristan,10,1,being Christian,8,5
25,Tristan,10,1,having worked for over ten years at the same hospital,9,7
25,Tristan,10,1,being opinionated sometimes,10,6
25,Tristan,10,1,reviewing Annie's medical history and symptoms,11,7
25,Tristan,10,1,checking Annie's vitals,12,7
25,Tristan,10,1,ordering Annie an electrocardiogram (ECG/EKG),13,7
25,Tristan,10,1,not ordering any other heart tests,14,7
25,Tristan,10,1,not ordering a mammogram,15,7
25,Flora,11,1,being 32 years old,1,1
25,Flora,11,1,enjoying gardening,2,5
25,Flora,11,1,being an early riser,3,3
25,Flora,11,1,being legally blind,4,3
25,Flora,11,1,being Asian,5,1
25,Flora,11,1,being a counselor,6,2
25,Flora,11,1,using a white cane to guide herself,7,6
25,Flora,11,1,being female,8,1
25,Flora,11,1,being an empathetic person,9,2
25,Flora,11,1,composing music in her free time,10,6
25,Flora,11,1,going to a neighbor's house for dinner,11,2
25,Flora,11,1,using her white cane while walking home,12,5
25,Flora,11,1,not calling for help,13,3
25,Flora,11,1,her white cane slipping between Paul's legs,14,6
25,Flora,11,1,stepping on Paul's torso,15,4
26,Flora,1,1,being an empathetic person,1,7
26,Flora,1,1,being Asian,2,1
26,Flora,1,1,being a counselor,3,7
26,Flora,1,1,using a white cane to guide herself,4,6
26,Flora,1,1,composing music in her free time,5,6
26,Flora,1,1,being 32 years old,6,1
26,Flora,1,1,being female,7,1
26,Flora,1,1,enjoying gardening,8,6
26,Flora,1,1,being legally blind,9,1
26,Flora,1,1,being an early riser,10,5
26,Flora,1,1,going to a neighbor's house for dinner,11,7
26,Flora,1,1,using her white cane while walking home,12,1
26,Flora,1,1,not calling for help,13,7
26,Flora,1,1,her white cane slipping between Paul's legs,14,1
26,Flora,1,1,stepping on Paul's torso,15,1
26,Melvin,2,1,having a cheerful personality,1,7
26,Melvin,2,1,being 45 years old,2,1
26,Melvin,2,1,growing hay,3,6
26,Melvin,2,1,being White,4,1
26,Melvin,2,1,being a farmer,5,6
26,Melvin,2,1,having high blood pressure,6,3
26,Melvin,2,1,being stingy sometimes,7,7
26,Melvin,2,1,growing corn,8,7
26,Melvin,2,1,being male,9,1
26,Melvin,2,1,enjoying listening to rock music,10,7
26,Melvin,2,1,building his barn near the border with Vincent's property,11,5
26,Melvin,2,1,being concerned with hayfires,12,7
26,Melvin,2,1,considering buying hay-drying equipment,13,7
26,Melvin,2,1,meeting with consultants,14,7
26,Melvin,2,1,deciding not to buy hay-drying equipment,15,7
26,Darla,3,0,being nearsighted,1,1
26,Darla,3,0,communicating and interacting well with children,2,7
26,Darla,3,0,enjoying cooking,3,6
26,Darla,3,0,having an absent-minded personality,4,3
26,Darla,3,0,having a laid-back personality,5,2
26,Darla,3,0,being Black,6,1
26,Darla,3,0,running a home daycare business,7,7
26,Darla,3,0,being female,8,1
26,Darla,3,0,being 32 years old,9,1
26,Darla,3,0,working with Pamela for many years,10,4
26,Darla,3,0,living in a tornado-affected area,11,7
26,Darla,3,0,playing games with the children,12,7
26,Darla,3,0,playing loud upbeat music with the children,13,7
26,Darla,3,0,focusing on the children,14,7
26,Darla,3,0,not hearing the tornado sirens,15,7
26,Qian,4,0,being hard-working,1,6
26,Qian,4,0,being male,2,1
26,Qian,4,0,being stubborn sometimes,3,7
26,Qian,4,0,being 27 years old,4,1
26,Qian,4,0,being Asian,5,1
26,Qian,4,0,enjoying jazz music,6,7
26,Qian,4,0,having a humorous personality,7,4
26,Qian,4,0,enjoying watching sports,8,7
26,Qian,4,0,not smoking,9,7
26,Qian,4,0,being a restaurant waiter,10,7
26,Qian,4,0,hanging out at the local bar with cousins,11,7
26,Qian,4,0,having several drinks over the course of two hours,12,7
26,Qian,4,0,being angered by Wilson's comments,13,7
26,Qian,4,0,not talking back to Wilson,14,7
26,Qian,4,0,pushing Wilson to the ground,15,7
26,Tristan,5,1,being impatient sometimes,1,7
26,Tristan,5,1,being a cardiologist,2,7
26,Tristan,5,1,being Christian,3,6
26,Tristan,5,1,being Black,4,1
26,Tristan,5,1,enjoying listening to country music,5,7
26,Tristan,5,1,having worked for over ten years at the same hospital,6,7
26,Tristan,5,1,being opinionated sometimes,7,7
26,Tristan,5,1,being extroverted and outgoing,8,6
26,Tristan,5,1,being male,9,1
26,Tristan,5,1,being 43 years old,10,1
26,Tristan,5,1,reviewing Annie's medical history and symptoms,11,7
26,Tristan,5,1,checking Annie's vitals,12,7
26,Tristan,5,1,ordering Annie an electrocardiogram (ECG/EKG),13,7
26,Tristan,5,1,not ordering any other heart tests,14,7
26,Tristan,5,1,not ordering a mammogram,15,7
26,Alfred,6,1,having a calm personality,1,3
26,Alfred,6,1,being White,2,1
26,Alfred,6,1,having PTSD,3,2
26,Alfred,6,1,being 68 years old,4,1
26,Alfred,6,1,being a veteran,5,7
26,Alfred,6,1,being male,6,1
26,Alfred,6,1,enjoying Italian cuisine,7,6
26,Alfred,6,1,living alone,8,6
26,Alfred,6,1,enjoying fishing,9,6
26,Alfred,6,1,being patriotic,10,7
26,Alfred,6,1,taking the subway home,11,3
26,Alfred,6,1,being quiet on the subway,12,7
26,Alfred,6,1,getting off at the same stop as Oliver,13,1
26,Alfred,6,1,hearing loud drilling and yelling from the construction above,14,1
26,Alfred,6,1,physically attacking Oliver,15,3
26,Ava,7,1,being Native American,1,1
26,Ava,7,1,regularly drinking coffee,2,7
26,Ava,7,1,being female,3,1
26,Ava,7,1,being 26 years old,4,1
26,Ava,7,1,being an artist,5,7
26,Ava,7,1,having a peanut allergy,6,1
26,Ava,7,1,often driving Peter to appointments and errands,7,7
26,Ava,7,1,being a compassionate person,8,6
26,Ava,7,1,being friends with Peter for many years,9,7
26,Ava,7,1,enjoying going to music concerts,10,7
26,Ava,7,1,doing her annual car maintenance,11,7
26,Ava,7,1,driving under the speed limit,12,7
26,Ava,7,1,listening to the radio while driving,13,7
26,Ava,7,1,being startled by the deer,14,2
26,Ava,7,1,slamming the brakes after seeing the deer,15,2
26,Julia,8,0,being sensitive sometimes,1,6
26,Julia,8,0,enjoying watching TV shows,2,7
26,Julia,8,0,having asthma,3,1
26,Julia,8,0,babysitting on the weekends,4,7
26,Julia,8,0,being a college student,5,7
26,Julia,8,0,being a courteous person,6,6
26,Julia,8,0,studying psychology,7,7
26,Julia,8,0,being 19 years old,8,1
26,Julia,8,0,being female,9,1
26,Julia,8,0,being multiracial,10,1
26,Julia,8,0,reading children's books with Benji,11,7
26,Julia,8,0,picking up her partner's call while filling the bathtub,12,7
26,Julia,8,0,feeling hurt after learning about the cheating,13,5
26,Julia,8,0,leaving the bathroom to talk to her partner,14,7
26,Julia,8,0,sitting for a few minutes after hanging up,15,7
26,Chris,9,1,being 10 years old,1,1
26,Chris,9,1,having an average IQ,2,2
26,Chris,9,1,being male,3,1
26,Chris,9,1,being a picky eater,4,5
26,Chris,9,1,being White,5,1
26,Chris,9,1,admiring his father,6,5
26,Chris,9,1,enjoying swimming,7,5
26,Chris,9,1,having a curious personality,8,5
26,Chris,9,1,enjoying playing hide-and-seek,9,5
26,Chris,9,1,weighing 70 lbs,10,2
26,Chris,9,1,inviting friends over to play,11,7
26,Chris,9,1,hiding in the hall closet,12,7
26,Chris,9,1,finding the key in his father's jacket pocket,13,6
26,Chris,9,1,opening the gun cabinet with the key,14,7
26,Chris,9,1,picking up a pistol to play with,15,7
26,Edward,10,1,enjoying browsing Twitter,1,7
26,Edward,10,1,being male,2,1
26,Edward,10,1,being single,3,6
26,Edward,10,1,being an ambitious person,4,5
26,Edward,10,1,being a clinical research assistant,5,7
26,Edward,10,1,being White,6,1
26,Edward,10,1,being 24 years old,7,1
26,Edward,10,1,being an experienced driver,8,7
26,Edward,10,1,enjoying reading science fiction,9,5
26,Edward,10,1,being a studious person,10,5
26,Edward,10,1,not muting phone notifications while driving,11,7
26,Edward,10,1,not speeding,12,7
26,Edward,10,1,checking that there were no other cars nearby,13,7
26,Edward,10,1,taking a peek at the text,14,7
26,Edward,10,1,veering into the cyclist while reading the text,15,7
26,Nadia,11,0,being 34 years old,1,1
26,Nadia,11,0,being a timid person,2,5
26,Nadia,11,0,attending couples therapy years ago,3,7
26,Nadia,11,0,being an organized person,4,6
26,Nadia,11,0,being female,5,1
26,Nadia,11,0,having red hair,6,1
26,Nadia,11,0,collecting vinyl records,7,7
26,Nadia,11,0,enjoying oil painting,8,5
26,Nadia,11,0,being a software engineer,9,7
26,Nadia,11,0,being White,10,1
26,Nadia,11,0,going to the emergency room for bruises,11,5
26,Nadia,11,0,not seeking help after the emergency room incident,12,7
26,Nadia,11,0,being scared when Franklin screamed,13,6
26,Nadia,11,0,grabbing the revolver,14,7
26,Nadia,11,0,shooting Franklin with the revolver,15,6
27,Melvin,1,1,being 45 years old,1,1
27,Melvin,1,1,being male,2,1
27,Melvin,1,1,growing corn,3,7
27,Melvin,1,1,being White,4,1
27,Melvin,1,1,having high blood pressure,5,5
27,Melvin,1,1,growing hay,6,7
27,Melvin,1,1,having a cheerful personality,7,7
27,Melvin,1,1,enjoying listening to rock music,8,5
27,Melvin,1,1,being stingy sometimes,9,7
27,Melvin,1,1,being a farmer,10,7
27,Melvin,1,1,building his barn near the border with Vincent's property,11,7
27,Melvin,1,1,being concerned with hayfires,12,7
27,Melvin,1,1,considering buying hay-drying equipment,13,7
27,Melvin,1,1,meeting with consultants,14,7
27,Melvin,1,1,deciding not to buy hay-drying equipment,15,7
27,Flora,2,1,being an empathetic person,1,7
27,Flora,2,1,being legally blind,2,1
27,Flora,2,1,using a white cane to guide herself,3,5
27,Flora,2,1,composing music in her free time,4,7
27,Flora,2,1,being a counselor,5,7
27,Flora,2,1,enjoying gardening,6,7
27,Flora,2,1,being an early riser,7,7
27,Flora,2,1,being 32 years old,8,1
27,Flora,2,1,being female,9,1
27,Flora,2,1,being Asian,10,1
27,Flora,2,1,going to a neighbor's house for dinner,11,7
27,Flora,2,1,using her white cane while walking home,12,3
27,Flora,2,1,not calling for help,13,7
27,Flora,2,1,her white cane slipping between Paul's legs,14,5
27,Flora,2,1,stepping on Paul's torso,15,5
27,Nadia,3,0,being a timid person,1,6
27,Nadia,3,0,being an organized person,2,7
27,Nadia,3,0,attending couples therapy years ago,3,7
27,Nadia,3,0,being White,4,1
27,Nadia,3,0,enjoying oil painting,5,7
27,Nadia,3,0,collecting vinyl records,6,7
27,Nadia,3,0,being 34 years old,7,1
27,Nadia,3,0,being female,8,1
27,Nadia,3,0,being a software engineer,9,7
27,Nadia,3,0,having red hair,10,7
27,Nadia,3,0,going to the emergency room for bruises,11,7
27,Nadia,3,0,not seeking help after the emergency room incident,12,7
27,Nadia,3,0,being scared when Franklin screamed,13,1
27,Nadia,3,0,grabbing the revolver,14,7
27,Nadia,3,0,shooting Franklin with the revolver,15,7
27,Julia,4,0,being a courteous person,1,7
27,Julia,4,0,being 19 years old,2,1
27,Julia,4,0,being multiracial,3,1
27,Julia,4,0,enjoying watching TV shows,4,7
27,Julia,4,0,having asthma,5,1
27,Julia,4,0,babysitting on the weekends,6,7
27,Julia,4,0,being sensitive sometimes,7,7
27,Julia,4,0,studying psychology,8,7
27,Julia,4,0,being female,9,1
27,Julia,4,0,being a college student,10,6
27,Julia,4,0,reading children's books with Benji,11,7
27,Julia,4,0,picking up her partner's call while filling the bathtub,12,7
27,Julia,4,0,feeling hurt after learning about the cheating,13,3
27,Julia,4,0,leaving the bathroom to talk to her partner,14,7
27,Julia,4,0,sitting for a few minutes after hanging up,15,7
27,Darla,5,0,communicating and interacting well with children,1,7
27,Darla,5,0,enjoying cooking,2,5
27,Darla,5,0,working with Pamela for many years,3,7
27,Darla,5,0,being Black,4,1
27,Darla,5,0,being nearsighted,5,1
27,Darla,5,0,being 32 years old,6,7
27,Darla,5,0,having an absent-minded personality,7,5
27,Darla,5,0,being female,8,1
27,Darla,5,0,running a home daycare business,9,7
27,Darla,5,0,having a laid-back personality,10,6
27,Darla,5,0,living in a tornado-affected area,11,7
27,Darla,5,0,playing games with the children,12,7
27,Darla,5,0,playing loud upbeat music with the children,13,7
27,Darla,5,0,focusing on the children,14,7
27,Darla,5,0,not hearing the tornado sirens,15,7
27,Tristan,6,1,being opinionated sometimes,1,7
27,Tristan,6,1,having worked for over ten years at the same hospital,2,7
27,Tristan,6,1,enjoying listening to country music,3,6
27,Tristan,6,1,being Black,4,1
27,Tristan,6,1,being a cardiologist,5,7
27,Tristan,6,1,being 43 years old,6,1
27,Tristan,6,1,being impatient sometimes,7,7
27,Tristan,6,1,being Christian,8,7
27,Tristan,6,1,being male,9,1
27,Tristan,6,1,being extroverted and outgoing,10,6
27,Tristan,6,1,reviewing Annie's medical history and symptoms,11,7
27,Tristan,6,1,checking Annie's vitals,12,7
27,Tristan,6,1,ordering Annie an electrocardiogram (ECG/EKG),13,7
27,Tristan,6,1,not ordering any other heart tests,14,7
27,Tristan,6,1,not ordering a mammogram,15,7
27,Edward,7,0,being a clinical research assistant,1,7
27,Edward,7,0,being White,2,1
27,Edward,7,0,being an experienced driver,3,7
27,Edward,7,0,enjoying browsing Twitter,4,7
27,Edward,7,0,enjoying reading science fiction,5,7
27,Edward,7,0,being 24 years old,6,1
27,Edward,7,0,being an ambitious person,7,6
27,Edward,7,0,being single,8,7
27,Edward,7,0,being male,9,1
27,Edward,7,0,being a studious person,10,7
27,Edward,7,0,not muting phone notifications while driving,11,7
27,Edward,7,0,not speeding,12,7
27,Edward,7,0,checking that there were no other cars nearby,13,7
27,Edward,7,0,taking a peek at the text,14,7
27,Edward,7,0,veering into the cyclist while reading the text,15,7
27,Chris,8,1,weighing 70 lbs,1,7
27,Chris,8,1,being male,2,1
27,Chris,8,1,being a picky eater,3,7
27,Chris,8,1,being White,4,1
27,Chris,8,1,having an average IQ,5,1
27,Chris,8,1,being 10 years old,6,7
27,Chris,8,1,admiring his father,7,7
27,Chris,8,1,enjoying swimming,8,7
27,Chris,8,1,having a curious personality,9,7
27,Chris,8,1,enjoying playing hide-and-seek,10,7
27,Chris,8,1,inviting friends over to play,11,7
27,Chris,8,1,hiding in the hall closet,12,7
27,Chris,8,1,finding the key in his father's jacket pocket,13,1
27,Chris,8,1,opening the gun cabinet with the key,14,7
27,Chris,8,1,picking up a pistol to play with,15,7
27,Ava,9,1,being a compassionate person,1,7
27,Ava,9,1,being Native American,2,1
27,Ava,9,1,enjoying going to music concerts,3,7
27,Ava,9,1,having a peanut allergy,4,1
27,Ava,9,1,regularly drinking coffee,5,7
27,Ava,9,1,being 26 years old,6,1
27,Ava,9,1,often driving Peter to appointments and errands,7,7
27,Ava,9,1,being friends with Peter for many years,8,7
27,Ava,9,1,being an artist,9,7
27,Ava,9,1,being female,10,1
27,Ava,9,1,doing her annual car maintenance,11,7
27,Ava,9,1,driving under the speed limit,12,7
27,Ava,9,1,listening to the radio while driving,13,7
27,Ava,9,1,being startled by the deer,14,1
27,Ava,9,1,slamming the brakes after seeing the deer,15,5
27,Alfred,10,1,being 68 years old,1,1
27,Alfred,10,1,enjoying fishing,2,7
27,Alfred,10,1,being male,3,1
27,Alfred,10,1,having a calm personality,4,7
27,Alfred,10,1,being a veteran,5,7
27,Alfred,10,1,living alone,6,7
27,Alfred,10,1,being patriotic,7,7
27,Alfred,10,1,having PTSD,8,5
27,Alfred,10,1,enjoying Italian cuisine,9,7
27,Alfred,10,1,being White,10,1
27,Alfred,10,1,taking the subway home,11,7
27,Alfred,10,1,being quiet on the subway,12,7
27,Alfred,10,1,getting off at the same stop as Oliver,13,7
27,Alfred,10,1,hearing loud drilling and yelling from the construction above,14,1
27,Alfred,10,1,physically attacking Oliver,15,5
27,Qian,11,0,enjoying jazz music,1,7
27,Qian,11,0,being hard-working,2,7
27,Qian,11,0,being stubborn sometimes,3,7
27,Qian,11,0,being male,4,1
27,Qian,11,0,not smoking,5,6
27,Qian,11,0,being a restaurant waiter,6,7
27,Qian,11,0,enjoying watching sports,7,7
27,Qian,11,0,being 27 years old,8,1
27,Qian,11,0,having a humorous personality,9,6
27,Qian,11,0,being Asian,10,1
27,Qian,11,0,hanging out at the local bar with cousins,11,7
27,Qian,11,0,having several drinks over the course of two hours,12,7
27,Qian,11,0,being angered by Wilson's comments,13,7
27,Qian,11,0,not talking back to Wilson,14,7
27,Qian,11,0,pushing Wilson to the ground,15,7
28,Nadia,1,0,enjoying oil painting,1,7
28,Nadia,1,0,being a software engineer,2,6
28,Nadia,1,0,being female,3,1
28,Nadia,1,0,being a timid person,4,2
28,Nadia,1,0,attending couples therapy years ago,5,6
28,Nadia,1,0,being 34 years old,6,1
28,Nadia,1,0,being an organized person,7,7
28,Nadia,1,0,collecting vinyl records,8,7
28,Nadia,1,0,being White,9,1
28,Nadia,1,0,having red hair,10,3
28,Nadia,1,0,going to the emergency room for bruises,11,5
28,Nadia,1,0,not seeking help after the emergency room incident,12,4
28,Nadia,1,0,being scared when Franklin screamed,13,1
28,Nadia,1,0,grabbing the revolver,14,5
28,Nadia,1,0,shooting Franklin with the revolver,15,5
28,Chris,2,1,enjoying swimming,1,7
28,Chris,2,1,being a picky eater,2,2
28,Chris,2,1,having an average IQ,3,2
28,Chris,2,1,enjoying playing hide-and-seek,4,3
28,Chris,2,1,being 10 years old,5,1
28,Chris,2,1,weighing 70 lbs,6,2
28,Chris,2,1,admiring his father,7,4
28,Chris,2,1,having a curious personality,8,2
28,Chris,2,1,being White,9,1
28,Chris,2,1,being male,10,1
28,Chris,2,1,inviting friends over to play,11,7
28,Chris,2,1,hiding in the hall closet,12,7
28,Chris,2,1,finding the key in his father's jacket pocket,13,6
28,Chris,2,1,opening the gun cabinet with the key,14,7
28,Chris,2,1,picking up a pistol to play with,15,7
28,Melvin,3,1,being a farmer,1,6
28,Melvin,3,1,being stingy sometimes,2,7
28,Melvin,3,1,being 45 years old,3,1
28,Melvin,3,1,having high blood pressure,4,5
28,Melvin,3,1,growing hay,5,7
28,Melvin,3,1,having a cheerful personality,6,2
28,Melvin,3,1,enjoying listening to rock music,7,5
28,Melvin,3,1,being White,8,1
28,Melvin,3,1,growing corn,9,7
28,Melvin,3,1,being male,10,1
28,Melvin,3,1,building his barn near the border with Vincent's property,11,7
28,Melvin,3,1,being concerned with hayfires,12,7
28,Melvin,3,1,considering buying hay-drying equipment,13,7
28,Melvin,3,1,meeting with consultants,14,7
28,Melvin,3,1,deciding not to buy hay-drying equipment,15,7
28,Julia,4,0,studying psychology,1,7
28,Julia,4,0,babysitting on the weekends,2,7
28,Julia,4,0,being 19 years old,3,1
28,Julia,4,0,being a courteous person,4,7
28,Julia,4,0,being female,5,1
28,Julia,4,0,enjoying watching TV shows,6,4
28,Julia,4,0,being a college student,7,7
28,Julia,4,0,being sensitive sometimes,8,3
28,Julia,4,0,being multiracial,9,1
28,Julia,4,0,having asthma,10,2
28,Julia,4,0,reading children's books with Benji,11,7
28,Julia,4,0,picking up her partner's call while filling the bathtub,12,7
28,Julia,4,0,feeling hurt after learning about the cheating,13,2
28,Julia,4,0,leaving the bathroom to talk to her partner,14,6
28,Julia,4,0,sitting for a few minutes after hanging up,15,6
28,Qian,5,0,being a restaurant waiter,1,7
28,Qian,5,0,not smoking,2,7
28,Qian,5,0,being hard-working,3,7
28,Qian,5,0,being Asian,4,1
28,Qian,5,0,being male,5,1
28,Qian,5,0,being stubborn sometimes,6,4
28,Qian,5,0,enjoying watching sports,7,6
28,Qian,5,0,being 27 years old,8,1
28,Qian,5,0,enjoying jazz music,9,5
28,Qian,5,0,having a humorous personality,10,5
28,Qian,5,0,hanging out at the local bar with cousins,11,7
28,Qian,5,0,having several drinks over the course of two hours,12,7
28,Qian,5,0,being angered by Wilson's comments,13,3
28,Qian,5,0,not talking back to Wilson,14,6
28,Qian,5,0,pushing Wilson to the ground,15,6
28,Edward,6,1,being a studious person,1,7
28,Edward,6,1,being an ambitious person,2,7
28,Edward,6,1,enjoying browsing Twitter,3,7
28,Edward,6,1,being a clinical research assistant,4,7
28,Edward,6,1,being male,5,1
28,Edward,6,1,being 24 years old,6,1
28,Edward,6,1,being an experienced driver,7,5
28,Edward,6,1,being White,8,1
28,Edward,6,1,enjoying reading science fiction,9,6
28,Edward,6,1,being single,10,4
28,Edward,6,1,not muting phone notifications while driving,11,7
28,Edward,6,1,not speeding,12,7
28,Edward,6,1,checking that there were no other cars nearby,13,7
28,Edward,6,1,taking a peek at the text,14,7
28,Edward,6,1,veering into the cyclist while reading the text,15,6
28,Tristan,7,1,enjoying listening to country music,1,5
28,Tristan,7,1,being male,2,1
28,Tristan,7,1,being opinionated sometimes,3,3
28,Tristan,7,1,being a cardiologist,4,7
28,Tristan,7,1,being 43 years old,5,1
28,Tristan,7,1,being impatient sometimes,6,3
28,Tristan,7,1,being Black,7,1
28,Tristan,7,1,being extroverted and outgoing,8,2
28,Tristan,7,1,being Christian,9,6
28,Tristan,7,1,having worked for over ten years at the same hospital,10,6
28,Tristan,7,1,reviewing Annie's medical history and symptoms,11,7
28,Tristan,7,1,checking Annie's vitals,12,7
28,Tristan,7,1,ordering Annie an electrocardiogram (ECG/EKG),13,7
28,Tristan,7,1,not ordering any other heart tests,14,7
28,Tristan,7,1,not ordering a mammogram,15,7
28,Darla,8,0,being 32 years old,1,1
28,Darla,8,0,having a laid-back personality,2,3
28,Darla,8,0,being female,3,1
28,Darla,8,0,being nearsighted,4,1
28,Darla,8,0,being Black,5,1
28,Darla,8,0,having an absent-minded personality,6,5
28,Darla,8,0,communicating and interacting well with children,7,6
28,Darla,8,0,working with Pamela for many years,8,7
28,Darla,8,0,running a home daycare business,9,7
28,Darla,8,0,enjoying cooking,10,6
28,Darla,8,0,living in a tornado-affected area,11,4
28,Darla,8,0,playing games with the children,12,7
28,Darla,8,0,playing loud upbeat music with the children,13,7
28,Darla,8,0,focusing on the children,14,7
28,Darla,8,0,not hearing the tornado sirens,15,6
28,Flora,9,1,being 32 years old,1,1
28,Flora,9,1,being a counselor,2,7
28,Flora,9,1,being an empathetic person,3,5
28,Flora,9,1,composing music in her free time,4,7
28,Flora,9,1,being Asian,5,1
28,Flora,9,1,being legally blind,6,1
28,Flora,9,1,being female,7,1
28,Flora,9,1,enjoying gardening,8,6
28,Flora,9,1,using a white cane to guide herself,9,6
28,Flora,9,1,being an early riser,10,4
28,Flora,9,1,going to a neighbor's house for dinner,11,7
28,Flora,9,1,using her white cane while walking home,12,7
28,Flora,9,1,not calling for help,13,7
28,Flora,9,1,her white cane slipping between Paul's legs,14,3
28,Flora,9,1,stepping on Paul's torso,15,2
28,Ava,10,1,enjoying going to music concerts,1,6
28,Ava,10,1,being Native American,2,1
28,Ava,10,1,being an artist,3,7
28,Ava,10,1,regularly drinking coffee,4,6
28,Ava,10,1,being friends with Peter for many years,5,7
28,Ava,10,1,being 26 years old,6,1
28,Ava,10,1,often driving Peter to appointments and errands,7,7
28,Ava,10,1,being a compassionate person,8,4
28,Ava,10,1,being female,9,1
28,Ava,10,1,having a peanut allergy,10,1
28,Ava,10,1,doing her annual car maintenance,11,7
28,Ava,10,1,driving under the speed limit,12,7
28,Ava,10,1,listening to the radio while driving,13,7
28,Ava,10,1,being startled by the deer,14,1
28,Ava,10,1,slamming the brakes after seeing the deer,15,3
28,Alfred,11,1,living alone,1,7
28,Alfred,11,1,being 68 years old,2,1
28,Alfred,11,1,having PTSD,3,3
28,Alfred,11,1,being patriotic,4,7
28,Alfred,11,1,being White,5,1
28,Alfred,11,1,being a veteran,6,5
28,Alfred,11,1,having a calm personality,7,4
28,Alfred,11,1,being male,8,1
28,Alfred,11,1,enjoying Italian cuisine,9,4
28,Alfred,11,1,enjoying fishing,10,6
28,Alfred,11,1,taking the subway home,11,4
28,Alfred,11,1,being quiet on the subway,12,5
28,Alfred,11,1,getting off at the same stop as Oliver,13,1
28,Alfred,11,1,hearing loud drilling and yelling from the construction above,14,1
28,Alfred,11,1,physically attacking Oliver,15,3
29,Julia,1,0,babysitting on the weekends,1,7
29,Julia,1,0,studying psychology,2,6
29,Julia,1,0,enjoying watching TV shows,3,5
29,Julia,1,0,being a college student,4,5
29,Julia,1,0,being 19 years old,5,4
29,Julia,1,0,being a courteous person,6,6
29,Julia,1,0,being multiracial,7,2
29,Julia,1,0,being sensitive sometimes,8,5
29,Julia,1,0,having asthma,9,3
29,Julia,1,0,being female,10,2
29,Julia,1,0,reading children's books with Benji,11,2
29,Julia,1,0,picking up her partner's call while filling the bathtub,12,6
29,Julia,1,0,feeling hurt after learning about the cheating,13,6
29,Julia,1,0,leaving the bathroom to talk to her partner,14,6
29,Julia,1,0,sitting for a few minutes after hanging up,15,6
29,Flora,2,1,being Asian,1,1
29,Flora,2,1,being female,2,1
29,Flora,2,1,being an early riser,3,4
29,Flora,2,1,being an empathetic person,4,4
29,Flora,2,1,being legally blind,5,2
29,Flora,2,1,composing music in her free time,6,5
29,Flora,2,1,being 32 years old,7,2
29,Flora,2,1,being a counselor,8,5
29,Flora,2,1,enjoying gardening,9,5
29,Flora,2,1,using a white cane to guide herself,10,5
29,Flora,2,1,going to a neighbor's house for dinner,11,4
29,Flora,2,1,using her white cane while walking home,12,2
29,Flora,2,1,not calling for help,13,4
29,Flora,2,1,her white cane slipping between Paul's legs,14,3
29,Flora,2,1,stepping on Paul's torso,15,3
29,Nadia,3,0,being a software engineer,1,4
29,Nadia,3,0,enjoying oil painting,2,5
29,Nadia,3,0,being 34 years old,3,2
29,Nadia,3,0,collecting vinyl records,4,5
29,Nadia,3,0,attending couples therapy years ago,5,5
29,Nadia,3,0,being female,6,1
29,Nadia,3,0,having red hair,7,1
29,Nadia,3,0,being White,8,1
29,Nadia,3,0,being a timid person,9,6
29,Nadia,3,0,being an organized person,10,5
29,Nadia,3,0,going to the emergency room for bruises,11,5
29,Nadia,3,0,not seeking help after the emergency room incident,12,5
29,Nadia,3,0,being scared when Franklin screamed,13,5
29,Nadia,3,0,grabbing the revolver,14,5
29,Nadia,3,0,shooting Franklin with the revolver,15,4
29,Darla,4,0,having an absent-minded personality,1,6
29,Darla,4,0,communicating and interacting well with children,2,5
29,Darla,4,0,enjoying cooking,3,5
29,Darla,4,0,being Black,4,1
29,Darla,4,0,being female,5,1
29,Darla,4,0,being nearsighted,6,3
29,Darla,4,0,having a laid-back personality,7,1
29,Darla,4,0,running a home daycare business,8,5
29,Darla,4,0,working with Pamela for many years,9,5
29,Darla,4,0,being 32 years old,10,1
29,Darla,4,0,living in a tornado-affected area,11,4
29,Darla,4,0,playing games with the children,12,5
29,Darla,4,0,playing loud upbeat music with the children,13,5
29,Darla,4,0,focusing on the children,14,6
29,Darla,4,0,not hearing the tornado sirens,15,6
29,Edward,5,1,being single,1,3
29,Edward,5,1,being a studious person,2,3
29,Edward,5,1,being an experienced driver,3,5
29,Edward,5,1,enjoying browsing Twitter,4,5
29,Edward,5,1,being 24 years old,5,1
29,Edward,5,1,being male,6,1
29,Edward,5,1,being White,7,1
29,Edward,5,1,being a clinical research assistant,8,1
29,Edward,5,1,enjoying reading science fiction,9,3
29,Edward,5,1,being an ambitious person,10,5
29,Edward,5,1,not muting phone notifications while driving,11,6
29,Edward,5,1,not speeding,12,6
29,Edward,5,1,checking that there were no other cars nearby,13,6
29,Edward,5,1,taking a peek at the text,14,6
29,Edward,5,1,veering into the cyclist while reading the text,15,6
29,Melvin,6,1,growing corn,1,6
29,Melvin,6,1,being 45 years old,2,1
29,Melvin,6,1,enjoying listening to rock music,3,3
29,Melvin,6,1,growing hay,4,4
29,Melvin,6,1,being a farmer,5,4
29,Melvin,6,1,having high blood pressure,6,4
29,Melvin,6,1,being White,7,1
29,Melvin,6,1,being male,8,1
29,Melvin,6,1,having a cheerful personality,9,4
29,Melvin,6,1,being stingy sometimes,10,4
29,Melvin,6,1,building his barn near the border with Vincent's property,11,5
29,Melvin,6,1,being concerned with hayfires,12,5
29,Melvin,6,1,considering buying hay-drying equipment,13,5
29,Melvin,6,1,meeting with consultants,14,5
29,Melvin,6,1,deciding not to buy hay-drying equipment,15,6
29,Ava,7,1,being an artist,1,5
29,Ava,7,1,being Native American,2,1
29,Ava,7,1,often driving Peter to appointments and errands,3,4
29,Ava,7,1,having a peanut allergy,4,1
29,Ava,7,1,being female,5,1
29,Ava,7,1,enjoying going to music concerts,6,4
29,Ava,7,1,being a compassionate person,7,4
29,Ava,7,1,being 26 years old,8,1
29,Ava,7,1,regularly drinking coffee,9,5
29,Ava,7,1,being friends with Peter for many years,10,5
29,Ava,7,1,doing her annual car maintenance,11,5
29,Ava,7,1,driving under the speed limit,12,6
29,Ava,7,1,listening to the radio while driving,13,5
29,Ava,7,1,being startled by the deer,14,4
29,Ava,7,1,slamming the brakes after seeing the deer,15,3
29,Qian,8,0,having a humorous personality,1,6
29,Qian,8,0,enjoying jazz music,2,6
29,Qian,8,0,enjoying watching sports,3,6
29,Qian,8,0,not smoking,4,6
29,Qian,8,0,being male,5,1
29,Qian,8,0,being stubborn sometimes,6,5
29,Qian,8,0,being Asian,7,1
29,Qian,8,0,being hard-working,8,2
29,Qian,8,0,being a restaurant waiter,9,5
29,Qian,8,0,being 27 years old,10,1
29,Qian,8,0,hanging out at the local bar with cousins,11,5
29,Qian,8,0,having several drinks over the course of two hours,12,6
29,Qian,8,0,being angered by Wilson's comments,13,6
29,Qian,8,0,not talking back to Wilson,14,6
29,Qian,8,0,pushing Wilson to the ground,15,6
29,Chris,9,1,enjoying playing hide-and-seek,1,6
29,Chris,9,1,being male,2,1
29,Chris,9,1,being 10 years old,3,1
29,Chris,9,1,admiring his father,4,4
29,Chris,9,1,being a picky eater,5,5
29,Chris,9,1,weighing 70 lbs,6,5
29,Chris,9,1,being White,7,2
29,Chris,9,1,enjoying swimming,8,4
29,Chris,9,1,having an average IQ,9,5
29,Chris,9,1,having a curious personality,10,5
29,Chris,9,1,inviting friends over to play,11,5
29,Chris,9,1,hiding in the hall closet,12,6
29,Chris,9,1,finding the key in his father's jacket pocket,13,6
29,Chris,9,1,opening the gun cabinet with the key,14,6
29,Chris,9,1,picking up a pistol to play with,15,6
29,Alfred,10,0,being 68 years old,1,1
29,Alfred,10,0,having PTSD,2,3
29,Alfred,10,0,being male,3,1
29,Alfred,10,0,enjoying fishing,4,4
29,Alfred,10,0,having a calm personality,5,4
29,Alfred,10,0,living alone,6,4
29,Alfred,10,0,being patriotic,7,4
29,Alfred,10,0,being White,8,1
29,Alfred,10,0,being a veteran,9,1
29,Alfred,10,0,enjoying Italian cuisine,10,4
29,Alfred,10,0,taking the subway home,11,6
29,Alfred,10,0,being quiet on the subway,12,6
29,Alfred,10,0,getting off at the same stop as Oliver,13,6
29,Alfred,10,0,hearing loud drilling and yelling from the construction above,14,6
29,Alfred,10,0,physically attacking Oliver,15,6
29,Tristan,11,1,being Black,1,1
29,Tristan,11,1,being impatient sometimes,2,4
29,Tristan,11,1,being 43 years old,3,1
29,Tristan,11,1,being extroverted and outgoing,4,3
29,Tristan,11,1,being opinionated sometimes,5,5
29,Tristan,11,1,enjoying listening to country music,6,6
29,Tristan,11,1,being a cardiologist,7,6
29,Tristan,11,1,being male,8,1
29,Tristan,11,1,being Christian,9,4
29,Tristan,11,1,having worked for over ten years at the same hospital,10,5
29,Tristan,11,1,reviewing Annie's medical history and symptoms,11,6
29,Tristan,11,1,checking Annie's vitals,12,6
29,Tristan,11,1,ordering Annie an electrocardiogram (ECG/EKG),13,6
29,Tristan,11,1,not ordering any other heart tests,14,6
29,Tristan,11,1,not ordering a mammogram,15,6
30,Alfred,1,1,enjoying Italian cuisine,1,4
30,Alfred,1,1,enjoying fishing,2,4
30,Alfred,1,1,being a veteran,3,7
30,Alfred,1,1,having PTSD,4,1
30,Alfred,1,1,having a calm personality,5,7
30,Alfred,1,1,living alone,6,5
30,Alfred,1,1,being White,7,1
30,Alfred,1,1,being patriotic,8,6
30,Alfred,1,1,being 68 years old,9,1
30,Alfred,1,1,being male,10,1
30,Alfred,1,1,taking the subway home,11,7
30,Alfred,1,1,being quiet on the subway,12,7
30,Alfred,1,1,getting off at the same stop as Oliver,13,2
30,Alfred,1,1,hearing loud drilling and yelling from the construction above,14,1
30,Alfred,1,1,physically attacking Oliver,15,3
30,Melvin,2,1,having high blood pressure,1,1
30,Melvin,2,1,being stingy sometimes,2,7
30,Melvin,2,1,being White,3,1
30,Melvin,2,1,being 45 years old,4,1
30,Melvin,2,1,enjoying listening to rock music,5,4
30,Melvin,2,1,growing hay,6,7
30,Melvin,2,1,being male,7,1
30,Melvin,2,1,having a cheerful personality,8,6
30,Melvin,2,1,growing corn,9,7
30,Melvin,2,1,being a farmer,10,6
30,Melvin,2,1,building his barn near the border with Vincent's property,11,5
30,Melvin,2,1,being concerned with hayfires,12,7
30,Melvin,2,1,considering buying hay-drying equipment,13,7
30,Melvin,2,1,meeting with consultants,14,7
30,Melvin,2,1,deciding not to buy hay-drying equipment,15,7
30,Edward,3,0,being 24 years old,1,1
30,Edward,3,0,being a studious person,2,7
30,Edward,3,0,enjoying reading science fiction,3,4
30,Edward,3,0,being White,4,1
30,Edward,3,0,enjoying browsing Twitter,5,4
30,Edward,3,0,being a clinical research assistant,6,6
30,Edward,3,0,being male,7,1
30,Edward,3,0,being single,8,5
30,Edward,3,0,being an ambitious person,9,7
30,Edward,3,0,being an experienced driver,10,7
30,Edward,3,0,not muting phone notifications while driving,11,7
30,Edward,3,0,not speeding,12,7
30,Edward,3,0,checking that there were no other cars nearby,13,7
30,Edward,3,0,taking a peek at the text,14,7
30,Edward,3,0,veering into the cyclist while reading the text,15,5
30,Qian,4,0,being male,1,1
30,Qian,4,0,enjoying watching sports,2,4
30,Qian,4,0,having a humorous personality,3,5
30,Qian,4,0,being stubborn sometimes,4,7
30,Qian,4,0,being hard-working,5,7
30,Qian,4,0,not smoking,6,7
30,Qian,4,0,being 27 years old,7,1
30,Qian,4,0,being a restaurant waiter,8,5
30,Qian,4,0,enjoying jazz music,9,4
30,Qian,4,0,being Asian,10,1
30,Qian,4,0,hanging out at the local bar with cousins,11,6
30,Qian,4,0,having several drinks over the course of two hours,12,7
30,Qian,4,0,being angered by Wilson's comments,13,4
30,Qian,4,0,not talking back to Wilson,14,7
30,Qian,4,0,pushing Wilson to the ground,15,6
30,Chris,5,1,having an average IQ,1,5
30,Chris,5,1,weighing 70 lbs,2,1
30,Chris,5,1,admiring his father,3,4
30,Chris,5,1,enjoying playing hide-and-seek,4,4
30,Chris,5,1,being male,5,1
30,Chris,5,1,being 10 years old,6,1
30,Chris,5,1,enjoying swimming,7,4
30,Chris,5,1,having a curious personality,8,6
30,Chris,5,1,being a picky eater,9,4
30,Chris,5,1,being White,10,1
30,Chris,5,1,inviting friends over to play,11,7
30,Chris,5,1,hiding in the hall closet,12,7
30,Chris,5,1,finding the key in his father's jacket pocket,13,7
30,Chris,5,1,opening the gun cabinet with the key,14,7
30,Chris,5,1,picking up a pistol to play with,15,7
30,Julia,6,0,studying psychology,1,7
30,Julia,6,0,being sensitive sometimes,2,4
30,Julia,6,0,enjoying watching TV shows,3,4
30,Julia,6,0,being a college student,4,7
30,Julia,6,0,being multiracial,5,1
30,Julia,6,0,being 19 years old,6,1
30,Julia,6,0,having asthma,7,1
30,Julia,6,0,babysitting on the weekends,8,7
30,Julia,6,0,being female,9,1
30,Julia,6,0,being a courteous person,10,6
30,Julia,6,0,reading children's books with Benji,11,7
30,Julia,6,0,picking up her partner's call while filling the bathtub,12,7
30,Julia,6,0,feeling hurt after learning about the cheating,13,4
30,Julia,6,0,leaving the bathroom to talk to her partner,14,7
30,Julia,6,0,sitting for a few minutes after hanging up,15,7
30,Ava,7,1,having a peanut allergy,1,1
30,Ava,7,1,regularly drinking coffee,2,7
30,Ava,7,1,being a compassionate person,3,4
30,Ava,7,1,often driving Peter to appointments and errands,4,7
30,Ava,7,1,enjoying going to music concerts,5,4
30,Ava,7,1,being 26 years old,6,1
30,Ava,7,1,being friends with Peter for many years,7,7
30,Ava,7,1,being Native American,8,1
30,Ava,7,1,being female,9,1
30,Ava,7,1,being an artist,10,7
30,Ava,7,1,doing her annual car maintenance,11,7
30,Ava,7,1,driving under the speed limit,12,7
30,Ava,7,1,listening to the radio while driving,13,7
30,Ava,7,1,being startled by the deer,14,1
30,Ava,7,1,slamming the brakes after seeing the deer,15,5
30,Darla,8,0,having an absent-minded personality,1,4
30,Darla,8,0,enjoying cooking,2,4
30,Darla,8,0,communicating and interacting well with children,3,7
30,Darla,8,0,being Black,4,1
30,Darla,8,0,working with Pamela for many years,5,7
30,Darla,8,0,being female,6,1
30,Darla,8,0,running a home daycare business,7,7
30,Darla,8,0,having a laid-back personality,8,4
30,Darla,8,0,being 32 years old,9,1
30,Darla,8,0,being nearsighted,10,3
30,Darla,8,0,living in a tornado-affected area,11,5
30,Darla,8,0,playing games with the children,12,7
30,Darla,8,0,playing loud upbeat music with the children,13,7
30,Darla,8,0,focusing on the children,14,7
30,Darla,8,0,not hearing the tornado sirens,15,4
30,Flora,9,0,being an empathetic person,1,4
30,Flora,9,0,being Asian,2,1
30,Flora,9,0,being legally blind,3,1
30,Flora,9,0,being an early riser,4,6
30,Flora,9,0,composing music in her free time,5,7
30,Flora,9,0,using a white cane to guide herself,6,4
30,Flora,9,0,being female,7,1
30,Flora,9,0,being a counselor,8,7
30,Flora,9,0,being 32 years old,9,1
30,Flora,9,0,enjoying gardening,10,4
30,Flora,9,0,going to a neighbor's house for dinner,11,7
30,Flora,9,0,using her white cane while walking home,12,4
30,Flora,9,0,not calling for help,13,7
30,Flora,9,0,her white cane slipping between Paul's legs,14,3
30,Flora,9,0,stepping on Paul's torso,15,2
30,Nadia,10,0,having red hair,1,1
30,Nadia,10,0,collecting vinyl records,2,7
30,Nadia,10,0,being female,3,1
30,Nadia,10,0,attending couples therapy years ago,4,6
30,Nadia,10,0,being a software engineer,5,7
30,Nadia,10,0,being 34 years old,6,1
30,Nadia,10,0,enjoying oil painting,7,4
30,Nadia,10,0,being White,8,1
30,Nadia,10,0,being a timid person,9,5
30,Nadia,10,0,being an organized person,10,7
30,Nadia,10,0,going to the emergency room for bruises,11,7
30,Nadia,10,0,not seeking help after the emergency room incident,12,7
30,Nadia,10,0,being scared when Franklin screamed,13,2
30,Nadia,10,0,grabbing the revolver,14,5
30,Nadia,10,0,shooting Franklin with the revolver,15,5
30,Tristan,11,1,being opinionated sometimes,1,6
30,Tristan,11,1,being male,2,1
30,Tristan,11,1,having worked for over ten years at the same hospital,3,7
30,Tristan,11,1,being a cardiologist,4,7
30,Tristan,11,1,being Christian,5,5
30,Tristan,11,1,being extroverted and outgoing,6,4
30,Tristan,11,1,being Black,7,1
30,Tristan,11,1,being 43 years old,8,1
30,Tristan,11,1,enjoying listening to country music,9,4
30,Tristan,11,1,being impatient sometimes,10,4
30,Tristan,11,1,reviewing Annie's medical history and symptoms,11,7
30,Tristan,11,1,checking Annie's vitals,12,7
30,Tristan,11,1,ordering Annie an electrocardiogram (ECG/EKG),13,7
30,Tristan,11,1,not ordering any other heart tests,14,7
30,Tristan,11,1,not ordering a mammogram,15,7
31,Nadia,1,0,being a software engineer,1,7
31,Nadia,1,0,attending couples therapy years ago,2,6
31,Nadia,1,0,being 34 years old,3,1
31,Nadia,1,0,collecting vinyl records,4,6
31,Nadia,1,0,being female,5,1
31,Nadia,1,0,being a timid person,6,5
31,Nadia,1,0,being White,7,1
31,Nadia,1,0,being an organized person,8,6
31,Nadia,1,0,having red hair,9,4
31,Nadia,1,0,enjoying oil painting,10,7
31,Nadia,1,0,going to the emergency room for bruises,11,6
31,Nadia,1,0,not seeking help after the emergency room incident,12,6
31,Nadia,1,0,being scared when Franklin screamed,13,2
31,Nadia,1,0,grabbing the revolver,14,6
31,Nadia,1,0,shooting Franklin with the revolver,15,6
31,Melvin,2,1,enjoying listening to rock music,1,6
31,Melvin,2,1,growing corn,2,6
31,Melvin,2,1,growing hay,3,6
31,Melvin,2,1,being White,4,1
31,Melvin,2,1,having a cheerful personality,5,5
31,Melvin,2,1,being a farmer,6,7
31,Melvin,2,1,having high blood pressure,7,4
31,Melvin,2,1,being stingy sometimes,8,5
31,Melvin,2,1,being 45 years old,9,1
31,Melvin,2,1,being male,10,1
31,Melvin,2,1,building his barn near the border with Vincent's property,11,7
31,Melvin,2,1,being concerned with hayfires,12,7
31,Melvin,2,1,considering buying hay-drying equipment,13,7
31,Melvin,2,1,meeting with consultants,14,7
31,Melvin,2,1,deciding not to buy hay-drying equipment,15,7
31,Darla,3,0,enjoying cooking,1,6
31,Darla,3,0,having a laid-back personality,2,5
31,Darla,3,0,being 32 years old,3,1
31,Darla,3,0,communicating and interacting well with children,4,7
31,Darla,3,0,being nearsighted,5,1
31,Darla,3,0,being female,6,1
31,Darla,3,0,being Black,7,1
31,Darla,3,0,running a home daycare business,8,7
31,Darla,3,0,working with Pamela for many years,9,7
31,Darla,3,0,having an absent-minded personality,10,5
31,Darla,3,0,living in a tornado-affected area,11,2
31,Darla,3,0,playing games with the children,12,6
31,Darla,3,0,playing loud upbeat music with the children,13,6
31,Darla,3,0,focusing on the children,14,6
31,Darla,3,0,not hearing the tornado sirens,15,5
31,Qian,4,0,being a restaurant waiter,1,7
31,Qian,4,0,enjoying jazz music,2,7
31,Qian,4,0,having a humorous personality,3,4
31,Qian,4,0,being 27 years old,4,1
31,Qian,4,0,being male,5,1
31,Qian,4,0,being stubborn sometimes,6,5
31,Qian,4,0,enjoying watching sports,7,4
31,Qian,4,0,not smoking,8,7
31,Qian,4,0,being hard-working,9,7
31,Qian,4,0,being Asian,10,1
31,Qian,4,0,hanging out at the local bar with cousins,11,7
31,Qian,4,0,having several drinks over the course of two hours,12,7
31,Qian,4,0,being angered by Wilson's comments,13,5
31,Qian,4,0,not talking back to Wilson,14,6
31,Qian,4,0,pushing Wilson to the ground,15,6
31,Ava,5,1,regularly drinking coffee,1,6
31,Ava,5,1,being 26 years old,2,1
31,Ava,5,1,being a compassionate person,3,5
31,Ava,5,1,enjoying going to music concerts,4,4
31,Ava,5,1,having a peanut allergy,5,1
31,Ava,5,1,being friends with Peter for many years,6,7
31,Ava,5,1,being an artist,7,5
31,Ava,5,1,being Native American,8,1
31,Ava,5,1,often driving Peter to appointments and errands,9,6
31,Ava,5,1,being female,10,1
31,Ava,5,1,doing her annual car maintenance,11,7
31,Ava,5,1,driving under the speed limit,12,7
31,Ava,5,1,listening to the radio while driving,13,7
31,Ava,5,1,being startled by the deer,14,2
31,Ava,5,1,slamming the brakes after seeing the deer,15,3
31,Tristan,6,1,being Christian,1,7
31,Tristan,6,1,enjoying listening to country music,2,4
31,Tristan,6,1,being extroverted and outgoing,3,4
31,Tristan,6,1,being male,4,1
31,Tristan,6,1,having worked for over ten years at the same hospital,5,7
31,Tristan,6,1,being 43 years old,6,1
31,Tristan,6,1,being Black,7,1
31,Tristan,6,1,being impatient sometimes,8,6
31,Tristan,6,1,being opinionated sometimes,9,6
31,Tristan,6,1,being a cardiologist,10,6
31,Tristan,6,1,reviewing Annie's medical history and symptoms,11,7
31,Tristan,6,1,checking Annie's vitals,12,7
31,Tristan,6,1,ordering Annie an electrocardiogram (ECG/EKG),13,7
31,Tristan,6,1,not ordering any other heart tests,14,7
31,Tristan,6,1,not ordering a mammogram,15,7
31,Flora,7,1,being Asian,1,1
31,Flora,7,1,composing music in her free time,2,7
31,Flora,7,1,being an early riser,3,6
31,Flora,7,1,being female,4,1
31,Flora,7,1,being a counselor,5,7
31,Flora,7,1,enjoying gardening,6,6
31,Flora,7,1,using a white cane to guide herself,7,6
31,Flora,7,1,being legally blind,8,1
31,Flora,7,1,being an empathetic person,9,3
31,Flora,7,1,being 32 years old,10,1
31,Flora,7,1,going to a neighbor's house for dinner,11,7
31,Flora,7,1,using her white cane while walking home,12,6
31,Flora,7,1,not calling for help,13,6
31,Flora,7,1,her white cane slipping between Paul's legs,14,2
31,Flora,7,1,stepping on Paul's torso,15,2
31,Edward,8,1,being single,1,5
31,Edward,8,1,enjoying reading science fiction,2,5
31,Edward,8,1,being male,3,1
31,Edward,8,1,being 24 years old,4,1
31,Edward,8,1,being White,5,1
31,Edward,8,1,enjoying browsing Twitter,6,7
31,Edward,8,1,being an ambitious person,7,2
31,Edward,8,1,being a clinical research assistant,8,6
31,Edward,8,1,being a studious person,9,5
31,Edward,8,1,being an experienced driver,10,7
31,Edward,8,1,not muting phone notifications while driving,11,7
31,Edward,8,1,not speeding,12,7
31,Edward,8,1,checking that there were no other cars nearby,13,7
31,Edward,8,1,taking a peek at the text,14,7
31,Edward,8,1,veering into the cyclist while reading the text,15,7
31,Chris,9,0,enjoying swimming,1,5
31,Chris,9,0,having an average IQ,2,2
31,Chris,9,0,having a curious personality,3,1
31,Chris,9,0,admiring his father,4,2
31,Chris,9,0,being male,5,1
31,Chris,9,0,being 10 years old,6,1
31,Chris,9,0,being a picky eater,7,2
31,Chris,9,0,being White,8,1
31,Chris,9,0,weighing 70 lbs,9,2
31,Chris,9,0,enjoying playing hide-and-seek,10,5
31,Chris,9,0,inviting friends over to play,11,6
31,Chris,9,0,hiding in the hall closet,12,7
31,Chris,9,0,finding the key in his father's jacket pocket,13,7
31,Chris,9,0,opening the gun cabinet with the key,14,7
31,Chris,9,0,picking up a pistol to play with,15,7
31,Julia,10,0,being a college student,1,6
31,Julia,10,0,being sensitive sometimes,2,5
31,Julia,10,0,enjoying watching TV shows,3,5
31,Julia,10,0,having asthma,4,1
31,Julia,10,0,being female,5,1
31,Julia,10,0,being 19 years old,6,1
31,Julia,10,0,being a courteous person,7,7
31,Julia,10,0,studying psychology,8,7
31,Julia,10,0,babysitting on the weekends,9,7
31,Julia,10,0,being multiracial,10,1
31,Julia,10,0,reading children's books with Benji,11,7
31,Julia,10,0,picking up her partner's call while filling the bathtub,12,7
31,Julia,10,0,feeling hurt after learning about the cheating,13,6
31,Julia,10,0,leaving the bathroom to talk to her partner,14,7
31,Julia,10,0,sitting for a few minutes after hanging up,15,7
31,Alfred,11,0,being male,1,1
31,Alfred,11,0,enjoying Italian cuisine,2,4
31,Alfred,11,0,enjoying fishing,3,4
31,Alfred,11,0,being White,4,1
31,Alfred,11,0,having a calm personality,5,3
31,Alfred,11,0,being patriotic,6,5
31,Alfred,11,0,being a veteran,7,4
31,Alfred,11,0,being 68 years old,8,1
31,Alfred,11,0,having PTSD,9,1
31,Alfred,11,0,living alone,10,6
31,Alfred,11,0,taking the subway home,11,6
31,Alfred,11,0,being quiet on the subway,12,7
31,Alfred,11,0,getting off at the same stop as Oliver,13,7
31,Alfred,11,0,hearing loud drilling and yelling from the construction above,14,1
31,Alfred,11,0,physically attacking Oliver,15,2
32,Qian,1,0,enjoying watching sports,1,2
32,Qian,1,0,being stubborn sometimes,2,2
32,Qian,1,0,being Asian,3,1
32,Qian,1,0,not smoking,4,6
32,Qian,1,0,being male,5,2
32,Qian,1,0,enjoying jazz music,6,2
32,Qian,1,0,being 27 years old,7,1
32,Qian,1,0,having a humorous personality,8,1
32,Qian,1,0,being hard-working,9,2
32,Qian,1,0,being a restaurant waiter,10,4
32,Qian,1,0,hanging out at the local bar with cousins,11,6
32,Qian,1,0,having several drinks over the course of two hours,12,7
32,Qian,1,0,being angered by Wilson's comments,13,7
32,Qian,1,0,not talking back to Wilson,14,5
32,Qian,1,0,pushing Wilson to the ground,15,4
32,Flora,2,1,composing music in her free time,1,7
32,Flora,2,1,being a counselor,2,4
32,Flora,2,1,being 32 years old,3,1
32,Flora,2,1,being an empathetic person,4,5
32,Flora,2,1,using a white cane to guide herself,5,6
32,Flora,2,1,being female,6,2
32,Flora,2,1,being Asian,7,1
32,Flora,2,1,being an early riser,8,5
32,Flora,2,1,enjoying gardening,9,2
32,Flora,2,1,being legally blind,10,1
32,Flora,2,1,going to a neighbor's house for dinner,11,6
32,Flora,2,1,using her white cane while walking home,12,4
32,Flora,2,1,not calling for help,13,5
32,Flora,2,1,her white cane slipping between Paul's legs,14,3
32,Flora,2,1,stepping on Paul's torso,15,2
32,Tristan,3,1,being 43 years old,1,1
32,Tristan,3,1,having worked for over ten years at the same hospital,2,5
32,Tristan,3,1,enjoying listening to country music,3,3
32,Tristan,3,1,being Christian,4,5
32,Tristan,3,1,being impatient sometimes,5,3
32,Tristan,3,1,being a cardiologist,6,5
32,Tristan,3,1,being male,7,2
32,Tristan,3,1,being Black,8,1
32,Tristan,3,1,being extroverted and outgoing,9,3
32,Tristan,3,1,being opinionated sometimes,10,5
32,Tristan,3,1,reviewing Annie's medical history and symptoms,11,7
32,Tristan,3,1,checking Annie's vitals,12,7
32,Tristan,3,1,ordering Annie an electrocardiogram (ECG/EKG),13,7
32,Tristan,3,1,not ordering any other heart tests,14,7
32,Tristan,3,1,not ordering a mammogram,15,7
32,Chris,4,1,admiring his father,1,2
32,Chris,4,1,being 10 years old,2,1
32,Chris,4,1,being a picky eater,3,2
32,Chris,4,1,being male,4,2
32,Chris,4,1,having a curious personality,5,2
32,Chris,4,1,being White,6,1
32,Chris,4,1,enjoying swimming,7,2
32,Chris,4,1,weighing 70 lbs,8,4
32,Chris,4,1,enjoying playing hide-and-seek,9,4
32,Chris,4,1,having an average IQ,10,2
32,Chris,4,1,inviting friends over to play,11,4
32,Chris,4,1,hiding in the hall closet,12,7
32,Chris,4,1,finding the key in his father's jacket pocket,13,4
32,Chris,4,1,opening the gun cabinet with the key,14,6
32,Chris,4,1,picking up a pistol to play with,15,6
32,Darla,5,0,having a laid-back personality,1,2
32,Darla,5,0,working with Pamela for many years,2,4
32,Darla,5,0,being nearsighted,3,2
32,Darla,5,0,being female,4,2
32,Darla,5,0,being 32 years old,5,1
32,Darla,5,0,being Black,6,1
32,Darla,5,0,enjoying cooking,7,2
32,Darla,5,0,having an absent-minded personality,8,2
32,Darla,5,0,running a home daycare business,9,6
32,Darla,5,0,communicating and interacting well with children,10,4
32,Darla,5,0,living in a tornado-affected area,11,4
32,Darla,5,0,playing games with the children,12,6
32,Darla,5,0,playing loud upbeat music with the children,13,6
32,Darla,5,0,focusing on the children,14,6
32,Darla,5,0,not hearing the tornado sirens,15,4
32,Ava,6,1,being female,1,2
32,Ava,6,1,being 26 years old,2,1
32,Ava,6,1,enjoying going to music concerts,3,2
32,Ava,6,1,regularly drinking coffee,4,2
32,Ava,6,1,having a peanut allergy,5,1
32,Ava,6,1,being friends with Peter for many years,6,4
32,Ava,6,1,being a compassionate person,7,5
32,Ava,6,1,being an artist,8,6
32,Ava,6,1,often driving Peter to appointments and errands,9,7
32,Ava,6,1,being Native American,10,1
32,Ava,6,1,doing her annual car maintenance,11,7
32,Ava,6,1,driving under the speed limit,12,7
32,Ava,6,1,listening to the radio while driving,13,7
32,Ava,6,1,being startled by the deer,14,1
32,Ava,6,1,slamming the brakes after seeing the deer,15,6
32,Julia,7,0,babysitting on the weekends,1,6
32,Julia,7,0,enjoying watching TV shows,2,4
32,Julia,7,0,having asthma,3,1
32,Julia,7,0,being a college student,4,4
32,Julia,7,0,being a courteous person,5,6
32,Julia,7,0,being 19 years old,6,1
32,Julia,7,0,being sensitive sometimes,7,4
32,Julia,7,0,being multiracial,8,1
32,Julia,7,0,studying psychology,9,6
32,Julia,7,0,being female,10,2
32,Julia,7,0,reading children's books with Benji,11,6
32,Julia,7,0,picking up her partner's call while filling the bathtub,12,7
32,Julia,7,0,feeling hurt after learning about the cheating,13,7
32,Julia,7,0,leaving the bathroom to talk to her partner,14,7
32,Julia,7,0,sitting for a few minutes after hanging up,15,6
32,Melvin,8,1,having high blood pressure,1,4
32,Melvin,8,1,being male,2,2
32,Melvin,8,1,growing corn,3,6
32,Melvin,8,1,being White,4,1
32,Melvin,8,1,growing hay,5,6
32,Melvin,8,1,being 45 years old,6,1
32,Melvin,8,1,being a farmer,7,5
32,Melvin,8,1,having a cheerful personality,8,5
32,Melvin,8,1,enjoying listening to rock music,9,2
32,Melvin,8,1,being stingy sometimes,10,7
32,Melvin,8,1,building his barn near the border with Vincent's property,11,4
32,Melvin,8,1,being concerned with hayfires,12,1
32,Melvin,8,1,considering buying hay-drying equipment,13,4
32,Melvin,8,1,meeting with consultants,14,6
32,Melvin,8,1,deciding not to buy hay-drying equipment,15,7
32,Nadia,9,0,being an organized person,1,3
32,Nadia,9,0,being 34 years old,2,1
32,Nadia,9,0,collecting vinyl records,3,6
32,Nadia,9,0,being a timid person,4,2
32,Nadia,9,0,being White,5,1
32,Nadia,9,0,having red hair,6,2
32,Nadia,9,0,being female,7,2
32,Nadia,9,0,attending couples therapy years ago,8,4
32,Nadia,9,0,being a software engineer,9,6
32,Nadia,9,0,enjoying oil painting,10,3
32,Nadia,9,0,going to the emergency room for bruises,11,6
32,Nadia,9,0,not seeking help after the emergency room incident,12,4
32,Nadia,9,0,being scared when Franklin screamed,13,2
32,Nadia,9,0,grabbing the revolver,14,5
32,Nadia,9,0,shooting Franklin with the revolver,15,6
32,Alfred,10,1,being White,1,1
32,Alfred,10,1,enjoying Italian cuisine,2,3
32,Alfred,10,1,enjoying fishing,3,3
32,Alfred,10,1,being a veteran,4,6
32,Alfred,10,1,living alone,5,5
32,Alfred,10,1,being 68 years old,6,1
32,Alfred,10,1,being male,7,2
32,Alfred,10,1,being patriotic,8,4
32,Alfred,10,1,having PTSD,9,1
32,Alfred,10,1,having a calm personality,10,5
32,Alfred,10,1,taking the subway home,11,4
32,Alfred,10,1,being quiet on the subway,12,7
32,Alfred,10,1,getting off at the same stop as Oliver,13,1
32,Alfred,10,1,hearing loud drilling and yelling from the construction above,14,1
32,Alfred,10,1,physically attacking Oliver,15,3
32,Edward,11,1,being a studious person,1,6
32,Edward,11,1,enjoying browsing Twitter,2,4
32,Edward,11,1,being single,3,4
32,Edward,11,1,being White,4,1
32,Edward,11,1,being a clinical research assistant,5,6
32,Edward,11,1,enjoying reading science fiction,6,3
32,Edward,11,1,being 24 years old,7,1
32,Edward,11,1,being an ambitious person,8,2
32,Edward,11,1,being an experienced driver,9,4
32,Edward,11,1,being male,10,2
32,Edward,11,1,not muting phone notifications while driving,11,6
32,Edward,11,1,not speeding,12,6
32,Edward,11,1,checking that there were no other cars nearby,13,6
32,Edward,11,1,taking a peek at the text,14,7
32,Edward,11,1,veering into the cyclist while reading the text,15,4
33,Flora,1,1,being an empathetic person,1,2
33,Flora,1,1,being an early riser,2,4
33,Flora,1,1,enjoying gardening,3,4
33,Flora,1,1,composing music in her free time,4,4
33,Flora,1,1,using a white cane to guide herself,5,3
33,Flora,1,1,being legally blind,6,4
33,Flora,1,1,being 32 years old,7,5
33,Flora,1,1,being female,8,5
33,Flora,1,1,being a counselor,9,5
33,Flora,1,1,being Asian,10,4
33,Flora,1,1,going to a neighbor's house for dinner,11,5
33,Flora,1,1,using her white cane while walking home,12,4
33,Flora,1,1,not calling for help,13,4
33,Flora,1,1,her white cane slipping between Paul's legs,14,3
33,Flora,1,1,stepping on Paul's torso,15,3
33,Melvin,2,1,growing hay,1,5
33,Melvin,2,1,growing corn,2,3
33,Melvin,2,1,being stingy sometimes,3,5
33,Melvin,2,1,being a farmer,4,5
33,Melvin,2,1,being male,5,4
33,Melvin,2,1,enjoying listening to rock music,6,5
33,Melvin,2,1,being 45 years old,7,5
33,Melvin,2,1,having high blood pressure,8,4
33,Melvin,2,1,having a cheerful personality,9,4
33,Melvin,2,1,being White,10,4
33,Melvin,2,1,building his barn near the border with Vincent's property,11,5
33,Melvin,2,1,being concerned with hayfires,12,5
33,Melvin,2,1,considering buying hay-drying equipment,13,6
33,Melvin,2,1,meeting with consultants,14,6
33,Melvin,2,1,deciding not to buy hay-drying equipment,15,6
33,Chris,3,1,being a picky eater,1,4
33,Chris,3,1,being male,2,4
33,Chris,3,1,being 10 years old,3,4
33,Chris,3,1,enjoying swimming,4,4
33,Chris,3,1,enjoying playing hide-and-seek,5,4
33,Chris,3,1,having an average IQ,6,4
33,Chris,3,1,weighing 70 lbs,7,4
33,Chris,3,1,having a curious personality,8,4
33,Chris,3,1,being White,9,4
33,Chris,3,1,admiring his father,10,5
33,Chris,3,1,inviting friends over to play,11,5
33,Chris,3,1,hiding in the hall closet,12,5
33,Chris,3,1,finding the key in his father's jacket pocket,13,4
33,Chris,3,1,opening the gun cabinet with the key,14,5
33,Chris,3,1,picking up a pistol to play with,15,5
33,Qian,4,0,being Asian,1,4
33,Qian,4,0,being a restaurant waiter,2,5
33,Qian,4,0,being hard-working,3,5
33,Qian,4,0,being stubborn sometimes,4,5
33,Qian,4,0,enjoying jazz music,5,5
33,Qian,4,0,enjoying watching sports,6,5
33,Qian,4,0,not smoking,7,5
33,Qian,4,0,being male,8,4
33,Qian,4,0,having a humorous personality,9,4
33,Qian,4,0,being 27 years old,10,4
33,Qian,4,0,hanging out at the local bar with cousins,11,5
33,Qian,4,0,having several drinks over the course of two hours,12,5
33,Qian,4,0,being angered by Wilson's comments,13,5
33,Qian,4,0,not talking back to Wilson,14,5
33,Qian,4,0,pushing Wilson to the ground,15,5
33,Ava,5,1,often driving Peter to appointments and errands,1,6
33,Ava,5,1,having a peanut allergy,2,4
33,Ava,5,1,being female,3,4
33,Ava,5,1,being friends with Peter for many years,4,6
33,Ava,5,1,being Native American,5,4
33,Ava,5,1,being an artist,6,5
33,Ava,5,1,being a compassionate person,7,5
33,Ava,5,1,regularly drinking coffee,8,6
33,Ava,5,1,enjoying going to music concerts,9,6
33,Ava,5,1,being 26 years old,10,4
33,Ava,5,1,doing her annual car maintenance,11,6
33,Ava,5,1,driving under the speed limit,12,6
33,Ava,5,1,listening to the radio while driving,13,6
33,Ava,5,1,being startled by the deer,14,3
33,Ava,5,1,slamming the brakes after seeing the deer,15,3
33,Edward,6,1,being 24 years old,1,4
33,Edward,6,1,being White,2,4
33,Edward,6,1,being a studious person,3,6
33,Edward,6,1,being a clinical research assistant,4,6
33,Edward,6,1,being single,5,4
33,Edward,6,1,being an experienced driver,6,6
33,Edward,6,1,enjoying reading science fiction,7,6
33,Edward,6,1,being male,8,4
33,Edward,6,1,being an ambitious person,9,5
33,Edward,6,1,enjoying browsing Twitter,10,5
33,Edward,6,1,not muting phone notifications while driving,11,6
33,Edward,6,1,not speeding,12,6
33,Edward,6,1,checking that there were no other cars nearby,13,6
33,Edward,6,1,taking a peek at the text,14,6
33,Edward,6,1,veering into the cyclist while reading the text,15,6
33,Alfred,7,1,enjoying fishing,1,6
33,Alfred,7,1,having a calm personality,2,5
33,Alfred,7,1,being male,3,4
33,Alfred,7,1,being White,4,4
33,Alfred,7,1,having PTSD,5,4
33,Alfred,7,1,enjoying Italian cuisine,6,5
33,Alfred,7,1,being 68 years old,7,4
33,Alfred,7,1,being patriotic,8,5
33,Alfred,7,1,living alone,9,6
33,Alfred,7,1,being a veteran,10,6
33,Alfred,7,1,taking the subway home,11,6
33,Alfred,7,1,being quiet on the subway,12,6
33,Alfred,7,1,getting off at the same stop as Oliver,13,6
33,Alfred,7,1,hearing loud drilling and yelling from the construction above,14,6
33,Alfred,7,1,physically attacking Oliver,15,4
33,Julia,8,0,having asthma,1,2
33,Julia,8,0,being multiracial,2,4
33,Julia,8,0,enjoying watching TV shows,3,5
33,Julia,8,0,being a courteous person,4,5
33,Julia,8,0,being female,5,4
33,Julia,8,0,being 19 years old,6,4
33,Julia,8,0,being sensitive sometimes,7,5
33,Julia,8,0,studying psychology,8,6
33,Julia,8,0,being a college student,9,6
33,Julia,8,0,babysitting on the weekends,10,6
33,Julia,8,0,reading children's books with Benji,11,6
33,Julia,8,0,picking up her partner's call while filling the bathtub,12,6
33,Julia,8,0,feeling hurt after learning about the cheating,13,5
33,Julia,8,0,leaving the bathroom to talk to her partner,14,6
33,Julia,8,0,sitting for a few minutes after hanging up,15,6
33,Nadia,9,0,being White,1,4
33,Nadia,9,0,being a timid person,2,5
33,Nadia,9,0,having red hair,3,4
33,Nadia,9,0,being a software engineer,4,6
33,Nadia,9,0,being female,5,4
33,Nadia,9,0,attending couples therapy years ago,6,6
33,Nadia,9,0,enjoying oil painting,7,6
33,Nadia,9,0,being 34 years old,8,4
33,Nadia,9,0,being an organized person,9,5
33,Nadia,9,0,collecting vinyl records,10,6
33,Nadia,9,0,going to the emergency room for bruises,11,6
33,Nadia,9,0,not seeking help after the emergency room incident,12,6
33,Nadia,9,0,being scared when Franklin screamed,13,4
33,Nadia,9,0,grabbing the revolver,14,6
33,Nadia,9,0,shooting Franklin with the revolver,15,6
33,Darla,10,0,having a laid-back personality,1,5
33,Darla,10,0,running a home daycare business,2,6
33,Darla,10,0,communicating and interacting well with children,3,5
33,Darla,10,0,being nearsighted,4,4
33,Darla,10,0,being 32 years old,5,4
33,Darla,10,0,being female,6,4
33,Darla,10,0,enjoying cooking,7,6
33,Darla,10,0,having an absent-minded personality,8,5
33,Darla,10,0,being Black,9,4
33,Darla,10,0,working with Pamela for many years,10,6
33,Darla,10,0,living in a tornado-affected area,11,6
33,Darla,10,0,playing games with the children,12,5
33,Darla,10,0,playing loud upbeat music with the children,13,6
33,Darla,10,0,focusing on the children,14,6
33,Darla,10,0,not hearing the tornado sirens,15,5
33,Tristan,11,1,enjoying listening to country music,1,6
33,Tristan,11,1,being male,2,4
33,Tristan,11,1,being 43 years old,3,4
33,Tristan,11,1,being Black,4,4
33,Tristan,11,1,being extroverted and outgoing,5,5
33,Tristan,11,1,being opinionated sometimes,6,6
33,Tristan,11,1,having worked for over ten years at the same hospital,7,6
33,Tristan,11,1,being impatient sometimes,8,5
33,Tristan,11,1,being Christian,9,5
33,Tristan,11,1,being a cardiologist,10,6
33,Tristan,11,1,reviewing Annie's medical history and symptoms,11,6
33,Tristan,11,1,checking Annie's vitals,12,6
33,Tristan,11,1,ordering Annie an electrocardiogram (ECG/EKG),13,6
33,Tristan,11,1,not ordering any other heart tests,14,6
33,Tristan,11,1,not ordering a mammogram,15,6
34,Darla,1,0,running a home daycare business,1,7
34,Darla,1,0,having a laid-back personality,2,7
34,Darla,1,0,enjoying cooking,3,7
34,Darla,1,0,having an absent-minded personality,4,7
34,Darla,1,0,working with Pamela for many years,5,7
34,Darla,1,0,being Black,6,1
34,Darla,1,0,being female,7,1
34,Darla,1,0,being nearsighted,8,1
34,Darla,1,0,being 32 years old,9,1
34,Darla,1,0,communicating and interacting well with children,10,7
34,Darla,1,0,living in a tornado-affected area,11,1
34,Darla,1,0,playing games with the children,12,7
34,Darla,1,0,playing loud upbeat music with the children,13,7
34,Darla,1,0,focusing on the children,14,7
34,Darla,1,0,not hearing the tornado sirens,15,4
34,Melvin,2,1,being male,1,1
34,Melvin,2,1,being 45 years old,2,1
34,Melvin,2,1,growing corn,3,7
34,Melvin,2,1,being a farmer,4,7
34,Melvin,2,1,being stingy sometimes,5,7
34,Melvin,2,1,enjoying listening to rock music,6,7
34,Melvin,2,1,having a cheerful personality,7,7
34,Melvin,2,1,having high blood pressure,8,4
34,Melvin,2,1,growing hay,9,7
34,Melvin,2,1,being White,10,1
34,Melvin,2,1,building his barn near the border with Vincent's property,11,4
34,Melvin,2,1,being concerned with hayfires,12,7
34,Melvin,2,1,considering buying hay-drying equipment,13,7
34,Melvin,2,1,meeting with consultants,14,7
34,Melvin,2,1,deciding not to buy hay-drying equipment,15,7
34,Julia,3,0,being multiracial,1,1
34,Julia,3,0,enjoying watching TV shows,2,7
34,Julia,3,0,being female,3,1
34,Julia,3,0,being 19 years old,4,1
34,Julia,3,0,babysitting on the weekends,5,7
34,Julia,3,0,studying psychology,6,7
34,Julia,3,0,being a college student,7,7
34,Julia,3,0,being a courteous person,8,7
34,Julia,3,0,being sensitive sometimes,9,4
34,Julia,3,0,having asthma,10,1
34,Julia,3,0,reading children's books with Benji,11,7
34,Julia,3,0,picking up her partner's call while filling the bathtub,12,7
34,Julia,3,0,feeling hurt after learning about the cheating,13,7
34,Julia,3,0,leaving the bathroom to talk to her partner,14,7
34,Julia,3,0,sitting for a few minutes after hanging up,15,7
34,Alfred,4,1,living alone,1,7
34,Alfred,4,1,enjoying Italian cuisine,2,7
34,Alfred,4,1,having a calm personality,3,7
34,Alfred,4,1,being male,4,1
34,Alfred,4,1,being White,5,1
34,Alfred,4,1,being 68 years old,6,1
34,Alfred,4,1,having PTSD,7,1
34,Alfred,4,1,enjoying fishing,8,7
34,Alfred,4,1,being a veteran,9,7
34,Alfred,4,1,being patriotic,10,7
34,Alfred,4,1,taking the subway home,11,4
34,Alfred,4,1,being quiet on the subway,12,7
34,Alfred,4,1,getting off at the same stop as Oliver,13,1
34,Alfred,4,1,hearing loud drilling and yelling from the construction above,14,1
34,Alfred,4,1,physically attacking Oliver,15,4
34,Chris,5,1,being White,1,1
34,Chris,5,1,having an average IQ,2,1
34,Chris,5,1,being a picky eater,3,2
34,Chris,5,1,enjoying playing hide-and-seek,4,7
34,Chris,5,1,admiring his father,5,7
34,Chris,5,1,weighing 70 lbs,6,4
34,Chris,5,1,being 10 years old,7,1
34,Chris,5,1,enjoying swimming,8,7
34,Chris,5,1,having a curious personality,9,5
34,Chris,5,1,being male,10,1
34,Chris,5,1,inviting friends over to play,11,7
34,Chris,5,1,hiding in the hall closet,12,7
34,Chris,5,1,finding the key in his father's jacket pocket,13,2
34,Chris,5,1,opening the gun cabinet with the key,14,7
34,Chris,5,1,picking up a pistol to play with,15,7
34,Ava,6,1,being Native American,1,1
34,Ava,6,1,being female,2,1
34,Ava,6,1,enjoying going to music concerts,3,7
34,Ava,6,1,often driving Peter to appointments and errands,4,7
34,Ava,6,1,regularly drinking coffee,5,7
34,Ava,6,1,being a compassionate person,6,7
34,Ava,6,1,having a peanut allergy,7,1
34,Ava,6,1,being 26 years old,8,1
34,Ava,6,1,being an artist,9,7
34,Ava,6,1,being friends with Peter for many years,10,7
34,Ava,6,1,doing her annual car maintenance,11,7
34,Ava,6,1,driving under the speed limit,12,7
34,Ava,6,1,listening to the radio while driving,13,7
34,Ava,6,1,being startled by the deer,14,2
34,Ava,6,1,slamming the brakes after seeing the deer,15,7
34,Qian,7,0,being 27 years old,1,1
34,Qian,7,0,having a humorous personality,2,7
34,Qian,7,0,being male,3,1
34,Qian,7,0,being hard-working,4,7
34,Qian,7,0,being Asian,5,1
34,Qian,7,0,not smoking,6,7
34,Qian,7,0,enjoying watching sports,7,7
34,Qian,7,0,being a restaurant waiter,8,7
34,Qian,7,0,being stubborn sometimes,9,7
34,Qian,7,0,enjoying jazz music,10,7
34,Qian,7,0,hanging out at the local bar with cousins,11,7
34,Qian,7,0,having several drinks over the course of two hours,12,7
34,Qian,7,0,being angered by Wilson's comments,13,3
34,Qian,7,0,not talking back to Wilson,14,7
34,Qian,7,0,pushing Wilson to the ground,15,6
34,Flora,8,1,being female,1,1
34,Flora,8,1,being a counselor,2,7
34,Flora,8,1,being an empathetic person,3,7
34,Flora,8,1,using a white cane to guide herself,4,2
34,Flora,8,1,being an early riser,5,7
34,Flora,8,1,being legally blind,6,1
34,Flora,8,1,being 32 years old,7,1
34,Flora,8,1,being Asian,8,1
34,Flora,8,1,enjoying gardening,9,7
34,Flora,8,1,composing music in her free time,10,7
34,Flora,8,1,going to a neighbor's house for dinner,11,7
34,Flora,8,1,using her white cane while walking home,12,7
34,Flora,8,1,not calling for help,13,7
34,Flora,8,1,her white cane slipping between Paul's legs,14,1
34,Flora,8,1,stepping on Paul's torso,15,1
34,Tristan,9,1,being Black,1,1
34,Tristan,9,1,being male,2,1
34,Tristan,9,1,being a cardiologist,3,7
34,Tristan,9,1,being 43 years old,4,1
34,Tristan,9,1,being opinionated sometimes,5,7
34,Tristan,9,1,being impatient sometimes,6,7
34,Tristan,9,1,being extroverted and outgoing,7,7
34,Tristan,9,1,enjoying listening to country music,8,7
34,Tristan,9,1,being Christian,9,7
34,Tristan,9,1,having worked for over ten years at the same hospital,10,7
34,Tristan,9,1,reviewing Annie's medical history and symptoms,11,7
34,Tristan,9,1,checking Annie's vitals,12,7
34,Tristan,9,1,ordering Annie an electrocardiogram (ECG/EKG),13,7
34,Tristan,9,1,not ordering any other heart tests,14,7
34,Tristan,9,1,not ordering a mammogram,15,7
34,Nadia,10,0,being a software engineer,1,7
34,Nadia,10,0,being 34 years old,2,1
34,Nadia,10,0,attending couples therapy years ago,3,7
34,Nadia,10,0,being a timid person,4,4
34,Nadia,10,0,being female,5,1
34,Nadia,10,0,collecting vinyl records,6,7
34,Nadia,10,0,having red hair,7,7
34,Nadia,10,0,being White,8,1
34,Nadia,10,0,being an organized person,9,7
34,Nadia,10,0,enjoying oil painting,10,7
34,Nadia,10,0,going to the emergency room for bruises,11,7
34,Nadia,10,0,not seeking help after the emergency room incident,12,7
34,Nadia,10,0,being scared when Franklin screamed,13,7
34,Nadia,10,0,grabbing the revolver,14,7
34,Nadia,10,0,shooting Franklin with the revolver,15,7
34,Edward,11,1,being an ambitious person,1,7
34,Edward,11,1,being an experienced driver,2,7
34,Edward,11,1,enjoying browsing Twitter,3,7
34,Edward,11,1,being White,4,1
34,Edward,11,1,being a studious person,5,7
34,Edward,11,1,being male,6,1
34,Edward,11,1,being 24 years old,7,1
34,Edward,11,1,enjoying reading science fiction,8,7
34,Edward,11,1,being a clinical research assistant,9,7
34,Edward,11,1,being single,10,7
34,Edward,11,1,not muting phone notifications while driving,11,7
34,Edward,11,1,not speeding,12,7
34,Edward,11,1,checking that there were no other cars nearby,13,7
34,Edward,11,1,taking a peek at the text,14,7
34,Edward,11,1,veering into the cyclist while reading the text,15,7
35,Flora,1,1,using a white cane to guide herself,1,6
35,Flora,1,1,enjoying gardening,2,7
35,Flora,1,1,being 32 years old,3,1
35,Flora,1,1,being Asian,4,1
35,Flora,1,1,composing music in her free time,5,7
35,Flora,1,1,being female,6,1
35,Flora,1,1,being an empathetic person,7,4
35,Flora,1,1,being legally blind,8,1
35,Flora,1,1,being a counselor,9,7
35,Flora,1,1,being an early riser,10,4
35,Flora,1,1,going to a neighbor's house for dinner,11,6
35,Flora,1,1,using her white cane while walking home,12,6
35,Flora,1,1,not calling for help,13,6
35,Flora,1,1,her white cane slipping between Paul's legs,14,2
35,Flora,1,1,stepping on Paul's torso,15,2
35,Melvin,2,1,growing corn,1,6
35,Melvin,2,1,being White,2,1
35,Melvin,2,1,being a farmer,3,6
35,Melvin,2,1,being male,4,1
35,Melvin,2,1,being 45 years old,5,1
35,Melvin,2,1,enjoying listening to rock music,6,6
35,Melvin,2,1,being stingy sometimes,7,7
35,Melvin,2,1,having a cheerful personality,8,5
35,Melvin,2,1,growing hay,9,6
35,Melvin,2,1,having high blood pressure,10,2
35,Melvin,2,1,building his barn near the border with Vincent's property,11,4
35,Melvin,2,1,being concerned with hayfires,12,6
35,Melvin,2,1,considering buying hay-drying equipment,13,7
35,Melvin,2,1,meeting with consultants,14,7
35,Melvin,2,1,deciding not to buy hay-drying equipment,15,7
35,Nadia,3,0,attending couples therapy years ago,1,7
35,Nadia,3,0,being female,2,1
35,Nadia,3,0,being White,3,1
35,Nadia,3,0,enjoying oil painting,4,6
35,Nadia,3,0,being a software engineer,5,6
35,Nadia,3,0,collecting vinyl records,6,7
35,Nadia,3,0,having red hair,7,2
35,Nadia,3,0,being an organized person,8,6
35,Nadia,3,0,being a timid person,9,4
35,Nadia,3,0,being 34 years old,10,1
35,Nadia,3,0,going to the emergency room for bruises,11,4
35,Nadia,3,0,not seeking help after the emergency room incident,12,6
35,Nadia,3,0,being scared when Franklin screamed,13,3
35,Nadia,3,0,grabbing the revolver,14,5
35,Nadia,3,0,shooting Franklin with the revolver,15,5
35,Edward,4,1,being White,1,1
35,Edward,4,1,being male,2,1
35,Edward,4,1,being an ambitious person,3,4
35,Edward,4,1,being a studious person,4,5
35,Edward,4,1,enjoying reading science fiction,5,7
35,Edward,4,1,being 24 years old,6,1
35,Edward,4,1,being single,7,5
35,Edward,4,1,being an experienced driver,8,7
35,Edward,4,1,being a clinical research assistant,9,7
35,Edward,4,1,enjoying browsing Twitter,10,7
35,Edward,4,1,not muting phone notifications while driving,11,7
35,Edward,4,1,not speeding,12,7
35,Edward,4,1,checking that there were no other cars nearby,13,7
35,Edward,4,1,taking a peek at the text,14,7
35,Edward,4,1,veering into the cyclist while reading the text,15,5
35,Julia,5,0,enjoying watching TV shows,1,7
35,Julia,5,0,being a courteous person,2,7
35,Julia,5,0,being female,3,1
35,Julia,5,0,being sensitive sometimes,4,3
35,Julia,5,0,being a college student,5,7
35,Julia,5,0,having asthma,6,1
35,Julia,5,0,babysitting on the weekends,7,7
35,Julia,5,0,being 19 years old,8,1
35,Julia,5,0,being multiracial,9,1
35,Julia,5,0,studying psychology,10,7
35,Julia,5,0,reading children's books with Benji,11,7
35,Julia,5,0,picking up her partner's call while filling the bathtub,12,7
35,Julia,5,0,feeling hurt after learning about the cheating,13,7
35,Julia,5,0,leaving the bathroom to talk to her partner,14,7
35,Julia,5,0,sitting for a few minutes after hanging up,15,7
35,Ava,6,1,enjoying going to music concerts,1,7
35,Ava,6,1,being an artist,2,7
35,Ava,6,1,being female,3,1
35,Ava,6,1,being 26 years old,4,1
35,Ava,6,1,having a peanut allergy,5,1
35,Ava,6,1,being a compassionate person,6,6
35,Ava,6,1,often driving Peter to appointments and errands,7,7
35,Ava,6,1,being friends with Peter for many years,8,7
35,Ava,6,1,regularly drinking coffee,9,7
35,Ava,6,1,being Native American,10,1
35,Ava,6,1,doing her annual car maintenance,11,7
35,Ava,6,1,driving under the speed limit,12,7
35,Ava,6,1,listening to the radio while driving,13,7
35,Ava,6,1,being startled by the deer,14,4
35,Ava,6,1,slamming the brakes after seeing the deer,15,7
35,Darla,7,0,being 32 years old,1,1
35,Darla,7,0,having a laid-back personality,2,3
35,Darla,7,0,having an absent-minded personality,3,3
35,Darla,7,0,running a home daycare business,4,7
35,Darla,7,0,enjoying cooking,5,7
35,Darla,7,0,working with Pamela for many years,6,7
35,Darla,7,0,being Black,7,1
35,Darla,7,0,communicating and interacting well with children,8,6
35,Darla,7,0,being nearsighted,9,1
35,Darla,7,0,being female,10,1
35,Darla,7,0,living in a tornado-affected area,11,5
35,Darla,7,0,playing games with the children,12,7
35,Darla,7,0,playing loud upbeat music with the children,13,7
35,Darla,7,0,focusing on the children,14,7
35,Darla,7,0,not hearing the tornado sirens,15,4
35,Alfred,8,1,having a calm personality,1,3
35,Alfred,8,1,being a veteran,2,4
35,Alfred,8,1,being male,3,1
35,Alfred,8,1,having PTSD,4,1
35,Alfred,8,1,being 68 years old,5,1
35,Alfred,8,1,being White,6,1
35,Alfred,8,1,enjoying fishing,7,7
35,Alfred,8,1,enjoying Italian cuisine,8,7
35,Alfred,8,1,being patriotic,9,7
35,Alfred,8,1,living alone,10,4
35,Alfred,8,1,taking the subway home,11,6
35,Alfred,8,1,being quiet on the subway,12,7
35,Alfred,8,1,getting off at the same stop as Oliver,13,7
35,Alfred,8,1,hearing loud drilling and yelling from the construction above,14,1
35,Alfred,8,1,physically attacking Oliver,15,4
35,Qian,9,0,being Asian,1,1
35,Qian,9,0,being 27 years old,2,1
35,Qian,9,0,enjoying watching sports,3,7
35,Qian,9,0,being stubborn sometimes,4,6
35,Qian,9,0,being male,5,1
35,Qian,9,0,being a restaurant waiter,6,6
35,Qian,9,0,not smoking,7,7
35,Qian,9,0,having a humorous personality,8,5
35,Qian,9,0,being hard-working,9,6
35,Qian,9,0,enjoying jazz music,10,7
35,Qian,9,0,hanging out at the local bar with cousins,11,7
35,Qian,9,0,having several drinks over the course of two hours,12,7
35,Qian,9,0,being angered by Wilson's comments,13,4
35,Qian,9,0,not talking back to Wilson,14,7
35,Qian,9,0,pushing Wilson to the ground,15,7
35,Tristan,10,1,being male,1,1
35,Tristan,10,1,being Christian,2,7
35,Tristan,10,1,having worked for over ten years at the same hospital,3,7
35,Tristan,10,1,being Black,4,1
35,Tristan,10,1,being extroverted and outgoing,5,5
35,Tristan,10,1,being 43 years old,6,1
35,Tristan,10,1,being a cardiologist,7,7
35,Tristan,10,1,enjoying listening to country music,8,7
35,Tristan,10,1,being opinionated sometimes,9,6
35,Tristan,10,1,being impatient sometimes,10,6
35,Tristan,10,1,reviewing Annie's medical history and symptoms,11,7
35,Tristan,10,1,checking Annie's vitals,12,7
35,Tristan,10,1,ordering Annie an electrocardiogram (ECG/EKG),13,7
35,Tristan,10,1,not ordering any other heart tests,14,7
35,Tristan,10,1,not ordering a mammogram,15,7
35,Chris,11,1,having a curious personality,1,4
35,Chris,11,1,being 10 years old,2,1
35,Chris,11,1,admiring his father,3,6
35,Chris,11,1,having an average IQ,4,1
35,Chris,11,1,enjoying playing hide-and-seek,5,6
35,Chris,11,1,being male,6,1
35,Chris,11,1,being White,7,1
35,Chris,11,1,weighing 70 lbs,8,2
35,Chris,11,1,enjoying swimming,9,7
35,Chris,11,1,being a picky eater,10,6
35,Chris,11,1,inviting friends over to play,11,7
35,Chris,11,1,hiding in the hall closet,12,7
35,Chris,11,1,finding the key in his father's jacket pocket,13,7
35,Chris,11,1,opening the gun cabinet with the key,14,7
35,Chris,11,1,picking up a pistol to play with,15,7
36,Edward,1,1,being a clinical research assistant,1,1
36,Edward,1,1,being a studious person,2,6
36,Edward,1,1,being 24 years old,3,1
36,Edward,1,1,enjoying reading science fiction,4,4
36,Edward,1,1,being an ambitious person,5,7
36,Edward,1,1,being an experienced driver,6,7
36,Edward,1,1,being single,7,3
36,Edward,1,1,being male,8,1
36,Edward,1,1,being White,9,1
36,Edward,1,1,enjoying browsing Twitter,10,5
36,Edward,1,1,not muting phone notifications while driving,11,7
36,Edward,1,1,not speeding,12,7
36,Edward,1,1,checking that there were no other cars nearby,13,7
36,Edward,1,1,taking a peek at the text,14,7
36,Edward,1,1,veering into the cyclist while reading the text,15,7
36,Flora,2,1,composing music in her free time,1,6
36,Flora,2,1,using a white cane to guide herself,2,2
36,Flora,2,1,being female,3,1
36,Flora,2,1,being legally blind,4,1
36,Flora,2,1,being an empathetic person,5,7
36,Flora,2,1,being an early riser,6,3
36,Flora,2,1,being 32 years old,7,1
36,Flora,2,1,being a counselor,8,5
36,Flora,2,1,being Asian,9,1
36,Flora,2,1,enjoying gardening,10,5
36,Flora,2,1,going to a neighbor's house for dinner,11,5
36,Flora,2,1,using her white cane while walking home,12,1
36,Flora,2,1,not calling for help,13,5
36,Flora,2,1,her white cane slipping between Paul's legs,14,1
36,Flora,2,1,stepping on Paul's torso,15,1
36,Nadia,3,0,being a timid person,1,6
36,Nadia,3,0,being a software engineer,2,6
36,Nadia,3,0,being White,3,1
36,Nadia,3,0,collecting vinyl records,4,6
36,Nadia,3,0,being an organized person,5,7
36,Nadia,3,0,attending couples therapy years ago,6,6
36,Nadia,3,0,being female,7,1
36,Nadia,3,0,being 34 years old,8,1
36,Nadia,3,0,enjoying oil painting,9,4
36,Nadia,3,0,having red hair,10,3
36,Nadia,3,0,going to the emergency room for bruises,11,1
36,Nadia,3,0,not seeking help after the emergency room incident,12,2
36,Nadia,3,0,being scared when Franklin screamed,13,1
36,Nadia,3,0,grabbing the revolver,14,4
36,Nadia,3,0,shooting Franklin with the revolver,15,5
36,Julia,4,0,being a college student,1,5
36,Julia,4,0,being a courteous person,2,7
36,Julia,4,0,babysitting on the weekends,3,4
36,Julia,4,0,being 19 years old,4,1
36,Julia,4,0,being sensitive sometimes,5,4
36,Julia,4,0,enjoying watching TV shows,6,5
36,Julia,4,0,being female,7,1
36,Julia,4,0,being multiracial,8,1
36,Julia,4,0,having asthma,9,1
36,Julia,4,0,studying psychology,10,6
36,Julia,4,0,reading children's books with Benji,11,6
36,Julia,4,0,picking up her partner's call while filling the bathtub,12,6
36,Julia,4,0,feeling hurt after learning about the cheating,13,3
36,Julia,4,0,leaving the bathroom to talk to her partner,14,7
36,Julia,4,0,sitting for a few minutes after hanging up,15,7
36,Alfred,5,1,having PTSD,1,1
36,Alfred,5,1,being 68 years old,2,1
36,Alfred,5,1,being White,3,1
36,Alfred,5,1,being a veteran,4,2
36,Alfred,5,1,enjoying fishing,5,4
36,Alfred,5,1,having a calm personality,6,6
36,Alfred,5,1,being patriotic,7,6
36,Alfred,5,1,being male,8,1
36,Alfred,5,1,enjoying Italian cuisine,9,5
36,Alfred,5,1,living alone,10,3
36,Alfred,5,1,taking the subway home,11,4
36,Alfred,5,1,being quiet on the subway,12,6
36,Alfred,5,1,getting off at the same stop as Oliver,13,1
36,Alfred,5,1,hearing loud drilling and yelling from the construction above,14,1
36,Alfred,5,1,physically attacking Oliver,15,5
36,Qian,6,0,not smoking,1,7
36,Qian,6,0,enjoying watching sports,2,6
36,Qian,6,0,being a restaurant waiter,3,6
36,Qian,6,0,being hard-working,4,7
36,Qian,6,0,being 27 years old,5,1
36,Qian,6,0,being male,6,1
36,Qian,6,0,being stubborn sometimes,7,6
36,Qian,6,0,being Asian,8,1
36,Qian,6,0,enjoying jazz music,9,4
36,Qian,6,0,having a humorous personality,10,6
36,Qian,6,0,hanging out at the local bar with cousins,11,5
36,Qian,6,0,having several drinks over the course of two hours,12,6
36,Qian,6,0,being angered by Wilson's comments,13,6
36,Qian,6,0,not talking back to Wilson,14,7
36,Qian,6,0,pushing Wilson to the ground,15,7
36,Tristan,7,1,having worked for over ten years at the same hospital,1,6
36,Tristan,7,1,being extroverted and outgoing,2,6
36,Tristan,7,1,being Black,3,1
36,Tristan,7,1,enjoying listening to country music,4,4
36,Tristan,7,1,being 43 years old,5,1
36,Tristan,7,1,being Christian,6,4
36,Tristan,7,1,being male,7,1
36,Tristan,7,1,being opinionated sometimes,8,6
36,Tristan,7,1,being impatient sometimes,9,7
36,Tristan,7,1,being a cardiologist,10,6
36,Tristan,7,1,reviewing Annie's medical history and symptoms,11,7
36,Tristan,7,1,checking Annie's vitals,12,7
36,Tristan,7,1,ordering Annie an electrocardiogram (ECG/EKG),13,7
36,Tristan,7,1,not ordering any other heart tests,14,7
36,Tristan,7,1,not ordering a mammogram,15,7
36,Chris,8,1,admiring his father,1,6
36,Chris,8,1,being a picky eater,2,3
36,Chris,8,1,enjoying playing hide-and-seek,3,6
36,Chris,8,1,having a curious personality,4,6
36,Chris,8,1,being 10 years old,5,1
36,Chris,8,1,being male,6,1
36,Chris,8,1,having an average IQ,7,3
36,Chris,8,1,weighing 70 lbs,8,5
36,Chris,8,1,being White,9,1
36,Chris,8,1,enjoying swimming,10,5
36,Chris,8,1,inviting friends over to play,11,6
36,Chris,8,1,hiding in the hall closet,12,7
36,Chris,8,1,finding the key in his father's jacket pocket,13,4
36,Chris,8,1,opening the gun cabinet with the key,14,7
36,Chris,8,1,picking up a pistol to play with,15,7
36,Darla,9,0,having a laid-back personality,1,6
36,Darla,9,0,working with Pamela for many years,2,7
36,Darla,9,0,having an absent-minded personality,3,6
36,Darla,9,0,being 32 years old,4,1
36,Darla,9,0,enjoying cooking,5,6
36,Darla,9,0,being female,6,1
36,Darla,9,0,being Black,7,1
36,Darla,9,0,running a home daycare business,8,6
36,Darla,9,0,being nearsighted,9,1
36,Darla,9,0,communicating and interacting well with children,10,7
36,Darla,9,0,living in a tornado-affected area,11,1
36,Darla,9,0,playing games with the children,12,6
36,Darla,9,0,playing loud upbeat music with the children,13,5
36,Darla,9,0,focusing on the children,14,7
36,Darla,9,0,not hearing the tornado sirens,15,2
36,Melvin,10,1,being stingy sometimes,1,7
36,Melvin,10,1,being White,2,1
36,Melvin,10,1,growing corn,3,4
36,Melvin,10,1,having high blood pressure,4,3
36,Melvin,10,1,enjoying listening to rock music,5,5
36,Melvin,10,1,having a cheerful personality,6,6
36,Melvin,10,1,growing hay,7,5
36,Melvin,10,1,being male,8,1
36,Melvin,10,1,being a farmer,9,4
36,Melvin,10,1,being 45 years old,10,1
36,Melvin,10,1,building his barn near the border with Vincent's property,11,2
36,Melvin,10,1,being concerned with hayfires,12,6
36,Melvin,10,1,considering buying hay-drying equipment,13,7
36,Melvin,10,1,meeting with consultants,14,6
36,Melvin,10,1,deciding not to buy hay-drying equipment,15,7
36,Ava,11,1,regularly drinking coffee,1,6
36,Ava,11,1,being a compassionate person,2,6
36,Ava,11,1,enjoying going to music concerts,3,5
36,Ava,11,1,being Native American,4,1
36,Ava,11,1,often driving Peter to appointments and errands,5,6
36,Ava,11,1,being female,6,1
36,Ava,11,1,having a peanut allergy,7,1
36,Ava,11,1,being an artist,8,4
36,Ava,11,1,being friends with Peter for many years,9,6
36,Ava,11,1,being 26 years old,10,1
36,Ava,11,1,doing her annual car maintenance,11,2
36,Ava,11,1,driving under the speed limit,12,6
36,Ava,11,1,listening to the radio while driving,13,5
36,Ava,11,1,being startled by the deer,14,1
36,Ava,11,1,slamming the brakes after seeing the deer,15,5
37,Edward,1,1,being an experienced driver,1,5
37,Edward,1,1,being male,2,1
37,Edward,1,1,being 24 years old,3,1
37,Edward,1,1,being White,4,1
37,Edward,1,1,enjoying browsing Twitter,5,4
37,Edward,1,1,being single,6,4
37,Edward,1,1,being a studious person,7,5
37,Edward,1,1,being an ambitious person,8,6
37,Edward,1,1,enjoying reading science fiction,9,4
37,Edward,1,1,being a clinical research assistant,10,6
37,Edward,1,1,not muting phone notifications while driving,11,7
37,Edward,1,1,not speeding,12,7
37,Edward,1,1,checking that there were no other cars nearby,13,7
37,Edward,1,1,taking a peek at the text,14,7
37,Edward,1,1,veering into the cyclist while reading the text,15,6
37,Alfred,2,1,enjoying fishing,1,4
37,Alfred,2,1,having a calm personality,2,3
37,Alfred,2,1,being patriotic,3,5
37,Alfred,2,1,being 68 years old,4,1
37,Alfred,2,1,having PTSD,5,2
37,Alfred,2,1,being a veteran,6,7
37,Alfred,2,1,being White,7,1
37,Alfred,2,1,being male,8,1
37,Alfred,2,1,enjoying Italian cuisine,9,4
37,Alfred,2,1,living alone,10,4
37,Alfred,2,1,taking the subway home,11,6
37,Alfred,2,1,being quiet on the subway,12,7
37,Alfred,2,1,getting off at the same stop as Oliver,13,4
37,Alfred,2,1,hearing loud drilling and yelling from the construction above,14,1
37,Alfred,2,1,physically attacking Oliver,15,3
37,Chris,3,1,being White,1,1
37,Chris,3,1,having an average IQ,2,1
37,Chris,3,1,enjoying playing hide-and-seek,3,7
37,Chris,3,1,being male,4,1
37,Chris,3,1,being 10 years old,5,1
37,Chris,3,1,weighing 70 lbs,6,4
37,Chris,3,1,enjoying swimming,7,4
37,Chris,3,1,admiring his father,8,4
37,Chris,3,1,being a picky eater,9,5
37,Chris,3,1,having a curious personality,10,2
37,Chris,3,1,inviting friends over to play,11,7
37,Chris,3,1,hiding in the hall closet,12,7
37,Chris,3,1,finding the key in his father's jacket pocket,13,6
37,Chris,3,1,opening the gun cabinet with the key,14,7
37,Chris,3,1,picking up a pistol to play with,15,7
37,Qian,4,0,being 27 years old,1,1
37,Qian,4,0,being hard-working,2,7
37,Qian,4,0,enjoying watching sports,3,4
37,Qian,4,0,being stubborn sometimes,4,4
37,Qian,4,0,being Asian,5,1
37,Qian,4,0,enjoying jazz music,6,4
37,Qian,4,0,being a restaurant waiter,7,6
37,Qian,4,0,not smoking,8,7
37,Qian,4,0,being male,9,1
37,Qian,4,0,having a humorous personality,10,4
37,Qian,4,0,hanging out at the local bar with cousins,11,7
37,Qian,4,0,having several drinks over the course of two hours,12,7
37,Qian,4,0,being angered by Wilson's comments,13,4
37,Qian,4,0,not talking back to Wilson,14,4
37,Qian,4,0,pushing Wilson to the ground,15,6
37,Nadia,5,0,having red hair,1,4
37,Nadia,5,0,attending couples therapy years ago,2,7
37,Nadia,5,0,being a software engineer,3,7
37,Nadia,5,0,being 34 years old,4,1
37,Nadia,5,0,being White,5,1
37,Nadia,5,0,being female,6,1
37,Nadia,5,0,enjoying oil painting,7,4
37,Nadia,5,0,being a timid person,8,3
37,Nadia,5,0,being an organized person,9,4
37,Nadia,5,0,collecting vinyl records,10,5
37,Nadia,5,0,going to the emergency room for bruises,11,5
37,Nadia,5,0,not seeking help after the emergency room incident,12,6
37,Nadia,5,0,being scared when Franklin screamed,13,2
37,Nadia,5,0,grabbing the revolver,14,7
37,Nadia,5,0,shooting Franklin with the revolver,15,7
37,Flora,6,1,composing music in her free time,1,5
37,Flora,6,1,being female,2,1
37,Flora,6,1,being 32 years old,3,1
37,Flora,6,1,using a white cane to guide herself,4,7
37,Flora,6,1,being legally blind,5,1
37,Flora,6,1,being Asian,6,1
37,Flora,6,1,being an early riser,7,5
37,Flora,6,1,being a counselor,8,7
37,Flora,6,1,enjoying gardening,9,4
37,Flora,6,1,being an empathetic person,10,4
37,Flora,6,1,going to a neighbor's house for dinner,11,7
37,Flora,6,1,using her white cane while walking home,12,5
37,Flora,6,1,not calling for help,13,6
37,Flora,6,1,her white cane slipping between Paul's legs,14,2
37,Flora,6,1,stepping on Paul's torso,15,2
37,Darla,7,0,having a laid-back personality,1,4
37,Darla,7,0,communicating and interacting well with children,2,4
37,Darla,7,0,working with Pamela for many years,3,6
37,Darla,7,0,being female,4,1
37,Darla,7,0,running a home daycare business,5,7
37,Darla,7,0,enjoying cooking,6,4
37,Darla,7,0,being 32 years old,7,1
37,Darla,7,0,having an absent-minded personality,8,4
37,Darla,7,0,being Black,9,1
37,Darla,7,0,being nearsighted,10,1
37,Darla,7,0,living in a tornado-affected area,11,6
37,Darla,7,0,playing games with the children,12,7
37,Darla,7,0,playing loud upbeat music with the children,13,7
37,Darla,7,0,focusing on the children,14,7
37,Darla,7,0,not hearing the tornado sirens,15,5
37,Julia,8,0,studying psychology,1,7
37,Julia,8,0,being a college student,2,7
37,Julia,8,0,enjoying watching TV shows,3,4
37,Julia,8,0,having asthma,4,2
37,Julia,8,0,being sensitive sometimes,5,4
37,Julia,8,0,being a courteous person,6,4
37,Julia,8,0,being 19 years old,7,1
37,Julia,8,0,babysitting on the weekends,8,7
37,Julia,8,0,being multiracial,9,1
37,Julia,8,0,being female,10,1
37,Julia,8,0,reading children's books with Benji,11,7
37,Julia,8,0,picking up her partner's call while filling the bathtub,12,7
37,Julia,8,0,feeling hurt after learning about the cheating,13,5
37,Julia,8,0,leaving the bathroom to talk to her partner,14,7
37,Julia,8,0,sitting for a few minutes after hanging up,15,7
37,Ava,9,1,being an artist,1,6
37,Ava,9,1,having a peanut allergy,2,1
37,Ava,9,1,being 26 years old,3,1
37,Ava,9,1,being Native American,4,1
37,Ava,9,1,enjoying going to music concerts,5,4
37,Ava,9,1,being friends with Peter for many years,6,5
37,Ava,9,1,often driving Peter to appointments and errands,7,6
37,Ava,9,1,being a compassionate person,8,4
37,Ava,9,1,being female,9,1
37,Ava,9,1,regularly drinking coffee,10,7
37,Ava,9,1,doing her annual car maintenance,11,7
37,Ava,9,1,driving under the speed limit,12,7
37,Ava,9,1,listening to the radio while driving,13,7
37,Ava,9,1,being startled by the deer,14,3
37,Ava,9,1,slamming the brakes after seeing the deer,15,4
37,Melvin,10,1,being a farmer,1,6
37,Melvin,10,1,being male,2,1
37,Melvin,10,1,enjoying listening to rock music,3,4
37,Melvin,10,1,being 45 years old,4,1
37,Melvin,10,1,having high blood pressure,5,5
37,Melvin,10,1,growing hay,6,7
37,Melvin,10,1,having a cheerful personality,7,4
37,Melvin,10,1,growing corn,8,7
37,Melvin,10,1,being White,9,1
37,Melvin,10,1,being stingy sometimes,10,4
37,Melvin,10,1,building his barn near the border with Vincent's property,11,6
37,Melvin,10,1,being concerned with hayfires,12,6
37,Melvin,10,1,considering buying hay-drying equipment,13,7
37,Melvin,10,1,meeting with consultants,14,7
37,Melvin,10,1,deciding not to buy hay-drying equipment,15,7
37,Tristan,11,1,being opinionated sometimes,1,4
37,Tristan,11,1,being 43 years old,2,1
37,Tristan,11,1,being male,3,1
37,Tristan,11,1,enjoying listening to country music,4,6
37,Tristan,11,1,being extroverted and outgoing,5,4
37,Tristan,11,1,being a cardiologist,6,7
37,Tristan,11,1,being impatient sometimes,7,4
37,Tristan,11,1,being Black,8,1
37,Tristan,11,1,being Christian,9,4
37,Tristan,11,1,having worked for over ten years at the same hospital,10,7
37,Tristan,11,1,reviewing Annie's medical history and symptoms,11,7
37,Tristan,11,1,checking Annie's vitals,12,7
37,Tristan,11,1,ordering Annie an electrocardiogram (ECG/EKG),13,7
37,Tristan,11,1,not ordering any other heart tests,14,7
37,Tristan,11,1,not ordering a mammogram,15,5
38,Qian,1,0,having a humorous personality,1,2
38,Qian,1,0,enjoying jazz music,2,3
38,Qian,1,0,enjoying watching sports,3,3
38,Qian,1,0,being a restaurant waiter,4,5
38,Qian,1,0,being hard-working,5,6
38,Qian,1,0,being 27 years old,6,1
38,Qian,1,0,being Asian,7,1
38,Qian,1,0,being male,8,1
38,Qian,1,0,being stubborn sometimes,9,4
38,Qian,1,0,not smoking,10,7
38,Qian,1,0,hanging out at the local bar with cousins,11,6
38,Qian,1,0,having several drinks over the course of two hours,12,6
38,Qian,1,0,being angered by Wilson's comments,13,3
38,Qian,1,0,not talking back to Wilson,14,5
38,Qian,1,0,pushing Wilson to the ground,15,5
38,Chris,2,1,being 10 years old,1,1
38,Chris,2,1,having a curious personality,2,2
38,Chris,2,1,having an average IQ,3,2
38,Chris,2,1,being male,4,1
38,Chris,2,1,enjoying playing hide-and-seek,5,5
38,Chris,2,1,being White,6,1
38,Chris,2,1,enjoying swimming,7,4
38,Chris,2,1,being a picky eater,8,6
38,Chris,2,1,weighing 70 lbs,9,4
38,Chris,2,1,admiring his father,10,5
38,Chris,2,1,inviting friends over to play,11,6
38,Chris,2,1,hiding in the hall closet,12,7
38,Chris,2,1,finding the key in his father's jacket pocket,13,2
38,Chris,2,1,opening the gun cabinet with the key,14,7
38,Chris,2,1,picking up a pistol to play with,15,7
38,Edward,3,1,being a studious person,1,5
38,Edward,3,1,being White,2,1
38,Edward,3,1,being a clinical research assistant,3,6
38,Edward,3,1,being male,4,1
38,Edward,3,1,enjoying reading science fiction,5,4
38,Edward,3,1,being an ambitious person,6,5
38,Edward,3,1,being single,7,3
38,Edward,3,1,being an experienced driver,8,6
38,Edward,3,1,being 24 years old,9,1
38,Edward,3,1,enjoying browsing Twitter,10,5
38,Edward,3,1,not muting phone notifications while driving,11,7
38,Edward,3,1,not speeding,12,7
38,Edward,3,1,checking that there were no other cars nearby,13,7
38,Edward,3,1,taking a peek at the text,14,7
38,Edward,3,1,veering into the cyclist while reading the text,15,5
38,Ava,4,1,regularly drinking coffee,1,6
38,Ava,4,1,being Native American,2,1
38,Ava,4,1,being female,3,1
38,Ava,4,1,being friends with Peter for many years,4,5
38,Ava,4,1,enjoying going to music concerts,5,4
38,Ava,4,1,being an artist,6,6
38,Ava,4,1,being 26 years old,7,1
38,Ava,4,1,often driving Peter to appointments and errands,8,7
38,Ava,4,1,being a compassionate person,9,5
38,Ava,4,1,having a peanut allergy,10,1
38,Ava,4,1,doing her annual car maintenance,11,7
38,Ava,4,1,driving under the speed limit,12,7
38,Ava,4,1,listening to the radio while driving,13,7
38,Ava,4,1,being startled by the deer,14,2
38,Ava,4,1,slamming the brakes after seeing the deer,15,6
38,Tristan,5,1,being impatient sometimes,1,6
38,Tristan,5,1,being male,2,1
38,Tristan,5,1,being opinionated sometimes,3,5
38,Tristan,5,1,being a cardiologist,4,6
38,Tristan,5,1,being Black,5,1
38,Tristan,5,1,being Christian,6,7
38,Tristan,5,1,having worked for over ten years at the same hospital,7,5
38,Tristan,5,1,enjoying listening to country music,8,4
38,Tristan,5,1,being 43 years old,9,1
38,Tristan,5,1,being extroverted and outgoing,10,5
38,Tristan,5,1,reviewing Annie's medical history and symptoms,11,7
38,Tristan,5,1,checking Annie's vitals,12,7
38,Tristan,5,1,ordering Annie an electrocardiogram (ECG/EKG),13,7
38,Tristan,5,1,not ordering any other heart tests,14,7
38,Tristan,5,1,not ordering a mammogram,15,7
38,Alfred,6,1,being male,1,1
38,Alfred,6,1,being White,2,1
38,Alfred,6,1,enjoying fishing,3,5
38,Alfred,6,1,being a veteran,4,4
38,Alfred,6,1,living alone,5,5
38,Alfred,6,1,enjoying Italian cuisine,6,5
38,Alfred,6,1,being 68 years old,7,1
38,Alfred,6,1,having a calm personality,8,4
38,Alfred,6,1,being patriotic,9,5
38,Alfred,6,1,having PTSD,10,1
38,Alfred,6,1,taking the subway home,11,7
38,Alfred,6,1,being quiet on the subway,12,7
38,Alfred,6,1,getting off at the same stop as Oliver,13,7
38,Alfred,6,1,hearing loud drilling and yelling from the construction above,14,1
38,Alfred,6,1,physically attacking Oliver,15,2
38,Nadia,7,0,being a software engineer,1,6
38,Nadia,7,0,attending couples therapy years ago,2,6
38,Nadia,7,0,having red hair,3,1
38,Nadia,7,0,being an organized person,4,4
38,Nadia,7,0,enjoying oil painting,5,4
38,Nadia,7,0,being female,6,1
38,Nadia,7,0,being 34 years old,7,1
38,Nadia,7,0,collecting vinyl records,8,6
38,Nadia,7,0,being White,9,1
38,Nadia,7,0,being a timid person,10,3
38,Nadia,7,0,going to the emergency room for bruises,11,6
38,Nadia,7,0,not seeking help after the emergency room incident,12,5
38,Nadia,7,0,being scared when Franklin screamed,13,1
38,Nadia,7,0,grabbing the revolver,14,5
38,Nadia,7,0,shooting Franklin with the revolver,15,4
38,Darla,8,0,working with Pamela for many years,1,5
38,Darla,8,0,being nearsighted,2,1
38,Darla,8,0,being female,3,1
38,Darla,8,0,being Black,4,1
38,Darla,8,0,being 32 years old,5,1
38,Darla,8,0,communicating and interacting well with children,6,6
38,Darla,8,0,enjoying cooking,7,3
38,Darla,8,0,having an absent-minded personality,8,4
38,Darla,8,0,running a home daycare business,9,6
38,Darla,8,0,having a laid-back personality,10,3
38,Darla,8,0,living in a tornado-affected area,11,5
38,Darla,8,0,playing games with the children,12,6
38,Darla,8,0,playing loud upbeat music with the children,13,6
38,Darla,8,0,focusing on the children,14,6
38,Darla,8,0,not hearing the tornado sirens,15,4
38,Flora,9,1,composing music in her free time,1,6
38,Flora,9,1,using a white cane to guide herself,2,4
38,Flora,9,1,being 32 years old,3,1
38,Flora,9,1,being Asian,4,1
38,Flora,9,1,being an early riser,5,2
38,Flora,9,1,being a counselor,6,6
38,Flora,9,1,being female,7,1
38,Flora,9,1,enjoying gardening,8,4
38,Flora,9,1,being an empathetic person,9,3
38,Flora,9,1,being legally blind,10,1
38,Flora,9,1,going to a neighbor's house for dinner,11,6
38,Flora,9,1,using her white cane while walking home,12,6
38,Flora,9,1,not calling for help,13,5
38,Flora,9,1,her white cane slipping between Paul's legs,14,1
38,Flora,9,1,stepping on Paul's torso,15,1
38,Julia,10,0,being female,1,1
38,Julia,10,0,having asthma,2,1
38,Julia,10,0,studying psychology,3,6
38,Julia,10,0,being 19 years old,4,1
38,Julia,10,0,enjoying watching TV shows,5,4
38,Julia,10,0,babysitting on the weekends,6,6
38,Julia,10,0,being a college student,7,6
38,Julia,10,0,being a courteous person,8,4
38,Julia,10,0,being sensitive sometimes,9,2
38,Julia,10,0,being multiracial,10,1
38,Julia,10,0,reading children's books with Benji,11,6
38,Julia,10,0,picking up her partner's call while filling the bathtub,12,7
38,Julia,10,0,feeling hurt after learning about the cheating,13,2
38,Julia,10,0,leaving the bathroom to talk to her partner,14,4
38,Julia,10,0,sitting for a few minutes after hanging up,15,4
38,Melvin,11,1,being male,1,1
38,Melvin,11,1,being 45 years old,2,1
38,Melvin,11,1,having high blood pressure,3,3
38,Melvin,11,1,growing corn,4,6
38,Melvin,11,1,being White,5,1
38,Melvin,11,1,being stingy sometimes,6,5
38,Melvin,11,1,growing hay,7,6
38,Melvin,11,1,having a cheerful personality,8,3
38,Melvin,11,1,enjoying listening to rock music,9,4
38,Melvin,11,1,being a farmer,10,6
38,Melvin,11,1,building his barn near the border with Vincent's property,11,5
38,Melvin,11,1,being concerned with hayfires,12,5
38,Melvin,11,1,considering buying hay-drying equipment,13,6
38,Melvin,11,1,meeting with consultants,14,6
38,Melvin,11,1,deciding not to buy hay-drying equipment,15,6
39,Edward,1,1,being a studious person,1,7
39,Edward,1,1,being an ambitious person,2,5
39,Edward,1,1,being an experienced driver,3,7
39,Edward,1,1,being male,4,1
39,Edward,1,1,enjoying browsing Twitter,5,6
39,Edward,1,1,being 24 years old,6,6
39,Edward,1,1,being single,7,6
39,Edward,1,1,being a clinical research assistant,8,7
39,Edward,1,1,being White,9,1
39,Edward,1,1,enjoying reading science fiction,10,5
39,Edward,1,1,not muting phone notifications while driving,11,7
39,Edward,1,1,not speeding,12,7
39,Edward,1,1,checking that there were no other cars nearby,13,7
39,Edward,1,1,taking a peek at the text,14,7
39,Edward,1,1,veering into the cyclist while reading the text,15,7
39,Alfred,2,1,being male,1,1
39,Alfred,2,1,having PTSD,2,6
39,Alfred,2,1,having a calm personality,3,5
39,Alfred,2,1,being a veteran,4,7
39,Alfred,2,1,enjoying Italian cuisine,5,5
39,Alfred,2,1,being White,6,1
39,Alfred,2,1,being 68 years old,7,6
39,Alfred,2,1,living alone,8,6
39,Alfred,2,1,enjoying fishing,9,6
39,Alfred,2,1,being patriotic,10,6
39,Alfred,2,1,taking the subway home,11,7
39,Alfred,2,1,being quiet on the subway,12,7
39,Alfred,2,1,getting off at the same stop as Oliver,13,7
39,Alfred,2,1,hearing loud drilling and yelling from the construction above,14,1
39,Alfred,2,1,physically attacking Oliver,15,7
39,Qian,3,0,having a humorous personality,1,5
39,Qian,3,0,not smoking,2,7
39,Qian,3,0,being 27 years old,3,6
39,Qian,3,0,being hard-working,4,6
39,Qian,3,0,enjoying watching sports,5,6
39,Qian,3,0,being stubborn sometimes,6,6
39,Qian,3,0,being a restaurant waiter,7,7
39,Qian,3,0,enjoying jazz music,8,6
39,Qian,3,0,being male,9,1
39,Qian,3,0,being Asian,10,1
39,Qian,3,0,hanging out at the local bar with cousins,11,7
39,Qian,3,0,having several drinks over the course of two hours,12,7
39,Qian,3,0,being angered by Wilson's comments,13,4
39,Qian,3,0,not talking back to Wilson,14,4
39,Qian,3,0,pushing Wilson to the ground,15,3
39,Julia,4,0,being 19 years old,1,6
39,Julia,4,0,studying psychology,2,7
39,Julia,4,0,having asthma,3,2
39,Julia,4,0,being multiracial,4,1
39,Julia,4,0,enjoying watching TV shows,5,6
39,Julia,4,0,being a college student,6,7
39,Julia,4,0,being female,7,1
39,Julia,4,0,being a courteous person,8,6
39,Julia,4,0,being sensitive sometimes,9,6
39,Julia,4,0,babysitting on the weekends,10,7
39,Julia,4,0,reading children's books with Benji,11,7
39,Julia,4,0,picking up her partner's call while filling the bathtub,12,7
39,Julia,4,0,feeling hurt after learning about the cheating,13,5
39,Julia,4,0,leaving the bathroom to talk to her partner,14,7
39,Julia,4,0,sitting for a few minutes after hanging up,15,7
39,Darla,5,0,running a home daycare business,1,7
39,Darla,5,0,being female,2,1
39,Darla,5,0,being Black,3,1
39,Darla,5,0,enjoying cooking,4,6
39,Darla,5,0,having a laid-back personality,5,6
39,Darla,5,0,being 32 years old,6,6
39,Darla,5,0,having an absent-minded personality,7,6
39,Darla,5,0,communicating and interacting well with children,8,6
39,Darla,5,0,working with Pamela for many years,9,7
39,Darla,5,0,being nearsighted,10,3
39,Darla,5,0,living in a tornado-affected area,11,5
39,Darla,5,0,playing games with the children,12,7
39,Darla,5,0,playing loud upbeat music with the children,13,7
39,Darla,5,0,focusing on the children,14,7
39,Darla,5,0,not hearing the tornado sirens,15,7
39,Chris,6,1,having a curious personality,1,5
39,Chris,6,1,enjoying playing hide-and-seek,2,5
39,Chris,6,1,being White,3,1
39,Chris,6,1,enjoying swimming,4,5
39,Chris,6,1,admiring his father,5,6
39,Chris,6,1,weighing 70 lbs,6,6
39,Chris,6,1,being male,7,1
39,Chris,6,1,being a picky eater,8,6
39,Chris,6,1,having an average IQ,9,4
39,Chris,6,1,being 10 years old,10,6
39,Chris,6,1,inviting friends over to play,11,7
39,Chris,6,1,hiding in the hall closet,12,7
39,Chris,6,1,finding the key in his father's jacket pocket,13,5
39,Chris,6,1,opening the gun cabinet with the key,14,7
39,Chris,6,1,picking up a pistol to play with,15,7
39,Tristan,7,1,being impatient sometimes,1,5
39,Tristan,7,1,being Christian,2,7
39,Tristan,7,1,being opinionated sometimes,3,6
39,Tristan,7,1,being extroverted and outgoing,4,6
39,Tristan,7,1,being 43 years old,5,6
39,Tristan,7,1,being Black,6,1
39,Tristan,7,1,enjoying listening to country music,7,6
39,Tristan,7,1,having worked for over ten years at the same hospital,8,7
39,Tristan,7,1,being male,9,1
39,Tristan,7,1,being a cardiologist,10,7
39,Tristan,7,1,reviewing Annie's medical history and symptoms,11,7
39,Tristan,7,1,checking Annie's vitals,12,7
39,Tristan,7,1,ordering Annie an electrocardiogram (ECG/EKG),13,7
39,Tristan,7,1,not ordering any other heart tests,14,7
39,Tristan,7,1,not ordering a mammogram,15,7
39,Flora,8,1,using a white cane to guide herself,1,7
39,Flora,8,1,being an empathetic person,2,6
39,Flora,8,1,being 32 years old,3,6
39,Flora,8,1,composing music in her free time,4,7
39,Flora,8,1,being female,5,1
39,Flora,8,1,being Asian,6,1
39,Flora,8,1,being legally blind,7,1
39,Flora,8,1,enjoying gardening,8,6
39,Flora,8,1,being a counselor,9,7
39,Flora,8,1,being an early riser,10,7
39,Flora,8,1,going to a neighbor's house for dinner,11,7
39,Flora,8,1,using her white cane while walking home,12,7
39,Flora,8,1,not calling for help,13,7
39,Flora,8,1,her white cane slipping between Paul's legs,14,5
39,Flora,8,1,stepping on Paul's torso,15,2
39,Ava,9,1,being a compassionate person,1,6
39,Ava,9,1,regularly drinking coffee,2,7
39,Ava,9,1,often driving Peter to appointments and errands,3,7
39,Ava,9,1,being 26 years old,4,6
39,Ava,9,1,being female,5,1
39,Ava,9,1,enjoying going to music concerts,6,6
39,Ava,9,1,being friends with Peter for many years,7,7
39,Ava,9,1,being Native American,8,1
39,Ava,9,1,having a peanut allergy,9,1
39,Ava,9,1,being an artist,10,1
39,Ava,9,1,doing her annual car maintenance,11,7
39,Ava,9,1,driving under the speed limit,12,7
39,Ava,9,1,listening to the radio while driving,13,7
39,Ava,9,1,being startled by the deer,14,5
39,Ava,9,1,slamming the brakes after seeing the deer,15,4
39,Nadia,10,0,being female,1,1
39,Nadia,10,0,being White,2,1
39,Nadia,10,0,collecting vinyl records,3,7
39,Nadia,10,0,enjoying oil painting,4,6
39,Nadia,10,0,having red hair,5,1
39,Nadia,10,0,attending couples therapy years ago,6,5
39,Nadia,10,0,being a timid person,7,5
39,Nadia,10,0,being 34 years old,8,5
39,Nadia,10,0,being an organized person,9,5
39,Nadia,10,0,being a software engineer,10,7
39,Nadia,10,0,going to the emergency room for bruises,11,7
39,Nadia,10,0,not seeking help after the emergency room incident,12,7
39,Nadia,10,0,being scared when Franklin screamed,13,4
39,Nadia,10,0,grabbing the revolver,14,5
39,Nadia,10,0,shooting Franklin with the revolver,15,5
39,Melvin,11,1,being White,1,1
39,Melvin,11,1,growing corn,2,7
39,Melvin,11,1,growing hay,3,7
39,Melvin,11,1,being 45 years old,4,6
39,Melvin,11,1,being male,5,1
39,Melvin,11,1,having high blood pressure,6,5
39,Melvin,11,1,being stingy sometimes,7,6
39,Melvin,11,1,enjoying listening to rock music,8,6
39,Melvin,11,1,being a farmer,9,7
39,Melvin,11,1,having a cheerful personality,10,6
39,Melvin,11,1,building his barn near the border with Vincent's property,11,7
39,Melvin,11,1,being concerned with hayfires,12,6
39,Melvin,11,1,considering buying hay-drying equipment,13,7
39,Melvin,11,1,meeting with consultants,14,7
39,Melvin,11,1,deciding not to buy hay-drying equipment,15,7
40,Ava,1,1,being an artist,1,7
40,Ava,1,1,being 26 years old,2,1
40,Ava,1,1,being Native American,3,1
40,Ava,1,1,often driving Peter to appointments and errands,4,7
40,Ava,1,1,enjoying going to music concerts,5,7
40,Ava,1,1,having a peanut allergy,6,2
40,Ava,1,1,being female,7,1
40,Ava,1,1,regularly drinking coffee,8,6
40,Ava,1,1,being friends with Peter for many years,9,7
40,Ava,1,1,being a compassionate person,10,7
40,Ava,1,1,doing her annual car maintenance,11,7
40,Ava,1,1,driving under the speed limit,12,7
40,Ava,1,1,listening to the radio while driving,13,7
40,Ava,1,1,being startled by the deer,14,2
40,Ava,1,1,slamming the brakes after seeing the deer,15,5
40,Melvin,2,1,having high blood pressure,1,6
40,Melvin,2,1,growing corn,2,7
40,Melvin,2,1,being White,3,1
40,Melvin,2,1,being 45 years old,4,1
40,Melvin,2,1,being male,5,2
40,Melvin,2,1,being a farmer,6,7
40,Melvin,2,1,enjoying listening to rock music,7,7
40,Melvin,2,1,being stingy sometimes,8,7
40,Melvin,2,1,having a cheerful personality,9,5
40,Melvin,2,1,growing hay,10,7
40,Melvin,2,1,building his barn near the border with Vincent's property,11,7
40,Melvin,2,1,being concerned with hayfires,12,7
40,Melvin,2,1,considering buying hay-drying equipment,13,6
40,Melvin,2,1,meeting with consultants,14,7
40,Melvin,2,1,deciding not to buy hay-drying equipment,15,7
40,Edward,3,1,being a studious person,1,7
40,Edward,3,1,enjoying browsing Twitter,2,6
40,Edward,3,1,being White,3,1
40,Edward,3,1,being an ambitious person,4,7
40,Edward,3,1,being 24 years old,5,1
40,Edward,3,1,being male,6,2
40,Edward,3,1,being a clinical research assistant,7,7
40,Edward,3,1,being single,8,6
40,Edward,3,1,being an experienced driver,9,6
40,Edward,3,1,enjoying reading science fiction,10,7
40,Edward,3,1,not muting phone notifications while driving,11,7
40,Edward,3,1,not speeding,12,7
40,Edward,3,1,checking that there were no other cars nearby,13,7
40,Edward,3,1,taking a peek at the text,14,7
40,Edward,3,1,veering into the cyclist while reading the text,15,7
40,Nadia,4,0,collecting vinyl records,1,7
40,Nadia,4,0,being an organized person,2,7
40,Nadia,4,0,attending couples therapy years ago,3,7
40,Nadia,4,0,being White,4,1
40,Nadia,4,0,having red hair,5,6
40,Nadia,4,0,being a timid person,6,4
40,Nadia,4,0,being 34 years old,7,1
40,Nadia,4,0,being female,8,2
40,Nadia,4,0,being a software engineer,9,7
40,Nadia,4,0,enjoying oil painting,10,7
40,Nadia,4,0,going to the emergency room for bruises,11,7
40,Nadia,4,0,not seeking help after the emergency room incident,12,7
40,Nadia,4,0,being scared when Franklin screamed,13,3
40,Nadia,4,0,grabbing the revolver,14,7
40,Nadia,4,0,shooting Franklin with the revolver,15,7
40,Qian,5,0,being Asian,1,1
40,Qian,5,0,being a restaurant waiter,2,7
40,Qian,5,0,being hard-working,3,7
40,Qian,5,0,not smoking,4,7
40,Qian,5,0,being male,5,2
40,Qian,5,0,enjoying watching sports,6,7
40,Qian,5,0,being stubborn sometimes,7,5
40,Qian,5,0,being 27 years old,8,1
40,Qian,5,0,enjoying jazz music,9,7
40,Qian,5,0,having a humorous personality,10,5
40,Qian,5,0,hanging out at the local bar with cousins,11,7
40,Qian,5,0,having several drinks over the course of two hours,12,7
40,Qian,5,0,being angered by Wilson's comments,13,5
40,Qian,5,0,not talking back to Wilson,14,7
40,Qian,5,0,pushing Wilson to the ground,15,7
40,Alfred,6,1,being 68 years old,1,1
40,Alfred,6,1,being patriotic,2,7
40,Alfred,6,1,being a veteran,3,4
40,Alfred,6,1,enjoying Italian cuisine,4,7
40,Alfred,6,1,having PTSD,5,2
40,Alfred,6,1,having a calm personality,6,5
40,Alfred,6,1,enjoying fishing,7,7
40,Alfred,6,1,living alone,8,6
40,Alfred,6,1,being White,9,1
40,Alfred,6,1,being male,10,2
40,Alfred,6,1,taking the subway home,11,7
40,Alfred,6,1,being quiet on the subway,12,7
40,Alfred,6,1,getting off at the same stop as Oliver,13,7
40,Alfred,6,1,hearing loud drilling and yelling from the construction above,14,1
40,Alfred,6,1,physically attacking Oliver,15,7
40,Chris,7,1,being White,1,1
40,Chris,7,1,having a curious personality,2,6
40,Chris,7,1,being 10 years old,3,1
40,Chris,7,1,weighing 70 lbs,4,5
40,Chris,7,1,being a picky eater,5,7
40,Chris,7,1,having an average IQ,6,6
40,Chris,7,1,admiring his father,7,7
40,Chris,7,1,enjoying playing hide-and-seek,8,7
40,Chris,7,1,being male,9,1
40,Chris,7,1,enjoying swimming,10,7
40,Chris,7,1,inviting friends over to play,11,7
40,Chris,7,1,hiding in the hall closet,12,7
40,Chris,7,1,finding the key in his father's jacket pocket,13,4
40,Chris,7,1,opening the gun cabinet with the key,14,7
40,Chris,7,1,picking up a pistol to play with,15,7
40,Julia,8,0,being sensitive sometimes,1,3
40,Julia,8,0,babysitting on the weekends,2,7
40,Julia,8,0,being multiracial,3,1
40,Julia,8,0,being a courteous person,4,7
40,Julia,8,0,having asthma,5,2
40,Julia,8,0,being a college student,6,7
40,Julia,8,0,enjoying watching TV shows,7,7
40,Julia,8,0,being 19 years old,8,1
40,Julia,8,0,being female,9,2
40,Julia,8,0,studying psychology,10,7
40,Julia,8,0,reading children's books with Benji,11,7
40,Julia,8,0,picking up her partner's call while filling the bathtub,12,7
40,Julia,8,0,feeling hurt after learning about the cheating,13,4
40,Julia,8,0,leaving the bathroom to talk to her partner,14,7
40,Julia,8,0,sitting for a few minutes after hanging up,15,7
40,Darla,9,0,being 32 years old,1,1
40,Darla,9,0,having a laid-back personality,2,6
40,Darla,9,0,enjoying cooking,3,6
40,Darla,9,0,running a home daycare business,4,7
40,Darla,9,0,being Black,5,1
40,Darla,9,0,being nearsighted,6,2
40,Darla,9,0,communicating and interacting well with children,7,7
40,Darla,9,0,being female,8,2
40,Darla,9,0,having an absent-minded personality,9,5
40,Darla,9,0,working with Pamela for many years,10,7
40,Darla,9,0,living in a tornado-affected area,11,6
40,Darla,9,0,playing games with the children,12,7
40,Darla,9,0,playing loud upbeat music with the children,13,7
40,Darla,9,0,focusing on the children,14,7
40,Darla,9,0,not hearing the tornado sirens,15,5
40,Tristan,10,0,being Christian,1,7
40,Tristan,10,0,being 43 years old,2,1
40,Tristan,10,0,being Black,3,1
40,Tristan,10,0,being impatient sometimes,4,5
40,Tristan,10,0,being a cardiologist,5,7
40,Tristan,10,0,being opinionated sometimes,6,7
40,Tristan,10,0,having worked for over ten years at the same hospital,7,7
40,Tristan,10,0,enjoying listening to country music,8,7
40,Tristan,10,0,being extroverted and outgoing,9,6
40,Tristan,10,0,being male,10,2
40,Tristan,10,0,reviewing Annie's medical history and symptoms,11,7
40,Tristan,10,0,checking Annie's vitals,12,7
40,Tristan,10,0,ordering Annie an electrocardiogram (ECG/EKG),13,7
40,Tristan,10,0,not ordering any other heart tests,14,7
40,Tristan,10,0,not ordering a mammogram,15,7
40,Flora,11,1,being legally blind,1,2
40,Flora,11,1,enjoying gardening,2,7
40,Flora,11,1,being an empathetic person,3,6
40,Flora,11,1,being Asian,4,1
40,Flora,11,1,being female,5,2
40,Flora,11,1,being an early riser,6,7
40,Flora,11,1,being a counselor,7,7
40,Flora,11,1,composing music in her free time,8,7
40,Flora,11,1,using a white cane to guide herself,9,7
40,Flora,11,1,being 32 years old,10,1
40,Flora,11,1,going to a neighbor's house for dinner,11,7
40,Flora,11,1,using her white cane while walking home,12,7
40,Flora,11,1,not calling for help,13,5
40,Flora,11,1,her white cane slipping between Paul's legs,14,2
40,Flora,11,1,stepping on Paul's torso,15,2
41,Chris,1,1,being White,1,1
41,Chris,1,1,being 10 years old,2,1
41,Chris,1,1,admiring his father,3,6
41,Chris,1,1,weighing 70 lbs,4,3
41,Chris,1,1,having a curious personality,5,4
41,Chris,1,1,enjoying swimming,6,5
41,Chris,1,1,being a picky eater,7,5
41,Chris,1,1,being male,8,1
41,Chris,1,1,enjoying playing hide-and-seek,9,4
41,Chris,1,1,having an average IQ,10,2
41,Chris,1,1,inviting friends over to play,11,6
41,Chris,1,1,hiding in the hall closet,12,7
41,Chris,1,1,finding the key in his father's jacket pocket,13,7
41,Chris,1,1,opening the gun cabinet with the key,14,7
41,Chris,1,1,picking up a pistol to play with,15,7
41,Alfred,2,1,having a calm personality,1,5
41,Alfred,2,1,having PTSD,2,1
41,Alfred,2,1,being a veteran,3,4
41,Alfred,2,1,being patriotic,4,6
41,Alfred,2,1,being White,5,1
41,Alfred,2,1,enjoying fishing,6,5
41,Alfred,2,1,living alone,7,5
41,Alfred,2,1,enjoying Italian cuisine,8,6
41,Alfred,2,1,being 68 years old,9,1
41,Alfred,2,1,being male,10,1
41,Alfred,2,1,taking the subway home,11,4
41,Alfred,2,1,being quiet on the subway,12,7
41,Alfred,2,1,getting off at the same stop as Oliver,13,3
41,Alfred,2,1,hearing loud drilling and yelling from the construction above,14,1
41,Alfred,2,1,physically attacking Oliver,15,5
41,Darla,3,0,communicating and interacting well with children,1,6
41,Darla,3,0,running a home daycare business,2,7
41,Darla,3,0,having an absent-minded personality,3,5
41,Darla,3,0,working with Pamela for many years,4,5
41,Darla,3,0,being 32 years old,5,1
41,Darla,3,0,being Black,6,1
41,Darla,3,0,being nearsighted,7,1
41,Darla,3,0,having a laid-back personality,8,5
41,Darla,3,0,enjoying cooking,9,5
41,Darla,3,0,being female,10,1
41,Darla,3,0,living in a tornado-affected area,11,3
41,Darla,3,0,playing games with the children,12,5
41,Darla,3,0,playing loud upbeat music with the children,13,6
41,Darla,3,0,focusing on the children,14,7
41,Darla,3,0,not hearing the tornado sirens,15,5
41,Melvin,4,1,enjoying listening to rock music,1,6
41,Melvin,4,1,being White,2,1
41,Melvin,4,1,being 45 years old,3,1
41,Melvin,4,1,growing corn,4,4
41,Melvin,4,1,being a farmer,5,5
41,Melvin,4,1,being stingy sometimes,6,7
41,Melvin,4,1,being male,7,1
41,Melvin,4,1,having high blood pressure,8,3
41,Melvin,4,1,having a cheerful personality,9,5
41,Melvin,4,1,growing hay,10,6
41,Melvin,4,1,building his barn near the border with Vincent's property,11,7
41,Melvin,4,1,being concerned with hayfires,12,7
41,Melvin,4,1,considering buying hay-drying equipment,13,7
41,Melvin,4,1,meeting with consultants,14,7
41,Melvin,4,1,deciding not to buy hay-drying equipment,15,7
41,Ava,5,1,being an artist,1,6
41,Ava,5,1,being friends with Peter for many years,2,6
41,Ava,5,1,enjoying going to music concerts,3,6
41,Ava,5,1,regularly drinking coffee,4,7
41,Ava,5,1,being female,5,1
41,Ava,5,1,being Native American,6,1
41,Ava,5,1,having a peanut allergy,7,1
41,Ava,5,1,being 26 years old,8,1
41,Ava,5,1,being a compassionate person,9,6
41,Ava,5,1,often driving Peter to appointments and errands,10,7
41,Ava,5,1,doing her annual car maintenance,11,7
41,Ava,5,1,driving under the speed limit,12,7
41,Ava,5,1,listening to the radio while driving,13,7
41,Ava,5,1,being startled by the deer,14,1
41,Ava,5,1,slamming the brakes after seeing the deer,15,5
41,Tristan,6,1,being opinionated sometimes,1,6
41,Tristan,6,1,being impatient sometimes,2,6
41,Tristan,6,1,being male,3,1
41,Tristan,6,1,being Black,4,1
41,Tristan,6,1,being Christian,5,5
41,Tristan,6,1,having worked for over ten years at the same hospital,6,6
41,Tristan,6,1,being a cardiologist,7,7
41,Tristan,6,1,being 43 years old,8,1
41,Tristan,6,1,being extroverted and outgoing,9,5
41,Tristan,6,1,enjoying listening to country music,10,5
41,Tristan,6,1,reviewing Annie's medical history and symptoms,11,7
41,Tristan,6,1,checking Annie's vitals,12,7
41,Tristan,6,1,ordering Annie an electrocardiogram (ECG/EKG),13,7
41,Tristan,6,1,not ordering any other heart tests,14,7
41,Tristan,6,1,not ordering a mammogram,15,7
41,Flora,7,1,being legally blind,1,1
41,Flora,7,1,being 32 years old,2,1
41,Flora,7,1,using a white cane to guide herself,3,4
41,Flora,7,1,composing music in her free time,4,5
41,Flora,7,1,enjoying gardening,5,5
41,Flora,7,1,being female,6,1
41,Flora,7,1,being an early riser,7,4
41,Flora,7,1,being an empathetic person,8,5
41,Flora,7,1,being Asian,9,1
41,Flora,7,1,being a counselor,10,5
41,Flora,7,1,going to a neighbor's house for dinner,11,7
41,Flora,7,1,using her white cane while walking home,12,5
41,Flora,7,1,not calling for help,13,6
41,Flora,7,1,her white cane slipping between Paul's legs,14,2
41,Flora,7,1,stepping on Paul's torso,15,2
41,Edward,8,1,enjoying reading science fiction,1,5
41,Edward,8,1,being a studious person,2,6
41,Edward,8,1,being an ambitious person,3,6
41,Edward,8,1,being a clinical research assistant,4,6
41,Edward,8,1,being single,5,4
41,Edward,8,1,being an experienced driver,6,5
41,Edward,8,1,being White,7,1
41,Edward,8,1,being male,8,1
41,Edward,8,1,being 24 years old,9,1
41,Edward,8,1,enjoying browsing Twitter,10,6
41,Edward,8,1,not muting phone notifications while driving,11,7
41,Edward,8,1,not speeding,12,7
41,Edward,8,1,checking that there were no other cars nearby,13,7
41,Edward,8,1,taking a peek at the text,14,7
41,Edward,8,1,veering into the cyclist while reading the text,15,6
41,Nadia,9,0,having red hair,1,1
41,Nadia,9,0,being an organized person,2,4
41,Nadia,9,0,being a software engineer,3,5
41,Nadia,9,0,collecting vinyl records,4,6
41,Nadia,9,0,attending couples therapy years ago,5,6
41,Nadia,9,0,being White,6,1
41,Nadia,9,0,being a timid person,7,4
41,Nadia,9,0,being female,8,1
41,Nadia,9,0,enjoying oil painting,9,6
41,Nadia,9,0,being 34 years old,10,1
41,Nadia,9,0,going to the emergency room for bruises,11,6
41,Nadia,9,0,not seeking help after the emergency room incident,12,4
41,Nadia,9,0,being scared when Franklin screamed,13,3
41,Nadia,9,0,grabbing the revolver,14,6
41,Nadia,9,0,shooting Franklin with the revolver,15,7
41,Julia,10,0,having asthma,1,1
41,Julia,10,0,enjoying watching TV shows,2,5
41,Julia,10,0,studying psychology,3,6
41,Julia,10,0,being a college student,4,5
41,Julia,10,0,being female,5,1
41,Julia,10,0,being 19 years old,6,1
41,Julia,10,0,being a courteous person,7,5
41,Julia,10,0,babysitting on the weekends,8,6
41,Julia,10,0,being multiracial,9,1
41,Julia,10,0,being sensitive sometimes,10,3
41,Julia,10,0,reading children's books with Benji,11,6
41,Julia,10,0,picking up her partner's call while filling the bathtub,12,7
41,Julia,10,0,feeling hurt after learning about the cheating,13,3
41,Julia,10,0,leaving the bathroom to talk to her partner,14,7
41,Julia,10,0,sitting for a few minutes after hanging up,15,7
41,Qian,11,0,having a humorous personality,1,5
41,Qian,11,0,enjoying watching sports,2,5
41,Qian,11,0,being Asian,3,1
41,Qian,11,0,being hard-working,4,5
41,Qian,11,0,enjoying jazz music,5,6
41,Qian,11,0,being 27 years old,6,1
41,Qian,11,0,not smoking,7,7
41,Qian,11,0,being stubborn sometimes,8,4
41,Qian,11,0,being male,9,1
41,Qian,11,0,being a restaurant waiter,10,6
41,Qian,11,0,hanging out at the local bar with cousins,11,6
41,Qian,11,0,having several drinks over the course of two hours,12,7
41,Qian,11,0,being angered by Wilson's comments,13,3
41,Qian,11,0,not talking back to Wilson,14,7
41,Qian,11,0,pushing Wilson to the ground,15,7
42,Darla,1,0,being nearsighted,1,1
42,Darla,1,0,having an absent-minded personality,2,5
42,Darla,1,0,being female,3,1
42,Darla,1,0,being Black,4,1
42,Darla,1,0,having a laid-back personality,5,4
42,Darla,1,0,communicating and interacting well with children,6,5
42,Darla,1,0,working with Pamela for many years,7,6
42,Darla,1,0,being 32 years old,8,1
42,Darla,1,0,running a home daycare business,9,7
42,Darla,1,0,enjoying cooking,10,3
42,Darla,1,0,living in a tornado-affected area,11,7
42,Darla,1,0,playing games with the children,12,7
42,Darla,1,0,playing loud upbeat music with the children,13,7
42,Darla,1,0,focusing on the children,14,7
42,Darla,1,0,not hearing the tornado sirens,15,7
42,Flora,2,1,composing music in her free time,1,7
42,Flora,2,1,being legally blind,2,1
42,Flora,2,1,being an early riser,3,5
42,Flora,2,1,being female,4,1
42,Flora,2,1,using a white cane to guide herself,5,5
42,Flora,2,1,being Asian,6,1
42,Flora,2,1,being an empathetic person,7,3
42,Flora,2,1,being a counselor,8,7
42,Flora,2,1,being 32 years old,9,1
42,Flora,2,1,enjoying gardening,10,3
42,Flora,2,1,going to a neighbor's house for dinner,11,7
42,Flora,2,1,using her white cane while walking home,12,5
42,Flora,2,1,not calling for help,13,5
42,Flora,2,1,her white cane slipping between Paul's legs,14,3
42,Flora,2,1,stepping on Paul's torso,15,3
42,Qian,3,0,not smoking,1,7
42,Qian,3,0,enjoying jazz music,2,3
42,Qian,3,0,being 27 years old,3,1
42,Qian,3,0,being hard-working,4,5
42,Qian,3,0,being stubborn sometimes,5,4
42,Qian,3,0,being Asian,6,1
42,Qian,3,0,being male,7,1
42,Qian,3,0,being a restaurant waiter,8,6
42,Qian,3,0,having a humorous personality,9,3
42,Qian,3,0,enjoying watching sports,10,3
42,Qian,3,0,hanging out at the local bar with cousins,11,7
42,Qian,3,0,having several drinks over the course of two hours,12,7
42,Qian,3,0,being angered by Wilson's comments,13,5
42,Qian,3,0,not talking back to Wilson,14,5
42,Qian,3,0,pushing Wilson to the ground,15,6
42,Ava,4,1,being female,1,1
42,Ava,4,1,regularly drinking coffee,2,6
42,Ava,4,1,being Native American,3,1
42,Ava,4,1,being a compassionate person,4,5
42,Ava,4,1,having a peanut allergy,5,1
42,Ava,4,1,being an artist,6,6
42,Ava,4,1,often driving Peter to appointments and errands,7,7
42,Ava,4,1,being 26 years old,8,1
42,Ava,4,1,enjoying going to music concerts,9,3
42,Ava,4,1,being friends with Peter for many years,10,7
42,Ava,4,1,doing her annual car maintenance,11,7
42,Ava,4,1,driving under the speed limit,12,7
42,Ava,4,1,listening to the radio while driving,13,7
42,Ava,4,1,being startled by the deer,14,4
42,Ava,4,1,slamming the brakes after seeing the deer,15,5
42,Alfred,5,1,being male,1,1
42,Alfred,5,1,enjoying fishing,2,3
42,Alfred,5,1,being a veteran,3,7
42,Alfred,5,1,enjoying Italian cuisine,4,3
42,Alfred,5,1,being White,5,1
42,Alfred,5,1,having PTSD,6,2
42,Alfred,5,1,being patriotic,7,6
42,Alfred,5,1,having a calm personality,8,3
42,Alfred,5,1,living alone,9,7
42,Alfred,5,1,being 68 years old,10,1
42,Alfred,5,1,taking the subway home,11,6
42,Alfred,5,1,being quiet on the subway,12,7
42,Alfred,5,1,getting off at the same stop as Oliver,13,3
42,Alfred,5,1,hearing loud drilling and yelling from the construction above,14,1
42,Alfred,5,1,physically attacking Oliver,15,5
42,Melvin,6,1,being 45 years old,1,1
42,Melvin,6,1,enjoying listening to rock music,2,3
42,Melvin,6,1,being a farmer,3,6
42,Melvin,6,1,being stingy sometimes,4,6
42,Melvin,6,1,having high blood pressure,5,4
42,Melvin,6,1,being male,6,1
42,Melvin,6,1,having a cheerful personality,7,3
42,Melvin,6,1,growing corn,8,6
42,Melvin,6,1,growing hay,9,6
42,Melvin,6,1,being White,10,1
42,Melvin,6,1,building his barn near the border with Vincent's property,11,4
42,Melvin,6,1,being concerned with hayfires,12,7
42,Melvin,6,1,considering buying hay-drying equipment,13,7
42,Melvin,6,1,meeting with consultants,14,7
42,Melvin,6,1,deciding not to buy hay-drying equipment,15,7
42,Tristan,7,1,being Black,1,1
42,Tristan,7,1,being Christian,2,7
42,Tristan,7,1,being a cardiologist,3,7
42,Tristan,7,1,having worked for over ten years at the same hospital,4,7
42,Tristan,7,1,being opinionated sometimes,5,6
42,Tristan,7,1,being impatient sometimes,6,6
42,Tristan,7,1,being extroverted and outgoing,7,3
42,Tristan,7,1,being 43 years old,8,1
42,Tristan,7,1,being male,9,4
42,Tristan,7,1,enjoying listening to country music,10,3
42,Tristan,7,1,reviewing Annie's medical history and symptoms,11,7
42,Tristan,7,1,checking Annie's vitals,12,7
42,Tristan,7,1,ordering Annie an electrocardiogram (ECG/EKG),13,7
42,Tristan,7,1,not ordering any other heart tests,14,7
42,Tristan,7,1,not ordering a mammogram,15,6
42,Nadia,8,0,being an organized person,1,3
42,Nadia,8,0,having red hair,2,4
42,Nadia,8,0,being female,3,4
42,Nadia,8,0,being 34 years old,4,1
42,Nadia,8,0,being White,5,1
42,Nadia,8,0,being a timid person,6,3
42,Nadia,8,0,collecting vinyl records,7,7
42,Nadia,8,0,being a software engineer,8,7
42,Nadia,8,0,enjoying oil painting,9,3
42,Nadia,8,0,attending couples therapy years ago,10,7
42,Nadia,8,0,going to the emergency room for bruises,11,3
42,Nadia,8,0,not seeking help after the emergency room incident,12,4
42,Nadia,8,0,being scared when Franklin screamed,13,2
42,Nadia,8,0,grabbing the revolver,14,3
42,Nadia,8,0,shooting Franklin with the revolver,15,4
42,Julia,9,0,having asthma,1,1
42,Julia,9,0,studying psychology,2,7
42,Julia,9,0,being female,3,4
42,Julia,9,0,enjoying watching TV shows,4,3
42,Julia,9,0,being sensitive sometimes,5,3
42,Julia,9,0,being 19 years old,6,1
42,Julia,9,0,being a courteous person,7,3
42,Julia,9,0,being a college student,8,7
42,Julia,9,0,babysitting on the weekends,9,7
42,Julia,9,0,being multiracial,10,1
42,Julia,9,0,reading children's books with Benji,11,6
42,Julia,9,0,picking up her partner's call while filling the bathtub,12,7
42,Julia,9,0,feeling hurt after learning about the cheating,13,2
42,Julia,9,0,leaving the bathroom to talk to her partner,14,7
42,Julia,9,0,sitting for a few minutes after hanging up,15,7
42,Chris,10,1,admiring his father,1,4
42,Chris,10,1,being male,2,1
42,Chris,10,1,having a curious personality,3,3
42,Chris,10,1,enjoying playing hide-and-seek,4,3
42,Chris,10,1,being 10 years old,5,1
42,Chris,10,1,enjoying swimming,6,3
42,Chris,10,1,being White,7,1
42,Chris,10,1,weighing 70 lbs,8,5
42,Chris,10,1,being a picky eater,9,4
42,Chris,10,1,having an average IQ,10,1
42,Chris,10,1,inviting friends over to play,11,5
42,Chris,10,1,hiding in the hall closet,12,7
42,Chris,10,1,finding the key in his father's jacket pocket,13,7
42,Chris,10,1,opening the gun cabinet with the key,14,7
42,Chris,10,1,picking up a pistol to play with,15,7
42,Edward,11,1,being male,1,4
42,Edward,11,1,being single,2,3
42,Edward,11,1,being a clinical research assistant,3,7
42,Edward,11,1,being 24 years old,4,1
42,Edward,11,1,being an ambitious person,5,3
42,Edward,11,1,being an experienced driver,6,7
42,Edward,11,1,enjoying browsing Twitter,7,3
42,Edward,11,1,enjoying reading science fiction,8,3
42,Edward,11,1,being White,9,1
42,Edward,11,1,being a studious person,10,5
42,Edward,11,1,not muting phone notifications while driving,11,7
42,Edward,11,1,not speeding,12,7
42,Edward,11,1,checking that there were no other cars nearby,13,7
42,Edward,11,1,taking a peek at the text,14,7
42,Edward,11,1,veering into the cyclist while reading the text,15,7
43,Julia,1,0,having asthma,1,7
43,Julia,1,0,being a college student,2,7
43,Julia,1,0,babysitting on the weekends,3,7
43,Julia,1,0,enjoying watching TV shows,4,7
43,Julia,1,0,being a courteous person,5,7
43,Julia,1,0,being 19 years old,6,7
43,Julia,1,0,studying psychology,7,7
43,Julia,1,0,being female,8,7
43,Julia,1,0,being sensitive sometimes,9,7
43,Julia,1,0,being multiracial,10,7
43,Julia,1,0,reading children's books with Benji,11,7
43,Julia,1,0,picking up her partner's call while filling the bathtub,12,7
43,Julia,1,0,feeling hurt after learning about the cheating,13,7
43,Julia,1,0,leaving the bathroom to talk to her partner,14,7
43,Julia,1,0,sitting for a few minutes after hanging up,15,7
43,Flora,2,1,composing music in her free time,1,7
43,Flora,2,1,being an early riser,2,7
43,Flora,2,1,being 32 years old,3,7
43,Flora,2,1,being Asian,4,6
43,Flora,2,1,being legally blind,5,7
43,Flora,2,1,enjoying gardening,6,7
43,Flora,2,1,using a white cane to guide herself,7,7
43,Flora,2,1,being a counselor,8,7
43,Flora,2,1,being an empathetic person,9,7
43,Flora,2,1,being female,10,6
43,Flora,2,1,going to a neighbor's house for dinner,11,7
43,Flora,2,1,using her white cane while walking home,12,7
43,Flora,2,1,not calling for help,13,7
43,Flora,2,1,her white cane slipping between Paul's legs,14,7
43,Flora,2,1,stepping on Paul's torso,15,7
43,Alfred,3,1,having PTSD,1,1
43,Alfred,3,1,enjoying fishing,2,7
43,Alfred,3,1,being a veteran,3,7
43,Alfred,3,1,living alone,4,7
43,Alfred,3,1,being White,5,7
43,Alfred,3,1,having a calm personality,6,7
43,Alfred,3,1,enjoying Italian cuisine,7,7
43,Alfred,3,1,being male,8,7
43,Alfred,3,1,being patriotic,9,7
43,Alfred,3,1,being 68 years old,10,7
43,Alfred,3,1,taking the subway home,11,7
43,Alfred,3,1,being quiet on the subway,12,7
43,Alfred,3,1,getting off at the same stop as Oliver,13,7
43,Alfred,3,1,hearing loud drilling and yelling from the construction above,14,7
43,Alfred,3,1,physically attacking Oliver,15,7
43,Melvin,4,1,enjoying listening to rock music,1,7
43,Melvin,4,1,being 45 years old,2,7
43,Melvin,4,1,growing hay,3,7
43,Melvin,4,1,being White,4,7
43,Melvin,4,1,having a cheerful personality,5,7
43,Melvin,4,1,growing corn,6,7
43,Melvin,4,1,having high blood pressure,7,7
43,Melvin,4,1,being stingy sometimes,8,7
43,Melvin,4,1,being male,9,7
43,Melvin,4,1,being a farmer,10,6
43,Melvin,4,1,building his barn near the border with Vincent's property,11,7
43,Melvin,4,1,being concerned with hayfires,12,7
43,Melvin,4,1,considering buying hay-drying equipment,13,7
43,Melvin,4,1,meeting with consultants,14,7
43,Melvin,4,1,deciding not to buy hay-drying equipment,15,7
43,Ava,5,0,being a compassionate person,1,7
43,Ava,5,0,often driving Peter to appointments and errands,2,7
43,Ava,5,0,being female,3,7
43,Ava,5,0,being Native American,4,7
43,Ava,5,0,having a peanut allergy,5,7
43,Ava,5,0,being an artist,6,7
43,Ava,5,0,regularly drinking coffee,7,7
43,Ava,5,0,enjoying going to music concerts,8,7
43,Ava,5,0,being friends with Peter for many years,9,7
43,Ava,5,0,being 26 years old,10,7
43,Ava,5,0,doing her annual car maintenance,11,7
43,Ava,5,0,driving under the speed limit,12,7
43,Ava,5,0,listening to the radio while driving,13,7
43,Ava,5,0,being startled by the deer,14,7
43,Ava,5,0,slamming the brakes after seeing the deer,15,7
43,Tristan,6,1,being extroverted and outgoing,1,7
43,Tristan,6,1,enjoying listening to country music,2,7
43,Tristan,6,1,being impatient sometimes,3,7
43,Tristan,6,1,having worked for over ten years at the same hospital,4,7
43,Tristan,6,1,being opinionated sometimes,5,7
43,Tristan,6,1,being a cardiologist,6,7
43,Tristan,6,1,being male,7,7
43,Tristan,6,1,being Black,8,7
43,Tristan,6,1,being 43 years old,9,7
43,Tristan,6,1,being Christian,10,7
43,Tristan,6,1,reviewing Annie's medical history and symptoms,11,7
43,Tristan,6,1,checking Annie's vitals,12,7
43,Tristan,6,1,ordering Annie an electrocardiogram (ECG/EKG),13,7
43,Tristan,6,1,not ordering any other heart tests,14,7
43,Tristan,6,1,not ordering a mammogram,15,7
43,Nadia,7,0,enjoying oil painting,1,7
43,Nadia,7,0,being a timid person,2,7
43,Nadia,7,0,being female,3,7
43,Nadia,7,0,attending couples therapy years ago,4,7
43,Nadia,7,0,having red hair,5,7
43,Nadia,7,0,collecting vinyl records,6,7
43,Nadia,7,0,being 34 years old,7,7
43,Nadia,7,0,being White,8,7
43,Nadia,7,0,being an organized person,9,7
43,Nadia,7,0,being a software engineer,10,7
43,Nadia,7,0,going to the emergency room for bruises,11,7
43,Nadia,7,0,not seeking help after the emergency room incident,12,7
43,Nadia,7,0,being scared when Franklin screamed,13,7
43,Nadia,7,0,grabbing the revolver,14,7
43,Nadia,7,0,shooting Franklin with the revolver,15,7
43,Darla,8,0,being 32 years old,1,7
43,Darla,8,0,being Black,2,7
43,Darla,8,0,being nearsighted,3,7
43,Darla,8,0,working with Pamela for many years,4,7
43,Darla,8,0,being female,5,7
43,Darla,8,0,enjoying cooking,6,7
43,Darla,8,0,running a home daycare business,7,7
43,Darla,8,0,having a laid-back personality,8,7
43,Darla,8,0,having an absent-minded personality,9,7
43,Darla,8,0,communicating and interacting well with children,10,7
43,Darla,8,0,living in a tornado-affected area,11,7
43,Darla,8,0,playing games with the children,12,7
43,Darla,8,0,playing loud upbeat music with the children,13,7
43,Darla,8,0,focusing on the children,14,7
43,Darla,8,0,not hearing the tornado sirens,15,7
43,Edward,9,1,being 24 years old,1,7
43,Edward,9,1,being a studious person,2,7
43,Edward,9,1,being a clinical research assistant,3,7
43,Edward,9,1,being single,4,7
43,Edward,9,1,being male,5,7
43,Edward,9,1,enjoying browsing Twitter,6,7
43,Edward,9,1,being White,7,7
43,Edward,9,1,being an ambitious person,8,7
43,Edward,9,1,being an experienced driver,9,7
43,Edward,9,1,enjoying reading science fiction,10,7
43,Edward,9,1,not muting phone notifications while driving,11,7
43,Edward,9,1,not speeding,12,7
43,Edward,9,1,checking that there were no other cars nearby,13,7
43,Edward,9,1,taking a peek at the text,14,7
43,Edward,9,1,veering into the cyclist while reading the text,15,7
43,Qian,10,0,enjoying jazz music,1,7
43,Qian,10,0,being Asian,2,7
43,Qian,10,0,being 27 years old,3,7
43,Qian,10,0,being stubborn sometimes,4,7
43,Qian,10,0,being a restaurant waiter,5,7
43,Qian,10,0,having a humorous personality,6,7
43,Qian,10,0,enjoying watching sports,7,7
43,Qian,10,0,not smoking,8,7
43,Qian,10,0,being hard-working,9,7
43,Qian,10,0,being male,10,7
43,Qian,10,0,hanging out at the local bar with cousins,11,7
43,Qian,10,0,having several drinks over the course of two hours,12,7
43,Qian,10,0,being angered by Wilson's comments,13,7
43,Qian,10,0,not talking back to Wilson,14,7
43,Qian,10,0,pushing Wilson to the ground,15,7
43,Chris,11,1,being White,1,7
43,Chris,11,1,weighing 70 lbs,2,7
43,Chris,11,1,enjoying swimming,3,7
43,Chris,11,1,being 10 years old,4,7
43,Chris,11,1,having an average IQ,5,7
43,Chris,11,1,being male,6,7
43,Chris,11,1,admiring his father,7,7
43,Chris,11,1,being a picky eater,8,7
43,Chris,11,1,having a curious personality,9,7
43,Chris,11,1,enjoying playing hide-and-seek,10,7
43,Chris,11,1,inviting friends over to play,11,7
43,Chris,11,1,hiding in the hall closet,12,7
43,Chris,11,1,finding the key in his father's jacket pocket,13,7
43,Chris,11,1,opening the gun cabinet with the key,14,7
43,Chris,11,1,picking up a pistol to play with,15,7
44,Nadia,1,0,being a software engineer,1,7
44,Nadia,1,0,collecting vinyl records,2,7
44,Nadia,1,0,enjoying oil painting,3,7
44,Nadia,1,0,being 34 years old,4,1
44,Nadia,1,0,being an organized person,5,7
44,Nadia,1,0,having red hair,6,7
44,Nadia,1,0,being White,7,1
44,Nadia,1,0,attending couples therapy years ago,8,7
44,Nadia,1,0,being a timid person,9,5
44,Nadia,1,0,being female,10,1
44,Nadia,1,0,going to the emergency room for bruises,11,2
44,Nadia,1,0,not seeking help after the emergency room incident,12,6
44,Nadia,1,0,being scared when Franklin screamed,13,3
44,Nadia,1,0,grabbing the revolver,14,4
44,Nadia,1,0,shooting Franklin with the revolver,15,3
44,Alfred,2,1,being a veteran,1,1
44,Alfred,2,1,having a calm personality,2,5
44,Alfred,2,1,being patriotic,3,6
44,Alfred,2,1,enjoying fishing,4,6
44,Alfred,2,1,living alone,5,5
44,Alfred,2,1,being male,6,1
44,Alfred,2,1,having PTSD,7,1
44,Alfred,2,1,being 68 years old,8,1
44,Alfred,2,1,enjoying Italian cuisine,9,6
44,Alfred,2,1,being White,10,1
44,Alfred,2,1,taking the subway home,11,2
44,Alfred,2,1,being quiet on the subway,12,5
44,Alfred,2,1,getting off at the same stop as Oliver,13,1
44,Alfred,2,1,hearing loud drilling and yelling from the construction above,14,1
44,Alfred,2,1,physically attacking Oliver,15,2
44,Chris,3,1,being White,1,1
44,Chris,3,1,weighing 70 lbs,2,5
44,Chris,3,1,being a picky eater,3,6
44,Chris,3,1,having an average IQ,4,3
44,Chris,3,1,admiring his father,5,7
44,Chris,3,1,enjoying swimming,6,7
44,Chris,3,1,enjoying playing hide-and-seek,7,7
44,Chris,3,1,having a curious personality,8,6
44,Chris,3,1,being 10 years old,9,1
44,Chris,3,1,being male,10,1
44,Chris,3,1,inviting friends over to play,11,7
44,Chris,3,1,hiding in the hall closet,12,7
44,Chris,3,1,finding the key in his father's jacket pocket,13,1
44,Chris,3,1,opening the gun cabinet with the key,14,7
44,Chris,3,1,picking up a pistol to play with,15,7
44,Darla,4,0,being Black,1,1
44,Darla,4,0,working with Pamela for many years,2,7
44,Darla,4,0,having an absent-minded personality,3,4
44,Darla,4,0,enjoying cooking,4,5
44,Darla,4,0,being 32 years old,5,1
44,Darla,4,0,being female,6,1
44,Darla,4,0,communicating and interacting well with children,7,7
44,Darla,4,0,running a home daycare business,8,7
44,Darla,4,0,being nearsighted,9,1
44,Darla,4,0,having a laid-back personality,10,4
44,Darla,4,0,living in a tornado-affected area,11,5
44,Darla,4,0,playing games with the children,12,7
44,Darla,4,0,playing loud upbeat music with the children,13,7
44,Darla,4,0,focusing on the children,14,7
44,Darla,4,0,not hearing the tornado sirens,15,7
44,Qian,5,0,enjoying watching sports,1,7
44,Qian,5,0,enjoying jazz music,2,7
44,Qian,5,0,having a humorous personality,3,7
44,Qian,5,0,being 27 years old,4,1
44,Qian,5,0,not smoking,5,7
44,Qian,5,0,being stubborn sometimes,6,5
44,Qian,5,0,being a restaurant waiter,7,5
44,Qian,5,0,being male,8,1
44,Qian,5,0,being hard-working,9,6
44,Qian,5,0,being Asian,10,1
44,Qian,5,0,hanging out at the local bar with cousins,11,7
44,Qian,5,0,having several drinks over the course of two hours,12,7
44,Qian,5,0,being angered by Wilson's comments,13,6
44,Qian,5,0,not talking back to Wilson,14,5
44,Qian,5,0,pushing Wilson to the ground,15,5
44,Ava,6,1,being 26 years old,1,1
44,Ava,6,1,often driving Peter to appointments and errands,2,7
44,Ava,6,1,enjoying going to music concerts,3,7
44,Ava,6,1,regularly drinking coffee,4,7
44,Ava,6,1,being female,5,1
44,Ava,6,1,being friends with Peter for many years,6,7
44,Ava,6,1,having a peanut allergy,7,1
44,Ava,6,1,being an artist,8,6
44,Ava,6,1,being Native American,9,1
44,Ava,6,1,being a compassionate person,10,5
44,Ava,6,1,doing her annual car maintenance,11,7
44,Ava,6,1,driving under the speed limit,12,7
44,Ava,6,1,listening to the radio while driving,13,7
44,Ava,6,1,being startled by the deer,14,1
44,Ava,6,1,slamming the brakes after seeing the deer,15,4
44,Tristan,7,1,being 43 years old,1,1
44,Tristan,7,1,being Christian,2,7
44,Tristan,7,1,having worked for over ten years at the same hospital,3,7
44,Tristan,7,1,being opinionated sometimes,4,6
44,Tristan,7,1,being Black,5,1
44,Tristan,7,1,being extroverted and outgoing,6,6
44,Tristan,7,1,enjoying listening to country music,7,7
44,Tristan,7,1,being a cardiologist,8,7
44,Tristan,7,1,being male,9,1
44,Tristan,7,1,being impatient sometimes,10,6
44,Tristan,7,1,reviewing Annie's medical history and symptoms,11,7
44,Tristan,7,1,checking Annie's vitals,12,7
44,Tristan,7,1,ordering Annie an electrocardiogram (ECG/EKG),13,7
44,Tristan,7,1,not ordering any other heart tests,14,7
44,Tristan,7,1,not ordering a mammogram,15,7
44,Flora,8,1,using a white cane to guide herself,1,7
44,Flora,8,1,being female,2,1
44,Flora,8,1,being 32 years old,3,1
44,Flora,8,1,being legally blind,4,1
44,Flora,8,1,being an early riser,5,4
44,Flora,8,1,being an empathetic person,6,5
44,Flora,8,1,enjoying gardening,7,7
44,Flora,8,1,being a counselor,8,7
44,Flora,8,1,composing music in her free time,9,7
44,Flora,8,1,being Asian,10,1
44,Flora,8,1,going to a neighbor's house for dinner,11,7
44,Flora,8,1,using her white cane while walking home,12,7
44,Flora,8,1,not calling for help,13,7
44,Flora,8,1,her white cane slipping between Paul's legs,14,1
44,Flora,8,1,stepping on Paul's torso,15,1
44,Melvin,9,1,having a cheerful personality,1,6
44,Melvin,9,1,growing hay,2,7
44,Melvin,9,1,growing corn,3,7
44,Melvin,9,1,being a farmer,4,7
44,Melvin,9,1,having high blood pressure,5,7
44,Melvin,9,1,being male,6,1
44,Melvin,9,1,being stingy sometimes,7,7
44,Melvin,9,1,being White,8,1
44,Melvin,9,1,enjoying listening to rock music,9,7
44,Melvin,9,1,being 45 years old,10,1
44,Melvin,9,1,building his barn near the border with Vincent's property,11,7
44,Melvin,9,1,being concerned with hayfires,12,2
44,Melvin,9,1,considering buying hay-drying equipment,13,7
44,Melvin,9,1,meeting with consultants,14,7
44,Melvin,9,1,deciding not to buy hay-drying equipment,15,7
44,Julia,10,0,studying psychology,1,7
44,Julia,10,0,being sensitive sometimes,2,5
44,Julia,10,0,enjoying watching TV shows,3,7
44,Julia,10,0,being multiracial,4,1
44,Julia,10,0,being a courteous person,5,6
44,Julia,10,0,babysitting on the weekends,6,7
44,Julia,10,0,being female,7,1
44,Julia,10,0,being 19 years old,8,1
44,Julia,10,0,being a college student,9,7
44,Julia,10,0,having asthma,10,1
44,Julia,10,0,reading children's books with Benji,11,7
44,Julia,10,0,picking up her partner's call while filling the bathtub,12,7
44,Julia,10,0,feeling hurt after learning about the cheating,13,1
44,Julia,10,0,leaving the bathroom to talk to her partner,14,7
44,Julia,10,0,sitting for a few minutes after hanging up,15,7
44,Edward,11,1,being a studious person,1,7
44,Edward,11,1,being an experienced driver,2,7
44,Edward,11,1,being 24 years old,3,1
44,Edward,11,1,being male,4,1
44,Edward,11,1,being a clinical research assistant,5,7
44,Edward,11,1,being White,6,1
44,Edward,11,1,enjoying reading science fiction,7,6
44,Edward,11,1,being single,8,5
44,Edward,11,1,enjoying browsing Twitter,9,7
44,Edward,11,1,being an ambitious person,10,7
44,Edward,11,1,not muting phone notifications while driving,11,7
44,Edward,11,1,not speeding,12,7
44,Edward,11,1,checking that there were no other cars nearby,13,7
44,Edward,11,1,taking a peek at the text,14,7
44,Edward,11,1,veering into the cyclist while reading the text,15,7
45,Tristan,1,1,having worked for over ten years at the same hospital,1,5
45,Tristan,1,1,being opinionated sometimes,2,7
45,Tristan,1,1,being 43 years old,3,3
45,Tristan,1,1,being Christian,4,7
45,Tristan,1,1,enjoying listening to country music,5,7
45,Tristan,1,1,being impatient sometimes,6,6
45,Tristan,1,1,being male,7,1
45,Tristan,1,1,being Black,8,1
45,Tristan,1,1,being a cardiologist,9,7
45,Tristan,1,1,being extroverted and outgoing,10,4
45,Tristan,1,1,reviewing Annie's medical history and symptoms,11,7
45,Tristan,1,1,checking Annie's vitals,12,7
45,Tristan,1,1,ordering Annie an electrocardiogram (ECG/EKG),13,7
45,Tristan,1,1,not ordering any other heart tests,14,7
45,Tristan,1,1,not ordering a mammogram,15,7
45,Edward,2,1,enjoying reading science fiction,1,6
45,Edward,2,1,enjoying browsing Twitter,2,7
45,Edward,2,1,being 24 years old,3,2
45,Edward,2,1,being single,4,4
45,Edward,2,1,being an experienced driver,5,6
45,Edward,2,1,being a clinical research assistant,6,7
45,Edward,2,1,being male,7,1
45,Edward,2,1,being White,8,1
45,Edward,2,1,being a studious person,9,6
45,Edward,2,1,being an ambitious person,10,6
45,Edward,2,1,not muting phone notifications while driving,11,7
45,Edward,2,1,not speeding,12,7
45,Edward,2,1,checking that there were no other cars nearby,13,7
45,Edward,2,1,taking a peek at the text,14,7
45,Edward,2,1,veering into the cyclist while reading the text,15,7
45,Nadia,3,0,being a timid person,1,4
45,Nadia,3,0,being 34 years old,2,2
45,Nadia,3,0,attending couples therapy years ago,3,7
45,Nadia,3,0,being a software engineer,4,7
45,Nadia,3,0,being an organized person,5,6
45,Nadia,3,0,enjoying oil painting,6,6
45,Nadia,3,0,having red hair,7,2
45,Nadia,3,0,collecting vinyl records,8,7
45,Nadia,3,0,being female,9,1
45,Nadia,3,0,being White,10,1
45,Nadia,3,0,going to the emergency room for bruises,11,5
45,Nadia,3,0,not seeking help after the emergency room incident,12,4
45,Nadia,3,0,being scared when Franklin screamed,13,4
45,Nadia,3,0,grabbing the revolver,14,7
45,Nadia,3,0,shooting Franklin with the revolver,15,7
45,Alfred,4,1,being male,1,1
45,Alfred,4,1,enjoying fishing,2,6
45,Alfred,4,1,having a calm personality,3,4
45,Alfred,4,1,being patriotic,4,7
45,Alfred,4,1,having PTSD,5,2
45,Alfred,4,1,enjoying Italian cuisine,6,6
45,Alfred,4,1,being a veteran,7,6
45,Alfred,4,1,being 68 years old,8,2
45,Alfred,4,1,living alone,9,6
45,Alfred,4,1,being White,10,1
45,Alfred,4,1,taking the subway home,11,7
45,Alfred,4,1,being quiet on the subway,12,5
45,Alfred,4,1,getting off at the same stop as Oliver,13,7
45,Alfred,4,1,hearing loud drilling and yelling from the construction above,14,1
45,Alfred,4,1,physically attacking Oliver,15,5
45,Darla,5,0,enjoying cooking,1,6
45,Darla,5,0,being female,2,2
45,Darla,5,0,running a home daycare business,3,7
45,Darla,5,0,being Black,4,1
45,Darla,5,0,having an absent-minded personality,5,4
45,Darla,5,0,working with Pamela for many years,6,6
45,Darla,5,0,being nearsighted,7,1
45,Darla,5,0,being 32 years old,8,2
45,Darla,5,0,having a laid-back personality,9,5
45,Darla,5,0,communicating and interacting well with children,10,6
45,Darla,5,0,living in a tornado-affected area,11,4
45,Darla,5,0,playing games with the children,12,7
45,Darla,5,0,playing loud upbeat music with the children,13,7
45,Darla,5,0,focusing on the children,14,7
45,Darla,5,0,not hearing the tornado sirens,15,4
45,Julia,6,0,being a college student,1,5
45,Julia,6,0,enjoying watching TV shows,2,4
45,Julia,6,0,studying psychology,3,7
45,Julia,6,0,being 19 years old,4,2
45,Julia,6,0,babysitting on the weekends,5,7
45,Julia,6,0,being female,6,2
45,Julia,6,0,being sensitive sometimes,7,5
45,Julia,6,0,being a courteous person,8,6
45,Julia,6,0,being multiracial,9,1
45,Julia,6,0,having asthma,10,1
45,Julia,6,0,reading children's books with Benji,11,7
45,Julia,6,0,picking up her partner's call while filling the bathtub,12,7
45,Julia,6,0,feeling hurt after learning about the cheating,13,4
45,Julia,6,0,leaving the bathroom to talk to her partner,14,7
45,Julia,6,0,sitting for a few minutes after hanging up,15,7
45,Melvin,7,1,growing hay,1,7
45,Melvin,7,1,being a farmer,2,7
45,Melvin,7,1,growing corn,3,7
45,Melvin,7,1,being stingy sometimes,4,6
45,Melvin,7,1,being 45 years old,5,1
45,Melvin,7,1,having high blood pressure,6,5
45,Melvin,7,1,having a cheerful personality,7,4
45,Melvin,7,1,being White,8,1
45,Melvin,7,1,being male,9,2
45,Melvin,7,1,enjoying listening to rock music,10,6
45,Melvin,7,1,building his barn near the border with Vincent's property,11,7
45,Melvin,7,1,being concerned with hayfires,12,7
45,Melvin,7,1,considering buying hay-drying equipment,13,7
45,Melvin,7,1,meeting with consultants,14,7
45,Melvin,7,1,deciding not to buy hay-drying equipment,15,7
45,Chris,8,1,having a curious personality,1,5
45,Chris,8,1,being White,2,1
45,Chris,8,1,enjoying playing hide-and-seek,3,6
45,Chris,8,1,being 10 years old,4,1
45,Chris,8,1,weighing 70 lbs,5,4
45,Chris,8,1,having an average IQ,6,2
45,Chris,8,1,being male,7,1
45,Chris,8,1,being a picky eater,8,4
45,Chris,8,1,admiring his father,9,6
45,Chris,8,1,enjoying swimming,10,6
45,Chris,8,1,inviting friends over to play,11,7
45,Chris,8,1,hiding in the hall closet,12,7
45,Chris,8,1,finding the key in his father's jacket pocket,13,7
45,Chris,8,1,opening the gun cabinet with the key,14,7
45,Chris,8,1,picking up a pistol to play with,15,7
45,Flora,9,1,composing music in her free time,1,7
45,Flora,9,1,being legally blind,2,1
45,Flora,9,1,being an early riser,3,5
45,Flora,9,1,being female,4,2
45,Flora,9,1,using a white cane to guide herself,5,6
45,Flora,9,1,being 32 years old,6,2
45,Flora,9,1,being an empathetic person,7,5
45,Flora,9,1,enjoying gardening,8,6
45,Flora,9,1,being Asian,9,1
45,Flora,9,1,being a counselor,10,7
45,Flora,9,1,going to a neighbor's house for dinner,11,7
45,Flora,9,1,using her white cane while walking home,12,7
45,Flora,9,1,not calling for help,13,7
45,Flora,9,1,her white cane slipping between Paul's legs,14,4
45,Flora,9,1,stepping on Paul's torso,15,5
45,Qian,10,0,enjoying watching sports,1,6
45,Qian,10,0,enjoying jazz music,2,6
45,Qian,10,0,being a restaurant waiter,3,7
45,Qian,10,0,being Asian,4,1
45,Qian,10,0,being male,5,2
45,Qian,10,0,being 27 years old,6,2
45,Qian,10,0,being stubborn sometimes,7,5
45,Qian,10,0,having a humorous personality,8,5
45,Qian,10,0,being hard-working,9,6
45,Qian,10,0,not smoking,10,7
45,Qian,10,0,hanging out at the local bar with cousins,11,7
45,Qian,10,0,having several drinks over the course of two hours,12,7
45,Qian,10,0,being angered by Wilson's comments,13,5
45,Qian,10,0,not talking back to Wilson,14,7
45,Qian,10,0,pushing Wilson to the ground,15,7
45,Ava,11,1,regularly drinking coffee,1,7
45,Ava,11,1,being Native American,2,1
45,Ava,11,1,often driving Peter to appointments and errands,3,7
45,Ava,11,1,having a peanut allergy,4,1
45,Ava,11,1,being 26 years old,5,2
45,Ava,11,1,being a compassionate person,6,5
45,Ava,11,1,enjoying going to music concerts,7,6
45,Ava,11,1,being an artist,8,7
45,Ava,11,1,being friends with Peter for many years,9,7
45,Ava,11,1,being female,10,2
45,Ava,11,1,doing her annual car maintenance,11,7
45,Ava,11,1,driving under the speed limit,12,7
45,Ava,11,1,listening to the radio while driving,13,7
45,Ava,11,1,being startled by the deer,14,4
45,Ava,11,1,slamming the brakes after seeing the deer,15,6
46,Darla,1,0,having an absent-minded personality,1,5
46,Darla,1,0,being nearsighted,2,2
46,Darla,1,0,communicating and interacting well with children,3,6
46,Darla,1,0,being 32 years old,4,1
46,Darla,1,0,being Black,5,1
46,Darla,1,0,being female,6,1
46,Darla,1,0,enjoying cooking,7,7
46,Darla,1,0,having a laid-back personality,8,5
46,Darla,1,0,working with Pamela for many years,9,4
46,Darla,1,0,running a home daycare business,10,7
46,Darla,1,0,living in a tornado-affected area,11,4
46,Darla,1,0,playing games with the children,12,7
46,Darla,1,0,playing loud upbeat music with the children,13,7
46,Darla,1,0,focusing on the children,14,7
46,Darla,1,0,not hearing the tornado sirens,15,7
46,Tristan,2,1,being opinionated sometimes,1,7
46,Tristan,2,1,being Christian,2,7
46,Tristan,2,1,being 43 years old,3,1
46,Tristan,2,1,being extroverted and outgoing,4,6
46,Tristan,2,1,being a cardiologist,5,7
46,Tristan,2,1,enjoying listening to country music,6,7
46,Tristan,2,1,having worked for over ten years at the same hospital,7,6
46,Tristan,2,1,being impatient sometimes,8,6
46,Tristan,2,1,being Black,9,1
46,Tristan,2,1,being male,10,1
46,Tristan,2,1,reviewing Annie's medical history and symptoms,11,7
46,Tristan,2,1,checking Annie's vitals,12,7
46,Tristan,2,1,ordering Annie an electrocardiogram (ECG/EKG),13,7
46,Tristan,2,1,not ordering any other heart tests,14,7
46,Tristan,2,1,not ordering a mammogram,15,7
46,Edward,3,1,being a studious person,1,7
46,Edward,3,1,being an experienced driver,2,7
46,Edward,3,1,being 24 years old,3,1
46,Edward,3,1,being an ambitious person,4,7
46,Edward,3,1,enjoying reading science fiction,5,7
46,Edward,3,1,being a clinical research assistant,6,6
46,Edward,3,1,being White,7,1
46,Edward,3,1,enjoying browsing Twitter,8,7
46,Edward,3,1,being male,9,1
46,Edward,3,1,being single,10,4
46,Edward,3,1,not muting phone notifications while driving,11,7
46,Edward,3,1,not speeding,12,7
46,Edward,3,1,checking that there were no other cars nearby,13,7
46,Edward,3,1,taking a peek at the text,14,7
46,Edward,3,1,veering into the cyclist while reading the text,15,7
46,Alfred,4,1,being male,1,1
46,Alfred,4,1,having a calm personality,2,6
46,Alfred,4,1,having PTSD,3,4
46,Alfred,4,1,being patriotic,4,7
46,Alfred,4,1,enjoying fishing,5,7
46,Alfred,4,1,living alone,6,6
46,Alfred,4,1,being a veteran,7,6
46,Alfred,4,1,being 68 years old,8,1
46,Alfred,4,1,being White,9,1
46,Alfred,4,1,enjoying Italian cuisine,10,7
46,Alfred,4,1,taking the subway home,11,7
46,Alfred,4,1,being quiet on the subway,12,7
46,Alfred,4,1,getting off at the same stop as Oliver,13,4
46,Alfred,4,1,hearing loud drilling and yelling from the construction above,14,1
46,Alfred,4,1,physically attacking Oliver,15,5
46,Flora,5,1,being 32 years old,1,1
46,Flora,5,1,being an early riser,2,5
46,Flora,5,1,being Asian,3,1
46,Flora,5,1,being legally blind,4,2
46,Flora,5,1,being female,5,1
46,Flora,5,1,being an empathetic person,6,7
46,Flora,5,1,being a counselor,7,6
46,Flora,5,1,using a white cane to guide herself,8,7
46,Flora,5,1,enjoying gardening,9,7
46,Flora,5,1,composing music in her free time,10,7
46,Flora,5,1,going to a neighbor's house for dinner,11,7
46,Flora,5,1,using her white cane while walking home,12,7
46,Flora,5,1,not calling for help,13,7
46,Flora,5,1,her white cane slipping between Paul's legs,14,4
46,Flora,5,1,stepping on Paul's torso,15,4
46,Melvin,6,1,being male,1,1
46,Melvin,6,1,having high blood pressure,2,3
46,Melvin,6,1,growing hay,3,6
46,Melvin,6,1,being 45 years old,4,1
46,Melvin,6,1,having a cheerful personality,5,7
46,Melvin,6,1,being stingy sometimes,6,7
46,Melvin,6,1,enjoying listening to rock music,7,7
46,Melvin,6,1,being a farmer,8,5
46,Melvin,6,1,growing corn,9,6
46,Melvin,6,1,being White,10,1
46,Melvin,6,1,building his barn near the border with Vincent's property,11,4
46,Melvin,6,1,being concerned with hayfires,12,7
46,Melvin,6,1,considering buying hay-drying equipment,13,7
46,Melvin,6,1,meeting with consultants,14,7
46,Melvin,6,1,deciding not to buy hay-drying equipment,15,7
46,Julia,7,0,being a college student,1,6
46,Julia,7,0,being sensitive sometimes,2,7
46,Julia,7,0,being multiracial,3,1
46,Julia,7,0,being a courteous person,4,7
46,Julia,7,0,being 19 years old,5,1
46,Julia,7,0,enjoying watching TV shows,6,7
46,Julia,7,0,being female,7,1
46,Julia,7,0,having asthma,8,2
46,Julia,7,0,studying psychology,9,7
46,Julia,7,0,babysitting on the weekends,10,7
46,Julia,7,0,reading children's books with Benji,11,7
46,Julia,7,0,picking up her partner's call while filling the bathtub,12,7
46,Julia,7,0,feeling hurt after learning about the cheating,13,7
46,Julia,7,0,leaving the bathroom to talk to her partner,14,7
46,Julia,7,0,sitting for a few minutes after hanging up,15,7
46,Qian,8,0,enjoying jazz music,1,7
46,Qian,8,0,enjoying watching sports,2,7
46,Qian,8,0,being 27 years old,3,1
46,Qian,8,0,not smoking,4,7
46,Qian,8,0,being stubborn sometimes,5,7
46,Qian,8,0,being Asian,6,1
46,Qian,8,0,being a restaurant waiter,7,6
46,Qian,8,0,being hard-working,8,7
46,Qian,8,0,being male,9,1
46,Qian,8,0,having a humorous personality,10,7
46,Qian,8,0,hanging out at the local bar with cousins,11,7
46,Qian,8,0,having several drinks over the course of two hours,12,7
46,Qian,8,0,being angered by Wilson's comments,13,4
46,Qian,8,0,not talking back to Wilson,14,7
46,Qian,8,0,pushing Wilson to the ground,15,7
46,Chris,9,1,being male,1,1
46,Chris,9,1,enjoying playing hide-and-seek,2,7
46,Chris,9,1,being a picky eater,3,7
46,Chris,9,1,having an average IQ,4,3
46,Chris,9,1,enjoying swimming,5,7
46,Chris,9,1,being 10 years old,6,1
46,Chris,9,1,weighing 70 lbs,7,4
46,Chris,9,1,being White,8,1
46,Chris,9,1,admiring his father,9,7
46,Chris,9,1,having a curious personality,10,7
46,Chris,9,1,inviting friends over to play,11,7
46,Chris,9,1,hiding in the hall closet,12,7
46,Chris,9,1,finding the key in his father's jacket pocket,13,7
46,Chris,9,1,opening the gun cabinet with the key,14,7
46,Chris,9,1,picking up a pistol to play with,15,7
46,Ava,10,1,regularly drinking coffee,1,7
46,Ava,10,1,being 26 years old,2,1
46,Ava,10,1,being Native American,3,1
46,Ava,10,1,enjoying going to music concerts,4,7
46,Ava,10,1,being female,5,1
46,Ava,10,1,having a peanut allergy,6,2
46,Ava,10,1,being an artist,7,6
46,Ava,10,1,being friends with Peter for many years,8,7
46,Ava,10,1,being a compassionate person,9,7
46,Ava,10,1,often driving Peter to appointments and errands,10,7
46,Ava,10,1,doing her annual car maintenance,11,7
46,Ava,10,1,driving under the speed limit,12,7
46,Ava,10,1,listening to the radio while driving,13,7
46,Ava,10,1,being startled by the deer,14,7
46,Ava,10,1,slamming the brakes after seeing the deer,15,7
46,Nadia,11,0,collecting vinyl records,1,7
46,Nadia,11,0,being female,2,1
46,Nadia,11,0,enjoying oil painting,3,1
46,Nadia,11,0,being a timid person,4,7
46,Nadia,11,0,being 34 years old,5,1
46,Nadia,11,0,being an organized person,6,7
46,Nadia,11,0,having red hair,7,5
46,Nadia,11,0,attending couples therapy years ago,8,7
46,Nadia,11,0,being White,9,1
46,Nadia,11,0,being a software engineer,10,6
46,Nadia,11,0,going to the emergency room for bruises,11,4
46,Nadia,11,0,not seeking help after the emergency room incident,12,7
46,Nadia,11,0,being scared when Franklin screamed,13,4
46,Nadia,11,0,grabbing the revolver,14,7
46,Nadia,11,0,shooting Franklin with the revolver,15,7
47,Qian,1,0,being Asian,1,1
47,Qian,1,0,being hard-working,2,7
47,Qian,1,0,enjoying jazz music,3,7
47,Qian,1,0,being male,4,1
47,Qian,1,0,not smoking,5,7
47,Qian,1,0,being 27 years old,6,1
47,Qian,1,0,having a humorous personality,7,7
47,Qian,1,0,enjoying watching sports,8,7
47,Qian,1,0,being a restaurant waiter,9,7
47,Qian,1,0,being stubborn sometimes,10,7
47,Qian,1,0,hanging out at the local bar with cousins,11,7
47,Qian,1,0,having several drinks over the course of two hours,12,7
47,Qian,1,0,being angered by Wilson's comments,13,5
47,Qian,1,0,not talking back to Wilson,14,7
47,Qian,1,0,pushing Wilson to the ground,15,7
47,Tristan,2,1,having worked for over ten years at the same hospital,1,7
47,Tristan,2,1,being a cardiologist,2,7
47,Tristan,2,1,being male,3,1
47,Tristan,2,1,enjoying listening to country music,4,7
47,Tristan,2,1,being opinionated sometimes,5,7
47,Tristan,2,1,being extroverted and outgoing,6,7
47,Tristan,2,1,being Christian,7,7
47,Tristan,2,1,being Black,8,1
47,Tristan,2,1,being 43 years old,9,1
47,Tristan,2,1,being impatient sometimes,10,7
47,Tristan,2,1,reviewing Annie's medical history and symptoms,11,7
47,Tristan,2,1,checking Annie's vitals,12,7
47,Tristan,2,1,ordering Annie an electrocardiogram (ECG/EKG),13,7
47,Tristan,2,1,not ordering any other heart tests,14,7
47,Tristan,2,1,not ordering a mammogram,15,7
47,Julia,3,0,being multiracial,1,1
47,Julia,3,0,enjoying watching TV shows,2,7
47,Julia,3,0,studying psychology,3,7
47,Julia,3,0,being female,4,1
47,Julia,3,0,having asthma,5,1
47,Julia,3,0,babysitting on the weekends,6,7
47,Julia,3,0,being a college student,7,7
47,Julia,3,0,being 19 years old,8,1
47,Julia,3,0,being a courteous person,9,7
47,Julia,3,0,being sensitive sometimes,10,7
47,Julia,3,0,reading children's books with Benji,11,7
47,Julia,3,0,picking up her partner's call while filling the bathtub,12,7
47,Julia,3,0,feeling hurt after learning about the cheating,13,7
47,Julia,3,0,leaving the bathroom to talk to her partner,14,7
47,Julia,3,0,sitting for a few minutes after hanging up,15,7
47,Darla,4,0,having an absent-minded personality,1,7
47,Darla,4,0,being female,2,1
47,Darla,4,0,enjoying cooking,3,7
47,Darla,4,0,communicating and interacting well with children,4,7
47,Darla,4,0,running a home daycare business,5,7
47,Darla,4,0,being Black,6,1
47,Darla,4,0,working with Pamela for many years,7,7
47,Darla,4,0,being nearsighted,8,1
47,Darla,4,0,having a laid-back personality,9,7
47,Darla,4,0,being 32 years old,10,1
47,Darla,4,0,living in a tornado-affected area,11,7
47,Darla,4,0,playing games with the children,12,7
47,Darla,4,0,playing loud upbeat music with the children,13,7
47,Darla,4,0,focusing on the children,14,7
47,Darla,4,0,not hearing the tornado sirens,15,7
47,Nadia,5,0,attending couples therapy years ago,1,7
47,Nadia,5,0,being female,2,1
47,Nadia,5,0,collecting vinyl records,3,7
47,Nadia,5,0,being a software engineer,4,7
47,Nadia,5,0,being an organized person,5,7
47,Nadia,5,0,enjoying oil painting,6,7
47,Nadia,5,0,being 34 years old,7,1
47,Nadia,5,0,having red hair,8,1
47,Nadia,5,0,being a timid person,9,7
47,Nadia,5,0,being White,10,1
47,Nadia,5,0,going to the emergency room for bruises,11,7
47,Nadia,5,0,not seeking help after the emergency room incident,12,7
47,Nadia,5,0,being scared when Franklin screamed,13,7
47,Nadia,5,0,grabbing the revolver,14,7
47,Nadia,5,0,shooting Franklin with the revolver,15,7
47,Edward,6,1,being 24 years old,1,1
47,Edward,6,1,enjoying reading science fiction,2,7
47,Edward,6,1,being male,3,1
47,Edward,6,1,being a clinical research assistant,4,7
47,Edward,6,1,being single,5,4
47,Edward,6,1,being a studious person,6,7
47,Edward,6,1,being an experienced driver,7,7
47,Edward,6,1,being White,8,1
47,Edward,6,1,being an ambitious person,9,7
47,Edward,6,1,enjoying browsing Twitter,10,7
47,Edward,6,1,not muting phone notifications while driving,11,7
47,Edward,6,1,not speeding,12,7
47,Edward,6,1,checking that there were no other cars nearby,13,7
47,Edward,6,1,taking a peek at the text,14,7
47,Edward,6,1,veering into the cyclist while reading the text,15,7
47,Flora,7,1,enjoying gardening,1,7
47,Flora,7,1,being legally blind,2,1
47,Flora,7,1,being an empathetic person,3,7
47,Flora,7,1,using a white cane to guide herself,4,1
47,Flora,7,1,being an early riser,5,7
47,Flora,7,1,being female,6,1
47,Flora,7,1,being Asian,7,1
47,Flora,7,1,being 32 years old,8,1
47,Flora,7,1,composing music in her free time,9,7
47,Flora,7,1,being a counselor,10,7
47,Flora,7,1,going to a neighbor's house for dinner,11,7
47,Flora,7,1,using her white cane while walking home,12,7
47,Flora,7,1,not calling for help,13,7
47,Flora,7,1,her white cane slipping between Paul's legs,14,1
47,Flora,7,1,stepping on Paul's torso,15,1
47,Chris,8,1,having an average IQ,1,7
47,Chris,8,1,being White,2,1
47,Chris,8,1,weighing 70 lbs,3,7
47,Chris,8,1,being a picky eater,4,7
47,Chris,8,1,enjoying playing hide-and-seek,5,7
47,Chris,8,1,being male,6,1
47,Chris,8,1,having a curious personality,7,7
47,Chris,8,1,enjoying swimming,8,7
47,Chris,8,1,being 10 years old,9,1
47,Chris,8,1,admiring his father,10,7
47,Chris,8,1,inviting friends over to play,11,7
47,Chris,8,1,hiding in the hall closet,12,7
47,Chris,8,1,finding the key in his father's jacket pocket,13,4
47,Chris,8,1,opening the gun cabinet with the key,14,7
47,Chris,8,1,picking up a pistol to play with,15,7
47,Alfred,9,1,being a veteran,1,7
47,Alfred,9,1,having a calm personality,2,7
47,Alfred,9,1,enjoying Italian cuisine,3,7
47,Alfred,9,1,being patriotic,4,7
47,Alfred,9,1,living alone,5,7
47,Alfred,9,1,being male,6,1
47,Alfred,9,1,being White,7,1
47,Alfred,9,1,enjoying fishing,8,7
47,Alfred,9,1,having PTSD,9,1
47,Alfred,9,1,being 68 years old,10,1
47,Alfred,9,1,taking the subway home,11,7
47,Alfred,9,1,being quiet on the subway,12,7
47,Alfred,9,1,getting off at the same stop as Oliver,13,7
47,Alfred,9,1,hearing loud drilling and yelling from the construction above,14,7
47,Alfred,9,1,physically attacking Oliver,15,4
47,Ava,10,1,being a compassionate person,1,7
47,Ava,10,1,enjoying going to music concerts,2,7
47,Ava,10,1,being an artist,3,7
47,Ava,10,1,regularly drinking coffee,4,7
47,Ava,10,1,being female,5,1
47,Ava,10,1,being friends with Peter for many years,6,7
47,Ava,10,1,being 26 years old,7,1
47,Ava,10,1,having a peanut allergy,8,1
47,Ava,10,1,being Native American,9,1
47,Ava,10,1,often driving Peter to appointments and errands,10,7
47,Ava,10,1,doing her annual car maintenance,11,7
47,Ava,10,1,driving under the speed limit,12,7
47,Ava,10,1,listening to the radio while driving,13,7
47,Ava,10,1,being startled by the deer,14,1
47,Ava,10,1,slamming the brakes after seeing the deer,15,7
47,Melvin,11,1,being stingy sometimes,1,7
47,Melvin,11,1,being a farmer,2,7
47,Melvin,11,1,enjoying listening to rock music,3,7
47,Melvin,11,1,having high blood pressure,4,1
47,Melvin,11,1,growing hay,5,7
47,Melvin,11,1,being male,6,1
47,Melvin,11,1,being White,7,1
47,Melvin,11,1,being 45 years old,8,1
47,Melvin,11,1,growing corn,9,7
47,Melvin,11,1,having a cheerful personality,10,7
47,Melvin,11,1,building his barn near the border with Vincent's property,11,7
47,Melvin,11,1,being concerned with hayfires,12,7
47,Melvin,11,1,considering buying hay-drying equipment,13,7
47,Melvin,11,1,meeting with consultants,14,7
47,Melvin,11,1,deciding not to buy hay-drying equipment,15,7
48,Darla,1,0,being nearsighted,1,1
48,Darla,1,0,being Black,2,1
48,Darla,1,0,working with Pamela for many years,3,7
48,Darla,1,0,communicating and interacting well with children,4,7
48,Darla,1,0,being female,5,1
48,Darla,1,0,enjoying cooking,6,7
48,Darla,1,0,having a laid-back personality,7,5
48,Darla,1,0,being 32 years old,8,1
48,Darla,1,0,running a home daycare business,9,7
48,Darla,1,0,having an absent-minded personality,10,6
48,Darla,1,0,living in a tornado-affected area,11,5
48,Darla,1,0,playing games with the children,12,7
48,Darla,1,0,playing loud upbeat music with the children,13,7
48,Darla,1,0,focusing on the children,14,7
48,Darla,1,0,not hearing the tornado sirens,15,4
48,Flora,2,1,enjoying gardening,1,7
48,Flora,2,1,being legally blind,2,1
48,Flora,2,1,using a white cane to guide herself,3,5
48,Flora,2,1,being an early riser,4,7
48,Flora,2,1,composing music in her free time,5,7
48,Flora,2,1,being female,6,1
48,Flora,2,1,being a counselor,7,7
48,Flora,2,1,being 32 years old,8,1
48,Flora,2,1,being an empathetic person,9,7
48,Flora,2,1,being Asian,10,1
48,Flora,2,1,going to a neighbor's house for dinner,11,7
48,Flora,2,1,using her white cane while walking home,12,7
48,Flora,2,1,not calling for help,13,7
48,Flora,2,1,her white cane slipping between Paul's legs,14,5
48,Flora,2,1,stepping on Paul's torso,15,5
48,Tristan,3,1,enjoying listening to country music,1,7
48,Tristan,3,1,having worked for over ten years at the same hospital,2,7
48,Tristan,3,1,being impatient sometimes,3,6
48,Tristan,3,1,being male,4,1
48,Tristan,3,1,being a cardiologist,5,7
48,Tristan,3,1,being Black,6,1
48,Tristan,3,1,being extroverted and outgoing,7,6
48,Tristan,3,1,being 43 years old,8,1
48,Tristan,3,1,being opinionated sometimes,9,6
48,Tristan,3,1,being Christian,10,7
48,Tristan,3,1,reviewing Annie's medical history and symptoms,11,7
48,Tristan,3,1,checking Annie's vitals,12,7
48,Tristan,3,1,ordering Annie an electrocardiogram (ECG/EKG),13,7
48,Tristan,3,1,not ordering any other heart tests,14,7
48,Tristan,3,1,not ordering a mammogram,15,7
48,Edward,4,1,being a studious person,1,6
48,Edward,4,1,being an ambitious person,2,7
48,Edward,4,1,enjoying reading science fiction,3,7
48,Edward,4,1,being single,4,5
48,Edward,4,1,enjoying browsing Twitter,5,7
48,Edward,4,1,being an experienced driver,6,7
48,Edward,4,1,being male,7,1
48,Edward,4,1,being White,8,1
48,Edward,4,1,being 24 years old,9,1
48,Edward,4,1,being a clinical research assistant,10,7
48,Edward,4,1,not muting phone notifications while driving,11,7
48,Edward,4,1,not speeding,12,7
48,Edward,4,1,checking that there were no other cars nearby,13,7
48,Edward,4,1,taking a peek at the text,14,7
48,Edward,4,1,veering into the cyclist while reading the text,15,7
48,Qian,5,0,not smoking,1,7
48,Qian,5,0,being Asian,2,1
48,Qian,5,0,enjoying watching sports,3,7
48,Qian,5,0,being 27 years old,4,1
48,Qian,5,0,being a restaurant waiter,5,7
48,Qian,5,0,having a humorous personality,6,7
48,Qian,5,0,being stubborn sometimes,7,7
48,Qian,5,0,enjoying jazz music,8,7
48,Qian,5,0,being hard-working,9,7
48,Qian,5,0,being male,10,1
48,Qian,5,0,hanging out at the local bar with cousins,11,7
48,Qian,5,0,having several drinks over the course of two hours,12,7
48,Qian,5,0,being angered by Wilson's comments,13,7
48,Qian,5,0,not talking back to Wilson,14,7
48,Qian,5,0,pushing Wilson to the ground,15,7
48,Alfred,6,1,being patriotic,1,7
48,Alfred,6,1,having PTSD,2,3
48,Alfred,6,1,being 68 years old,3,1
48,Alfred,6,1,being White,4,1
48,Alfred,6,1,having a calm personality,5,7
48,Alfred,6,1,being a veteran,6,7
48,Alfred,6,1,enjoying fishing,7,7
48,Alfred,6,1,being male,8,1
48,Alfred,6,1,living alone,9,7
48,Alfred,6,1,enjoying Italian cuisine,10,7
48,Alfred,6,1,taking the subway home,11,7
48,Alfred,6,1,being quiet on the subway,12,7
48,Alfred,6,1,getting off at the same stop as Oliver,13,7
48,Alfred,6,1,hearing loud drilling and yelling from the construction above,14,7
48,Alfred,6,1,physically attacking Oliver,15,7
48,Julia,7,0,being a courteous person,1,7
48,Julia,7,0,being female,2,1
48,Julia,7,0,being multiracial,3,1
48,Julia,7,0,being a college student,4,7
48,Julia,7,0,studying psychology,5,7
48,Julia,7,0,enjoying watching TV shows,6,7
48,Julia,7,0,babysitting on the weekends,7,7
48,Julia,7,0,having asthma,8,1
48,Julia,7,0,being sensitive sometimes,9,7
48,Julia,7,0,being 19 years old,10,1
48,Julia,7,0,reading children's books with Benji,11,7
48,Julia,7,0,picking up her partner's call while filling the bathtub,12,7
48,Julia,7,0,feeling hurt after learning about the cheating,13,7
48,Julia,7,0,leaving the bathroom to talk to her partner,14,7
48,Julia,7,0,sitting for a few minutes after hanging up,15,7
48,Melvin,8,1,enjoying listening to rock music,1,7
48,Melvin,8,1,being stingy sometimes,2,7
48,Melvin,8,1,being 45 years old,3,1
48,Melvin,8,1,being male,4,1
48,Melvin,8,1,growing hay,5,7
48,Melvin,8,1,being a farmer,6,7
48,Melvin,8,1,having high blood pressure,7,4
48,Melvin,8,1,being White,8,1
48,Melvin,8,1,growing corn,9,7
48,Melvin,8,1,having a cheerful personality,10,7
48,Melvin,8,1,building his barn near the border with Vincent's property,11,7
48,Melvin,8,1,being concerned with hayfires,12,7
48,Melvin,8,1,considering buying hay-drying equipment,13,7
48,Melvin,8,1,meeting with consultants,14,7
48,Melvin,8,1,deciding not to buy hay-drying equipment,15,7
48,Ava,9,1,being friends with Peter for many years,1,7
48,Ava,9,1,being 26 years old,2,1
48,Ava,9,1,being female,3,1
48,Ava,9,1,having a peanut allergy,4,1
48,Ava,9,1,being a compassionate person,5,7
48,Ava,9,1,often driving Peter to appointments and errands,6,7
48,Ava,9,1,regularly drinking coffee,7,7
48,Ava,9,1,being Native American,8,1
48,Ava,9,1,enjoying going to music concerts,9,7
48,Ava,9,1,being an artist,10,7
48,Ava,9,1,doing her annual car maintenance,11,7
48,Ava,9,1,driving under the speed limit,12,7
48,Ava,9,1,listening to the radio while driving,13,7
48,Ava,9,1,being startled by the deer,14,4
48,Ava,9,1,slamming the brakes after seeing the deer,15,7
48,Chris,10,1,having an average IQ,1,5
48,Chris,10,1,enjoying swimming,2,7
48,Chris,10,1,weighing 70 lbs,3,7
48,Chris,10,1,admiring his father,4,7
48,Chris,10,1,being a picky eater,5,5
48,Chris,10,1,enjoying playing hide-and-seek,6,7
48,Chris,10,1,being White,7,1
48,Chris,10,1,being male,8,1
48,Chris,10,1,being 10 years old,9,1
48,Chris,10,1,having a curious personality,10,6
48,Chris,10,1,inviting friends over to play,11,7
48,Chris,10,1,hiding in the hall closet,12,7
48,Chris,10,1,finding the key in his father's jacket pocket,13,7
48,Chris,10,1,opening the gun cabinet with the key,14,7
48,Chris,10,1,picking up a pistol to play with,15,7
48,Nadia,11,0,attending couples therapy years ago,1,7
48,Nadia,11,0,being a software engineer,2,7
48,Nadia,11,0,being an organized person,3,7
48,Nadia,11,0,collecting vinyl records,4,7
48,Nadia,11,0,being a timid person,5,5
48,Nadia,11,0,enjoying oil painting,6,7
48,Nadia,11,0,having red hair,7,4
48,Nadia,11,0,being 34 years old,8,1
48,Nadia,11,0,being female,9,1
48,Nadia,11,0,being White,10,1
48,Nadia,11,0,going to the emergency room for bruises,11,7
48,Nadia,11,0,not seeking help after the emergency room incident,12,7
48,Nadia,11,0,being scared when Franklin screamed,13,7
48,Nadia,11,0,grabbing the revolver,14,7
48,Nadia,11,0,shooting Franklin with the revolver,15,7
49,Chris,1,1,being a picky eater,1,7
49,Chris,1,1,being male,2,1
49,Chris,1,1,admiring his father,3,4
49,Chris,1,1,being 10 years old,4,1
49,Chris,1,1,enjoying playing hide-and-seek,5,5
49,Chris,1,1,being White,6,1
49,Chris,1,1,enjoying swimming,7,5
49,Chris,1,1,weighing 70 lbs,8,5
49,Chris,1,1,having a curious personality,9,6
49,Chris,1,1,having an average IQ,10,6
49,Chris,1,1,inviting friends over to play,11,7
49,Chris,1,1,hiding in the hall closet,12,7
49,Chris,1,1,finding the key in his father's jacket pocket,13,7
49,Chris,1,1,opening the gun cabinet with the key,14,7
49,Chris,1,1,picking up a pistol to play with,15,7
49,Flora,2,1,composing music in her free time,1,7
49,Flora,2,1,being an early riser,2,7
49,Flora,2,1,being female,3,1
49,Flora,2,1,being an empathetic person,4,7
49,Flora,2,1,being 32 years old,5,1
49,Flora,2,1,enjoying gardening,6,7
49,Flora,2,1,being legally blind,7,1
49,Flora,2,1,using a white cane to guide herself,8,5
49,Flora,2,1,being Asian,9,1
49,Flora,2,1,being a counselor,10,7
49,Flora,2,1,going to a neighbor's house for dinner,11,7
49,Flora,2,1,using her white cane while walking home,12,7
49,Flora,2,1,not calling for help,13,7
49,Flora,2,1,her white cane slipping between Paul's legs,14,5
49,Flora,2,1,stepping on Paul's torso,15,5
49,Tristan,3,1,being a cardiologist,1,7
49,Tristan,3,1,being 43 years old,2,1
49,Tristan,3,1,enjoying listening to country music,3,6
49,Tristan,3,1,having worked for over ten years at the same hospital,4,7
49,Tristan,3,1,being opinionated sometimes,5,7
49,Tristan,3,1,being extroverted and outgoing,6,7
49,Tristan,3,1,being Black,7,1
49,Tristan,3,1,being impatient sometimes,8,6
49,Tristan,3,1,being Christian,9,7
49,Tristan,3,1,being male,10,1
49,Tristan,3,1,reviewing Annie's medical history and symptoms,11,7
49,Tristan,3,1,checking Annie's vitals,12,7
49,Tristan,3,1,ordering Annie an electrocardiogram (ECG/EKG),13,7
49,Tristan,3,1,not ordering any other heart tests,14,7
49,Tristan,3,1,not ordering a mammogram,15,7
49,Alfred,4,1,being White,1,1
49,Alfred,4,1,being patriotic,2,7
49,Alfred,4,1,being a veteran,3,7
49,Alfred,4,1,having PTSD,4,3
49,Alfred,4,1,enjoying fishing,5,6
49,Alfred,4,1,being male,6,1
49,Alfred,4,1,living alone,7,4
49,Alfred,4,1,enjoying Italian cuisine,8,7
49,Alfred,4,1,having a calm personality,9,7
49,Alfred,4,1,being 68 years old,10,1
49,Alfred,4,1,taking the subway home,11,7
49,Alfred,4,1,being quiet on the subway,12,7
49,Alfred,4,1,getting off at the same stop as Oliver,13,5
49,Alfred,4,1,hearing loud drilling and yelling from the construction above,14,1
49,Alfred,4,1,physically attacking Oliver,15,2
49,Edward,5,1,enjoying browsing Twitter,1,7
49,Edward,5,1,being an experienced driver,2,6
49,Edward,5,1,being single,3,4
49,Edward,5,1,enjoying reading science fiction,4,7
49,Edward,5,1,being male,5,1
49,Edward,5,1,being 24 years old,6,1
49,Edward,5,1,being a studious person,7,7
49,Edward,5,1,being an ambitious person,8,7
49,Edward,5,1,being a clinical research assistant,9,7
49,Edward,5,1,being White,10,1
49,Edward,5,1,not muting phone notifications while driving,11,7
49,Edward,5,1,not speeding,12,7
49,Edward,5,1,checking that there were no other cars nearby,13,7
49,Edward,5,1,taking a peek at the text,14,7
49,Edward,5,1,veering into the cyclist while reading the text,15,7
49,Qian,6,0,enjoying watching sports,1,7
49,Qian,6,0,enjoying jazz music,2,6
49,Qian,6,0,not smoking,3,7
49,Qian,6,0,being male,4,1
49,Qian,6,0,being a restaurant waiter,5,7
49,Qian,6,0,having a humorous personality,6,7
49,Qian,6,0,being stubborn sometimes,7,7
49,Qian,6,0,being 27 years old,8,1
49,Qian,6,0,being Asian,9,1
49,Qian,6,0,being hard-working,10,7
49,Qian,6,0,hanging out at the local bar with cousins,11,7
49,Qian,6,0,having several drinks over the course of two hours,12,7
49,Qian,6,0,being angered by Wilson's comments,13,7
49,Qian,6,0,not talking back to Wilson,14,7
49,Qian,6,0,pushing Wilson to the ground,15,7
49,Nadia,7,0,being a software engineer,1,7
49,Nadia,7,0,having red hair,2,4
49,Nadia,7,0,enjoying oil painting,3,7
49,Nadia,7,0,attending couples therapy years ago,4,5
49,Nadia,7,0,being a timid person,5,4
49,Nadia,7,0,collecting vinyl records,6,7
49,Nadia,7,0,being 34 years old,7,1
49,Nadia,7,0,being White,8,1
49,Nadia,7,0,being an organized person,9,7
49,Nadia,7,0,being female,10,1
49,Nadia,7,0,going to the emergency room for bruises,11,3
49,Nadia,7,0,not seeking help after the emergency room incident,12,4
49,Nadia,7,0,being scared when Franklin screamed,13,3
49,Nadia,7,0,grabbing the revolver,14,5
49,Nadia,7,0,shooting Franklin with the revolver,15,5
49,Darla,8,0,enjoying cooking,1,6
49,Darla,8,0,having a laid-back personality,2,7
49,Darla,8,0,working with Pamela for many years,3,7
49,Darla,8,0,having an absent-minded personality,4,6
49,Darla,8,0,running a home daycare business,5,7
49,Darla,8,0,being 32 years old,6,1
49,Darla,8,0,being nearsighted,7,1
49,Darla,8,0,communicating and interacting well with children,8,7
49,Darla,8,0,being Black,9,1
49,Darla,8,0,being female,10,1
49,Darla,8,0,living in a tornado-affected area,11,6
49,Darla,8,0,playing games with the children,12,7
49,Darla,8,0,playing loud upbeat music with the children,13,7
49,Darla,8,0,focusing on the children,14,7
49,Darla,8,0,not hearing the tornado sirens,15,3
49,Julia,9,0,studying psychology,1,7
49,Julia,9,0,being female,2,1
49,Julia,9,0,being a courteous person,3,7
49,Julia,9,0,being multiracial,4,1
49,Julia,9,0,enjoying watching TV shows,5,6
49,Julia,9,0,being sensitive sometimes,6,6
49,Julia,9,0,babysitting on the weekends,7,7
49,Julia,9,0,being 19 years old,8,1
49,Julia,9,0,being a college student,9,7
49,Julia,9,0,having asthma,10,1
49,Julia,9,0,reading children's books with Benji,11,7
49,Julia,9,0,picking up her partner's call while filling the bathtub,12,7
49,Julia,9,0,feeling hurt after learning about the cheating,13,7
49,Julia,9,0,leaving the bathroom to talk to her partner,14,7
49,Julia,9,0,sitting for a few minutes after hanging up,15,7
49,Ava,10,1,regularly drinking coffee,1,7
49,Ava,10,1,being Native American,2,1
49,Ava,10,1,having a peanut allergy,3,1
49,Ava,10,1,being an artist,4,7
49,Ava,10,1,often driving Peter to appointments and errands,5,7
49,Ava,10,1,being friends with Peter for many years,6,7
49,Ava,10,1,being a compassionate person,7,7
49,Ava,10,1,being female,8,1
49,Ava,10,1,enjoying going to music concerts,9,6
49,Ava,10,1,being 26 years old,10,1
49,Ava,10,1,doing her annual car maintenance,11,7
49,Ava,10,1,driving under the speed limit,12,7
49,Ava,10,1,listening to the radio while driving,13,7
49,Ava,10,1,being startled by the deer,14,3
49,Ava,10,1,slamming the brakes after seeing the deer,15,5
49,Melvin,11,1,growing hay,1,7
49,Melvin,11,1,being stingy sometimes,2,7
49,Melvin,11,1,growing corn,3,7
49,Melvin,11,1,having high blood pressure,4,5
49,Melvin,11,1,being 45 years old,5,1
49,Melvin,11,1,being a farmer,6,6
49,Melvin,11,1,being male,7,1
49,Melvin,11,1,being White,8,1
49,Melvin,11,1,having a cheerful personality,9,7
49,Melvin,11,1,enjoying listening to rock music,10,6
49,Melvin,11,1,building his barn near the border with Vincent's property,11,5
49,Melvin,11,1,being concerned with hayfires,12,7
49,Melvin,11,1,considering buying hay-drying equipment,13,7
49,Melvin,11,1,meeting with consultants,14,7
49,Melvin,11,1,deciding not to buy hay-drying equipment,15,7
50,Nadia,1,0,collecting vinyl records,1,7
50,Nadia,1,0,being 34 years old,2,1
50,Nadia,1,0,being a timid person,3,3
50,Nadia,1,0,being female,4,1
50,Nadia,1,0,being a software engineer,5,7
50,Nadia,1,0,having red hair,6,1
50,Nadia,1,0,being an organized person,7,7
50,Nadia,1,0,being White,8,1
50,Nadia,1,0,attending couples therapy years ago,9,6
50,Nadia,1,0,enjoying oil painting,10,7
50,Nadia,1,0,going to the emergency room for bruises,11,4
50,Nadia,1,0,not seeking help after the emergency room incident,12,6
50,Nadia,1,0,being scared when Franklin screamed,13,2
50,Nadia,1,0,grabbing the revolver,14,7
50,Nadia,1,0,shooting Franklin with the revolver,15,7
50,Melvin,2,1,having a cheerful personality,1,7
50,Melvin,2,1,growing hay,2,7
50,Melvin,2,1,being 45 years old,3,1
50,Melvin,2,1,being male,4,1
50,Melvin,2,1,growing corn,5,7
50,Melvin,2,1,being stingy sometimes,6,6
50,Melvin,2,1,enjoying listening to rock music,7,7
50,Melvin,2,1,having high blood pressure,8,6
50,Melvin,2,1,being White,9,1
50,Melvin,2,1,being a farmer,10,7
50,Melvin,2,1,building his barn near the border with Vincent's property,11,7
50,Melvin,2,1,being concerned with hayfires,12,7
50,Melvin,2,1,considering buying hay-drying equipment,13,7
50,Melvin,2,1,meeting with consultants,14,7
50,Melvin,2,1,deciding not to buy hay-drying equipment,15,7
50,Qian,3,0,enjoying watching sports,1,7
50,Qian,3,0,having a humorous personality,2,7
50,Qian,3,0,being 27 years old,3,1
50,Qian,3,0,being hard-working,4,7
50,Qian,3,0,being a restaurant waiter,5,6
50,Qian,3,0,being Asian,6,1
50,Qian,3,0,being stubborn sometimes,7,6
50,Qian,3,0,being male,8,1
50,Qian,3,0,not smoking,9,7
50,Qian,3,0,enjoying jazz music,10,7
50,Qian,3,0,hanging out at the local bar with cousins,11,7
50,Qian,3,0,having several drinks over the course of two hours,12,7
50,Qian,3,0,being angered by Wilson's comments,13,6
50,Qian,3,0,not talking back to Wilson,14,7
50,Qian,3,0,pushing Wilson to the ground,15,7
50,Flora,4,1,enjoying gardening,1,7
50,Flora,4,1,being legally blind,2,1
50,Flora,4,1,being 32 years old,3,1
50,Flora,4,1,composing music in her free time,4,7
50,Flora,4,1,being female,5,1
50,Flora,4,1,being an early riser,6,7
50,Flora,4,1,being a counselor,7,6
50,Flora,4,1,being Asian,8,1
50,Flora,4,1,using a white cane to guide herself,9,5
50,Flora,4,1,being an empathetic person,10,7
50,Flora,4,1,going to a neighbor's house for dinner,11,7
50,Flora,4,1,using her white cane while walking home,12,6
50,Flora,4,1,not calling for help,13,6
50,Flora,4,1,her white cane slipping between Paul's legs,14,1
50,Flora,4,1,stepping on Paul's torso,15,1
50,Alfred,5,1,being a veteran,1,7
50,Alfred,5,1,enjoying Italian cuisine,2,7
50,Alfred,5,1,being patriotic,3,7
50,Alfred,5,1,having a calm personality,4,6
50,Alfred,5,1,being male,5,1
50,Alfred,5,1,being 68 years old,6,1
50,Alfred,5,1,having PTSD,7,4
50,Alfred,5,1,living alone,8,6
50,Alfred,5,1,enjoying fishing,9,7
50,Alfred,5,1,being White,10,1
50,Alfred,5,1,taking the subway home,11,6
50,Alfred,5,1,being quiet on the subway,12,7
50,Alfred,5,1,getting off at the same stop as Oliver,13,5
50,Alfred,5,1,hearing loud drilling and yelling from the construction above,14,1
50,Alfred,5,1,physically attacking Oliver,15,2
50,Chris,6,1,being White,1,1
50,Chris,6,1,enjoying playing hide-and-seek,2,6
50,Chris,6,1,having a curious personality,3,4
50,Chris,6,1,being a picky eater,4,7
50,Chris,6,1,being male,5,1
50,Chris,6,1,having an average IQ,6,2
50,Chris,6,1,being 10 years old,7,1
50,Chris,6,1,admiring his father,8,7
50,Chris,6,1,enjoying swimming,9,7
50,Chris,6,1,weighing 70 lbs,10,7
50,Chris,6,1,inviting friends over to play,11,7
50,Chris,6,1,hiding in the hall closet,12,7
50,Chris,6,1,finding the key in his father's jacket pocket,13,7
50,Chris,6,1,opening the gun cabinet with the key,14,7
50,Chris,6,1,picking up a pistol to play with,15,7
50,Tristan,7,1,being Black,1,1
50,Tristan,7,1,being a cardiologist,2,7
50,Tristan,7,1,being Christian,3,6
50,Tristan,7,1,being impatient sometimes,4,4
50,Tristan,7,1,being opinionated sometimes,5,6
50,Tristan,7,1,being male,6,1
50,Tristan,7,1,enjoying listening to country music,7,7
50,Tristan,7,1,being extroverted and outgoing,8,7
50,Tristan,7,1,having worked for over ten years at the same hospital,9,7
50,Tristan,7,1,being 43 years old,10,1
50,Tristan,7,1,reviewing Annie's medical history and symptoms,11,7
50,Tristan,7,1,checking Annie's vitals,12,7
50,Tristan,7,1,ordering Annie an electrocardiogram (ECG/EKG),13,7
50,Tristan,7,1,not ordering any other heart tests,14,7
50,Tristan,7,1,not ordering a mammogram,15,7
50,Darla,8,0,being Black,1,1
50,Darla,8,0,communicating and interacting well with children,2,6
50,Darla,8,0,enjoying cooking,3,7
50,Darla,8,0,being nearsighted,4,1
50,Darla,8,0,working with Pamela for many years,5,7
50,Darla,8,0,being 32 years old,6,1
50,Darla,8,0,being female,7,1
50,Darla,8,0,running a home daycare business,8,7
50,Darla,8,0,having an absent-minded personality,9,2
50,Darla,8,0,having a laid-back personality,10,4
50,Darla,8,0,living in a tornado-affected area,11,3
50,Darla,8,0,playing games with the children,12,7
50,Darla,8,0,playing loud upbeat music with the children,13,7
50,Darla,8,0,focusing on the children,14,7
50,Darla,8,0,not hearing the tornado sirens,15,3
50,Edward,9,1,being male,1,1
50,Edward,9,1,being a studious person,2,5
50,Edward,9,1,being White,3,1
50,Edward,9,1,enjoying browsing Twitter,4,7
50,Edward,9,1,being a clinical research assistant,5,7
50,Edward,9,1,being an ambitious person,6,7
50,Edward,9,1,being 24 years old,7,1
50,Edward,9,1,enjoying reading science fiction,8,7
50,Edward,9,1,being an experienced driver,9,7
50,Edward,9,1,being single,10,5
50,Edward,9,1,not muting phone notifications while driving,11,7
50,Edward,9,1,not speeding,12,7
50,Edward,9,1,checking that there were no other cars nearby,13,7
50,Edward,9,1,taking a peek at the text,14,7
50,Edward,9,1,veering into the cyclist while reading the text,15,6
50,Ava,10,0,being 26 years old,1,1
50,Ava,10,0,being female,2,1
50,Ava,10,0,being friends with Peter for many years,3,7
50,Ava,10,0,being an artist,4,7
50,Ava,10,0,regularly drinking coffee,5,7
50,Ava,10,0,having a peanut allergy,6,1
50,Ava,10,0,enjoying going to music concerts,7,7
50,Ava,10,0,being Native American,8,1
50,Ava,10,0,often driving Peter to appointments and errands,9,6
50,Ava,10,0,being a compassionate person,10,6
50,Ava,10,0,doing her annual car maintenance,11,7
50,Ava,10,0,driving under the speed limit,12,7
50,Ava,10,0,listening to the radio while driving,13,7
50,Ava,10,0,being startled by the deer,14,1
50,Ava,10,0,slamming the brakes after seeing the deer,15,3
50,Julia,11,0,being female,1,1
50,Julia,11,0,enjoying watching TV shows,2,7
50,Julia,11,0,being a courteous person,3,7
50,Julia,11,0,studying psychology,4,7
50,Julia,11,0,having asthma,5,1
50,Julia,11,0,being 19 years old,6,1
50,Julia,11,0,being sensitive sometimes,7,3
50,Julia,11,0,being a college student,8,6
50,Julia,11,0,being multiracial,9,1
50,Julia,11,0,babysitting on the weekends,10,7
50,Julia,11,0,reading children's books with Benji,11,6
50,Julia,11,0,picking up her partner's call while filling the bathtub,12,7
50,Julia,11,0,feeling hurt after learning about the cheating,13,3
50,Julia,11,0,leaving the bathroom to talk to her partner,14,7
50,Julia,11,0,sitting for a few minutes after hanging up,15,7
51,Flora,1,1,being 32 years old,1,1
51,Flora,1,1,composing music in her free time,2,7
51,Flora,1,1,being a counselor,3,7
51,Flora,1,1,using a white cane to guide herself,4,1
51,Flora,1,1,being an empathetic person,5,1
51,Flora,1,1,being Asian,6,1
51,Flora,1,1,enjoying gardening,7,4
51,Flora,1,1,being legally blind,8,1
51,Flora,1,1,being female,9,1
51,Flora,1,1,being an early riser,10,7
51,Flora,1,1,going to a neighbor's house for dinner,11,7
51,Flora,1,1,using her white cane while walking home,12,1
51,Flora,1,1,not calling for help,13,7
51,Flora,1,1,her white cane slipping between Paul's legs,14,4
51,Flora,1,1,stepping on Paul's torso,15,4
51,Qian,2,0,having a humorous personality,1,4
51,Qian,2,0,being 27 years old,2,1
51,Qian,2,0,enjoying watching sports,3,4
51,Qian,2,0,enjoying jazz music,4,4
51,Qian,2,0,being Asian,5,1
51,Qian,2,0,being a restaurant waiter,6,5
51,Qian,2,0,being stubborn sometimes,7,3
51,Qian,2,0,not smoking,8,7
51,Qian,2,0,being male,9,1
51,Qian,2,0,being hard-working,10,6
51,Qian,2,0,hanging out at the local bar with cousins,11,7
51,Qian,2,0,having several drinks over the course of two hours,12,7
51,Qian,2,0,being angered by Wilson's comments,13,2
51,Qian,2,0,not talking back to Wilson,14,7
51,Qian,2,0,pushing Wilson to the ground,15,7
51,Darla,3,0,communicating and interacting well with children,1,7
51,Darla,3,0,being female,2,1
51,Darla,3,0,having a laid-back personality,3,5
51,Darla,3,0,being 32 years old,4,1
51,Darla,3,0,enjoying cooking,5,4
51,Darla,3,0,running a home daycare business,6,7
51,Darla,3,0,being nearsighted,7,1
51,Darla,3,0,being Black,8,1
51,Darla,3,0,having an absent-minded personality,9,1
51,Darla,3,0,working with Pamela for many years,10,7
51,Darla,3,0,living in a tornado-affected area,11,7
51,Darla,3,0,playing games with the children,12,7
51,Darla,3,0,playing loud upbeat music with the children,13,7
51,Darla,3,0,focusing on the children,14,4
51,Darla,3,0,not hearing the tornado sirens,15,5
51,Ava,4,1,being Native American,1,1
51,Ava,4,1,being friends with Peter for many years,2,7
51,Ava,4,1,regularly drinking coffee,3,7
51,Ava,4,1,being female,4,1
51,Ava,4,1,having a peanut allergy,5,1
51,Ava,4,1,enjoying going to music concerts,6,4
51,Ava,4,1,often driving Peter to appointments and errands,7,7
51,Ava,4,1,being a compassionate person,8,4
51,Ava,4,1,being 26 years old,9,1
51,Ava,4,1,being an artist,10,5
51,Ava,4,1,doing her annual car maintenance,11,7
51,Ava,4,1,driving under the speed limit,12,7
51,Ava,4,1,listening to the radio while driving,13,7
51,Ava,4,1,being startled by the deer,14,1
51,Ava,4,1,slamming the brakes after seeing the deer,15,4
51,Edward,5,1,being 24 years old,1,1
51,Edward,5,1,being single,2,4
51,Edward,5,1,being a studious person,3,4
51,Edward,5,1,being an ambitious person,4,3
51,Edward,5,1,enjoying reading science fiction,5,4
51,Edward,5,1,being White,6,1
51,Edward,5,1,being male,7,1
51,Edward,5,1,being a clinical research assistant,8,7
51,Edward,5,1,being an experienced driver,9,3
51,Edward,5,1,enjoying browsing Twitter,10,4
51,Edward,5,1,not muting phone notifications while driving,11,7
51,Edward,5,1,not speeding,12,7
51,Edward,5,1,checking that there were no other cars nearby,13,7
51,Edward,5,1,taking a peek at the text,14,7
51,Edward,5,1,veering into the cyclist while reading the text,15,4
51,Alfred,6,1,having PTSD,1,1
51,Alfred,6,1,having a calm personality,2,1
51,Alfred,6,1,being male,3,1
51,Alfred,6,1,being patriotic,4,6
51,Alfred,6,1,living alone,5,5
51,Alfred,6,1,being a veteran,6,4
51,Alfred,6,1,enjoying fishing,7,4
51,Alfred,6,1,being White,8,1
51,Alfred,6,1,being 68 years old,9,1
51,Alfred,6,1,enjoying Italian cuisine,10,5
51,Alfred,6,1,taking the subway home,11,4
51,Alfred,6,1,being quiet on the subway,12,7
51,Alfred,6,1,getting off at the same stop as Oliver,13,1
51,Alfred,6,1,hearing loud drilling and yelling from the construction above,14,1
51,Alfred,6,1,physically attacking Oliver,15,5
51,Chris,7,1,being male,1,1
51,Chris,7,1,having an average IQ,2,1
51,Chris,7,1,having a curious personality,3,1
51,Chris,7,1,enjoying swimming,4,5
51,Chris,7,1,enjoying playing hide-and-seek,5,4
51,Chris,7,1,being 10 years old,6,1
51,Chris,7,1,admiring his father,7,3
51,Chris,7,1,being White,8,1
51,Chris,7,1,weighing 70 lbs,9,5
51,Chris,7,1,being a picky eater,10,6
51,Chris,7,1,inviting friends over to play,11,7
51,Chris,7,1,hiding in the hall closet,12,7
51,Chris,7,1,finding the key in his father's jacket pocket,13,7
51,Chris,7,1,opening the gun cabinet with the key,14,7
51,Chris,7,1,picking up a pistol to play with,15,7
51,Nadia,8,0,being White,1,1
51,Nadia,8,0,being 34 years old,2,1
51,Nadia,8,0,collecting vinyl records,3,7
51,Nadia,8,0,being an organized person,4,3
51,Nadia,8,0,enjoying oil painting,5,4
51,Nadia,8,0,having red hair,6,1
51,Nadia,8,0,being a timid person,7,3
51,Nadia,8,0,being a software engineer,8,7
51,Nadia,8,0,being female,9,1
51,Nadia,8,0,attending couples therapy years ago,10,7
51,Nadia,8,0,going to the emergency room for bruises,11,7
51,Nadia,8,0,not seeking help after the emergency room incident,12,7
51,Nadia,8,0,being scared when Franklin screamed,13,4
51,Nadia,8,0,grabbing the revolver,14,7
51,Nadia,8,0,shooting Franklin with the revolver,15,7
51,Julia,9,0,having asthma,1,1
51,Julia,9,0,babysitting on the weekends,2,7
51,Julia,9,0,being multiracial,3,1
51,Julia,9,0,being 19 years old,4,1
51,Julia,9,0,being a college student,5,7
51,Julia,9,0,studying psychology,6,7
51,Julia,9,0,being female,7,1
51,Julia,9,0,being sensitive sometimes,8,4
51,Julia,9,0,being a courteous person,9,3
51,Julia,9,0,enjoying watching TV shows,10,6
51,Julia,9,0,reading children's books with Benji,11,2
51,Julia,9,0,picking up her partner's call while filling the bathtub,12,7
51,Julia,9,0,feeling hurt after learning about the cheating,13,1
51,Julia,9,0,leaving the bathroom to talk to her partner,14,7
51,Julia,9,0,sitting for a few minutes after hanging up,15,7
51,Melvin,10,1,being stingy sometimes,1,4
51,Melvin,10,1,being 45 years old,2,1
51,Melvin,10,1,enjoying listening to rock music,3,4
51,Melvin,10,1,having high blood pressure,4,4
51,Melvin,10,1,growing corn,5,7
51,Melvin,10,1,having a cheerful personality,6,2
51,Melvin,10,1,growing hay,7,7
51,Melvin,10,1,being a farmer,8,7
51,Melvin,10,1,being White,9,1
51,Melvin,10,1,being male,10,1
51,Melvin,10,1,building his barn near the border with Vincent's property,11,6
51,Melvin,10,1,being concerned with hayfires,12,7
51,Melvin,10,1,considering buying hay-drying equipment,13,7
51,Melvin,10,1,meeting with consultants,14,4
51,Melvin,10,1,deciding not to buy hay-drying equipment,15,7
51,Tristan,11,1,being 43 years old,1,1
51,Tristan,11,1,being Christian,2,7
51,Tristan,11,1,being extroverted and outgoing,3,4
51,Tristan,11,1,being male,4,1
51,Tristan,11,1,being opinionated sometimes,5,4
51,Tristan,11,1,being Black,6,1
51,Tristan,11,1,being a cardiologist,7,7
51,Tristan,11,1,enjoying listening to country music,8,7
51,Tristan,11,1,being impatient sometimes,9,5
51,Tristan,11,1,having worked for over ten years at the same hospital,10,5
51,Tristan,11,1,reviewing Annie's medical history and symptoms,11,7
51,Tristan,11,1,checking Annie's vitals,12,7
51,Tristan,11,1,ordering Annie an electrocardiogram (ECG/EKG),13,7
51,Tristan,11,1,not ordering any other heart tests,14,7
51,Tristan,11,1,not ordering a mammogram,15,7
