id,story,story_order,attention,feature,feature_order,response
1,Flora,1,1,been a counselor,1,1
1,Flora,1,1,been an empathetic person,2,0
1,Flora,1,1,been legally blind,3,0
1,Flora,1,1,been female,4,0
1,Flora,1,1,used a white cane to guide themselves,5,0
1,Flora,1,1,been 32 years old,6,0
1,Flora,1,1,been Asian,7,0
1,Flora,1,1,been an early riser,8,0
1,Flora,1,1,composed music in their free time,9,0
1,Flora,1,1,enjoyed gardening,10,0
1,Flora,1,1,gone to a neighbor's house for dinner,11,0
1,Flora,1,1,used their white cane while walking home,12,0
1,Flora,1,1,not called for help,13,0
1,Flora,1,1,had their white cane slip between Paul's legs,14,0
1,Flora,1,1,stepped on Paul's torso,15,0
1,Edward,2,1,been single,1,0
1,Edward,2,1,been an ambitious person,2,0
1,Edward,2,1,been 24 years old,3,0
1,Edward,2,1,enjoyed browsing Twitter,4,1
1,Edward,2,1,been male,5,0
1,Edward,2,1,been White,6,0
1,Edward,2,1,been a clinical research assistant,7,0
1,Edward,2,1,been a studious person,8,0
1,Edward,2,1,enjoyed reading science fiction,9,0
1,Edward,2,1,been an experienced driver,10,0
1,Edward,2,1,not muted phone notifications while driving,11,0
1,Edward,2,1,not sped,12,0
1,Edward,2,1,checked that there were no other cars nearby,13,0
1,Edward,2,1,taken a peek at the text ,14,0
1,Edward,2,1,veered into the cyclist while reading the text,15,0
1,Alfred,3,1,been patriotic,1,1
1,Alfred,3,1,lived alone,2,0
1,Alfred,3,1,had PTSD,3,0
1,Alfred,3,1,been male,4,0
1,Alfred,3,1,been 68 years old,5,0
1,Alfred,3,1,been a veteran,6,0
1,Alfred,3,1,enjoyed fishing,7,0
1,Alfred,3,1,enjoyed Italian cuisine,8,0
1,Alfred,3,1,had a calm personality,9,0
1,Alfred,3,1,been White,10,0
1,Alfred,3,1,taken the subway home,11,0
1,Alfred,3,1,been quiet on the subway,12,0
1,Alfred,3,1,gotten off at the same stop as Oliver,13,0
1,Alfred,3,1,heard loud drilling and yelling from the construction above,14,0
1,Alfred,3,1,physically attacked Oliver,15,0
1,Qian,4,0,been male,1,0
1,Qian,4,0,not smoked,2,1
1,Qian,4,0,enjoyed watching sports,3,0
1,Qian,4,0,been a restaurant waiter,4,0
1,Qian,4,0,been Asian,5,0
1,Qian,4,0,been stubborn sometimes,6,0
1,Qian,4,0,enjoyed jazz music,7,0
1,Qian,4,0,been hard-working,8,0
1,Qian,4,0,been 27 years old,9,0
1,Qian,4,0,had a humorous personality,10,0
1,Qian,4,0,hung out at the local bar with cousins,11,0
1,Qian,4,0,had several drinks over the course of two hours,12,0
1,Qian,4,0,been angered by Wilson's comments,13,0
1,Qian,4,0,not talked back to Wilson,14,0
1,Qian,4,0,pushed Wilson to the ground,15,0
1,Julia,5,0,enjoyed watching TV shows,1,0
1,Julia,5,0,studied psychology,2,0
1,Julia,5,0,babysat on the weekends,3,0
1,Julia,5,0,been a college student,4,0
1,Julia,5,0,been a courteous person,5,0
1,Julia,5,0,been sensitive sometimes,6,0
1,Julia,5,0,been female,7,0
1,Julia,5,0,been 19 years old,8,0
1,Julia,5,0,had asthma,9,0
1,Julia,5,0,been multiracial,10,1
1,Julia,5,0,read children's books with Benji,11,0
1,Julia,5,0,picked up their partner's call while filling the bathtub,12,0
1,Julia,5,0,felt hurt after learning about the cheating,13,0
1,Julia,5,0,left the bathroom to talk to their partner,14,0
1,Julia,5,0,sat for a few minutes after hanging up,15,0
1,Chris,6,1,enjoyed swimming,1,0
1,Chris,6,1,admired his father,2,0
1,Chris,6,1,been 10 years old,3,0
1,Chris,6,1,been White,4,0
1,Chris,6,1,weighed 70 lbs,5,0
1,Chris,6,1,been male,6,0
1,Chris,6,1,been a picky eater,7,1
1,Chris,6,1,had an average IQ,8,0
1,Chris,6,1,had a curious personality,9,0
1,Chris,6,1,enjoyed playing hide-and-seek,10,0
1,Chris,6,1,invited friends over to play,11,0
1,Chris,6,1,hid in the hall closet,12,0
1,Chris,6,1,found the key in their father's jacket pocket,13,0
1,Chris,6,1,opened the gun cabinet with the key,14,0
1,Chris,6,1,picked up a pistol to play with,15,0
1,Darla,7,1,had an absent-minded personality,1,0
1,Darla,7,1,been nearsighted,2,0
1,Darla,7,1,worked with Pamela for many years,3,0
1,Darla,7,1,been 32 years old,4,0
1,Darla,7,1,enjoyed cooking,5,0
1,Darla,7,1,been female,6,0
1,Darla,7,1,communicated and interacted well with children,7,0
1,Darla,7,1,ran a home daycare business,8,0
1,Darla,7,1,been Black,9,0
1,Darla,7,1,had a laid-back personality,10,0
1,Darla,7,1,lived in a tornado-affected area,11,0
1,Darla,7,1,played games with the children,12,0
1,Darla,7,1,played loud upbeat music with the children,13,1
1,Darla,7,1,focused on the children,14,0
1,Darla,7,1,not heard the tornado sirens,15,0
1,Melvin,8,1,been a farmer,1,0
1,Melvin,8,1,been White,2,0
1,Melvin,8,1,had a cheerful personality,3,0
1,Melvin,8,1,been 45 years old,4,0
1,Melvin,8,1,been stingy sometimes,5,0
1,Melvin,8,1,been male,6,0
1,Melvin,8,1,enjoyed listening to rock music,7,1
1,Melvin,8,1,grown hay,8,0
1,Melvin,8,1,had high blood pressure,9,0
1,Melvin,8,1,grown corn,10,0
1,Melvin,8,1,built their barn near the border with Vincent's property,11,0
1,Melvin,8,1,been concerned with hayfires,12,0
1,Melvin,8,1,considered buying hay-drying equipment,13,0
1,Melvin,8,1,met with consultants,14,0
1,Melvin,8,1,decided not to buy hay-drying equipment,15,0
1,Nadia,9,0,had red hair,1,0
1,Nadia,9,0,collected vinyl records,2,1
1,Nadia,9,0,been female,3,0
1,Nadia,9,0,been a software engineer,4,0
1,Nadia,9,0,been a timid person,5,0
1,Nadia,9,0,been White,6,0
1,Nadia,9,0,enjoyed oil painting,7,0
1,Nadia,9,0,been an organized person,8,0
1,Nadia,9,0,attended couples therapy years ago,9,0
1,Nadia,9,0,been 34 years old,10,0
1,Nadia,9,0,gone to the emergency room for bruises,11,0
1,Nadia,9,0,not sought help after the emergency room incident,12,0
1,Nadia,9,0,been scared when Franklin screamed,13,0
1,Nadia,9,0,grabbed the revolver,14,0
1,Nadia,9,0,shot Franklin with the revolver,15,0
1,Ava,10,1,been an artist,1,0
1,Ava,10,1,been a compassionate person,2,0
1,Ava,10,1,been friends with Peter for many years,3,0
1,Ava,10,1,regularly drank coffee,4,0
1,Ava,10,1,had a peanut allergy,5,0
1,Ava,10,1,often driven Peter to appointments and errands,6,0
1,Ava,10,1,enjoyed going to music concerts,7,0
1,Ava,10,1,been female,8,0
1,Ava,10,1,been 26 years old,9,0
1,Ava,10,1,been Native American,10,0
1,Ava,10,1,done their annual car maintenance,11,1
1,Ava,10,1,driven under the speed limit,12,0
1,Ava,10,1,listened to the radio while driving,13,0
1,Ava,10,1,been startled by the deer,14,0
1,Ava,10,1,slammed the brakes after seeing the deer,15,0
1,Tristan,11,1,been impatient sometimes,1,0
1,Tristan,11,1,enjoyed listening to country music,2,0
1,Tristan,11,1,been 43 years old,3,0
1,Tristan,11,1,been Christian,4,0
1,Tristan,11,1,been extroverted and outgoing,5,0
1,Tristan,11,1,been Black,6,0
1,Tristan,11,1,been opinionated sometimes,7,0
1,Tristan,11,1,been male,8,0
1,Tristan,11,1,been a cardiologist,9,0
1,Tristan,11,1,worked for over ten years at the same hospital,10,1
1,Tristan,11,1,reviewed Annie's medical history and symptoms,11,0
1,Tristan,11,1,checked Annie's vitals,12,0
1,Tristan,11,1,ordered Annie an electrocardiogram (ECG/EKG),13,0
1,Tristan,11,1,not ordered any other heart tests,14,0
1,Tristan,11,1,not ordered a mammogram,15,0
2,Melvin,1,1,been a farmer,1,0
2,Melvin,1,1,been 45 years old,2,0
2,Melvin,1,1,been White,3,0
2,Melvin,1,1,been male,4,0
2,Melvin,1,1,been stingy sometimes,5,0
2,Melvin,1,1,had a cheerful personality,6,0
2,Melvin,1,1,had high blood pressure,7,0
2,Melvin,1,1,grown corn,8,0
2,Melvin,1,1,grown hay,9,0
2,Melvin,1,1,enjoyed listening to rock music,10,0
2,Melvin,1,1,built their barn near the border with Vincent's property,11,0
2,Melvin,1,1,been concerned with hayfires,12,0
2,Melvin,1,1,considered buying hay-drying equipment,13,0
2,Melvin,1,1,met with consultants,14,0
2,Melvin,1,1,decided not to buy hay-drying equipment,15,1
2,Tristan,2,1,been 43 years old,1,0
2,Tristan,2,1,been Christian,2,1
2,Tristan,2,1,been Black,3,0
2,Tristan,2,1,been opinionated sometimes,4,0
2,Tristan,2,1,been impatient sometimes,5,0
2,Tristan,2,1,been a cardiologist,6,0
2,Tristan,2,1,enjoyed listening to country music,7,0
2,Tristan,2,1,been male,8,0
2,Tristan,2,1,been extroverted and outgoing,9,0
2,Tristan,2,1,worked for over ten years at the same hospital,10,0
2,Tristan,2,1,reviewed Annie's medical history and symptoms,11,0
2,Tristan,2,1,checked Annie's vitals,12,0
2,Tristan,2,1,ordered Annie an electrocardiogram (ECG/EKG),13,0
2,Tristan,2,1,not ordered any other heart tests,14,1
2,Tristan,2,1,not ordered a mammogram,15,1
2,Edward,3,1,enjoyed reading science fiction,1,0
2,Edward,3,1,been a studious person,2,0
2,Edward,3,1,been an experienced driver,3,0
2,Edward,3,1,been White,4,0
2,Edward,3,1,been 24 years old,5,0
2,Edward,3,1,been a clinical research assistant,6,0
2,Edward,3,1,been male,7,0
2,Edward,3,1,been an ambitious person,8,0
2,Edward,3,1,been single,9,0
2,Edward,3,1,enjoyed browsing Twitter,10,0
2,Edward,3,1,not muted phone notifications while driving,11,0
2,Edward,3,1,not sped,12,0
2,Edward,3,1,checked that there were no other cars nearby,13,0
2,Edward,3,1,taken a peek at the text ,14,1
2,Edward,3,1,veered into the cyclist while reading the text,15,1
2,Nadia,4,0,collected vinyl records,1,0
2,Nadia,4,0,been a software engineer,2,0
2,Nadia,4,0,been a timid person,3,0
2,Nadia,4,0,attended couples therapy years ago,4,0
2,Nadia,4,0,enjoyed oil painting,5,0
2,Nadia,4,0,been White,6,0
2,Nadia,4,0,been female,7,0
2,Nadia,4,0,been an organized person,8,0
2,Nadia,4,0,had red hair,9,0
2,Nadia,4,0,been 34 years old,10,0
2,Nadia,4,0,gone to the emergency room for bruises,11,0
2,Nadia,4,0,not sought help after the emergency room incident,12,1
2,Nadia,4,0,been scared when Franklin screamed,13,0
2,Nadia,4,0,grabbed the revolver,14,0
2,Nadia,4,0,shot Franklin with the revolver,15,0
2,Alfred,5,0,had PTSD,1,0
2,Alfred,5,0,been patriotic,2,0
2,Alfred,5,0,been a veteran,3,0
2,Alfred,5,0,had a calm personality,4,0
2,Alfred,5,0,been White,5,0
2,Alfred,5,0,enjoyed fishing,6,0
2,Alfred,5,0,been male,7,0
2,Alfred,5,0,been 68 years old,8,0
2,Alfred,5,0,lived alone,9,0
2,Alfred,5,0,enjoyed Italian cuisine,10,0
2,Alfred,5,0,taken the subway home,11,0
2,Alfred,5,0,been quiet on the subway,12,0
2,Alfred,5,0,gotten off at the same stop as Oliver,13,0
2,Alfred,5,0,heard loud drilling and yelling from the construction above,14,0
2,Alfred,5,0,physically attacked Oliver,15,1
2,Flora,6,1,been an empathetic person,1,0
2,Flora,6,1,been a counselor,2,0
2,Flora,6,1,used a white cane to guide themselves,3,0
2,Flora,6,1,been legally blind,4,0
2,Flora,6,1,composed music in their free time,5,0
2,Flora,6,1,been female,6,0
2,Flora,6,1,been 32 years old,7,0
2,Flora,6,1,enjoyed gardening,8,0
2,Flora,6,1,been an early riser,9,0
2,Flora,6,1,been Asian,10,0
2,Flora,6,1,gone to a neighbor's house for dinner,11,0
2,Flora,6,1,used their white cane while walking home,12,0
2,Flora,6,1,not called for help,13,0
2,Flora,6,1,had their white cane slip between Paul's legs,14,0
2,Flora,6,1,stepped on Paul's torso,15,0
2,Qian,7,0,been hard-working,1,0
2,Qian,7,0,had a humorous personality,2,0
2,Qian,7,0,been Asian,3,0
2,Qian,7,0,enjoyed jazz music,4,0
2,Qian,7,0,been a restaurant waiter,5,0
2,Qian,7,0,not smoked,6,0
2,Qian,7,0,enjoyed watching sports,7,0
2,Qian,7,0,been stubborn sometimes,8,0
2,Qian,7,0,been male,9,0
2,Qian,7,0,been 27 years old,10,0
2,Qian,7,0,hung out at the local bar with cousins,11,0
2,Qian,7,0,had several drinks over the course of two hours,12,0
2,Qian,7,0,been angered by Wilson's comments,13,0
2,Qian,7,0,not talked back to Wilson,14,0
2,Qian,7,0,pushed Wilson to the ground,15,0
2,Chris,8,1,had an average IQ,1,0
2,Chris,8,1,enjoyed playing hide-and-seek,2,0
2,Chris,8,1,had a curious personality,3,0
2,Chris,8,1,enjoyed swimming,4,0
2,Chris,8,1,been male,5,0
2,Chris,8,1,been 10 years old,6,0
2,Chris,8,1,weighed 70 lbs,7,0
2,Chris,8,1,admired his father,8,0
2,Chris,8,1,been a picky eater,9,0
2,Chris,8,1,been White,10,0
2,Chris,8,1,invited friends over to play,11,0
2,Chris,8,1,hid in the hall closet,12,0
2,Chris,8,1,found the key in their father's jacket pocket,13,0
2,Chris,8,1,opened the gun cabinet with the key,14,1
2,Chris,8,1,picked up a pistol to play with,15,1
2,Julia,9,0,babysat on the weekends,1,0
2,Julia,9,0,been 19 years old,2,0
2,Julia,9,0,been female,3,0
2,Julia,9,0,been multiracial,4,0
2,Julia,9,0,been a courteous person,5,0
2,Julia,9,0,been sensitive sometimes,6,0
2,Julia,9,0,enjoyed watching TV shows,7,0
2,Julia,9,0,studied psychology,8,0
2,Julia,9,0,had asthma,9,0
2,Julia,9,0,been a college student,10,0
2,Julia,9,0,read children's books with Benji,11,0
2,Julia,9,0,picked up their partner's call while filling the bathtub,12,0
2,Julia,9,0,felt hurt after learning about the cheating,13,0
2,Julia,9,0,left the bathroom to talk to their partner,14,1
2,Julia,9,0,sat for a few minutes after hanging up,15,1
2,Darla,10,0,been Black,1,0
2,Darla,10,0,ran a home daycare business,2,0
2,Darla,10,0,been nearsighted,3,0
2,Darla,10,0,worked with Pamela for many years,4,0
2,Darla,10,0,been 32 years old,5,0
2,Darla,10,0,enjoyed cooking,6,0
2,Darla,10,0,had an absent-minded personality,7,1
2,Darla,10,0,been female,8,0
2,Darla,10,0,communicated and interacted well with children,9,0
2,Darla,10,0,had a laid-back personality,10,0
2,Darla,10,0,lived in a tornado-affected area,11,0
2,Darla,10,0,played games with the children,12,0
2,Darla,10,0,played loud upbeat music with the children,13,0
2,Darla,10,0,focused on the children,14,0
2,Darla,10,0,not heard the tornado sirens,15,1
2,Ava,11,1,been Native American,1,0
2,Ava,11,1,regularly drank coffee,2,0
2,Ava,11,1,been 26 years old,3,0
2,Ava,11,1,had a peanut allergy,4,0
2,Ava,11,1,been an artist,5,0
2,Ava,11,1,enjoyed going to music concerts,6,0
2,Ava,11,1,been female,7,0
2,Ava,11,1,been a compassionate person,8,0
2,Ava,11,1,been friends with Peter for many years,9,0
2,Ava,11,1,often driven Peter to appointments and errands,10,0
2,Ava,11,1,done their annual car maintenance,11,0
2,Ava,11,1,driven under the speed limit,12,0
2,Ava,11,1,listened to the radio while driving,13,0
2,Ava,11,1,been startled by the deer,14,0
2,Ava,11,1,slammed the brakes after seeing the deer,15,0
3,Nadia,1,0,been a software engineer,1,0
3,Nadia,1,0,been 34 years old,2,0
3,Nadia,1,0,been female,3,0
3,Nadia,1,0,been an organized person,4,0
3,Nadia,1,0,been White,5,0
3,Nadia,1,0,been a timid person,6,0
3,Nadia,1,0,attended couples therapy years ago,7,0
3,Nadia,1,0,enjoyed oil painting,8,0
3,Nadia,1,0,collected vinyl records,9,0
3,Nadia,1,0,had red hair,10,0
3,Nadia,1,0,gone to the emergency room for bruises,11,0
3,Nadia,1,0,not sought help after the emergency room incident,12,0
3,Nadia,1,0,been scared when Franklin screamed,13,0
3,Nadia,1,0,grabbed the revolver,14,0
3,Nadia,1,0,shot Franklin with the revolver,15,0
3,Ava,2,1,been female,1,0
3,Ava,2,1,often driven Peter to appointments and errands,2,0
3,Ava,2,1,been Native American,3,0
3,Ava,2,1,been a compassionate person,4,0
3,Ava,2,1,enjoyed going to music concerts,5,0
3,Ava,2,1,been friends with Peter for many years,6,0
3,Ava,2,1,had a peanut allergy,7,0
3,Ava,2,1,been an artist,8,0
3,Ava,2,1,regularly drank coffee,9,0
3,Ava,2,1,been 26 years old,10,0
3,Ava,2,1,done their annual car maintenance,11,0
3,Ava,2,1,driven under the speed limit,12,0
3,Ava,2,1,listened to the radio while driving,13,0
3,Ava,2,1,been startled by the deer,14,0
3,Ava,2,1,slammed the brakes after seeing the deer,15,0
3,Darla,3,0,been 32 years old,1,0
3,Darla,3,0,had a laid-back personality,2,0
3,Darla,3,0,had an absent-minded personality,3,0
3,Darla,3,0,been female,4,0
3,Darla,3,0,enjoyed cooking,5,0
3,Darla,3,0,been Black,6,0
3,Darla,3,0,ran a home daycare business,7,0
3,Darla,3,0,been nearsighted,8,0
3,Darla,3,0,communicated and interacted well with children,9,0
3,Darla,3,0,worked with Pamela for many years,10,0
3,Darla,3,0,lived in a tornado-affected area,11,1
3,Darla,3,0,played games with the children,12,0
3,Darla,3,0,played loud upbeat music with the children,13,0
3,Darla,3,0,focused on the children,14,0
3,Darla,3,0,not heard the tornado sirens,15,1
3,Flora,4,1,been an empathetic person,1,0
3,Flora,4,1,used a white cane to guide themselves,2,0
3,Flora,4,1,been 32 years old,3,0
3,Flora,4,1,been a counselor,4,0
3,Flora,4,1,composed music in their free time,5,0
3,Flora,4,1,been Asian,6,0
3,Flora,4,1,been legally blind,7,0
3,Flora,4,1,been female,8,0
3,Flora,4,1,enjoyed gardening,9,0
3,Flora,4,1,been an early riser,10,0
3,Flora,4,1,gone to a neighbor's house for dinner,11,0
3,Flora,4,1,used their white cane while walking home,12,0
3,Flora,4,1,not called for help,13,0
3,Flora,4,1,had their white cane slip between Paul's legs,14,0
3,Flora,4,1,stepped on Paul's torso,15,0
3,Qian,5,0,had a humorous personality,1,0
3,Qian,5,0,enjoyed jazz music,2,0
3,Qian,5,0,been Asian,3,0
3,Qian,5,0,not smoked,4,0
3,Qian,5,0,been male,5,0
3,Qian,5,0,been a restaurant waiter,6,0
3,Qian,5,0,been stubborn sometimes,7,0
3,Qian,5,0,enjoyed watching sports,8,0
3,Qian,5,0,been hard-working,9,0
3,Qian,5,0,been 27 years old,10,0
3,Qian,5,0,hung out at the local bar with cousins,11,0
3,Qian,5,0,had several drinks over the course of two hours,12,0
3,Qian,5,0,been angered by Wilson's comments,13,0
3,Qian,5,0,not talked back to Wilson,14,0
3,Qian,5,0,pushed Wilson to the ground,15,0
3,Edward,6,1,enjoyed browsing Twitter,1,0
3,Edward,6,1,been an experienced driver,2,0
3,Edward,6,1,been a studious person,3,0
3,Edward,6,1,been an ambitious person,4,0
3,Edward,6,1,been male,5,0
3,Edward,6,1,been White,6,0
3,Edward,6,1,enjoyed reading science fiction,7,0
3,Edward,6,1,been single,8,0
3,Edward,6,1,been a clinical research assistant,9,0
3,Edward,6,1,been 24 years old,10,0
3,Edward,6,1,not muted phone notifications while driving,11,0
3,Edward,6,1,not sped,12,0
3,Edward,6,1,checked that there were no other cars nearby,13,0
3,Edward,6,1,taken a peek at the text ,14,1
3,Edward,6,1,veered into the cyclist while reading the text,15,1
3,Melvin,7,1,had a cheerful personality,1,0
3,Melvin,7,1,grown corn,2,0
3,Melvin,7,1,had high blood pressure,3,0
3,Melvin,7,1,been a farmer,4,0
3,Melvin,7,1,been stingy sometimes,5,0
3,Melvin,7,1,been male,6,0
3,Melvin,7,1,grown hay,7,0
3,Melvin,7,1,been 45 years old,8,0
3,Melvin,7,1,been White,9,0
3,Melvin,7,1,enjoyed listening to rock music,10,0
3,Melvin,7,1,built their barn near the border with Vincent's property,11,0
3,Melvin,7,1,been concerned with hayfires,12,0
3,Melvin,7,1,considered buying hay-drying equipment,13,0
3,Melvin,7,1,met with consultants,14,0
3,Melvin,7,1,decided not to buy hay-drying equipment,15,0
3,Alfred,8,1,been patriotic,1,0
3,Alfred,8,1,been White,2,0
3,Alfred,8,1,been a veteran,3,0
3,Alfred,8,1,had PTSD,4,0
3,Alfred,8,1,enjoyed fishing,5,0
3,Alfred,8,1,been male,6,0
3,Alfred,8,1,enjoyed Italian cuisine,7,0
3,Alfred,8,1,had a calm personality,8,0
3,Alfred,8,1,been 68 years old,9,0
3,Alfred,8,1,lived alone,10,0
3,Alfred,8,1,taken the subway home,11,0
3,Alfred,8,1,been quiet on the subway,12,0
3,Alfred,8,1,gotten off at the same stop as Oliver,13,0
3,Alfred,8,1,heard loud drilling and yelling from the construction above,14,0
3,Alfred,8,1,physically attacked Oliver,15,1
3,Tristan,9,1,been opinionated sometimes,1,0
3,Tristan,9,1,been extroverted and outgoing,2,0
3,Tristan,9,1,been Christian,3,0
3,Tristan,9,1,been 43 years old,4,0
3,Tristan,9,1,been Black,5,0
3,Tristan,9,1,been impatient sometimes,6,0
3,Tristan,9,1,worked for over ten years at the same hospital,7,0
3,Tristan,9,1,been a cardiologist,8,0
3,Tristan,9,1,enjoyed listening to country music,9,0
3,Tristan,9,1,been male,10,0
3,Tristan,9,1,reviewed Annie's medical history and symptoms,11,0
3,Tristan,9,1,checked Annie's vitals,12,0
3,Tristan,9,1,ordered Annie an electrocardiogram (ECG/EKG),13,0
3,Tristan,9,1,not ordered any other heart tests,14,1
3,Tristan,9,1,not ordered a mammogram,15,1
3,Chris,10,1,had a curious personality,1,0
3,Chris,10,1,had an average IQ,2,0
3,Chris,10,1,enjoyed playing hide-and-seek,3,0
3,Chris,10,1,been a picky eater,4,0
3,Chris,10,1,weighed 70 lbs,5,0
3,Chris,10,1,been male,6,0
3,Chris,10,1,been White,7,0
3,Chris,10,1,enjoyed swimming,8,0
3,Chris,10,1,admired his father,9,0
3,Chris,10,1,been 10 years old,10,0
3,Chris,10,1,invited friends over to play,11,0
3,Chris,10,1,hid in the hall closet,12,0
3,Chris,10,1,found the key in their father's jacket pocket,13,0
3,Chris,10,1,opened the gun cabinet with the key,14,1
3,Chris,10,1,picked up a pistol to play with,15,1
3,Julia,11,0,studied psychology,1,0
3,Julia,11,0,been a courteous person,2,0
3,Julia,11,0,been female,3,0
3,Julia,11,0,been multiracial,4,0
3,Julia,11,0,been 19 years old,5,0
3,Julia,11,0,been sensitive sometimes,6,0
3,Julia,11,0,babysat on the weekends,7,0
3,Julia,11,0,been a college student,8,0
3,Julia,11,0,had asthma,9,0
3,Julia,11,0,enjoyed watching TV shows,10,0
3,Julia,11,0,read children's books with Benji,11,0
3,Julia,11,0,picked up their partner's call while filling the bathtub,12,0
3,Julia,11,0,felt hurt after learning about the cheating,13,0
3,Julia,11,0,left the bathroom to talk to their partner,14,0
3,Julia,11,0,sat for a few minutes after hanging up,15,0
4,Ava,1,1,enjoyed going to music concerts,1,0
4,Ava,1,1,regularly drank coffee,2,0
4,Ava,1,1,had a peanut allergy,3,0
4,Ava,1,1,been 26 years old,4,0
4,Ava,1,1,been Native American,5,0
4,Ava,1,1,been a compassionate person,6,0
4,Ava,1,1,been female,7,0
4,Ava,1,1,been friends with Peter for many years,8,0
4,Ava,1,1,been an artist,9,0
4,Ava,1,1,often driven Peter to appointments and errands,10,0
4,Ava,1,1,done their annual car maintenance,11,0
4,Ava,1,1,driven under the speed limit,12,0
4,Ava,1,1,listened to the radio while driving,13,0
4,Ava,1,1,been startled by the deer,14,0
4,Ava,1,1,slammed the brakes after seeing the deer,15,0
4,Qian,2,0,had a humorous personality,1,0
4,Qian,2,0,enjoyed jazz music,2,0
4,Qian,2,0,been a restaurant waiter,3,0
4,Qian,2,0,been stubborn sometimes,4,0
4,Qian,2,0,been male,5,0
4,Qian,2,0,been 27 years old,6,0
4,Qian,2,0,been Asian,7,0
4,Qian,2,0,not smoked,8,0
4,Qian,2,0,been hard-working,9,0
4,Qian,2,0,enjoyed watching sports,10,0
4,Qian,2,0,hung out at the local bar with cousins,11,0
4,Qian,2,0,had several drinks over the course of two hours,12,0
4,Qian,2,0,been angered by Wilson's comments,13,0
4,Qian,2,0,not talked back to Wilson,14,0
4,Qian,2,0,pushed Wilson to the ground,15,1
4,Nadia,3,0,enjoyed oil painting,1,0
4,Nadia,3,0,been female,2,0
4,Nadia,3,0,been White,3,0
4,Nadia,3,0,collected vinyl records,4,0
4,Nadia,3,0,been 34 years old,5,0
4,Nadia,3,0,attended couples therapy years ago,6,0
4,Nadia,3,0,had red hair,7,0
4,Nadia,3,0,been an organized person,8,0
4,Nadia,3,0,been a timid person,9,0
4,Nadia,3,0,been a software engineer,10,0
4,Nadia,3,0,gone to the emergency room for bruises,11,0
4,Nadia,3,0,not sought help after the emergency room incident,12,0
4,Nadia,3,0,been scared when Franklin screamed,13,0
4,Nadia,3,0,grabbed the revolver,14,0
4,Nadia,3,0,shot Franklin with the revolver,15,0
4,Chris,4,1,had an average IQ,1,0
4,Chris,4,1,enjoyed swimming,2,0
4,Chris,4,1,been male,3,0
4,Chris,4,1,been 10 years old,4,0
4,Chris,4,1,enjoyed playing hide-and-seek,5,0
4,Chris,4,1,weighed 70 lbs,6,0
4,Chris,4,1,had a curious personality,7,0
4,Chris,4,1,been a picky eater,8,0
4,Chris,4,1,been White,9,0
4,Chris,4,1,admired his father,10,0
4,Chris,4,1,invited friends over to play,11,0
4,Chris,4,1,hid in the hall closet,12,0
4,Chris,4,1,found the key in their father's jacket pocket,13,0
4,Chris,4,1,opened the gun cabinet with the key,14,1
4,Chris,4,1,picked up a pistol to play with,15,1
4,Flora,5,1,enjoyed gardening,1,0
4,Flora,5,1,been female,2,0
4,Flora,5,1,been a counselor,3,0
4,Flora,5,1,been legally blind,4,0
4,Flora,5,1,used a white cane to guide themselves,5,0
4,Flora,5,1,been an early riser,6,0
4,Flora,5,1,been an empathetic person,7,0
4,Flora,5,1,been Asian,8,0
4,Flora,5,1,composed music in their free time,9,0
4,Flora,5,1,been 32 years old,10,0
4,Flora,5,1,gone to a neighbor's house for dinner,11,0
4,Flora,5,1,used their white cane while walking home,12,0
4,Flora,5,1,not called for help,13,0
4,Flora,5,1,had their white cane slip between Paul's legs,14,0
4,Flora,5,1,stepped on Paul's torso,15,0
4,Darla,6,0,been female,1,0
4,Darla,6,0,been Black,2,0
4,Darla,6,0,ran a home daycare business,3,0
4,Darla,6,0,been 32 years old,4,0
4,Darla,6,0,been nearsighted,5,0
4,Darla,6,0,communicated and interacted well with children,6,0
4,Darla,6,0,worked with Pamela for many years,7,0
4,Darla,6,0,had a laid-back personality,8,0
4,Darla,6,0,enjoyed cooking,9,0
4,Darla,6,0,had an absent-minded personality,10,0
4,Darla,6,0,lived in a tornado-affected area,11,0
4,Darla,6,0,played games with the children,12,0
4,Darla,6,0,played loud upbeat music with the children,13,0
4,Darla,6,0,focused on the children,14,0
4,Darla,6,0,not heard the tornado sirens,15,0
4,Edward,7,1,been a clinical research assistant,1,0
4,Edward,7,1,been male,2,0
4,Edward,7,1,been an experienced driver,3,0
4,Edward,7,1,been single,4,0
4,Edward,7,1,enjoyed browsing Twitter,5,0
4,Edward,7,1,been a studious person,6,0
4,Edward,7,1,been an ambitious person,7,0
4,Edward,7,1,enjoyed reading science fiction,8,0
4,Edward,7,1,been White,9,0
4,Edward,7,1,been 24 years old,10,0
4,Edward,7,1,not muted phone notifications while driving,11,0
4,Edward,7,1,not sped,12,0
4,Edward,7,1,checked that there were no other cars nearby,13,0
4,Edward,7,1,taken a peek at the text ,14,0
4,Edward,7,1,veered into the cyclist while reading the text,15,1
4,Tristan,8,1,been extroverted and outgoing,1,0
4,Tristan,8,1,been impatient sometimes,2,0
4,Tristan,8,1,been Christian,3,0
4,Tristan,8,1,enjoyed listening to country music,4,0
4,Tristan,8,1,been Black,5,0
4,Tristan,8,1,been 43 years old,6,0
4,Tristan,8,1,worked for over ten years at the same hospital,7,0
4,Tristan,8,1,been opinionated sometimes,8,0
4,Tristan,8,1,been a cardiologist,9,0
4,Tristan,8,1,been male,10,0
4,Tristan,8,1,reviewed Annie's medical history and symptoms,11,0
4,Tristan,8,1,checked Annie's vitals,12,0
4,Tristan,8,1,ordered Annie an electrocardiogram (ECG/EKG),13,0
4,Tristan,8,1,not ordered any other heart tests,14,1
4,Tristan,8,1,not ordered a mammogram,15,0
4,Melvin,9,1,had high blood pressure,1,0
4,Melvin,9,1,grown hay,2,0
4,Melvin,9,1,enjoyed listening to rock music,3,0
4,Melvin,9,1,been male,4,0
4,Melvin,9,1,been 45 years old,5,0
4,Melvin,9,1,had a cheerful personality,6,0
4,Melvin,9,1,been White,7,0
4,Melvin,9,1,grown corn,8,0
4,Melvin,9,1,been stingy sometimes,9,0
4,Melvin,9,1,been a farmer,10,0
4,Melvin,9,1,built their barn near the border with Vincent's property,11,0
4,Melvin,9,1,been concerned with hayfires,12,0
4,Melvin,9,1,considered buying hay-drying equipment,13,0
4,Melvin,9,1,met with consultants,14,0
4,Melvin,9,1,decided not to buy hay-drying equipment,15,0
4,Alfred,10,1,enjoyed Italian cuisine,1,0
4,Alfred,10,1,lived alone,2,0
4,Alfred,10,1,been 68 years old,3,0
4,Alfred,10,1,been male,4,0
4,Alfred,10,1,had PTSD,5,0
4,Alfred,10,1,been patriotic,6,0
4,Alfred,10,1,had a calm personality,7,0
4,Alfred,10,1,been White,8,0
4,Alfred,10,1,enjoyed fishing,9,0
4,Alfred,10,1,been a veteran,10,0
4,Alfred,10,1,taken the subway home,11,0
4,Alfred,10,1,been quiet on the subway,12,0
4,Alfred,10,1,gotten off at the same stop as Oliver,13,0
4,Alfred,10,1,heard loud drilling and yelling from the construction above,14,0
4,Alfred,10,1,physically attacked Oliver,15,1
4,Julia,11,0,babysat on the weekends,1,0
4,Julia,11,0,studied psychology,2,0
4,Julia,11,0,been sensitive sometimes,3,0
4,Julia,11,0,enjoyed watching TV shows,4,0
4,Julia,11,0,been 19 years old,5,0
4,Julia,11,0,been a college student,6,0
4,Julia,11,0,been multiracial,7,0
4,Julia,11,0,been a courteous person,8,0
4,Julia,11,0,been female,9,0
4,Julia,11,0,had asthma,10,0
4,Julia,11,0,read children's books with Benji,11,0
4,Julia,11,0,picked up their partner's call while filling the bathtub,12,0
4,Julia,11,0,felt hurt after learning about the cheating,13,0
4,Julia,11,0,left the bathroom to talk to their partner,14,0
4,Julia,11,0,sat for a few minutes after hanging up,15,0
5,Darla,1,0,ran a home daycare business,1,0
5,Darla,1,0,communicated and interacted well with children,2,0
5,Darla,1,0,had a laid-back personality,3,0
5,Darla,1,0,had an absent-minded personality,4,0
5,Darla,1,0,been 32 years old,5,0
5,Darla,1,0,been nearsighted,6,0
5,Darla,1,0,worked with Pamela for many years,7,0
5,Darla,1,0,enjoyed cooking,8,0
5,Darla,1,0,been female,9,0
5,Darla,1,0,been Black,10,0
5,Darla,1,0,lived in a tornado-affected area,11,0
5,Darla,1,0,played games with the children,12,0
5,Darla,1,0,played loud upbeat music with the children,13,1
5,Darla,1,0,focused on the children,14,0
5,Darla,1,0,not heard the tornado sirens,15,1
5,Flora,2,1,enjoyed gardening,1,0
5,Flora,2,1,been 32 years old,2,0
5,Flora,2,1,been legally blind,3,0
5,Flora,2,1,been Asian,4,0
5,Flora,2,1,been an empathetic person,5,0
5,Flora,2,1,been a counselor,6,0
5,Flora,2,1,used a white cane to guide themselves,7,0
5,Flora,2,1,composed music in their free time,8,0
5,Flora,2,1,been female,9,0
5,Flora,2,1,been an early riser,10,0
5,Flora,2,1,gone to a neighbor's house for dinner,11,0
5,Flora,2,1,used their white cane while walking home,12,0
5,Flora,2,1,not called for help,13,0
5,Flora,2,1,had their white cane slip between Paul's legs,14,1
5,Flora,2,1,stepped on Paul's torso,15,1
5,Nadia,3,0,been 34 years old,1,0
5,Nadia,3,0,been a timid person,2,0
5,Nadia,3,0,been White,3,0
5,Nadia,3,0,been a software engineer,4,0
5,Nadia,3,0,attended couples therapy years ago,5,0
5,Nadia,3,0,enjoyed oil painting,6,0
5,Nadia,3,0,collected vinyl records,7,0
5,Nadia,3,0,had red hair,8,0
5,Nadia,3,0,been female,9,0
5,Nadia,3,0,been an organized person,10,0
5,Nadia,3,0,gone to the emergency room for bruises,11,0
5,Nadia,3,0,not sought help after the emergency room incident,12,0
5,Nadia,3,0,been scared when Franklin screamed,13,1
5,Nadia,3,0,grabbed the revolver,14,1
5,Nadia,3,0,shot Franklin with the revolver,15,1
5,Ava,4,1,been friends with Peter for many years,1,0
5,Ava,4,1,been 26 years old,2,0
5,Ava,4,1,regularly drank coffee,3,0
5,Ava,4,1,often driven Peter to appointments and errands,4,0
5,Ava,4,1,been Native American,5,0
5,Ava,4,1,been a compassionate person,6,0
5,Ava,4,1,been an artist,7,0
5,Ava,4,1,had a peanut allergy,8,0
5,Ava,4,1,been female,9,0
5,Ava,4,1,enjoyed going to music concerts,10,0
5,Ava,4,1,done their annual car maintenance,11,0
5,Ava,4,1,driven under the speed limit,12,0
5,Ava,4,1,listened to the radio while driving,13,0
5,Ava,4,1,been startled by the deer,14,0
5,Ava,4,1,slammed the brakes after seeing the deer,15,0
5,Tristan,5,1,enjoyed listening to country music,1,0
5,Tristan,5,1,worked for over ten years at the same hospital,2,0
5,Tristan,5,1,been a cardiologist,3,0
5,Tristan,5,1,been extroverted and outgoing,4,0
5,Tristan,5,1,been Black,5,0
5,Tristan,5,1,been impatient sometimes,6,0
5,Tristan,5,1,been Christian,7,0
5,Tristan,5,1,been 43 years old,8,0
5,Tristan,5,1,been opinionated sometimes,9,0
5,Tristan,5,1,been male,10,0
5,Tristan,5,1,reviewed Annie's medical history and symptoms,11,0
5,Tristan,5,1,checked Annie's vitals,12,0
5,Tristan,5,1,ordered Annie an electrocardiogram (ECG/EKG),13,0
5,Tristan,5,1,not ordered any other heart tests,14,1
5,Tristan,5,1,not ordered a mammogram,15,1
5,Edward,6,1,been single,1,0
5,Edward,6,1,been a clinical research assistant,2,0
5,Edward,6,1,been male,3,0
5,Edward,6,1,enjoyed browsing Twitter,4,0
5,Edward,6,1,been a studious person,5,0
5,Edward,6,1,been 24 years old,6,0
5,Edward,6,1,been an ambitious person,7,0
5,Edward,6,1,been White,8,0
5,Edward,6,1,enjoyed reading science fiction,9,0
5,Edward,6,1,been an experienced driver,10,0
5,Edward,6,1,not muted phone notifications while driving,11,1
5,Edward,6,1,not sped,12,0
5,Edward,6,1,checked that there were no other cars nearby,13,0
5,Edward,6,1,taken a peek at the text ,14,1
5,Edward,6,1,veered into the cyclist while reading the text,15,1
5,Alfred,7,1,been male,1,0
5,Alfred,7,1,lived alone,2,0
5,Alfred,7,1,enjoyed fishing,3,0
5,Alfred,7,1,been 68 years old,4,0
5,Alfred,7,1,been White,5,0
5,Alfred,7,1,enjoyed Italian cuisine,6,0
5,Alfred,7,1,had PTSD,7,0
5,Alfred,7,1,been patriotic,8,0
5,Alfred,7,1,had a calm personality,9,0
5,Alfred,7,1,been a veteran,10,0
5,Alfred,7,1,taken the subway home,11,0
5,Alfred,7,1,been quiet on the subway,12,0
5,Alfred,7,1,gotten off at the same stop as Oliver,13,1
5,Alfred,7,1,heard loud drilling and yelling from the construction above,14,1
5,Alfred,7,1,physically attacked Oliver,15,1
5,Melvin,8,1,had a cheerful personality,1,0
5,Melvin,8,1,been a farmer,2,0
5,Melvin,8,1,had high blood pressure,3,0
5,Melvin,8,1,grown hay,4,0
5,Melvin,8,1,enjoyed listening to rock music,5,0
5,Melvin,8,1,been 45 years old,6,0
5,Melvin,8,1,been male,7,0
5,Melvin,8,1,been stingy sometimes,8,0
5,Melvin,8,1,been White,9,0
5,Melvin,8,1,grown corn,10,0
5,Melvin,8,1,built their barn near the border with Vincent's property,11,1
5,Melvin,8,1,been concerned with hayfires,12,0
5,Melvin,8,1,considered buying hay-drying equipment,13,0
5,Melvin,8,1,met with consultants,14,0
5,Melvin,8,1,decided not to buy hay-drying equipment,15,1
5,Chris,9,0,admired his father,1,0
5,Chris,9,0,been male,2,0
5,Chris,9,0,been a picky eater,3,0
5,Chris,9,0,been 10 years old,4,0
5,Chris,9,0,enjoyed playing hide-and-seek,5,0
5,Chris,9,0,been White,6,0
5,Chris,9,0,had an average IQ,7,0
5,Chris,9,0,weighed 70 lbs,8,0
5,Chris,9,0,had a curious personality,9,1
5,Chris,9,0,enjoyed swimming,10,0
5,Chris,9,0,invited friends over to play,11,0
5,Chris,9,0,hid in the hall closet,12,0
5,Chris,9,0,found the key in their father's jacket pocket,13,1
5,Chris,9,0,opened the gun cabinet with the key,14,1
5,Chris,9,0,picked up a pistol to play with,15,1
5,Julia,10,0,been multiracial,1,0
5,Julia,10,0,enjoyed watching TV shows,2,0
5,Julia,10,0,babysat on the weekends,3,0
5,Julia,10,0,had asthma,4,0
5,Julia,10,0,been female,5,0
5,Julia,10,0,studied psychology,6,0
5,Julia,10,0,been a college student,7,0
5,Julia,10,0,been 19 years old,8,0
5,Julia,10,0,been a courteous person,9,0
5,Julia,10,0,been sensitive sometimes,10,0
5,Julia,10,0,read children's books with Benji,11,0
5,Julia,10,0,picked up their partner's call while filling the bathtub,12,1
5,Julia,10,0,felt hurt after learning about the cheating,13,0
5,Julia,10,0,left the bathroom to talk to their partner,14,1
5,Julia,10,0,sat for a few minutes after hanging up,15,0
5,Qian,11,0,enjoyed jazz music,1,0
5,Qian,11,0,been 27 years old,2,0
5,Qian,11,0,been male,3,0
5,Qian,11,0,been a restaurant waiter,4,0
5,Qian,11,0,not smoked,5,0
5,Qian,11,0,been Asian,6,0
5,Qian,11,0,been stubborn sometimes,7,0
5,Qian,11,0,had a humorous personality,8,0
5,Qian,11,0,enjoyed watching sports,9,0
5,Qian,11,0,been hard-working,10,0
5,Qian,11,0,hung out at the local bar with cousins,11,0
5,Qian,11,0,had several drinks over the course of two hours,12,1
5,Qian,11,0,been angered by Wilson's comments,13,1
5,Qian,11,0,not talked back to Wilson,14,1
5,Qian,11,0,pushed Wilson to the ground,15,1
6,Ava,1,1,regularly drank coffee,1,0
6,Ava,1,1,been friends with Peter for many years,2,0
6,Ava,1,1,been an artist,3,0
6,Ava,1,1,had a peanut allergy,4,0
6,Ava,1,1,been a compassionate person,5,0
6,Ava,1,1,enjoyed going to music concerts,6,0
6,Ava,1,1,been Native American,7,0
6,Ava,1,1,often driven Peter to appointments and errands,8,0
6,Ava,1,1,been female,9,0
6,Ava,1,1,been 26 years old,10,0
6,Ava,1,1,done their annual car maintenance,11,0
6,Ava,1,1,driven under the speed limit,12,0
6,Ava,1,1,listened to the radio while driving,13,0
6,Ava,1,1,been startled by the deer,14,0
6,Ava,1,1,slammed the brakes after seeing the deer,15,0
6,Qian,2,0,been male,1,0
6,Qian,2,0,been a restaurant waiter,2,0
6,Qian,2,0,been 27 years old,3,0
6,Qian,2,0,enjoyed watching sports,4,0
6,Qian,2,0,been Asian,5,0
6,Qian,2,0,had a humorous personality,6,0
6,Qian,2,0,not smoked,7,0
6,Qian,2,0,been stubborn sometimes,8,0
6,Qian,2,0,been hard-working,9,0
6,Qian,2,0,enjoyed jazz music,10,0
6,Qian,2,0,hung out at the local bar with cousins,11,0
6,Qian,2,0,had several drinks over the course of two hours,12,0
6,Qian,2,0,been angered by Wilson's comments,13,0
6,Qian,2,0,not talked back to Wilson,14,0
6,Qian,2,0,pushed Wilson to the ground,15,1
6,Julia,3,0,been sensitive sometimes,1,0
6,Julia,3,0,enjoyed watching TV shows,2,0
6,Julia,3,0,been a courteous person,3,0
6,Julia,3,0,been female,4,0
6,Julia,3,0,been a college student,5,0
6,Julia,3,0,been 19 years old,6,0
6,Julia,3,0,babysat on the weekends,7,0
6,Julia,3,0,been multiracial,8,0
6,Julia,3,0,studied psychology,9,0
6,Julia,3,0,had asthma,10,0
6,Julia,3,0,read children's books with Benji,11,0
6,Julia,3,0,picked up their partner's call while filling the bathtub,12,0
6,Julia,3,0,felt hurt after learning about the cheating,13,0
6,Julia,3,0,left the bathroom to talk to their partner,14,1
6,Julia,3,0,sat for a few minutes after hanging up,15,1
6,Chris,4,1,enjoyed swimming,1,0
6,Chris,4,1,been male,2,0
6,Chris,4,1,been 10 years old,3,0
6,Chris,4,1,enjoyed playing hide-and-seek,4,0
6,Chris,4,1,been White,5,0
6,Chris,4,1,had an average IQ,6,0
6,Chris,4,1,weighed 70 lbs,7,0
6,Chris,4,1,admired his father,8,0
6,Chris,4,1,had a curious personality,9,0
6,Chris,4,1,been a picky eater,10,0
6,Chris,4,1,invited friends over to play,11,0
6,Chris,4,1,hid in the hall closet,12,0
6,Chris,4,1,found the key in their father's jacket pocket,13,0
6,Chris,4,1,opened the gun cabinet with the key,14,0
6,Chris,4,1,picked up a pistol to play with,15,1
6,Alfred,5,1,been White,1,0
6,Alfred,5,1,lived alone,2,0
6,Alfred,5,1,been male,3,0
6,Alfred,5,1,enjoyed Italian cuisine,4,0
6,Alfred,5,1,been 68 years old,5,0
6,Alfred,5,1,enjoyed fishing,6,0
6,Alfred,5,1,been a veteran,7,0
6,Alfred,5,1,had PTSD,8,0
6,Alfred,5,1,had a calm personality,9,0
6,Alfred,5,1,been patriotic,10,0
6,Alfred,5,1,taken the subway home,11,0
6,Alfred,5,1,been quiet on the subway,12,0
6,Alfred,5,1,gotten off at the same stop as Oliver,13,0
6,Alfred,5,1,heard loud drilling and yelling from the construction above,14,0
6,Alfred,5,1,physically attacked Oliver,15,1
6,Edward,6,1,been a studious person,1,0
6,Edward,6,1,been 24 years old,2,0
6,Edward,6,1,been an ambitious person,3,0
6,Edward,6,1,enjoyed browsing Twitter,4,0
6,Edward,6,1,been single,5,0
6,Edward,6,1,been male,6,0
6,Edward,6,1,enjoyed reading science fiction,7,0
6,Edward,6,1,been White,8,0
6,Edward,6,1,been an experienced driver,9,0
6,Edward,6,1,been a clinical research assistant,10,0
6,Edward,6,1,not muted phone notifications while driving,11,0
6,Edward,6,1,not sped,12,0
6,Edward,6,1,checked that there were no other cars nearby,13,0
6,Edward,6,1,taken a peek at the text ,14,1
6,Edward,6,1,veered into the cyclist while reading the text,15,1
6,Darla,7,0,communicated and interacted well with children,1,0
6,Darla,7,0,enjoyed cooking,2,0
6,Darla,7,0,ran a home daycare business,3,0
6,Darla,7,0,had an absent-minded personality,4,0
6,Darla,7,0,worked with Pamela for many years,5,0
6,Darla,7,0,been nearsighted,6,0
6,Darla,7,0,been female,7,0
6,Darla,7,0,been 32 years old,8,0
6,Darla,7,0,been Black,9,0
6,Darla,7,0,had a laid-back personality,10,0
6,Darla,7,0,lived in a tornado-affected area,11,0
6,Darla,7,0,played games with the children,12,0
6,Darla,7,0,played loud upbeat music with the children,13,0
6,Darla,7,0,focused on the children,14,0
6,Darla,7,0,not heard the tornado sirens,15,0
6,Nadia,8,0,been an organized person,1,0
6,Nadia,8,0,been a software engineer,2,0
6,Nadia,8,0,been 34 years old,3,0
6,Nadia,8,0,had red hair,4,0
6,Nadia,8,0,been a timid person,5,0
6,Nadia,8,0,been female,6,0
6,Nadia,8,0,enjoyed oil painting,7,0
6,Nadia,8,0,collected vinyl records,8,0
6,Nadia,8,0,been White,9,0
6,Nadia,8,0,attended couples therapy years ago,10,0
6,Nadia,8,0,gone to the emergency room for bruises,11,0
6,Nadia,8,0,not sought help after the emergency room incident,12,1
6,Nadia,8,0,been scared when Franklin screamed,13,0
6,Nadia,8,0,grabbed the revolver,14,0
6,Nadia,8,0,shot Franklin with the revolver,15,0
6,Melvin,9,1,had a cheerful personality,1,0
6,Melvin,9,1,had high blood pressure,2,0
6,Melvin,9,1,been a farmer,3,0
6,Melvin,9,1,been White,4,0
6,Melvin,9,1,been stingy sometimes,5,0
6,Melvin,9,1,enjoyed listening to rock music,6,0
6,Melvin,9,1,been 45 years old,7,0
6,Melvin,9,1,grown hay,8,0
6,Melvin,9,1,grown corn,9,0
6,Melvin,9,1,been male,10,0
6,Melvin,9,1,built their barn near the border with Vincent's property,11,0
6,Melvin,9,1,been concerned with hayfires,12,0
6,Melvin,9,1,considered buying hay-drying equipment,13,0
6,Melvin,9,1,met with consultants,14,0
6,Melvin,9,1,decided not to buy hay-drying equipment,15,1
6,Tristan,10,1,been male,1,0
6,Tristan,10,1,been a cardiologist,2,0
6,Tristan,10,1,been impatient sometimes,3,0
6,Tristan,10,1,been 43 years old,4,0
6,Tristan,10,1,been Christian,5,0
6,Tristan,10,1,been extroverted and outgoing,6,0
6,Tristan,10,1,been opinionated sometimes,7,0
6,Tristan,10,1,worked for over ten years at the same hospital,8,0
6,Tristan,10,1,been Black,9,0
6,Tristan,10,1,enjoyed listening to country music,10,0
6,Tristan,10,1,reviewed Annie's medical history and symptoms,11,0
6,Tristan,10,1,checked Annie's vitals,12,0
6,Tristan,10,1,ordered Annie an electrocardiogram (ECG/EKG),13,0
6,Tristan,10,1,not ordered any other heart tests,14,1
6,Tristan,10,1,not ordered a mammogram,15,0
6,Flora,11,1,been a counselor,1,0
6,Flora,11,1,been an early riser,2,0
6,Flora,11,1,been Asian,3,0
6,Flora,11,1,composed music in their free time,4,0
6,Flora,11,1,been female,5,0
6,Flora,11,1,been legally blind,6,0
6,Flora,11,1,been 32 years old,7,0
6,Flora,11,1,used a white cane to guide themselves,8,0
6,Flora,11,1,enjoyed gardening,9,0
6,Flora,11,1,been an empathetic person,10,0
6,Flora,11,1,gone to a neighbor's house for dinner,11,0
6,Flora,11,1,used their white cane while walking home,12,0
6,Flora,11,1,not called for help,13,0
6,Flora,11,1,had their white cane slip between Paul's legs,14,0
6,Flora,11,1,stepped on Paul's torso,15,0
7,Melvin,1,0,had high blood pressure,1,0
7,Melvin,1,0,had a cheerful personality,2,0
7,Melvin,1,0,grown hay,3,0
7,Melvin,1,0,been White,4,0
7,Melvin,1,0,grown corn,5,0
7,Melvin,1,0,been stingy sometimes,6,0
7,Melvin,1,0,been a farmer,7,0
7,Melvin,1,0,been male,8,0
7,Melvin,1,0,enjoyed listening to rock music,9,0
7,Melvin,1,0,been 45 years old,10,0
7,Melvin,1,0,built their barn near the border with Vincent's property,11,1
7,Melvin,1,0,been concerned with hayfires,12,0
7,Melvin,1,0,considered buying hay-drying equipment,13,0
7,Melvin,1,0,met with consultants,14,0
7,Melvin,1,0,decided not to buy hay-drying equipment,15,0
7,Ava,2,1,been female,1,0
7,Ava,2,1,been 26 years old,2,0
7,Ava,2,1,been Native American,3,0
7,Ava,2,1,been friends with Peter for many years,4,0
7,Ava,2,1,been an artist,5,0
7,Ava,2,1,often driven Peter to appointments and errands,6,0
7,Ava,2,1,had a peanut allergy,7,0
7,Ava,2,1,regularly drank coffee,8,0
7,Ava,2,1,been a compassionate person,9,0
7,Ava,2,1,enjoyed going to music concerts,10,0
7,Ava,2,1,done their annual car maintenance,11,0
7,Ava,2,1,driven under the speed limit,12,0
7,Ava,2,1,listened to the radio while driving,13,0
7,Ava,2,1,been startled by the deer,14,0
7,Ava,2,1,slammed the brakes after seeing the deer,15,0
7,Nadia,3,0,attended couples therapy years ago,1,0
7,Nadia,3,0,been a software engineer,2,0
7,Nadia,3,0,been 34 years old,3,0
7,Nadia,3,0,enjoyed oil painting,4,0
7,Nadia,3,0,been an organized person,5,0
7,Nadia,3,0,collected vinyl records,6,0
7,Nadia,3,0,been a timid person,7,0
7,Nadia,3,0,had red hair,8,0
7,Nadia,3,0,been White,9,0
7,Nadia,3,0,been female,10,0
7,Nadia,3,0,gone to the emergency room for bruises,11,0
7,Nadia,3,0,not sought help after the emergency room incident,12,0
7,Nadia,3,0,been scared when Franklin screamed,13,0
7,Nadia,3,0,grabbed the revolver,14,1
7,Nadia,3,0,shot Franklin with the revolver,15,0
7,Tristan,4,1,been opinionated sometimes,1,0
7,Tristan,4,1,worked for over ten years at the same hospital,2,0
7,Tristan,4,1,been Black,3,0
7,Tristan,4,1,been 43 years old,4,0
7,Tristan,4,1,been extroverted and outgoing,5,0
7,Tristan,4,1,been Christian,6,0
7,Tristan,4,1,been a cardiologist,7,0
7,Tristan,4,1,been impatient sometimes,8,1
7,Tristan,4,1,been male,9,0
7,Tristan,4,1,enjoyed listening to country music,10,0
7,Tristan,4,1,reviewed Annie's medical history and symptoms,11,0
7,Tristan,4,1,checked Annie's vitals,12,0
7,Tristan,4,1,ordered Annie an electrocardiogram (ECG/EKG),13,0
7,Tristan,4,1,not ordered any other heart tests,14,0
7,Tristan,4,1,not ordered a mammogram,15,1
7,Alfred,5,1,had a calm personality,1,0
7,Alfred,5,1,been White,2,0
7,Alfred,5,1,enjoyed fishing,3,0
7,Alfred,5,1,been patriotic,4,0
7,Alfred,5,1,been a veteran,5,0
7,Alfred,5,1,been 68 years old,6,0
7,Alfred,5,1,enjoyed Italian cuisine,7,0
7,Alfred,5,1,been male,8,0
7,Alfred,5,1,lived alone,9,0
7,Alfred,5,1,had PTSD,10,0
7,Alfred,5,1,taken the subway home,11,0
7,Alfred,5,1,been quiet on the subway,12,0
7,Alfred,5,1,gotten off at the same stop as Oliver,13,1
7,Alfred,5,1,heard loud drilling and yelling from the construction above,14,0
7,Alfred,5,1,physically attacked Oliver,15,1
7,Edward,6,1,been an ambitious person,1,0
7,Edward,6,1,been White,2,0
7,Edward,6,1,been 24 years old,3,0
7,Edward,6,1,been male,4,0
7,Edward,6,1,enjoyed browsing Twitter,5,0
7,Edward,6,1,been a studious person,6,0
7,Edward,6,1,enjoyed reading science fiction,7,0
7,Edward,6,1,been a clinical research assistant,8,0
7,Edward,6,1,been single,9,0
7,Edward,6,1,been an experienced driver,10,0
7,Edward,6,1,not muted phone notifications while driving,11,1
7,Edward,6,1,not sped,12,0
7,Edward,6,1,checked that there were no other cars nearby,13,0
7,Edward,6,1,taken a peek at the text ,14,1
7,Edward,6,1,veered into the cyclist while reading the text,15,0
7,Flora,7,1,used a white cane to guide themselves,1,0
7,Flora,7,1,been a counselor,2,0
7,Flora,7,1,been an empathetic person,3,0
7,Flora,7,1,composed music in their free time,4,0
7,Flora,7,1,been 32 years old,5,0
7,Flora,7,1,enjoyed gardening,6,0
7,Flora,7,1,been legally blind,7,0
7,Flora,7,1,been an early riser,8,0
7,Flora,7,1,been Asian,9,0
7,Flora,7,1,been female,10,0
7,Flora,7,1,gone to a neighbor's house for dinner,11,0
7,Flora,7,1,used their white cane while walking home,12,0
7,Flora,7,1,not called for help,13,1
7,Flora,7,1,had their white cane slip between Paul's legs,14,0
7,Flora,7,1,stepped on Paul's torso,15,0
7,Julia,8,0,been 19 years old,1,0
7,Julia,8,0,been a college student,2,0
7,Julia,8,0,been sensitive sometimes,3,0
7,Julia,8,0,been multiracial,4,0
7,Julia,8,0,babysat on the weekends,5,0
7,Julia,8,0,been a courteous person,6,0
7,Julia,8,0,been female,7,0
7,Julia,8,0,had asthma,8,0
7,Julia,8,0,enjoyed watching TV shows,9,0
7,Julia,8,0,studied psychology,10,0
7,Julia,8,0,read children's books with Benji,11,0
7,Julia,8,0,picked up their partner's call while filling the bathtub,12,1
7,Julia,8,0,felt hurt after learning about the cheating,13,0
7,Julia,8,0,left the bathroom to talk to their partner,14,0
7,Julia,8,0,sat for a few minutes after hanging up,15,0
7,Chris,9,1,been male,1,0
7,Chris,9,1,weighed 70 lbs,2,0
7,Chris,9,1,enjoyed swimming,3,0
7,Chris,9,1,had an average IQ,4,0
7,Chris,9,1,been White,5,0
7,Chris,9,1,been 10 years old,6,0
7,Chris,9,1,been a picky eater,7,0
7,Chris,9,1,admired his father,8,0
7,Chris,9,1,enjoyed playing hide-and-seek,9,0
7,Chris,9,1,had a curious personality,10,0
7,Chris,9,1,invited friends over to play,11,0
7,Chris,9,1,hid in the hall closet,12,0
7,Chris,9,1,found the key in their father's jacket pocket,13,0
7,Chris,9,1,opened the gun cabinet with the key,14,1
7,Chris,9,1,picked up a pistol to play with,15,1
7,Darla,10,0,been female,1,0
7,Darla,10,0,been Black,2,0
7,Darla,10,0,communicated and interacted well with children,3,0
7,Darla,10,0,had an absent-minded personality,4,0
7,Darla,10,0,been 32 years old,5,0
7,Darla,10,0,ran a home daycare business,6,0
7,Darla,10,0,been nearsighted,7,0
7,Darla,10,0,had a laid-back personality,8,0
7,Darla,10,0,enjoyed cooking,9,0
7,Darla,10,0,worked with Pamela for many years,10,0
7,Darla,10,0,lived in a tornado-affected area,11,0
7,Darla,10,0,played games with the children,12,0
7,Darla,10,0,played loud upbeat music with the children,13,0
7,Darla,10,0,focused on the children,14,0
7,Darla,10,0,not heard the tornado sirens,15,1
7,Qian,11,0,been male,1,0
7,Qian,11,0,been stubborn sometimes,2,0
7,Qian,11,0,been 27 years old,3,0
7,Qian,11,0,not smoked,4,0
7,Qian,11,0,enjoyed watching sports,5,0
7,Qian,11,0,been a restaurant waiter,6,0
7,Qian,11,0,been hard-working,7,0
7,Qian,11,0,had a humorous personality,8,0
7,Qian,11,0,been Asian,9,0
7,Qian,11,0,enjoyed jazz music,10,0
7,Qian,11,0,hung out at the local bar with cousins,11,0
7,Qian,11,0,had several drinks over the course of two hours,12,0
7,Qian,11,0,been angered by Wilson's comments,13,0
7,Qian,11,0,not talked back to Wilson,14,0
7,Qian,11,0,pushed Wilson to the ground,15,1
8,Chris,1,1,been a picky eater,1,0
8,Chris,1,1,been 10 years old,2,0
8,Chris,1,1,had a curious personality,3,0
8,Chris,1,1,weighed 70 lbs,4,0
8,Chris,1,1,been White,5,0
8,Chris,1,1,admired his father,6,0
8,Chris,1,1,had an average IQ,7,0
8,Chris,1,1,enjoyed swimming,8,0
8,Chris,1,1,enjoyed playing hide-and-seek,9,0
8,Chris,1,1,been male,10,0
8,Chris,1,1,invited friends over to play,11,0
8,Chris,1,1,hid in the hall closet,12,0
8,Chris,1,1,found the key in their father's jacket pocket,13,0
8,Chris,1,1,opened the gun cabinet with the key,14,1
8,Chris,1,1,picked up a pistol to play with,15,1
8,Julia,2,0,been multiracial,1,0
8,Julia,2,0,had asthma,2,0
8,Julia,2,0,studied psychology,3,0
8,Julia,2,0,been a courteous person,4,0
8,Julia,2,0,been a college student,5,0
8,Julia,2,0,been female,6,0
8,Julia,2,0,babysat on the weekends,7,0
8,Julia,2,0,enjoyed watching TV shows,8,0
8,Julia,2,0,been sensitive sometimes,9,0
8,Julia,2,0,been 19 years old,10,0
8,Julia,2,0,read children's books with Benji,11,0
8,Julia,2,0,picked up their partner's call while filling the bathtub,12,0
8,Julia,2,0,felt hurt after learning about the cheating,13,0
8,Julia,2,0,left the bathroom to talk to their partner,14,1
8,Julia,2,0,sat for a few minutes after hanging up,15,1
8,Ava,3,1,been Native American,1,0
8,Ava,3,1,been a compassionate person,2,0
8,Ava,3,1,regularly drank coffee,3,0
8,Ava,3,1,been friends with Peter for many years,4,0
8,Ava,3,1,been female,5,0
8,Ava,3,1,often driven Peter to appointments and errands,6,0
8,Ava,3,1,been 26 years old,7,0
8,Ava,3,1,been an artist,8,0
8,Ava,3,1,had a peanut allergy,9,0
8,Ava,3,1,enjoyed going to music concerts,10,0
8,Ava,3,1,done their annual car maintenance,11,0
8,Ava,3,1,driven under the speed limit,12,0
8,Ava,3,1,listened to the radio while driving,13,0
8,Ava,3,1,been startled by the deer,14,0
8,Ava,3,1,slammed the brakes after seeing the deer,15,0
8,Flora,4,1,used a white cane to guide themselves,1,0
8,Flora,4,1,composed music in their free time,2,0
8,Flora,4,1,been Asian,3,0
8,Flora,4,1,been an early riser,4,0
8,Flora,4,1,been female,5,0
8,Flora,4,1,been legally blind,6,0
8,Flora,4,1,enjoyed gardening,7,0
8,Flora,4,1,been an empathetic person,8,0
8,Flora,4,1,been a counselor,9,0
8,Flora,4,1,been 32 years old,10,0
8,Flora,4,1,gone to a neighbor's house for dinner,11,0
8,Flora,4,1,used their white cane while walking home,12,0
8,Flora,4,1,not called for help,13,1
8,Flora,4,1,had their white cane slip between Paul's legs,14,1
8,Flora,4,1,stepped on Paul's torso,15,1
8,Nadia,5,0,been 34 years old,1,0
8,Nadia,5,0,been a timid person,2,0
8,Nadia,5,0,had red hair,3,0
8,Nadia,5,0,been female,4,0
8,Nadia,5,0,attended couples therapy years ago,5,0
8,Nadia,5,0,collected vinyl records,6,0
8,Nadia,5,0,been White,7,0
8,Nadia,5,0,been a software engineer,8,0
8,Nadia,5,0,been an organized person,9,0
8,Nadia,5,0,enjoyed oil painting,10,0
8,Nadia,5,0,gone to the emergency room for bruises,11,0
8,Nadia,5,0,not sought help after the emergency room incident,12,1
8,Nadia,5,0,been scared when Franklin screamed,13,0
8,Nadia,5,0,grabbed the revolver,14,0
8,Nadia,5,0,shot Franklin with the revolver,15,0
8,Alfred,6,1,been White,1,0
8,Alfred,6,1,enjoyed fishing,2,0
8,Alfred,6,1,been patriotic,3,0
8,Alfred,6,1,been 68 years old,4,0
8,Alfred,6,1,been a veteran,5,0
8,Alfred,6,1,had a calm personality,6,0
8,Alfred,6,1,lived alone,7,0
8,Alfred,6,1,been male,8,0
8,Alfred,6,1,had PTSD,9,1
8,Alfred,6,1,enjoyed Italian cuisine,10,0
8,Alfred,6,1,taken the subway home,11,0
8,Alfred,6,1,been quiet on the subway,12,0
8,Alfred,6,1,gotten off at the same stop as Oliver,13,0
8,Alfred,6,1,heard loud drilling and yelling from the construction above,14,0
8,Alfred,6,1,physically attacked Oliver,15,1
8,Qian,7,0,been male,1,0
8,Qian,7,0,enjoyed watching sports,2,0
8,Qian,7,0,been stubborn sometimes,3,0
8,Qian,7,0,been hard-working,4,0
8,Qian,7,0,been Asian,5,0
8,Qian,7,0,had a humorous personality,6,0
8,Qian,7,0,enjoyed jazz music,7,0
8,Qian,7,0,been a restaurant waiter,8,0
8,Qian,7,0,been 27 years old,9,0
8,Qian,7,0,not smoked,10,0
8,Qian,7,0,hung out at the local bar with cousins,11,0
8,Qian,7,0,had several drinks over the course of two hours,12,0
8,Qian,7,0,been angered by Wilson's comments,13,0
8,Qian,7,0,not talked back to Wilson,14,0
8,Qian,7,0,pushed Wilson to the ground,15,1
8,Edward,8,1,been 24 years old,1,0
8,Edward,8,1,been an ambitious person,2,0
8,Edward,8,1,been a studious person,3,0
8,Edward,8,1,enjoyed reading science fiction,4,0
8,Edward,8,1,been single,5,0
8,Edward,8,1,been White,6,0
8,Edward,8,1,been an experienced driver,7,0
8,Edward,8,1,enjoyed browsing Twitter,8,0
8,Edward,8,1,been male,9,0
8,Edward,8,1,been a clinical research assistant,10,0
8,Edward,8,1,not muted phone notifications while driving,11,0
8,Edward,8,1,not sped,12,0
8,Edward,8,1,checked that there were no other cars nearby,13,0
8,Edward,8,1,taken a peek at the text ,14,1
8,Edward,8,1,veered into the cyclist while reading the text,15,0
8,Darla,9,0,worked with Pamela for many years,1,0
8,Darla,9,0,been nearsighted,2,0
8,Darla,9,0,had a laid-back personality,3,0
8,Darla,9,0,been 32 years old,4,0
8,Darla,9,0,ran a home daycare business,5,0
8,Darla,9,0,had an absent-minded personality,6,0
8,Darla,9,0,been female,7,0
8,Darla,9,0,communicated and interacted well with children,8,0
8,Darla,9,0,been Black,9,0
8,Darla,9,0,enjoyed cooking,10,0
8,Darla,9,0,lived in a tornado-affected area,11,0
8,Darla,9,0,played games with the children,12,0
8,Darla,9,0,played loud upbeat music with the children,13,0
8,Darla,9,0,focused on the children,14,0
8,Darla,9,0,not heard the tornado sirens,15,0
8,Melvin,10,1,grown hay,1,0
8,Melvin,10,1,had high blood pressure,2,0
8,Melvin,10,1,been stingy sometimes,3,0
8,Melvin,10,1,grown corn,4,0
8,Melvin,10,1,been 45 years old,5,0
8,Melvin,10,1,been a farmer,6,0
8,Melvin,10,1,enjoyed listening to rock music,7,0
8,Melvin,10,1,had a cheerful personality,8,0
8,Melvin,10,1,been White,9,0
8,Melvin,10,1,been male,10,0
8,Melvin,10,1,built their barn near the border with Vincent's property,11,0
8,Melvin,10,1,been concerned with hayfires,12,0
8,Melvin,10,1,considered buying hay-drying equipment,13,0
8,Melvin,10,1,met with consultants,14,0
8,Melvin,10,1,decided not to buy hay-drying equipment,15,0
8,Tristan,11,1,been opinionated sometimes,1,0
8,Tristan,11,1,been extroverted and outgoing,2,0
8,Tristan,11,1,worked for over ten years at the same hospital,3,0
8,Tristan,11,1,been Christian,4,0
8,Tristan,11,1,been Black,5,0
8,Tristan,11,1,been 43 years old,6,0
8,Tristan,11,1,been impatient sometimes,7,0
8,Tristan,11,1,enjoyed listening to country music,8,0
8,Tristan,11,1,been male,9,0
8,Tristan,11,1,been a cardiologist,10,0
8,Tristan,11,1,reviewed Annie's medical history and symptoms,11,0
8,Tristan,11,1,checked Annie's vitals,12,0
8,Tristan,11,1,ordered Annie an electrocardiogram (ECG/EKG),13,0
8,Tristan,11,1,not ordered any other heart tests,14,1
8,Tristan,11,1,not ordered a mammogram,15,0
9,Nadia,1,0,been an organized person,1,0
9,Nadia,1,0,enjoyed oil painting,2,0
9,Nadia,1,0,been 34 years old,3,0
9,Nadia,1,0,been a timid person,4,0
9,Nadia,1,0,been White,5,0
9,Nadia,1,0,attended couples therapy years ago,6,0
9,Nadia,1,0,been female,7,0
9,Nadia,1,0,collected vinyl records,8,0
9,Nadia,1,0,had red hair,9,0
9,Nadia,1,0,been a software engineer,10,0
9,Nadia,1,0,gone to the emergency room for bruises,11,0
9,Nadia,1,0,not sought help after the emergency room incident,12,0
9,Nadia,1,0,been scared when Franklin screamed,13,0
9,Nadia,1,0,grabbed the revolver,14,0
9,Nadia,1,0,shot Franklin with the revolver,15,0
9,Ava,2,1,had a peanut allergy,1,0
9,Ava,2,1,enjoyed going to music concerts,2,0
9,Ava,2,1,often driven Peter to appointments and errands,3,0
9,Ava,2,1,regularly drank coffee,4,0
9,Ava,2,1,been Native American,5,0
9,Ava,2,1,been 26 years old,6,0
9,Ava,2,1,been female,7,0
9,Ava,2,1,been an artist,8,0
9,Ava,2,1,been a compassionate person,9,0
9,Ava,2,1,been friends with Peter for many years,10,0
9,Ava,2,1,done their annual car maintenance,11,0
9,Ava,2,1,driven under the speed limit,12,0
9,Ava,2,1,listened to the radio while driving,13,0
9,Ava,2,1,been startled by the deer,14,0
9,Ava,2,1,slammed the brakes after seeing the deer,15,0
9,Tristan,3,1,been Christian,1,0
9,Tristan,3,1,worked for over ten years at the same hospital,2,0
9,Tristan,3,1,been impatient sometimes,3,0
9,Tristan,3,1,enjoyed listening to country music,4,0
9,Tristan,3,1,been Black,5,0
9,Tristan,3,1,been a cardiologist,6,0
9,Tristan,3,1,been 43 years old,7,0
9,Tristan,3,1,been extroverted and outgoing,8,0
9,Tristan,3,1,been opinionated sometimes,9,0
9,Tristan,3,1,been male,10,0
9,Tristan,3,1,reviewed Annie's medical history and symptoms,11,0
9,Tristan,3,1,checked Annie's vitals,12,0
9,Tristan,3,1,ordered Annie an electrocardiogram (ECG/EKG),13,0
9,Tristan,3,1,not ordered any other heart tests,14,0
9,Tristan,3,1,not ordered a mammogram,15,1
9,Chris,4,1,enjoyed playing hide-and-seek,1,0
9,Chris,4,1,been 10 years old,2,0
9,Chris,4,1,been a picky eater,3,0
9,Chris,4,1,weighed 70 lbs,4,0
9,Chris,4,1,been White,5,0
9,Chris,4,1,been male,6,0
9,Chris,4,1,had a curious personality,7,0
9,Chris,4,1,admired his father,8,0
9,Chris,4,1,enjoyed swimming,9,0
9,Chris,4,1,had an average IQ,10,0
9,Chris,4,1,invited friends over to play,11,0
9,Chris,4,1,hid in the hall closet,12,0
9,Chris,4,1,found the key in their father's jacket pocket,13,0
9,Chris,4,1,opened the gun cabinet with the key,14,0
9,Chris,4,1,picked up a pistol to play with,15,0
9,Qian,5,0,been Asian,1,0
9,Qian,5,0,been stubborn sometimes,2,0
9,Qian,5,0,not smoked,3,0
9,Qian,5,0,been 27 years old,4,0
9,Qian,5,0,been a restaurant waiter,5,0
9,Qian,5,0,enjoyed jazz music,6,0
9,Qian,5,0,had a humorous personality,7,0
9,Qian,5,0,enjoyed watching sports,8,0
9,Qian,5,0,been hard-working,9,0
9,Qian,5,0,been male,10,0
9,Qian,5,0,hung out at the local bar with cousins,11,0
9,Qian,5,0,had several drinks over the course of two hours,12,0
9,Qian,5,0,been angered by Wilson's comments,13,0
9,Qian,5,0,not talked back to Wilson,14,0
9,Qian,5,0,pushed Wilson to the ground,15,1
9,Darla,6,0,had an absent-minded personality,1,0
9,Darla,6,0,been female,2,0
9,Darla,6,0,been nearsighted,3,0
9,Darla,6,0,had a laid-back personality,4,0
9,Darla,6,0,been 32 years old,5,0
9,Darla,6,0,communicated and interacted well with children,6,0
9,Darla,6,0,been Black,7,0
9,Darla,6,0,enjoyed cooking,8,0
9,Darla,6,0,worked with Pamela for many years,9,0
9,Darla,6,0,ran a home daycare business,10,0
9,Darla,6,0,lived in a tornado-affected area,11,0
9,Darla,6,0,played games with the children,12,0
9,Darla,6,0,played loud upbeat music with the children,13,0
9,Darla,6,0,focused on the children,14,0
9,Darla,6,0,not heard the tornado sirens,15,0
9,Alfred,7,1,been a veteran,1,0
9,Alfred,7,1,enjoyed fishing,2,0
9,Alfred,7,1,been male,3,0
9,Alfred,7,1,had PTSD,4,0
9,Alfred,7,1,had a calm personality,5,0
9,Alfred,7,1,lived alone,6,0
9,Alfred,7,1,enjoyed Italian cuisine,7,0
9,Alfred,7,1,been White,8,0
9,Alfred,7,1,been patriotic,9,0
9,Alfred,7,1,been 68 years old,10,0
9,Alfred,7,1,taken the subway home,11,0
9,Alfred,7,1,been quiet on the subway,12,0
9,Alfred,7,1,gotten off at the same stop as Oliver,13,0
9,Alfred,7,1,heard loud drilling and yelling from the construction above,14,0
9,Alfred,7,1,physically attacked Oliver,15,1
9,Melvin,8,1,been 45 years old,1,0
9,Melvin,8,1,enjoyed listening to rock music,2,0
9,Melvin,8,1,been a farmer,3,0
9,Melvin,8,1,had a cheerful personality,4,0
9,Melvin,8,1,been stingy sometimes,5,0
9,Melvin,8,1,been male,6,0
9,Melvin,8,1,grown corn,7,0
9,Melvin,8,1,had high blood pressure,8,0
9,Melvin,8,1,been White,9,0
9,Melvin,8,1,grown hay,10,0
9,Melvin,8,1,built their barn near the border with Vincent's property,11,0
9,Melvin,8,1,been concerned with hayfires,12,0
9,Melvin,8,1,considered buying hay-drying equipment,13,0
9,Melvin,8,1,met with consultants,14,0
9,Melvin,8,1,decided not to buy hay-drying equipment,15,0
9,Julia,9,0,enjoyed watching TV shows,1,0
9,Julia,9,0,had asthma,2,0
9,Julia,9,0,been a college student,3,0
9,Julia,9,0,been female,4,0
9,Julia,9,0,been 19 years old,5,0
9,Julia,9,0,studied psychology,6,0
9,Julia,9,0,been a courteous person,7,0
9,Julia,9,0,been multiracial,8,0
9,Julia,9,0,been sensitive sometimes,9,0
9,Julia,9,0,babysat on the weekends,10,0
9,Julia,9,0,read children's books with Benji,11,0
9,Julia,9,0,picked up their partner's call while filling the bathtub,12,0
9,Julia,9,0,felt hurt after learning about the cheating,13,0
9,Julia,9,0,left the bathroom to talk to their partner,14,1
9,Julia,9,0,sat for a few minutes after hanging up,15,1
9,Flora,10,1,been legally blind,1,0
9,Flora,10,1,been an empathetic person,2,0
9,Flora,10,1,been an early riser,3,0
9,Flora,10,1,composed music in their free time,4,0
9,Flora,10,1,been female,5,0
9,Flora,10,1,used a white cane to guide themselves,6,0
9,Flora,10,1,been Asian,7,0
9,Flora,10,1,been a counselor,8,0
9,Flora,10,1,been 32 years old,9,0
9,Flora,10,1,enjoyed gardening,10,0
9,Flora,10,1,gone to a neighbor's house for dinner,11,0
9,Flora,10,1,used their white cane while walking home,12,0
9,Flora,10,1,not called for help,13,0
9,Flora,10,1,had their white cane slip between Paul's legs,14,0
9,Flora,10,1,stepped on Paul's torso,15,0
9,Edward,11,1,been White,1,0
9,Edward,11,1,been an experienced driver,2,0
9,Edward,11,1,been a studious person,3,0
9,Edward,11,1,enjoyed reading science fiction,4,0
9,Edward,11,1,been an ambitious person,5,0
9,Edward,11,1,been a clinical research assistant,6,0
9,Edward,11,1,been male,7,0
9,Edward,11,1,been single,8,0
9,Edward,11,1,been 24 years old,9,0
9,Edward,11,1,enjoyed browsing Twitter,10,0
9,Edward,11,1,not muted phone notifications while driving,11,1
9,Edward,11,1,not sped,12,0
9,Edward,11,1,checked that there were no other cars nearby,13,0
9,Edward,11,1,taken a peek at the text ,14,1
9,Edward,11,1,veered into the cyclist while reading the text,15,0
10,Chris,1,1,been 10 years old,1,0
10,Chris,1,1,had an average IQ,2,0
10,Chris,1,1,admired his father,3,0
10,Chris,1,1,been White,4,0
10,Chris,1,1,had a curious personality,5,0
10,Chris,1,1,enjoyed swimming,6,0
10,Chris,1,1,enjoyed playing hide-and-seek,7,0
10,Chris,1,1,been a picky eater,8,0
10,Chris,1,1,been male,9,0
10,Chris,1,1,weighed 70 lbs,10,0
10,Chris,1,1,invited friends over to play,11,0
10,Chris,1,1,hid in the hall closet,12,0
10,Chris,1,1,found the key in their father's jacket pocket,13,0
10,Chris,1,1,opened the gun cabinet with the key,14,1
10,Chris,1,1,picked up a pistol to play with,15,1
10,Tristan,2,1,been opinionated sometimes,1,0
10,Tristan,2,1,been Christian,2,0
10,Tristan,2,1,enjoyed listening to country music,3,0
10,Tristan,2,1,worked for over ten years at the same hospital,4,0
10,Tristan,2,1,been extroverted and outgoing,5,0
10,Tristan,2,1,been Black,6,0
10,Tristan,2,1,been impatient sometimes,7,0
10,Tristan,2,1,been male,8,0
10,Tristan,2,1,been a cardiologist,9,0
10,Tristan,2,1,been 43 years old,10,0
10,Tristan,2,1,reviewed Annie's medical history and symptoms,11,0
10,Tristan,2,1,checked Annie's vitals,12,0
10,Tristan,2,1,ordered Annie an electrocardiogram (ECG/EKG),13,0
10,Tristan,2,1,not ordered any other heart tests,14,1
10,Tristan,2,1,not ordered a mammogram,15,0
10,Flora,3,1,been an early riser,1,0
10,Flora,3,1,used a white cane to guide themselves,2,0
10,Flora,3,1,been 32 years old,3,0
10,Flora,3,1,been Asian,4,0
10,Flora,3,1,composed music in their free time,5,0
10,Flora,3,1,been a counselor,6,0
10,Flora,3,1,enjoyed gardening,7,0
10,Flora,3,1,been an empathetic person,8,0
10,Flora,3,1,been legally blind,9,0
10,Flora,3,1,been female,10,0
10,Flora,3,1,gone to a neighbor's house for dinner,11,0
10,Flora,3,1,used their white cane while walking home,12,0
10,Flora,3,1,not called for help,13,0
10,Flora,3,1,had their white cane slip between Paul's legs,14,0
10,Flora,3,1,stepped on Paul's torso,15,0
10,Edward,4,1,enjoyed browsing Twitter,1,0
10,Edward,4,1,been a studious person,2,0
10,Edward,4,1,been an ambitious person,3,0
10,Edward,4,1,been 24 years old,4,0
10,Edward,4,1,been a clinical research assistant,5,0
10,Edward,4,1,been single,6,0
10,Edward,4,1,been White,7,0
10,Edward,4,1,been male,8,0
10,Edward,4,1,enjoyed reading science fiction,9,0
10,Edward,4,1,been an experienced driver,10,0
10,Edward,4,1,not muted phone notifications while driving,11,0
10,Edward,4,1,not sped,12,0
10,Edward,4,1,checked that there were no other cars nearby,13,0
10,Edward,4,1,taken a peek at the text ,14,1
10,Edward,4,1,veered into the cyclist while reading the text,15,1
10,Alfred,5,1,lived alone,1,0
10,Alfred,5,1,been White,2,0
10,Alfred,5,1,enjoyed fishing,3,0
10,Alfred,5,1,had a calm personality,4,0
10,Alfred,5,1,been 68 years old,5,0
10,Alfred,5,1,been male,6,0
10,Alfred,5,1,enjoyed Italian cuisine,7,0
10,Alfred,5,1,had PTSD,8,0
10,Alfred,5,1,been patriotic,9,0
10,Alfred,5,1,been a veteran,10,0
10,Alfred,5,1,taken the subway home,11,0
10,Alfred,5,1,been quiet on the subway,12,0
10,Alfred,5,1,gotten off at the same stop as Oliver,13,0
10,Alfred,5,1,heard loud drilling and yelling from the construction above,14,0
10,Alfred,5,1,physically attacked Oliver,15,0
10,Melvin,6,1,grown hay,1,0
10,Melvin,6,1,grown corn,2,0
10,Melvin,6,1,been male,3,0
10,Melvin,6,1,enjoyed listening to rock music,4,0
10,Melvin,6,1,been a farmer,5,0
10,Melvin,6,1,had a cheerful personality,6,0
10,Melvin,6,1,been stingy sometimes,7,0
10,Melvin,6,1,had high blood pressure,8,0
10,Melvin,6,1,been 45 years old,9,0
10,Melvin,6,1,been White,10,0
10,Melvin,6,1,built their barn near the border with Vincent's property,11,0
10,Melvin,6,1,been concerned with hayfires,12,0
10,Melvin,6,1,considered buying hay-drying equipment,13,0
10,Melvin,6,1,met with consultants,14,0
10,Melvin,6,1,decided not to buy hay-drying equipment,15,1
10,Darla,7,0,been female,1,0
10,Darla,7,0,communicated and interacted well with children,2,0
10,Darla,7,0,been Black,3,0
10,Darla,7,0,had a laid-back personality,4,0
10,Darla,7,0,had an absent-minded personality,5,0
10,Darla,7,0,ran a home daycare business,6,0
10,Darla,7,0,worked with Pamela for many years,7,0
10,Darla,7,0,been nearsighted,8,0
10,Darla,7,0,enjoyed cooking,9,0
10,Darla,7,0,been 32 years old,10,0
10,Darla,7,0,lived in a tornado-affected area,11,0
10,Darla,7,0,played games with the children,12,0
10,Darla,7,0,played loud upbeat music with the children,13,0
10,Darla,7,0,focused on the children,14,0
10,Darla,7,0,not heard the tornado sirens,15,0
10,Qian,8,0,been male,1,0
10,Qian,8,0,been stubborn sometimes,2,0
10,Qian,8,0,had a humorous personality,3,0
10,Qian,8,0,been hard-working,4,0
10,Qian,8,0,enjoyed watching sports,5,0
10,Qian,8,0,not smoked,6,0
10,Qian,8,0,been Asian,7,0
10,Qian,8,0,been a restaurant waiter,8,0
10,Qian,8,0,enjoyed jazz music,9,0
10,Qian,8,0,been 27 years old,10,0
10,Qian,8,0,hung out at the local bar with cousins,11,0
10,Qian,8,0,had several drinks over the course of two hours,12,0
10,Qian,8,0,been angered by Wilson's comments,13,0
10,Qian,8,0,not talked back to Wilson,14,0
10,Qian,8,0,pushed Wilson to the ground,15,0
10,Nadia,9,0,been a software engineer,1,0
10,Nadia,9,0,enjoyed oil painting,2,0
10,Nadia,9,0,attended couples therapy years ago,3,0
10,Nadia,9,0,been a timid person,4,0
10,Nadia,9,0,been female,5,0
10,Nadia,9,0,had red hair,6,0
10,Nadia,9,0,been an organized person,7,0
10,Nadia,9,0,collected vinyl records,8,0
10,Nadia,9,0,been White,9,0
10,Nadia,9,0,been 34 years old,10,0
10,Nadia,9,0,gone to the emergency room for bruises,11,0
10,Nadia,9,0,not sought help after the emergency room incident,12,0
10,Nadia,9,0,been scared when Franklin screamed,13,0
10,Nadia,9,0,grabbed the revolver,14,0
10,Nadia,9,0,shot Franklin with the revolver,15,0
10,Ava,10,1,been an artist,1,0
10,Ava,10,1,often driven Peter to appointments and errands,2,0
10,Ava,10,1,been friends with Peter for many years,3,0
10,Ava,10,1,been female,4,0
10,Ava,10,1,been Native American,5,0
10,Ava,10,1,regularly drank coffee,6,0
10,Ava,10,1,had a peanut allergy,7,0
10,Ava,10,1,been a compassionate person,8,0
10,Ava,10,1,enjoyed going to music concerts,9,0
10,Ava,10,1,been 26 years old,10,0
10,Ava,10,1,done their annual car maintenance,11,0
10,Ava,10,1,driven under the speed limit,12,0
10,Ava,10,1,listened to the radio while driving,13,0
10,Ava,10,1,been startled by the deer,14,0
10,Ava,10,1,slammed the brakes after seeing the deer,15,0
10,Julia,11,0,been a college student,1,0
10,Julia,11,0,babysat on the weekends,2,0
10,Julia,11,0,been multiracial,3,0
10,Julia,11,0,enjoyed watching TV shows,4,0
10,Julia,11,0,studied psychology,5,0
10,Julia,11,0,been a courteous person,6,0
10,Julia,11,0,been sensitive sometimes,7,0
10,Julia,11,0,had asthma,8,0
10,Julia,11,0,been 19 years old,9,0
10,Julia,11,0,been female,10,0
10,Julia,11,0,read children's books with Benji,11,0
10,Julia,11,0,picked up their partner's call while filling the bathtub,12,0
10,Julia,11,0,felt hurt after learning about the cheating,13,0
10,Julia,11,0,left the bathroom to talk to their partner,14,1
10,Julia,11,0,sat for a few minutes after hanging up,15,0
11,Julia,1,0,been female,1,0
11,Julia,1,0,studied psychology,2,0
11,Julia,1,0,had asthma,3,0
11,Julia,1,0,babysat on the weekends,4,0
11,Julia,1,0,been multiracial,5,0
11,Julia,1,0,enjoyed watching TV shows,6,0
11,Julia,1,0,been 19 years old,7,0
11,Julia,1,0,been a courteous person,8,0
11,Julia,1,0,been a college student,9,0
11,Julia,1,0,been sensitive sometimes,10,0
11,Julia,1,0,read children's books with Benji,11,0
11,Julia,1,0,picked up their partner's call while filling the bathtub,12,0
11,Julia,1,0,felt hurt after learning about the cheating,13,0
11,Julia,1,0,left the bathroom to talk to their partner,14,1
11,Julia,1,0,sat for a few minutes after hanging up,15,1
11,Tristan,2,1,been male,1,0
11,Tristan,2,1,been Black,2,0
11,Tristan,2,1,enjoyed listening to country music,3,0
11,Tristan,2,1,been extroverted and outgoing,4,0
11,Tristan,2,1,been Christian,5,0
11,Tristan,2,1,been a cardiologist,6,0
11,Tristan,2,1,been 43 years old,7,0
11,Tristan,2,1,been opinionated sometimes,8,0
11,Tristan,2,1,been impatient sometimes,9,0
11,Tristan,2,1,worked for over ten years at the same hospital,10,0
11,Tristan,2,1,reviewed Annie's medical history and symptoms,11,0
11,Tristan,2,1,checked Annie's vitals,12,0
11,Tristan,2,1,ordered Annie an electrocardiogram (ECG/EKG),13,0
11,Tristan,2,1,not ordered any other heart tests,14,0
11,Tristan,2,1,not ordered a mammogram,15,0
11,Edward,3,1,been a clinical research assistant,1,0
11,Edward,3,1,been an ambitious person,2,0
11,Edward,3,1,enjoyed reading science fiction,3,0
11,Edward,3,1,been 24 years old,4,0
11,Edward,3,1,been a studious person,5,0
11,Edward,3,1,been White,6,0
11,Edward,3,1,been single,7,0
11,Edward,3,1,been an experienced driver,8,0
11,Edward,3,1,enjoyed browsing Twitter,9,0
11,Edward,3,1,been male,10,0
11,Edward,3,1,not muted phone notifications while driving,11,0
11,Edward,3,1,not sped,12,0
11,Edward,3,1,checked that there were no other cars nearby,13,0
11,Edward,3,1,taken a peek at the text ,14,1
11,Edward,3,1,veered into the cyclist while reading the text,15,1
11,Qian,4,0,been 27 years old,1,0
11,Qian,4,0,enjoyed jazz music,2,0
11,Qian,4,0,been male,3,0
11,Qian,4,0,had a humorous personality,4,0
11,Qian,4,0,enjoyed watching sports,5,0
11,Qian,4,0,been a restaurant waiter,6,0
11,Qian,4,0,been stubborn sometimes,7,0
11,Qian,4,0,been Asian,8,0
11,Qian,4,0,been hard-working,9,0
11,Qian,4,0,not smoked,10,0
11,Qian,4,0,hung out at the local bar with cousins,11,0
11,Qian,4,0,had several drinks over the course of two hours,12,0
11,Qian,4,0,been angered by Wilson's comments,13,0
11,Qian,4,0,not talked back to Wilson,14,0
11,Qian,4,0,pushed Wilson to the ground,15,0
11,Darla,5,0,enjoyed cooking,1,0
11,Darla,5,0,been 32 years old,2,0
11,Darla,5,0,been nearsighted,3,0
11,Darla,5,0,ran a home daycare business,4,0
11,Darla,5,0,been female,5,0
11,Darla,5,0,worked with Pamela for many years,6,0
11,Darla,5,0,had an absent-minded personality,7,0
11,Darla,5,0,communicated and interacted well with children,8,0
11,Darla,5,0,been Black,9,0
11,Darla,5,0,had a laid-back personality,10,0
11,Darla,5,0,lived in a tornado-affected area,11,0
11,Darla,5,0,played games with the children,12,0
11,Darla,5,0,played loud upbeat music with the children,13,0
11,Darla,5,0,focused on the children,14,0
11,Darla,5,0,not heard the tornado sirens,15,0
11,Ava,6,0,often driven Peter to appointments and errands,1,0
11,Ava,6,0,been Native American,2,0
11,Ava,6,0,been female,3,0
11,Ava,6,0,enjoyed going to music concerts,4,0
11,Ava,6,0,been an artist,5,0
11,Ava,6,0,had a peanut allergy,6,0
11,Ava,6,0,been 26 years old,7,0
11,Ava,6,0,regularly drank coffee,8,0
11,Ava,6,0,been friends with Peter for many years,9,0
11,Ava,6,0,been a compassionate person,10,0
11,Ava,6,0,done their annual car maintenance,11,0
11,Ava,6,0,driven under the speed limit,12,0
11,Ava,6,0,listened to the radio while driving,13,0
11,Ava,6,0,been startled by the deer,14,0
11,Ava,6,0,slammed the brakes after seeing the deer,15,0
11,Melvin,7,1,been 45 years old,1,0
11,Melvin,7,1,been male,2,0
11,Melvin,7,1,been a farmer,3,0
11,Melvin,7,1,been White,4,0
11,Melvin,7,1,had high blood pressure,5,0
11,Melvin,7,1,had a cheerful personality,6,0
11,Melvin,7,1,grown hay,7,0
11,Melvin,7,1,grown corn,8,0
11,Melvin,7,1,enjoyed listening to rock music,9,0
11,Melvin,7,1,been stingy sometimes,10,0
11,Melvin,7,1,built their barn near the border with Vincent's property,11,0
11,Melvin,7,1,been concerned with hayfires,12,0
11,Melvin,7,1,considered buying hay-drying equipment,13,0
11,Melvin,7,1,met with consultants,14,0
11,Melvin,7,1,decided not to buy hay-drying equipment,15,0
11,Nadia,8,1,been an organized person,1,0
11,Nadia,8,1,been a software engineer,2,0
11,Nadia,8,1,been White,3,0
11,Nadia,8,1,been 34 years old,4,0
11,Nadia,8,1,had red hair,5,0
11,Nadia,8,1,been a timid person,6,0
11,Nadia,8,1,collected vinyl records,7,0
11,Nadia,8,1,been female,8,0
11,Nadia,8,1,attended couples therapy years ago,9,0
11,Nadia,8,1,enjoyed oil painting,10,0
11,Nadia,8,1,gone to the emergency room for bruises,11,0
11,Nadia,8,1,not sought help after the emergency room incident,12,1
11,Nadia,8,1,been scared when Franklin screamed,13,0
11,Nadia,8,1,grabbed the revolver,14,0
11,Nadia,8,1,shot Franklin with the revolver,15,0
11,Alfred,9,1,enjoyed fishing,1,0
11,Alfred,9,1,been male,2,0
11,Alfred,9,1,been patriotic,3,0
11,Alfred,9,1,been White,4,0
11,Alfred,9,1,been 68 years old,5,0
11,Alfred,9,1,had PTSD,6,0
11,Alfred,9,1,had a calm personality,7,0
11,Alfred,9,1,enjoyed Italian cuisine,8,0
11,Alfred,9,1,lived alone,9,0
11,Alfred,9,1,been a veteran,10,0
11,Alfred,9,1,taken the subway home,11,0
11,Alfred,9,1,been quiet on the subway,12,0
11,Alfred,9,1,gotten off at the same stop as Oliver,13,0
11,Alfred,9,1,heard loud drilling and yelling from the construction above,14,0
11,Alfred,9,1,physically attacked Oliver,15,1
11,Chris,10,1,admired his father,1,0
11,Chris,10,1,been 10 years old,2,0
11,Chris,10,1,had a curious personality,3,0
11,Chris,10,1,had an average IQ,4,0
11,Chris,10,1,weighed 70 lbs,5,0
11,Chris,10,1,been male,6,0
11,Chris,10,1,been White,7,0
11,Chris,10,1,enjoyed swimming,8,0
11,Chris,10,1,been a picky eater,9,0
11,Chris,10,1,enjoyed playing hide-and-seek,10,0
11,Chris,10,1,invited friends over to play,11,0
11,Chris,10,1,hid in the hall closet,12,0
11,Chris,10,1,found the key in their father's jacket pocket,13,0
11,Chris,10,1,opened the gun cabinet with the key,14,0
11,Chris,10,1,picked up a pistol to play with,15,1
11,Flora,11,1,been an early riser,1,0
11,Flora,11,1,been a counselor,2,0
11,Flora,11,1,enjoyed gardening,3,0
11,Flora,11,1,been an empathetic person,4,0
11,Flora,11,1,been 32 years old,5,0
11,Flora,11,1,composed music in their free time,6,0
11,Flora,11,1,been female,7,0
11,Flora,11,1,been legally blind,8,0
11,Flora,11,1,used a white cane to guide themselves,9,0
11,Flora,11,1,been Asian,10,0
11,Flora,11,1,gone to a neighbor's house for dinner,11,0
11,Flora,11,1,used their white cane while walking home,12,0
11,Flora,11,1,not called for help,13,0
11,Flora,11,1,had their white cane slip between Paul's legs,14,0
11,Flora,11,1,stepped on Paul's torso,15,0
12,Ava,1,1,often driven Peter to appointments and errands,1,0
12,Ava,1,1,been 26 years old,2,0
12,Ava,1,1,been an artist,3,0
12,Ava,1,1,regularly drank coffee,4,0
12,Ava,1,1,been female,5,0
12,Ava,1,1,been friends with Peter for many years,6,0
12,Ava,1,1,been Native American,7,0
12,Ava,1,1,been a compassionate person,8,0
12,Ava,1,1,enjoyed going to music concerts,9,0
12,Ava,1,1,had a peanut allergy,10,0
12,Ava,1,1,done their annual car maintenance,11,0
12,Ava,1,1,driven under the speed limit,12,0
12,Ava,1,1,listened to the radio while driving,13,0
12,Ava,1,1,been startled by the deer,14,0
12,Ava,1,1,slammed the brakes after seeing the deer,15,0
12,Qian,2,0,been stubborn sometimes,1,0
12,Qian,2,0,been 27 years old,2,0
12,Qian,2,0,enjoyed jazz music,3,0
12,Qian,2,0,been Asian,4,0
12,Qian,2,0,been a restaurant waiter,5,0
12,Qian,2,0,been male,6,0
12,Qian,2,0,had a humorous personality,7,0
12,Qian,2,0,not smoked,8,0
12,Qian,2,0,enjoyed watching sports,9,0
12,Qian,2,0,been hard-working,10,0
12,Qian,2,0,hung out at the local bar with cousins,11,0
12,Qian,2,0,had several drinks over the course of two hours,12,0
12,Qian,2,0,been angered by Wilson's comments,13,0
12,Qian,2,0,not talked back to Wilson,14,0
12,Qian,2,0,pushed Wilson to the ground,15,1
12,Flora,3,1,been a counselor,1,0
12,Flora,3,1,used a white cane to guide themselves,2,0
12,Flora,3,1,been female,3,0
12,Flora,3,1,been Asian,4,0
12,Flora,3,1,been legally blind,5,0
12,Flora,3,1,been an empathetic person,6,0
12,Flora,3,1,been 32 years old,7,0
12,Flora,3,1,been an early riser,8,0
12,Flora,3,1,composed music in their free time,9,0
12,Flora,3,1,enjoyed gardening,10,0
12,Flora,3,1,gone to a neighbor's house for dinner,11,0
12,Flora,3,1,used their white cane while walking home,12,0
12,Flora,3,1,not called for help,13,0
12,Flora,3,1,had their white cane slip between Paul's legs,14,0
12,Flora,3,1,stepped on Paul's torso,15,0
12,Alfred,4,1,enjoyed fishing,1,0
12,Alfred,4,1,been White,2,0
12,Alfred,4,1,been male,3,0
12,Alfred,4,1,enjoyed Italian cuisine,4,0
12,Alfred,4,1,had PTSD,5,0
12,Alfred,4,1,had a calm personality,6,0
12,Alfred,4,1,lived alone,7,0
12,Alfred,4,1,been patriotic,8,0
12,Alfred,4,1,been 68 years old,9,0
12,Alfred,4,1,been a veteran,10,0
12,Alfred,4,1,taken the subway home,11,0
12,Alfred,4,1,been quiet on the subway,12,0
12,Alfred,4,1,gotten off at the same stop as Oliver,13,0
12,Alfred,4,1,heard loud drilling and yelling from the construction above,14,0
12,Alfred,4,1,physically attacked Oliver,15,1
12,Melvin,5,1,been White,1,0
12,Melvin,5,1,been stingy sometimes,2,0
12,Melvin,5,1,been 45 years old,3,0
12,Melvin,5,1,had a cheerful personality,4,0
12,Melvin,5,1,been a farmer,5,0
12,Melvin,5,1,grown corn,6,0
12,Melvin,5,1,enjoyed listening to rock music,7,0
12,Melvin,5,1,grown hay,8,0
12,Melvin,5,1,been male,9,0
12,Melvin,5,1,had high blood pressure,10,0
12,Melvin,5,1,built their barn near the border with Vincent's property,11,0
12,Melvin,5,1,been concerned with hayfires,12,0
12,Melvin,5,1,considered buying hay-drying equipment,13,0
12,Melvin,5,1,met with consultants,14,0
12,Melvin,5,1,decided not to buy hay-drying equipment,15,0
12,Darla,6,0,had an absent-minded personality,1,0
12,Darla,6,0,communicated and interacted well with children,2,0
12,Darla,6,0,been 32 years old,3,0
12,Darla,6,0,been female,4,0
12,Darla,6,0,had a laid-back personality,5,0
12,Darla,6,0,enjoyed cooking,6,0
12,Darla,6,0,ran a home daycare business,7,0
12,Darla,6,0,been Black,8,0
12,Darla,6,0,been nearsighted,9,0
12,Darla,6,0,worked with Pamela for many years,10,0
12,Darla,6,0,lived in a tornado-affected area,11,0
12,Darla,6,0,played games with the children,12,0
12,Darla,6,0,played loud upbeat music with the children,13,1
12,Darla,6,0,focused on the children,14,0
12,Darla,6,0,not heard the tornado sirens,15,0
12,Tristan,7,1,enjoyed listening to country music,1,0
12,Tristan,7,1,worked for over ten years at the same hospital,2,0
12,Tristan,7,1,been a cardiologist,3,0
12,Tristan,7,1,been male,4,0
12,Tristan,7,1,been Christian,5,0
12,Tristan,7,1,been 43 years old,6,0
12,Tristan,7,1,been extroverted and outgoing,7,0
12,Tristan,7,1,been impatient sometimes,8,0
12,Tristan,7,1,been opinionated sometimes,9,0
12,Tristan,7,1,been Black,10,0
12,Tristan,7,1,reviewed Annie's medical history and symptoms,11,0
12,Tristan,7,1,checked Annie's vitals,12,0
12,Tristan,7,1,ordered Annie an electrocardiogram (ECG/EKG),13,0
12,Tristan,7,1,not ordered any other heart tests,14,0
12,Tristan,7,1,not ordered a mammogram,15,0
12,Edward,8,1,been a studious person,1,0
12,Edward,8,1,enjoyed browsing Twitter,2,0
12,Edward,8,1,been White,3,0
12,Edward,8,1,been an ambitious person,4,0
12,Edward,8,1,been single,5,0
12,Edward,8,1,enjoyed reading science fiction,6,0
12,Edward,8,1,been a clinical research assistant,7,0
12,Edward,8,1,been 24 years old,8,0
12,Edward,8,1,been male,9,0
12,Edward,8,1,been an experienced driver,10,0
12,Edward,8,1,not muted phone notifications while driving,11,0
12,Edward,8,1,not sped,12,1
12,Edward,8,1,checked that there were no other cars nearby,13,0
12,Edward,8,1,taken a peek at the text ,14,1
12,Edward,8,1,veered into the cyclist while reading the text,15,0
12,Chris,9,1,enjoyed playing hide-and-seek,1,0
12,Chris,9,1,enjoyed swimming,2,0
12,Chris,9,1,been White,3,0
12,Chris,9,1,admired his father,4,0
12,Chris,9,1,had a curious personality,5,0
12,Chris,9,1,been 10 years old,6,0
12,Chris,9,1,been male,7,0
12,Chris,9,1,been a picky eater,8,0
12,Chris,9,1,weighed 70 lbs,9,0
12,Chris,9,1,had an average IQ,10,0
12,Chris,9,1,invited friends over to play,11,0
12,Chris,9,1,hid in the hall closet,12,0
12,Chris,9,1,found the key in their father's jacket pocket,13,0
12,Chris,9,1,opened the gun cabinet with the key,14,1
12,Chris,9,1,picked up a pistol to play with,15,1
12,Nadia,10,0,enjoyed oil painting,1,0
12,Nadia,10,0,been 34 years old,2,0
12,Nadia,10,0,had red hair,3,0
12,Nadia,10,0,been White,4,0
12,Nadia,10,0,been a timid person,5,0
12,Nadia,10,0,been a software engineer,6,0
12,Nadia,10,0,collected vinyl records,7,0
12,Nadia,10,0,been female,8,0
12,Nadia,10,0,attended couples therapy years ago,9,0
12,Nadia,10,0,been an organized person,10,0
12,Nadia,10,0,gone to the emergency room for bruises,11,0
12,Nadia,10,0,not sought help after the emergency room incident,12,1
12,Nadia,10,0,been scared when Franklin screamed,13,0
12,Nadia,10,0,grabbed the revolver,14,0
12,Nadia,10,0,shot Franklin with the revolver,15,1
12,Julia,11,0,studied psychology,1,0
12,Julia,11,0,babysat on the weekends,2,0
12,Julia,11,0,been multiracial,3,0
12,Julia,11,0,been female,4,0
12,Julia,11,0,been a courteous person,5,0
12,Julia,11,0,had asthma,6,0
12,Julia,11,0,been 19 years old,7,0
12,Julia,11,0,been a college student,8,0
12,Julia,11,0,been sensitive sometimes,9,0
12,Julia,11,0,enjoyed watching TV shows,10,0
12,Julia,11,0,read children's books with Benji,11,0
12,Julia,11,0,picked up their partner's call while filling the bathtub,12,0
12,Julia,11,0,felt hurt after learning about the cheating,13,0
12,Julia,11,0,left the bathroom to talk to their partner,14,1
12,Julia,11,0,sat for a few minutes after hanging up,15,1
13,Edward,1,1,enjoyed browsing Twitter,1,0
13,Edward,1,1,been male,2,0
13,Edward,1,1,been White,3,0
13,Edward,1,1,been an experienced driver,4,0
13,Edward,1,1,been an ambitious person,5,0
13,Edward,1,1,been a studious person,6,0
13,Edward,1,1,been a clinical research assistant,7,0
13,Edward,1,1,enjoyed reading science fiction,8,0
13,Edward,1,1,been single,9,0
13,Edward,1,1,been 24 years old,10,0
13,Edward,1,1,not muted phone notifications while driving,11,0
13,Edward,1,1,not sped,12,0
13,Edward,1,1,checked that there were no other cars nearby,13,0
13,Edward,1,1,taken a peek at the text ,14,1
13,Edward,1,1,veered into the cyclist while reading the text,15,0
13,Darla,2,0,enjoyed cooking,1,0
13,Darla,2,0,ran a home daycare business,2,0
13,Darla,2,0,worked with Pamela for many years,3,0
13,Darla,2,0,been 32 years old,4,0
13,Darla,2,0,been nearsighted,5,0
13,Darla,2,0,been Black,6,0
13,Darla,2,0,had an absent-minded personality,7,0
13,Darla,2,0,communicated and interacted well with children,8,0
13,Darla,2,0,had a laid-back personality,9,0
13,Darla,2,0,been female,10,0
13,Darla,2,0,lived in a tornado-affected area,11,0
13,Darla,2,0,played games with the children,12,0
13,Darla,2,0,played loud upbeat music with the children,13,1
13,Darla,2,0,focused on the children,14,0
13,Darla,2,0,not heard the tornado sirens,15,0
13,Nadia,3,0,been 34 years old,1,0
13,Nadia,3,0,attended couples therapy years ago,2,0
13,Nadia,3,0,had red hair,3,0
13,Nadia,3,0,been female,4,0
13,Nadia,3,0,collected vinyl records,5,0
13,Nadia,3,0,been a timid person,6,0
13,Nadia,3,0,been a software engineer,7,0
13,Nadia,3,0,been an organized person,8,0
13,Nadia,3,0,been White,9,0
13,Nadia,3,0,enjoyed oil painting,10,0
13,Nadia,3,0,gone to the emergency room for bruises,11,0
13,Nadia,3,0,not sought help after the emergency room incident,12,0
13,Nadia,3,0,been scared when Franklin screamed,13,0
13,Nadia,3,0,grabbed the revolver,14,0
13,Nadia,3,0,shot Franklin with the revolver,15,0
13,Flora,4,1,been legally blind,1,0
13,Flora,4,1,enjoyed gardening,2,0
13,Flora,4,1,been 32 years old,3,0
13,Flora,4,1,been an early riser,4,0
13,Flora,4,1,been an empathetic person,5,0
13,Flora,4,1,been Asian,6,0
13,Flora,4,1,been female,7,0
13,Flora,4,1,composed music in their free time,8,0
13,Flora,4,1,been a counselor,9,0
13,Flora,4,1,used a white cane to guide themselves,10,0
13,Flora,4,1,gone to a neighbor's house for dinner,11,0
13,Flora,4,1,used their white cane while walking home,12,0
13,Flora,4,1,not called for help,13,0
13,Flora,4,1,had their white cane slip between Paul's legs,14,0
13,Flora,4,1,stepped on Paul's torso,15,1
13,Tristan,5,1,been male,1,0
13,Tristan,5,1,been extroverted and outgoing,2,0
13,Tristan,5,1,been a cardiologist,3,0
13,Tristan,5,1,been impatient sometimes,4,0
13,Tristan,5,1,been opinionated sometimes,5,0
13,Tristan,5,1,been Christian,6,0
13,Tristan,5,1,worked for over ten years at the same hospital,7,0
13,Tristan,5,1,enjoyed listening to country music,8,0
13,Tristan,5,1,been Black,9,0
13,Tristan,5,1,been 43 years old,10,0
13,Tristan,5,1,reviewed Annie's medical history and symptoms,11,0
13,Tristan,5,1,checked Annie's vitals,12,0
13,Tristan,5,1,ordered Annie an electrocardiogram (ECG/EKG),13,0
13,Tristan,5,1,not ordered any other heart tests,14,0
13,Tristan,5,1,not ordered a mammogram,15,0
13,Julia,6,0,been female,1,0
13,Julia,6,0,been multiracial,2,0
13,Julia,6,0,been a college student,3,0
13,Julia,6,0,studied psychology,4,0
13,Julia,6,0,enjoyed watching TV shows,5,0
13,Julia,6,0,babysat on the weekends,6,0
13,Julia,6,0,been 19 years old,7,0
13,Julia,6,0,been sensitive sometimes,8,0
13,Julia,6,0,been a courteous person,9,0
13,Julia,6,0,had asthma,10,0
13,Julia,6,0,read children's books with Benji,11,0
13,Julia,6,0,picked up their partner's call while filling the bathtub,12,1
13,Julia,6,0,felt hurt after learning about the cheating,13,0
13,Julia,6,0,left the bathroom to talk to their partner,14,1
13,Julia,6,0,sat for a few minutes after hanging up,15,0
13,Qian,7,0,not smoked,1,0
13,Qian,7,0,enjoyed watching sports,2,0
13,Qian,7,0,enjoyed jazz music,3,0
13,Qian,7,0,been Asian,4,0
13,Qian,7,0,been male,5,0
13,Qian,7,0,been hard-working,6,0
13,Qian,7,0,been 27 years old,7,0
13,Qian,7,0,had a humorous personality,8,0
13,Qian,7,0,been a restaurant waiter,9,0
13,Qian,7,0,been stubborn sometimes,10,0
13,Qian,7,0,hung out at the local bar with cousins,11,0
13,Qian,7,0,had several drinks over the course of two hours,12,1
13,Qian,7,0,been angered by Wilson's comments,13,0
13,Qian,7,0,not talked back to Wilson,14,0
13,Qian,7,0,pushed Wilson to the ground,15,1
13,Ava,8,1,regularly drank coffee,1,0
13,Ava,8,1,often driven Peter to appointments and errands,2,0
13,Ava,8,1,been 26 years old,3,0
13,Ava,8,1,been Native American,4,0
13,Ava,8,1,been female,5,0
13,Ava,8,1,had a peanut allergy,6,0
13,Ava,8,1,been a compassionate person,7,0
13,Ava,8,1,been friends with Peter for many years,8,0
13,Ava,8,1,enjoyed going to music concerts,9,0
13,Ava,8,1,been an artist,10,0
13,Ava,8,1,done their annual car maintenance,11,0
13,Ava,8,1,driven under the speed limit,12,0
13,Ava,8,1,listened to the radio while driving,13,0
13,Ava,8,1,been startled by the deer,14,0
13,Ava,8,1,slammed the brakes after seeing the deer,15,0
13,Melvin,9,1,been 45 years old,1,0
13,Melvin,9,1,grown hay,2,0
13,Melvin,9,1,been stingy sometimes,3,0
13,Melvin,9,1,been male,4,0
13,Melvin,9,1,grown corn,5,0
13,Melvin,9,1,been White,6,0
13,Melvin,9,1,had a cheerful personality,7,0
13,Melvin,9,1,been a farmer,8,0
13,Melvin,9,1,had high blood pressure,9,0
13,Melvin,9,1,enjoyed listening to rock music,10,0
13,Melvin,9,1,built their barn near the border with Vincent's property,11,1
13,Melvin,9,1,been concerned with hayfires,12,0
13,Melvin,9,1,considered buying hay-drying equipment,13,0
13,Melvin,9,1,met with consultants,14,0
13,Melvin,9,1,decided not to buy hay-drying equipment,15,1
13,Alfred,10,1,been male,1,0
13,Alfred,10,1,been 68 years old,2,0
13,Alfred,10,1,been patriotic,3,0
13,Alfred,10,1,enjoyed fishing,4,0
13,Alfred,10,1,been White,5,0
13,Alfred,10,1,enjoyed Italian cuisine,6,0
13,Alfred,10,1,lived alone,7,0
13,Alfred,10,1,had a calm personality,8,0
13,Alfred,10,1,had PTSD,9,0
13,Alfred,10,1,been a veteran,10,0
13,Alfred,10,1,taken the subway home,11,0
13,Alfred,10,1,been quiet on the subway,12,0
13,Alfred,10,1,gotten off at the same stop as Oliver,13,0
13,Alfred,10,1,heard loud drilling and yelling from the construction above,14,0
13,Alfred,10,1,physically attacked Oliver,15,1
13,Chris,11,1,admired his father,1,0
13,Chris,11,1,had an average IQ,2,0
13,Chris,11,1,been a picky eater,3,0
13,Chris,11,1,enjoyed swimming,4,0
13,Chris,11,1,been male,5,0
13,Chris,11,1,enjoyed playing hide-and-seek,6,0
13,Chris,11,1,weighed 70 lbs,7,0
13,Chris,11,1,had a curious personality,8,0
13,Chris,11,1,been White,9,0
13,Chris,11,1,been 10 years old,10,0
13,Chris,11,1,invited friends over to play,11,0
13,Chris,11,1,hid in the hall closet,12,1
13,Chris,11,1,found the key in their father's jacket pocket,13,0
13,Chris,11,1,opened the gun cabinet with the key,14,1
13,Chris,11,1,picked up a pistol to play with,15,1
14,Edward,1,1,been male,1,0
14,Edward,1,1,been single,2,0
14,Edward,1,1,enjoyed browsing Twitter,3,0
14,Edward,1,1,been a studious person,4,0
14,Edward,1,1,been White,5,0
14,Edward,1,1,been 24 years old,6,0
14,Edward,1,1,enjoyed reading science fiction,7,0
14,Edward,1,1,been an experienced driver,8,0
14,Edward,1,1,been a clinical research assistant,9,0
14,Edward,1,1,been an ambitious person,10,0
14,Edward,1,1,not muted phone notifications while driving,11,0
14,Edward,1,1,not sped,12,0
14,Edward,1,1,checked that there were no other cars nearby,13,0
14,Edward,1,1,taken a peek at the text ,14,1
14,Edward,1,1,veered into the cyclist while reading the text,15,0
14,Nadia,2,0,had red hair,1,0
14,Nadia,2,0,been a timid person,2,0
14,Nadia,2,0,been female,3,0
14,Nadia,2,0,been White,4,0
14,Nadia,2,0,been 34 years old,5,0
14,Nadia,2,0,attended couples therapy years ago,6,0
14,Nadia,2,0,been a software engineer,7,0
14,Nadia,2,0,collected vinyl records,8,0
14,Nadia,2,0,enjoyed oil painting,9,0
14,Nadia,2,0,been an organized person,10,0
14,Nadia,2,0,gone to the emergency room for bruises,11,0
14,Nadia,2,0,not sought help after the emergency room incident,12,0
14,Nadia,2,0,been scared when Franklin screamed,13,0
14,Nadia,2,0,grabbed the revolver,14,0
14,Nadia,2,0,shot Franklin with the revolver,15,0
14,Tristan,3,1,been male,1,0
14,Tristan,3,1,worked for over ten years at the same hospital,2,0
14,Tristan,3,1,been a cardiologist,3,0
14,Tristan,3,1,been extroverted and outgoing,4,0
14,Tristan,3,1,enjoyed listening to country music,5,0
14,Tristan,3,1,been opinionated sometimes,6,0
14,Tristan,3,1,been Black,7,0
14,Tristan,3,1,been impatient sometimes,8,0
14,Tristan,3,1,been 43 years old,9,0
14,Tristan,3,1,been Christian,10,0
14,Tristan,3,1,reviewed Annie's medical history and symptoms,11,0
14,Tristan,3,1,checked Annie's vitals,12,0
14,Tristan,3,1,ordered Annie an electrocardiogram (ECG/EKG),13,0
14,Tristan,3,1,not ordered any other heart tests,14,1
14,Tristan,3,1,not ordered a mammogram,15,0
14,Darla,4,0,ran a home daycare business,1,0
14,Darla,4,0,communicated and interacted well with children,2,0
14,Darla,4,0,enjoyed cooking,3,0
14,Darla,4,0,been 32 years old,4,0
14,Darla,4,0,been nearsighted,5,0
14,Darla,4,0,had an absent-minded personality,6,0
14,Darla,4,0,been Black,7,0
14,Darla,4,0,been female,8,0
14,Darla,4,0,had a laid-back personality,9,0
14,Darla,4,0,worked with Pamela for many years,10,0
14,Darla,4,0,lived in a tornado-affected area,11,0
14,Darla,4,0,played games with the children,12,0
14,Darla,4,0,played loud upbeat music with the children,13,0
14,Darla,4,0,focused on the children,14,0
14,Darla,4,0,not heard the tornado sirens,15,0
14,Ava,5,1,been a compassionate person,1,0
14,Ava,5,1,been female,2,0
14,Ava,5,1,often driven Peter to appointments and errands,3,0
14,Ava,5,1,been Native American,4,0
14,Ava,5,1,been friends with Peter for many years,5,0
14,Ava,5,1,regularly drank coffee,6,0
14,Ava,5,1,enjoyed going to music concerts,7,0
14,Ava,5,1,been 26 years old,8,0
14,Ava,5,1,been an artist,9,0
14,Ava,5,1,had a peanut allergy,10,0
14,Ava,5,1,done their annual car maintenance,11,0
14,Ava,5,1,driven under the speed limit,12,0
14,Ava,5,1,listened to the radio while driving,13,0
14,Ava,5,1,been startled by the deer,14,0
14,Ava,5,1,slammed the brakes after seeing the deer,15,0
14,Alfred,6,1,had a calm personality,1,0
14,Alfred,6,1,been White,2,0
14,Alfred,6,1,enjoyed Italian cuisine,3,0
14,Alfred,6,1,been a veteran,4,0
14,Alfred,6,1,had PTSD,5,0
14,Alfred,6,1,been male,6,0
14,Alfred,6,1,been 68 years old,7,0
14,Alfred,6,1,enjoyed fishing,8,0
14,Alfred,6,1,been patriotic,9,0
14,Alfred,6,1,lived alone,10,0
14,Alfred,6,1,taken the subway home,11,0
14,Alfred,6,1,been quiet on the subway,12,0
14,Alfred,6,1,gotten off at the same stop as Oliver,13,0
14,Alfred,6,1,heard loud drilling and yelling from the construction above,14,0
14,Alfred,6,1,physically attacked Oliver,15,0
14,Flora,7,1,used a white cane to guide themselves,1,0
14,Flora,7,1,been a counselor,2,0
14,Flora,7,1,been an early riser,3,0
14,Flora,7,1,been 32 years old,4,0
14,Flora,7,1,been legally blind,5,0
14,Flora,7,1,been an empathetic person,6,0
14,Flora,7,1,been female,7,0
14,Flora,7,1,enjoyed gardening,8,0
14,Flora,7,1,composed music in their free time,9,0
14,Flora,7,1,been Asian,10,0
14,Flora,7,1,gone to a neighbor's house for dinner,11,0
14,Flora,7,1,used their white cane while walking home,12,0
14,Flora,7,1,not called for help,13,0
14,Flora,7,1,had their white cane slip between Paul's legs,14,0
14,Flora,7,1,stepped on Paul's torso,15,0
14,Melvin,8,1,been White,1,0
14,Melvin,8,1,been male,2,0
14,Melvin,8,1,been stingy sometimes,3,0
14,Melvin,8,1,grown hay,4,0
14,Melvin,8,1,been 45 years old,5,0
14,Melvin,8,1,had high blood pressure,6,0
14,Melvin,8,1,had a cheerful personality,7,0
14,Melvin,8,1,enjoyed listening to rock music,8,0
14,Melvin,8,1,been a farmer,9,0
14,Melvin,8,1,grown corn,10,0
14,Melvin,8,1,built their barn near the border with Vincent's property,11,0
14,Melvin,8,1,been concerned with hayfires,12,0
14,Melvin,8,1,considered buying hay-drying equipment,13,0
14,Melvin,8,1,met with consultants,14,0
14,Melvin,8,1,decided not to buy hay-drying equipment,15,0
14,Chris,9,1,weighed 70 lbs,1,0
14,Chris,9,1,had an average IQ,2,0
14,Chris,9,1,enjoyed swimming,3,0
14,Chris,9,1,been 10 years old,4,0
14,Chris,9,1,been a picky eater,5,0
14,Chris,9,1,admired his father,6,0
14,Chris,9,1,been male,7,0
14,Chris,9,1,enjoyed playing hide-and-seek,8,0
14,Chris,9,1,been White,9,0
14,Chris,9,1,had a curious personality,10,0
14,Chris,9,1,invited friends over to play,11,0
14,Chris,9,1,hid in the hall closet,12,0
14,Chris,9,1,found the key in their father's jacket pocket,13,0
14,Chris,9,1,opened the gun cabinet with the key,14,0
14,Chris,9,1,picked up a pistol to play with,15,0
14,Qian,10,0,been 27 years old,1,0
14,Qian,10,0,been male,2,0
14,Qian,10,0,been Asian,3,0
14,Qian,10,0,enjoyed watching sports,4,0
14,Qian,10,0,had a humorous personality,5,0
14,Qian,10,0,been stubborn sometimes,6,0
14,Qian,10,0,been a restaurant waiter,7,0
14,Qian,10,0,enjoyed jazz music,8,0
14,Qian,10,0,not smoked,9,0
14,Qian,10,0,been hard-working,10,0
14,Qian,10,0,hung out at the local bar with cousins,11,0
14,Qian,10,0,had several drinks over the course of two hours,12,0
14,Qian,10,0,been angered by Wilson's comments,13,0
14,Qian,10,0,not talked back to Wilson,14,0
14,Qian,10,0,pushed Wilson to the ground,15,0
14,Julia,11,0,had asthma,1,0
14,Julia,11,0,been female,2,0
14,Julia,11,0,babysat on the weekends,3,0
14,Julia,11,0,been sensitive sometimes,4,0
14,Julia,11,0,enjoyed watching TV shows,5,0
14,Julia,11,0,been a college student,6,0
14,Julia,11,0,been multiracial,7,0
14,Julia,11,0,been 19 years old,8,0
14,Julia,11,0,been a courteous person,9,0
14,Julia,11,0,studied psychology,10,0
14,Julia,11,0,read children's books with Benji,11,0
14,Julia,11,0,picked up their partner's call while filling the bathtub,12,0
14,Julia,11,0,felt hurt after learning about the cheating,13,0
14,Julia,11,0,left the bathroom to talk to their partner,14,0
14,Julia,11,0,sat for a few minutes after hanging up,15,0
15,Alfred,1,1,enjoyed Italian cuisine,1,0
15,Alfred,1,1,had a calm personality,2,0
15,Alfred,1,1,been 68 years old,3,0
15,Alfred,1,1,been a veteran,4,0
15,Alfred,1,1,been male,5,0
15,Alfred,1,1,enjoyed fishing,6,0
15,Alfred,1,1,been White,7,0
15,Alfred,1,1,been patriotic,8,0
15,Alfred,1,1,lived alone,9,0
15,Alfred,1,1,had PTSD,10,0
15,Alfred,1,1,taken the subway home,11,0
15,Alfred,1,1,been quiet on the subway,12,0
15,Alfred,1,1,gotten off at the same stop as Oliver,13,0
15,Alfred,1,1,heard loud drilling and yelling from the construction above,14,0
15,Alfred,1,1,physically attacked Oliver,15,1
15,Chris,2,1,enjoyed playing hide-and-seek,1,0
15,Chris,2,1,been male,2,0
15,Chris,2,1,been White,3,0
15,Chris,2,1,been a picky eater,4,0
15,Chris,2,1,enjoyed swimming,5,0
15,Chris,2,1,weighed 70 lbs,6,0
15,Chris,2,1,had a curious personality,7,0
15,Chris,2,1,had an average IQ,8,0
15,Chris,2,1,been 10 years old,9,0
15,Chris,2,1,admired his father,10,0
15,Chris,2,1,invited friends over to play,11,0
15,Chris,2,1,hid in the hall closet,12,0
15,Chris,2,1,found the key in their father's jacket pocket,13,0
15,Chris,2,1,opened the gun cabinet with the key,14,1
15,Chris,2,1,picked up a pistol to play with,15,1
15,Flora,3,1,been a counselor,1,0
15,Flora,3,1,composed music in their free time,2,0
15,Flora,3,1,been an empathetic person,3,0
15,Flora,3,1,used a white cane to guide themselves,4,0
15,Flora,3,1,been legally blind,5,0
15,Flora,3,1,been 32 years old,6,0
15,Flora,3,1,been Asian,7,0
15,Flora,3,1,enjoyed gardening,8,0
15,Flora,3,1,been female,9,0
15,Flora,3,1,been an early riser,10,0
15,Flora,3,1,gone to a neighbor's house for dinner,11,0
15,Flora,3,1,used their white cane while walking home,12,0
15,Flora,3,1,not called for help,13,1
15,Flora,3,1,had their white cane slip between Paul's legs,14,0
15,Flora,3,1,stepped on Paul's torso,15,0
15,Edward,4,1,been 24 years old,1,0
15,Edward,4,1,been a clinical research assistant,2,0
15,Edward,4,1,been White,3,0
15,Edward,4,1,been male,4,0
15,Edward,4,1,enjoyed reading science fiction,5,0
15,Edward,4,1,been an ambitious person,6,0
15,Edward,4,1,been single,7,0
15,Edward,4,1,been an experienced driver,8,0
15,Edward,4,1,enjoyed browsing Twitter,9,0
15,Edward,4,1,been a studious person,10,0
15,Edward,4,1,not muted phone notifications while driving,11,1
15,Edward,4,1,not sped,12,0
15,Edward,4,1,checked that there were no other cars nearby,13,0
15,Edward,4,1,taken a peek at the text ,14,1
15,Edward,4,1,veered into the cyclist while reading the text,15,1
15,Darla,5,0,been 32 years old,1,0
15,Darla,5,0,been nearsighted,2,0
15,Darla,5,0,ran a home daycare business,3,0
15,Darla,5,0,been Black,4,0
15,Darla,5,0,worked with Pamela for many years,5,0
15,Darla,5,0,communicated and interacted well with children,6,0
15,Darla,5,0,had an absent-minded personality,7,0
15,Darla,5,0,been female,8,0
15,Darla,5,0,had a laid-back personality,9,0
15,Darla,5,0,enjoyed cooking,10,0
15,Darla,5,0,lived in a tornado-affected area,11,0
15,Darla,5,0,played games with the children,12,0
15,Darla,5,0,played loud upbeat music with the children,13,0
15,Darla,5,0,focused on the children,14,0
15,Darla,5,0,not heard the tornado sirens,15,1
15,Melvin,6,1,had a cheerful personality,1,0
15,Melvin,6,1,been White,2,0
15,Melvin,6,1,been 45 years old,3,0
15,Melvin,6,1,had high blood pressure,4,0
15,Melvin,6,1,been male,5,0
15,Melvin,6,1,grown corn,6,0
15,Melvin,6,1,enjoyed listening to rock music,7,0
15,Melvin,6,1,been stingy sometimes,8,0
15,Melvin,6,1,grown hay,9,0
15,Melvin,6,1,been a farmer,10,0
15,Melvin,6,1,built their barn near the border with Vincent's property,11,0
15,Melvin,6,1,been concerned with hayfires,12,0
15,Melvin,6,1,considered buying hay-drying equipment,13,0
15,Melvin,6,1,met with consultants,14,0
15,Melvin,6,1,decided not to buy hay-drying equipment,15,0
15,Julia,7,0,studied psychology,1,0
15,Julia,7,0,been sensitive sometimes,2,0
15,Julia,7,0,been 19 years old,3,0
15,Julia,7,0,been multiracial,4,0
15,Julia,7,0,been a courteous person,5,0
15,Julia,7,0,been female,6,0
15,Julia,7,0,had asthma,7,0
15,Julia,7,0,enjoyed watching TV shows,8,0
15,Julia,7,0,been a college student,9,0
15,Julia,7,0,babysat on the weekends,10,0
15,Julia,7,0,read children's books with Benji,11,0
15,Julia,7,0,picked up their partner's call while filling the bathtub,12,1
15,Julia,7,0,felt hurt after learning about the cheating,13,0
15,Julia,7,0,left the bathroom to talk to their partner,14,1
15,Julia,7,0,sat for a few minutes after hanging up,15,1
15,Qian,8,0,been 27 years old,1,0
15,Qian,8,0,been Asian,2,0
15,Qian,8,0,enjoyed jazz music,3,0
15,Qian,8,0,been male,4,0
15,Qian,8,0,had a humorous personality,5,0
15,Qian,8,0,been a restaurant waiter,6,0
15,Qian,8,0,been hard-working,7,0
15,Qian,8,0,not smoked,8,0
15,Qian,8,0,been stubborn sometimes,9,0
15,Qian,8,0,enjoyed watching sports,10,0
15,Qian,8,0,hung out at the local bar with cousins,11,0
15,Qian,8,0,had several drinks over the course of two hours,12,0
15,Qian,8,0,been angered by Wilson's comments,13,0
15,Qian,8,0,not talked back to Wilson,14,0
15,Qian,8,0,pushed Wilson to the ground,15,1
15,Ava,9,1,been friends with Peter for many years,1,0
15,Ava,9,1,enjoyed going to music concerts,2,0
15,Ava,9,1,been an artist,3,0
15,Ava,9,1,regularly drank coffee,4,0
15,Ava,9,1,been 26 years old,5,0
15,Ava,9,1,had a peanut allergy,6,0
15,Ava,9,1,been Native American,7,0
15,Ava,9,1,been female,8,0
15,Ava,9,1,often driven Peter to appointments and errands,9,0
15,Ava,9,1,been a compassionate person,10,0
15,Ava,9,1,done their annual car maintenance,11,0
15,Ava,9,1,driven under the speed limit,12,0
15,Ava,9,1,listened to the radio while driving,13,0
15,Ava,9,1,been startled by the deer,14,0
15,Ava,9,1,slammed the brakes after seeing the deer,15,0
15,Nadia,10,0,collected vinyl records,1,0
15,Nadia,10,0,been a software engineer,2,0
15,Nadia,10,0,attended couples therapy years ago,3,0
15,Nadia,10,0,had red hair,4,0
15,Nadia,10,0,enjoyed oil painting,5,0
15,Nadia,10,0,been an organized person,6,0
15,Nadia,10,0,been White,7,0
15,Nadia,10,0,been female,8,0
15,Nadia,10,0,been a timid person,9,0
15,Nadia,10,0,been 34 years old,10,0
15,Nadia,10,0,gone to the emergency room for bruises,11,0
15,Nadia,10,0,not sought help after the emergency room incident,12,1
15,Nadia,10,0,been scared when Franklin screamed,13,0
15,Nadia,10,0,grabbed the revolver,14,0
15,Nadia,10,0,shot Franklin with the revolver,15,0
15,Tristan,11,1,worked for over ten years at the same hospital,1,0
15,Tristan,11,1,been male,2,0
15,Tristan,11,1,enjoyed listening to country music,3,0
15,Tristan,11,1,been opinionated sometimes,4,0
15,Tristan,11,1,been impatient sometimes,5,0
15,Tristan,11,1,been Christian,6,0
15,Tristan,11,1,been Black,7,0
15,Tristan,11,1,been 43 years old,8,0
15,Tristan,11,1,been a cardiologist,9,0
15,Tristan,11,1,been extroverted and outgoing,10,0
15,Tristan,11,1,reviewed Annie's medical history and symptoms,11,0
15,Tristan,11,1,checked Annie's vitals,12,0
15,Tristan,11,1,ordered Annie an electrocardiogram (ECG/EKG),13,0
15,Tristan,11,1,not ordered any other heart tests,14,1
15,Tristan,11,1,not ordered a mammogram,15,0
16,Alfred,1,1,lived alone,1,0
16,Alfred,1,1,enjoyed fishing,2,0
16,Alfred,1,1,been a veteran,3,0
16,Alfred,1,1,had a calm personality,4,0
16,Alfred,1,1,had PTSD,5,0
16,Alfred,1,1,been White,6,0
16,Alfred,1,1,been male,7,0
16,Alfred,1,1,been patriotic,8,0
16,Alfred,1,1,enjoyed Italian cuisine,9,0
16,Alfred,1,1,been 68 years old,10,0
16,Alfred,1,1,taken the subway home,11,0
16,Alfred,1,1,been quiet on the subway,12,0
16,Alfred,1,1,gotten off at the same stop as Oliver,13,0
16,Alfred,1,1,heard loud drilling and yelling from the construction above,14,0
16,Alfred,1,1,physically attacked Oliver,15,1
16,Edward,2,1,been White,1,0
16,Edward,2,1,enjoyed reading science fiction,2,0
16,Edward,2,1,been single,3,0
16,Edward,2,1,been an experienced driver,4,0
16,Edward,2,1,been a clinical research assistant,5,0
16,Edward,2,1,been an ambitious person,6,0
16,Edward,2,1,been male,7,0
16,Edward,2,1,been 24 years old,8,0
16,Edward,2,1,enjoyed browsing Twitter,9,0
16,Edward,2,1,been a studious person,10,0
16,Edward,2,1,not muted phone notifications while driving,11,0
16,Edward,2,1,not sped,12,0
16,Edward,2,1,checked that there were no other cars nearby,13,0
16,Edward,2,1,taken a peek at the text ,14,1
16,Edward,2,1,veered into the cyclist while reading the text,15,1
16,Melvin,3,1,had high blood pressure,1,0
16,Melvin,3,1,grown corn,2,0
16,Melvin,3,1,been stingy sometimes,3,1
16,Melvin,3,1,been a farmer,4,0
16,Melvin,3,1,been 45 years old,5,0
16,Melvin,3,1,been White,6,0
16,Melvin,3,1,had a cheerful personality,7,0
16,Melvin,3,1,been male,8,0
16,Melvin,3,1,grown hay,9,0
16,Melvin,3,1,enjoyed listening to rock music,10,0
16,Melvin,3,1,built their barn near the border with Vincent's property,11,0
16,Melvin,3,1,been concerned with hayfires,12,0
16,Melvin,3,1,considered buying hay-drying equipment,13,0
16,Melvin,3,1,met with consultants,14,0
16,Melvin,3,1,decided not to buy hay-drying equipment,15,1
16,Nadia,4,1,been 34 years old,1,0
16,Nadia,4,1,been a timid person,2,0
16,Nadia,4,1,been female,3,0
16,Nadia,4,1,had red hair,4,0
16,Nadia,4,1,been White,5,0
16,Nadia,4,1,attended couples therapy years ago,6,0
16,Nadia,4,1,been an organized person,7,0
16,Nadia,4,1,been a software engineer,8,0
16,Nadia,4,1,enjoyed oil painting,9,0
16,Nadia,4,1,collected vinyl records,10,0
16,Nadia,4,1,gone to the emergency room for bruises,11,0
16,Nadia,4,1,not sought help after the emergency room incident,12,1
16,Nadia,4,1,been scared when Franklin screamed,13,0
16,Nadia,4,1,grabbed the revolver,14,0
16,Nadia,4,1,shot Franklin with the revolver,15,0
16,Darla,5,0,been Black,1,0
16,Darla,5,0,been female,2,0
16,Darla,5,0,had an absent-minded personality,3,1
16,Darla,5,0,ran a home daycare business,4,0
16,Darla,5,0,had a laid-back personality,5,0
16,Darla,5,0,communicated and interacted well with children,6,0
16,Darla,5,0,worked with Pamela for many years,7,0
16,Darla,5,0,been nearsighted,8,0
16,Darla,5,0,enjoyed cooking,9,0
16,Darla,5,0,been 32 years old,10,0
16,Darla,5,0,lived in a tornado-affected area,11,0
16,Darla,5,0,played games with the children,12,0
16,Darla,5,0,played loud upbeat music with the children,13,0
16,Darla,5,0,focused on the children,14,0
16,Darla,5,0,not heard the tornado sirens,15,1
16,Julia,6,0,been a courteous person,1,0
16,Julia,6,0,babysat on the weekends,2,0
16,Julia,6,0,had asthma,3,0
16,Julia,6,0,been 19 years old,4,0
16,Julia,6,0,been sensitive sometimes,5,0
16,Julia,6,0,been female,6,0
16,Julia,6,0,enjoyed watching TV shows,7,0
16,Julia,6,0,been multiracial,8,0
16,Julia,6,0,been a college student,9,0
16,Julia,6,0,studied psychology,10,0
16,Julia,6,0,read children's books with Benji,11,0
16,Julia,6,0,picked up their partner's call while filling the bathtub,12,0
16,Julia,6,0,felt hurt after learning about the cheating,13,0
16,Julia,6,0,left the bathroom to talk to their partner,14,1
16,Julia,6,0,sat for a few minutes after hanging up,15,1
16,Qian,7,0,enjoyed watching sports,1,0
16,Qian,7,0,been 27 years old,2,0
16,Qian,7,0,been male,3,0
16,Qian,7,0,not smoked,4,0
16,Qian,7,0,been Asian,5,0
16,Qian,7,0,been stubborn sometimes,6,0
16,Qian,7,0,been a restaurant waiter,7,0
16,Qian,7,0,been hard-working,8,0
16,Qian,7,0,had a humorous personality,9,0
16,Qian,7,0,enjoyed jazz music,10,0
16,Qian,7,0,hung out at the local bar with cousins,11,0
16,Qian,7,0,had several drinks over the course of two hours,12,1
16,Qian,7,0,been angered by Wilson's comments,13,0
16,Qian,7,0,not talked back to Wilson,14,0
16,Qian,7,0,pushed Wilson to the ground,15,1
16,Tristan,8,1,been opinionated sometimes,1,0
16,Tristan,8,1,been Christian,2,0
16,Tristan,8,1,been impatient sometimes,3,1
16,Tristan,8,1,enjoyed listening to country music,4,0
16,Tristan,8,1,been male,5,0
16,Tristan,8,1,been Black,6,0
16,Tristan,8,1,worked for over ten years at the same hospital,7,0
16,Tristan,8,1,been 43 years old,8,0
16,Tristan,8,1,been extroverted and outgoing,9,0
16,Tristan,8,1,been a cardiologist,10,0
16,Tristan,8,1,reviewed Annie's medical history and symptoms,11,0
16,Tristan,8,1,checked Annie's vitals,12,0
16,Tristan,8,1,ordered Annie an electrocardiogram (ECG/EKG),13,0
16,Tristan,8,1,not ordered any other heart tests,14,1
16,Tristan,8,1,not ordered a mammogram,15,0
16,Chris,9,1,been 10 years old,1,0
16,Chris,9,1,enjoyed playing hide-and-seek,2,0
16,Chris,9,1,admired his father,3,0
16,Chris,9,1,been a picky eater,4,0
16,Chris,9,1,been male,5,0
16,Chris,9,1,enjoyed swimming,6,0
16,Chris,9,1,weighed 70 lbs,7,0
16,Chris,9,1,been White,8,0
16,Chris,9,1,had an average IQ,9,0
16,Chris,9,1,had a curious personality,10,0
16,Chris,9,1,invited friends over to play,11,0
16,Chris,9,1,hid in the hall closet,12,0
16,Chris,9,1,found the key in their father's jacket pocket,13,0
16,Chris,9,1,opened the gun cabinet with the key,14,1
16,Chris,9,1,picked up a pistol to play with,15,1
16,Flora,10,1,used a white cane to guide themselves,1,0
16,Flora,10,1,been Asian,2,0
16,Flora,10,1,been an empathetic person,3,0
16,Flora,10,1,been an early riser,4,0
16,Flora,10,1,been a counselor,5,0
16,Flora,10,1,composed music in their free time,6,0
16,Flora,10,1,been female,7,0
16,Flora,10,1,enjoyed gardening,8,0
16,Flora,10,1,been legally blind,9,0
16,Flora,10,1,been 32 years old,10,0
16,Flora,10,1,gone to a neighbor's house for dinner,11,0
16,Flora,10,1,used their white cane while walking home,12,0
16,Flora,10,1,not called for help,13,1
16,Flora,10,1,had their white cane slip between Paul's legs,14,0
16,Flora,10,1,stepped on Paul's torso,15,0
16,Ava,11,1,been Native American,1,0
16,Ava,11,1,been a compassionate person,2,0
16,Ava,11,1,been friends with Peter for many years,3,0
16,Ava,11,1,had a peanut allergy,4,0
16,Ava,11,1,enjoyed going to music concerts,5,0
16,Ava,11,1,regularly drank coffee,6,0
16,Ava,11,1,been 26 years old,7,0
16,Ava,11,1,been female,8,0
16,Ava,11,1,been an artist,9,0
16,Ava,11,1,often driven Peter to appointments and errands,10,0
16,Ava,11,1,done their annual car maintenance,11,0
16,Ava,11,1,driven under the speed limit,12,0
16,Ava,11,1,listened to the radio while driving,13,0
16,Ava,11,1,been startled by the deer,14,0
16,Ava,11,1,slammed the brakes after seeing the deer,15,0
17,Chris,1,1,enjoyed playing hide-and-seek,1,0
17,Chris,1,1,been White,2,0
17,Chris,1,1,admired his father,3,0
17,Chris,1,1,enjoyed swimming,4,0
17,Chris,1,1,been a picky eater,5,0
17,Chris,1,1,had a curious personality,6,0
17,Chris,1,1,had an average IQ,7,0
17,Chris,1,1,weighed 70 lbs,8,0
17,Chris,1,1,been male,9,0
17,Chris,1,1,been 10 years old,10,0
17,Chris,1,1,invited friends over to play,11,0
17,Chris,1,1,hid in the hall closet,12,0
17,Chris,1,1,found the key in their father's jacket pocket,13,0
17,Chris,1,1,opened the gun cabinet with the key,14,1
17,Chris,1,1,picked up a pistol to play with,15,1
17,Darla,2,0,had a laid-back personality,1,0
17,Darla,2,0,been 32 years old,2,0
17,Darla,2,0,had an absent-minded personality,3,0
17,Darla,2,0,worked with Pamela for many years,4,0
17,Darla,2,0,communicated and interacted well with children,5,0
17,Darla,2,0,been Black,6,0
17,Darla,2,0,enjoyed cooking,7,0
17,Darla,2,0,been nearsighted,8,0
17,Darla,2,0,ran a home daycare business,9,0
17,Darla,2,0,been female,10,0
17,Darla,2,0,lived in a tornado-affected area,11,0
17,Darla,2,0,played games with the children,12,0
17,Darla,2,0,played loud upbeat music with the children,13,0
17,Darla,2,0,focused on the children,14,0
17,Darla,2,0,not heard the tornado sirens,15,0
17,Flora,3,1,been an empathetic person,1,0
17,Flora,3,1,been Asian,2,0
17,Flora,3,1,been 32 years old,3,0
17,Flora,3,1,used a white cane to guide themselves,4,0
17,Flora,3,1,been an early riser,5,0
17,Flora,3,1,enjoyed gardening,6,0
17,Flora,3,1,been female,7,0
17,Flora,3,1,been a counselor,8,0
17,Flora,3,1,been legally blind,9,0
17,Flora,3,1,composed music in their free time,10,0
17,Flora,3,1,gone to a neighbor's house for dinner,11,0
17,Flora,3,1,used their white cane while walking home,12,0
17,Flora,3,1,not called for help,13,0
17,Flora,3,1,had their white cane slip between Paul's legs,14,0
17,Flora,3,1,stepped on Paul's torso,15,0
17,Melvin,4,1,had a cheerful personality,1,0
17,Melvin,4,1,enjoyed listening to rock music,2,0
17,Melvin,4,1,had high blood pressure,3,0
17,Melvin,4,1,been a farmer,4,0
17,Melvin,4,1,grown corn,5,0
17,Melvin,4,1,been stingy sometimes,6,0
17,Melvin,4,1,been male,7,0
17,Melvin,4,1,been 45 years old,8,0
17,Melvin,4,1,grown hay,9,0
17,Melvin,4,1,been White,10,0
17,Melvin,4,1,built their barn near the border with Vincent's property,11,0
17,Melvin,4,1,been concerned with hayfires,12,0
17,Melvin,4,1,considered buying hay-drying equipment,13,0
17,Melvin,4,1,met with consultants,14,0
17,Melvin,4,1,decided not to buy hay-drying equipment,15,0
17,Nadia,5,0,been a software engineer,1,0
17,Nadia,5,0,been female,2,0
17,Nadia,5,0,attended couples therapy years ago,3,0
17,Nadia,5,0,been a timid person,4,0
17,Nadia,5,0,been White,5,0
17,Nadia,5,0,been an organized person,6,0
17,Nadia,5,0,collected vinyl records,7,0
17,Nadia,5,0,enjoyed oil painting,8,0
17,Nadia,5,0,had red hair,9,0
17,Nadia,5,0,been 34 years old,10,0
17,Nadia,5,0,gone to the emergency room for bruises,11,0
17,Nadia,5,0,not sought help after the emergency room incident,12,0
17,Nadia,5,0,been scared when Franklin screamed,13,0
17,Nadia,5,0,grabbed the revolver,14,0
17,Nadia,5,0,shot Franklin with the revolver,15,0
17,Alfred,6,1,lived alone,1,0
17,Alfred,6,1,been patriotic,2,0
17,Alfred,6,1,enjoyed Italian cuisine,3,0
17,Alfred,6,1,been a veteran,4,0
17,Alfred,6,1,been White,5,0
17,Alfred,6,1,been male,6,0
17,Alfred,6,1,had a calm personality,7,0
17,Alfred,6,1,had PTSD,8,0
17,Alfred,6,1,enjoyed fishing,9,0
17,Alfred,6,1,been 68 years old,10,0
17,Alfred,6,1,taken the subway home,11,0
17,Alfred,6,1,been quiet on the subway,12,0
17,Alfred,6,1,gotten off at the same stop as Oliver,13,0
17,Alfred,6,1,heard loud drilling and yelling from the construction above,14,0
17,Alfred,6,1,physically attacked Oliver,15,1
17,Ava,7,1,been Native American,1,0
17,Ava,7,1,enjoyed going to music concerts,2,0
17,Ava,7,1,often driven Peter to appointments and errands,3,0
17,Ava,7,1,been 26 years old,4,0
17,Ava,7,1,been female,5,0
17,Ava,7,1,regularly drank coffee,6,0
17,Ava,7,1,been friends with Peter for many years,7,0
17,Ava,7,1,been an artist,8,0
17,Ava,7,1,had a peanut allergy,9,0
17,Ava,7,1,been a compassionate person,10,0
17,Ava,7,1,done their annual car maintenance,11,0
17,Ava,7,1,driven under the speed limit,12,0
17,Ava,7,1,listened to the radio while driving,13,0
17,Ava,7,1,been startled by the deer,14,0
17,Ava,7,1,slammed the brakes after seeing the deer,15,0
17,Qian,8,0,enjoyed watching sports,1,0
17,Qian,8,0,been hard-working,2,0
17,Qian,8,0,been 27 years old,3,0
17,Qian,8,0,been Asian,4,0
17,Qian,8,0,enjoyed jazz music,5,0
17,Qian,8,0,not smoked,6,0
17,Qian,8,0,been a restaurant waiter,7,0
17,Qian,8,0,been stubborn sometimes,8,0
17,Qian,8,0,been male,9,0
17,Qian,8,0,had a humorous personality,10,0
17,Qian,8,0,hung out at the local bar with cousins,11,0
17,Qian,8,0,had several drinks over the course of two hours,12,0
17,Qian,8,0,been angered by Wilson's comments,13,0
17,Qian,8,0,not talked back to Wilson,14,0
17,Qian,8,0,pushed Wilson to the ground,15,1
17,Edward,9,1,been an ambitious person,1,0
17,Edward,9,1,been male,2,0
17,Edward,9,1,enjoyed browsing Twitter,3,0
17,Edward,9,1,been an experienced driver,4,0
17,Edward,9,1,been a studious person,5,0
17,Edward,9,1,been a clinical research assistant,6,0
17,Edward,9,1,been 24 years old,7,0
17,Edward,9,1,been White,8,0
17,Edward,9,1,been single,9,0
17,Edward,9,1,enjoyed reading science fiction,10,0
17,Edward,9,1,not muted phone notifications while driving,11,0
17,Edward,9,1,not sped,12,0
17,Edward,9,1,checked that there were no other cars nearby,13,0
17,Edward,9,1,taken a peek at the text ,14,1
17,Edward,9,1,veered into the cyclist while reading the text,15,1
17,Tristan,10,1,worked for over ten years at the same hospital,1,0
17,Tristan,10,1,enjoyed listening to country music,2,0
17,Tristan,10,1,been Christian,3,0
17,Tristan,10,1,been a cardiologist,4,0
17,Tristan,10,1,been extroverted and outgoing,5,0
17,Tristan,10,1,been impatient sometimes,6,0
17,Tristan,10,1,been 43 years old,7,0
17,Tristan,10,1,been opinionated sometimes,8,0
17,Tristan,10,1,been Black,9,0
17,Tristan,10,1,been male,10,0
17,Tristan,10,1,reviewed Annie's medical history and symptoms,11,0
17,Tristan,10,1,checked Annie's vitals,12,0
17,Tristan,10,1,ordered Annie an electrocardiogram (ECG/EKG),13,0
17,Tristan,10,1,not ordered any other heart tests,14,0
17,Tristan,10,1,not ordered a mammogram,15,0
17,Julia,11,0,enjoyed watching TV shows,1,0
17,Julia,11,0,been a courteous person,2,0
17,Julia,11,0,been multiracial,3,0
17,Julia,11,0,studied psychology,4,0
17,Julia,11,0,been sensitive sometimes,5,0
17,Julia,11,0,had asthma,6,0
17,Julia,11,0,been a college student,7,0
17,Julia,11,0,babysat on the weekends,8,0
17,Julia,11,0,been 19 years old,9,0
17,Julia,11,0,been female,10,0
17,Julia,11,0,read children's books with Benji,11,0
17,Julia,11,0,picked up their partner's call while filling the bathtub,12,1
17,Julia,11,0,felt hurt after learning about the cheating,13,0
17,Julia,11,0,left the bathroom to talk to their partner,14,1
17,Julia,11,0,sat for a few minutes after hanging up,15,1
18,Qian,1,0,enjoyed watching sports,1,0
18,Qian,1,0,been stubborn sometimes,2,0
18,Qian,1,0,been a restaurant waiter,3,0
18,Qian,1,0,enjoyed jazz music,4,0
18,Qian,1,0,been male,5,0
18,Qian,1,0,not smoked,6,0
18,Qian,1,0,been Asian,7,0
18,Qian,1,0,had a humorous personality,8,0
18,Qian,1,0,been hard-working,9,0
18,Qian,1,0,been 27 years old,10,0
18,Qian,1,0,hung out at the local bar with cousins,11,0
18,Qian,1,0,had several drinks over the course of two hours,12,0
18,Qian,1,0,been angered by Wilson's comments,13,0
18,Qian,1,0,not talked back to Wilson,14,0
18,Qian,1,0,pushed Wilson to the ground,15,0
18,Nadia,2,0,collected vinyl records,1,0
18,Nadia,2,0,been female,2,0
18,Nadia,2,0,enjoyed oil painting,3,0
18,Nadia,2,0,been a software engineer,4,0
18,Nadia,2,0,been an organized person,5,0
18,Nadia,2,0,had red hair,6,0
18,Nadia,2,0,been 34 years old,7,0
18,Nadia,2,0,been White,8,0
18,Nadia,2,0,been a timid person,9,0
18,Nadia,2,0,attended couples therapy years ago,10,0
18,Nadia,2,0,gone to the emergency room for bruises,11,0
18,Nadia,2,0,not sought help after the emergency room incident,12,0
18,Nadia,2,0,been scared when Franklin screamed,13,0
18,Nadia,2,0,grabbed the revolver,14,0
18,Nadia,2,0,shot Franklin with the revolver,15,0
18,Julia,3,0,been multiracial,1,0
18,Julia,3,0,studied psychology,2,0
18,Julia,3,0,enjoyed watching TV shows,3,0
18,Julia,3,0,been a courteous person,4,0
18,Julia,3,0,been a college student,5,0
18,Julia,3,0,babysat on the weekends,6,0
18,Julia,3,0,been female,7,0
18,Julia,3,0,been sensitive sometimes,8,0
18,Julia,3,0,had asthma,9,0
18,Julia,3,0,been 19 years old,10,0
18,Julia,3,0,read children's books with Benji,11,0
18,Julia,3,0,picked up their partner's call while filling the bathtub,12,1
18,Julia,3,0,felt hurt after learning about the cheating,13,0
18,Julia,3,0,left the bathroom to talk to their partner,14,0
18,Julia,3,0,sat for a few minutes after hanging up,15,0
18,Darla,4,0,ran a home daycare business,1,0
18,Darla,4,0,communicated and interacted well with children,2,0
18,Darla,4,0,been 32 years old,3,0
18,Darla,4,0,been nearsighted,4,0
18,Darla,4,0,enjoyed cooking,5,0
18,Darla,4,0,been Black,6,0
18,Darla,4,0,had an absent-minded personality,7,0
18,Darla,4,0,worked with Pamela for many years,8,0
18,Darla,4,0,had a laid-back personality,9,0
18,Darla,4,0,been female,10,0
18,Darla,4,0,lived in a tornado-affected area,11,0
18,Darla,4,0,played games with the children,12,0
18,Darla,4,0,played loud upbeat music with the children,13,0
18,Darla,4,0,focused on the children,14,0
18,Darla,4,0,not heard the tornado sirens,15,0
18,Chris,5,1,been a picky eater,1,0
18,Chris,5,1,had a curious personality,2,0
18,Chris,5,1,admired his father,3,0
18,Chris,5,1,been White,4,0
18,Chris,5,1,weighed 70 lbs,5,0
18,Chris,5,1,had an average IQ,6,0
18,Chris,5,1,been male,7,0
18,Chris,5,1,enjoyed swimming,8,0
18,Chris,5,1,been 10 years old,9,0
18,Chris,5,1,enjoyed playing hide-and-seek,10,0
18,Chris,5,1,invited friends over to play,11,0
18,Chris,5,1,hid in the hall closet,12,0
18,Chris,5,1,found the key in their father's jacket pocket,13,0
18,Chris,5,1,opened the gun cabinet with the key,14,0
18,Chris,5,1,picked up a pistol to play with,15,1
18,Melvin,6,1,had high blood pressure,1,0
18,Melvin,6,1,been a farmer,2,0
18,Melvin,6,1,grown hay,3,0
18,Melvin,6,1,grown corn,4,0
18,Melvin,6,1,been White,5,0
18,Melvin,6,1,been 45 years old,6,0
18,Melvin,6,1,been male,7,0
18,Melvin,6,1,had a cheerful personality,8,0
18,Melvin,6,1,been stingy sometimes,9,0
18,Melvin,6,1,enjoyed listening to rock music,10,0
18,Melvin,6,1,built their barn near the border with Vincent's property,11,0
18,Melvin,6,1,been concerned with hayfires,12,0
18,Melvin,6,1,considered buying hay-drying equipment,13,0
18,Melvin,6,1,met with consultants,14,0
18,Melvin,6,1,decided not to buy hay-drying equipment,15,0
18,Edward,7,1,been male,1,0
18,Edward,7,1,been single,2,0
18,Edward,7,1,been an experienced driver,3,0
18,Edward,7,1,been a studious person,4,0
18,Edward,7,1,been 24 years old,5,0
18,Edward,7,1,been an ambitious person,6,0
18,Edward,7,1,enjoyed reading science fiction,7,0
18,Edward,7,1,been a clinical research assistant,8,0
18,Edward,7,1,enjoyed browsing Twitter,9,0
18,Edward,7,1,been White,10,0
18,Edward,7,1,not muted phone notifications while driving,11,0
18,Edward,7,1,not sped,12,0
18,Edward,7,1,checked that there were no other cars nearby,13,0
18,Edward,7,1,taken a peek at the text ,14,1
18,Edward,7,1,veered into the cyclist while reading the text,15,0
18,Tristan,8,1,been impatient sometimes,1,0
18,Tristan,8,1,worked for over ten years at the same hospital,2,0
18,Tristan,8,1,been extroverted and outgoing,3,0
18,Tristan,8,1,been male,4,0
18,Tristan,8,1,been Black,5,0
18,Tristan,8,1,been opinionated sometimes,6,0
18,Tristan,8,1,been Christian,7,0
18,Tristan,8,1,enjoyed listening to country music,8,0
18,Tristan,8,1,been a cardiologist,9,0
18,Tristan,8,1,been 43 years old,10,0
18,Tristan,8,1,reviewed Annie's medical history and symptoms,11,0
18,Tristan,8,1,checked Annie's vitals,12,0
18,Tristan,8,1,ordered Annie an electrocardiogram (ECG/EKG),13,0
18,Tristan,8,1,not ordered any other heart tests,14,1
18,Tristan,8,1,not ordered a mammogram,15,0
18,Alfred,9,1,lived alone,1,0
18,Alfred,9,1,enjoyed Italian cuisine,2,0
18,Alfred,9,1,been White,3,0
18,Alfred,9,1,been 68 years old,4,0
18,Alfred,9,1,been patriotic,5,0
18,Alfred,9,1,been a veteran,6,0
18,Alfred,9,1,had a calm personality,7,0
18,Alfred,9,1,enjoyed fishing,8,0
18,Alfred,9,1,been male,9,0
18,Alfred,9,1,had PTSD,10,0
18,Alfred,9,1,taken the subway home,11,0
18,Alfred,9,1,been quiet on the subway,12,0
18,Alfred,9,1,gotten off at the same stop as Oliver,13,0
18,Alfred,9,1,heard loud drilling and yelling from the construction above,14,0
18,Alfred,9,1,physically attacked Oliver,15,0
18,Flora,10,1,used a white cane to guide themselves,1,0
18,Flora,10,1,been female,2,0
18,Flora,10,1,been Asian,3,0
18,Flora,10,1,been a counselor,4,0
18,Flora,10,1,composed music in their free time,5,0
18,Flora,10,1,enjoyed gardening,6,0
18,Flora,10,1,been an empathetic person,7,0
18,Flora,10,1,been an early riser,8,0
18,Flora,10,1,been 32 years old,9,0
18,Flora,10,1,been legally blind,10,0
18,Flora,10,1,gone to a neighbor's house for dinner,11,0
18,Flora,10,1,used their white cane while walking home,12,0
18,Flora,10,1,not called for help,13,0
18,Flora,10,1,had their white cane slip between Paul's legs,14,0
18,Flora,10,1,stepped on Paul's torso,15,0
18,Ava,11,1,been 26 years old,1,0
18,Ava,11,1,been friends with Peter for many years,2,0
18,Ava,11,1,been female,3,0
18,Ava,11,1,had a peanut allergy,4,0
18,Ava,11,1,been Native American,5,0
18,Ava,11,1,been a compassionate person,6,0
18,Ava,11,1,regularly drank coffee,7,0
18,Ava,11,1,enjoyed going to music concerts,8,0
18,Ava,11,1,often driven Peter to appointments and errands,9,0
18,Ava,11,1,been an artist,10,0
18,Ava,11,1,done their annual car maintenance,11,0
18,Ava,11,1,driven under the speed limit,12,0
18,Ava,11,1,listened to the radio while driving,13,0
18,Ava,11,1,been startled by the deer,14,0
18,Ava,11,1,slammed the brakes after seeing the deer,15,0
19,Qian,1,0,not smoked,1,0
19,Qian,1,0,enjoyed watching sports,2,0
19,Qian,1,0,been hard-working,3,0
19,Qian,1,0,been stubborn sometimes,4,0
19,Qian,1,0,been Asian,5,0
19,Qian,1,0,been male,6,0
19,Qian,1,0,enjoyed jazz music,7,0
19,Qian,1,0,had a humorous personality,8,0
19,Qian,1,0,been 27 years old,9,0
19,Qian,1,0,been a restaurant waiter,10,0
19,Qian,1,0,hung out at the local bar with cousins,11,0
19,Qian,1,0,had several drinks over the course of two hours,12,0
19,Qian,1,0,been angered by Wilson's comments,13,0
19,Qian,1,0,not talked back to Wilson,14,0
19,Qian,1,0,pushed Wilson to the ground,15,1
19,Flora,2,1,been female,1,0
19,Flora,2,1,composed music in their free time,2,0
19,Flora,2,1,been an empathetic person,3,0
19,Flora,2,1,used a white cane to guide themselves,4,0
19,Flora,2,1,been Asian,5,0
19,Flora,2,1,enjoyed gardening,6,0
19,Flora,2,1,been a counselor,7,0
19,Flora,2,1,been an early riser,8,0
19,Flora,2,1,been legally blind,9,0
19,Flora,2,1,been 32 years old,10,0
19,Flora,2,1,gone to a neighbor's house for dinner,11,0
19,Flora,2,1,used their white cane while walking home,12,0
19,Flora,2,1,not called for help,13,1
19,Flora,2,1,had their white cane slip between Paul's legs,14,0
19,Flora,2,1,stepped on Paul's torso,15,0
19,Melvin,3,1,been male,1,0
19,Melvin,3,1,been 45 years old,2,0
19,Melvin,3,1,grown hay,3,0
19,Melvin,3,1,had a cheerful personality,4,0
19,Melvin,3,1,grown corn,5,0
19,Melvin,3,1,enjoyed listening to rock music,6,0
19,Melvin,3,1,been White,7,0
19,Melvin,3,1,been a farmer,8,0
19,Melvin,3,1,had high blood pressure,9,0
19,Melvin,3,1,been stingy sometimes,10,0
19,Melvin,3,1,built their barn near the border with Vincent's property,11,0
19,Melvin,3,1,been concerned with hayfires,12,0
19,Melvin,3,1,considered buying hay-drying equipment,13,0
19,Melvin,3,1,met with consultants,14,0
19,Melvin,3,1,decided not to buy hay-drying equipment,15,1
19,Julia,4,0,had asthma,1,0
19,Julia,4,0,been sensitive sometimes,2,0
19,Julia,4,0,studied psychology,3,0
19,Julia,4,0,been female,4,0
19,Julia,4,0,enjoyed watching TV shows,5,0
19,Julia,4,0,been a courteous person,6,0
19,Julia,4,0,been 19 years old,7,0
19,Julia,4,0,been a college student,8,0
19,Julia,4,0,been multiracial,9,0
19,Julia,4,0,babysat on the weekends,10,0
19,Julia,4,0,read children's books with Benji,11,0
19,Julia,4,0,picked up their partner's call while filling the bathtub,12,0
19,Julia,4,0,felt hurt after learning about the cheating,13,0
19,Julia,4,0,left the bathroom to talk to their partner,14,1
19,Julia,4,0,sat for a few minutes after hanging up,15,1
19,Darla,5,0,been 32 years old,1,0
19,Darla,5,0,ran a home daycare business,2,0
19,Darla,5,0,been female,3,0
19,Darla,5,0,had an absent-minded personality,4,0
19,Darla,5,0,been nearsighted,5,0
19,Darla,5,0,enjoyed cooking,6,0
19,Darla,5,0,had a laid-back personality,7,0
19,Darla,5,0,worked with Pamela for many years,8,0
19,Darla,5,0,been Black,9,0
19,Darla,5,0,communicated and interacted well with children,10,0
19,Darla,5,0,lived in a tornado-affected area,11,0
19,Darla,5,0,played games with the children,12,0
19,Darla,5,0,played loud upbeat music with the children,13,0
19,Darla,5,0,focused on the children,14,0
19,Darla,5,0,not heard the tornado sirens,15,0
19,Edward,6,1,enjoyed browsing Twitter,1,0
19,Edward,6,1,been an ambitious person,2,0
19,Edward,6,1,been a clinical research assistant,3,0
19,Edward,6,1,been an experienced driver,4,0
19,Edward,6,1,been male,5,0
19,Edward,6,1,enjoyed reading science fiction,6,0
19,Edward,6,1,been single,7,0
19,Edward,6,1,been 24 years old,8,0
19,Edward,6,1,been White,9,0
19,Edward,6,1,been a studious person,10,0
19,Edward,6,1,not muted phone notifications while driving,11,0
19,Edward,6,1,not sped,12,0
19,Edward,6,1,checked that there were no other cars nearby,13,0
19,Edward,6,1,taken a peek at the text ,14,1
19,Edward,6,1,veered into the cyclist while reading the text,15,1
19,Tristan,7,1,been impatient sometimes,1,0
19,Tristan,7,1,enjoyed listening to country music,2,0
19,Tristan,7,1,been extroverted and outgoing,3,0
19,Tristan,7,1,been 43 years old,4,0
19,Tristan,7,1,been Black,5,0
19,Tristan,7,1,worked for over ten years at the same hospital,6,0
19,Tristan,7,1,been Christian,7,0
19,Tristan,7,1,been a cardiologist,8,0
19,Tristan,7,1,been male,9,0
19,Tristan,7,1,been opinionated sometimes,10,0
19,Tristan,7,1,reviewed Annie's medical history and symptoms,11,0
19,Tristan,7,1,checked Annie's vitals,12,0
19,Tristan,7,1,ordered Annie an electrocardiogram (ECG/EKG),13,0
19,Tristan,7,1,not ordered any other heart tests,14,1
19,Tristan,7,1,not ordered a mammogram,15,0
19,Nadia,8,0,collected vinyl records,1,0
19,Nadia,8,0,attended couples therapy years ago,2,0
19,Nadia,8,0,been female,3,0
19,Nadia,8,0,had red hair,4,0
19,Nadia,8,0,been a software engineer,5,0
19,Nadia,8,0,been a timid person,6,0
19,Nadia,8,0,been an organized person,7,0
19,Nadia,8,0,enjoyed oil painting,8,0
19,Nadia,8,0,been White,9,0
19,Nadia,8,0,been 34 years old,10,0
19,Nadia,8,0,gone to the emergency room for bruises,11,0
19,Nadia,8,0,not sought help after the emergency room incident,12,1
19,Nadia,8,0,been scared when Franklin screamed,13,0
19,Nadia,8,0,grabbed the revolver,14,0
19,Nadia,8,0,shot Franklin with the revolver,15,0
19,Ava,9,1,been female,1,0
19,Ava,9,1,had a peanut allergy,2,0
19,Ava,9,1,been friends with Peter for many years,3,0
19,Ava,9,1,been a compassionate person,4,0
19,Ava,9,1,been 26 years old,5,0
19,Ava,9,1,regularly drank coffee,6,0
19,Ava,9,1,often driven Peter to appointments and errands,7,0
19,Ava,9,1,been an artist,8,0
19,Ava,9,1,been Native American,9,0
19,Ava,9,1,enjoyed going to music concerts,10,0
19,Ava,9,1,done their annual car maintenance,11,0
19,Ava,9,1,driven under the speed limit,12,0
19,Ava,9,1,listened to the radio while driving,13,0
19,Ava,9,1,been startled by the deer,14,0
19,Ava,9,1,slammed the brakes after seeing the deer,15,0
19,Alfred,10,1,had PTSD,1,0
19,Alfred,10,1,lived alone,2,0
19,Alfred,10,1,been a veteran,3,0
19,Alfred,10,1,been 68 years old,4,0
19,Alfred,10,1,been White,5,0
19,Alfred,10,1,been patriotic,6,0
19,Alfred,10,1,enjoyed fishing,7,0
19,Alfred,10,1,enjoyed Italian cuisine,8,0
19,Alfred,10,1,had a calm personality,9,0
19,Alfred,10,1,been male,10,0
19,Alfred,10,1,taken the subway home,11,0
19,Alfred,10,1,been quiet on the subway,12,0
19,Alfred,10,1,gotten off at the same stop as Oliver,13,0
19,Alfred,10,1,heard loud drilling and yelling from the construction above,14,0
19,Alfred,10,1,physically attacked Oliver,15,1
19,Chris,11,1,had a curious personality,1,0
19,Chris,11,1,admired his father,2,0
19,Chris,11,1,been White,3,0
19,Chris,11,1,had an average IQ,4,0
19,Chris,11,1,enjoyed swimming,5,0
19,Chris,11,1,enjoyed playing hide-and-seek,6,0
19,Chris,11,1,been male,7,0
19,Chris,11,1,weighed 70 lbs,8,0
19,Chris,11,1,been 10 years old,9,0
19,Chris,11,1,been a picky eater,10,0
19,Chris,11,1,invited friends over to play,11,0
19,Chris,11,1,hid in the hall closet,12,0
19,Chris,11,1,found the key in their father's jacket pocket,13,0
19,Chris,11,1,opened the gun cabinet with the key,14,1
19,Chris,11,1,picked up a pistol to play with,15,1
20,Edward,1,0,been an ambitious person,1,0
20,Edward,1,0,been 24 years old,2,0
20,Edward,1,0,been an experienced driver,3,0
20,Edward,1,0,enjoyed reading science fiction,4,0
20,Edward,1,0,enjoyed browsing Twitter,5,0
20,Edward,1,0,been single,6,0
20,Edward,1,0,been White,7,0
20,Edward,1,0,been male,8,0
20,Edward,1,0,been a studious person,9,0
20,Edward,1,0,been a clinical research assistant,10,0
20,Edward,1,0,not muted phone notifications while driving,11,0
20,Edward,1,0,not sped,12,0
20,Edward,1,0,checked that there were no other cars nearby,13,0
20,Edward,1,0,taken a peek at the text ,14,1
20,Edward,1,0,veered into the cyclist while reading the text,15,1
20,Flora,2,1,enjoyed gardening,1,0
20,Flora,2,1,been Asian,2,0
20,Flora,2,1,used a white cane to guide themselves,3,0
20,Flora,2,1,composed music in their free time,4,0
20,Flora,2,1,been an empathetic person,5,0
20,Flora,2,1,been an early riser,6,0
20,Flora,2,1,been a counselor,7,0
20,Flora,2,1,been 32 years old,8,0
20,Flora,2,1,been female,9,0
20,Flora,2,1,been legally blind,10,0
20,Flora,2,1,gone to a neighbor's house for dinner,11,0
20,Flora,2,1,used their white cane while walking home,12,0
20,Flora,2,1,not called for help,13,0
20,Flora,2,1,had their white cane slip between Paul's legs,14,0
20,Flora,2,1,stepped on Paul's torso,15,0
20,Darla,3,0,ran a home daycare business,1,0
20,Darla,3,0,communicated and interacted well with children,2,0
20,Darla,3,0,worked with Pamela for many years,3,0
20,Darla,3,0,been nearsighted,4,0
20,Darla,3,0,been Black,5,0
20,Darla,3,0,been 32 years old,6,0
20,Darla,3,0,been female,7,0
20,Darla,3,0,had an absent-minded personality,8,0
20,Darla,3,0,enjoyed cooking,9,0
20,Darla,3,0,had a laid-back personality,10,0
20,Darla,3,0,lived in a tornado-affected area,11,0
20,Darla,3,0,played games with the children,12,0
20,Darla,3,0,played loud upbeat music with the children,13,1
20,Darla,3,0,focused on the children,14,0
20,Darla,3,0,not heard the tornado sirens,15,1
20,Nadia,4,0,collected vinyl records,1,0
20,Nadia,4,0,been 34 years old,2,0
20,Nadia,4,0,had red hair,3,0
20,Nadia,4,0,attended couples therapy years ago,4,0
20,Nadia,4,0,been an organized person,5,0
20,Nadia,4,0,been a timid person,6,0
20,Nadia,4,0,been a software engineer,7,0
20,Nadia,4,0,enjoyed oil painting,8,0
20,Nadia,4,0,been female,9,0
20,Nadia,4,0,been White,10,0
20,Nadia,4,0,gone to the emergency room for bruises,11,0
20,Nadia,4,0,not sought help after the emergency room incident,12,0
20,Nadia,4,0,been scared when Franklin screamed,13,0
20,Nadia,4,0,grabbed the revolver,14,0
20,Nadia,4,0,shot Franklin with the revolver,15,0
20,Julia,5,0,been 19 years old,1,0
20,Julia,5,0,enjoyed watching TV shows,2,0
20,Julia,5,0,been a college student,3,0
20,Julia,5,0,had asthma,4,0
20,Julia,5,0,studied psychology,5,0
20,Julia,5,0,been a courteous person,6,0
20,Julia,5,0,babysat on the weekends,7,0
20,Julia,5,0,been female,8,0
20,Julia,5,0,been sensitive sometimes,9,0
20,Julia,5,0,been multiracial,10,0
20,Julia,5,0,read children's books with Benji,11,0
20,Julia,5,0,picked up their partner's call while filling the bathtub,12,1
20,Julia,5,0,felt hurt after learning about the cheating,13,0
20,Julia,5,0,left the bathroom to talk to their partner,14,1
20,Julia,5,0,sat for a few minutes after hanging up,15,1
20,Chris,6,1,weighed 70 lbs,1,0
20,Chris,6,1,been male,2,0
20,Chris,6,1,been 10 years old,3,0
20,Chris,6,1,been White,4,0
20,Chris,6,1,been a picky eater,5,0
20,Chris,6,1,enjoyed swimming,6,0
20,Chris,6,1,had an average IQ,7,0
20,Chris,6,1,had a curious personality,8,0
20,Chris,6,1,enjoyed playing hide-and-seek,9,0
20,Chris,6,1,admired his father,10,0
20,Chris,6,1,invited friends over to play,11,0
20,Chris,6,1,hid in the hall closet,12,0
20,Chris,6,1,found the key in their father's jacket pocket,13,1
20,Chris,6,1,opened the gun cabinet with the key,14,1
20,Chris,6,1,picked up a pistol to play with,15,1
20,Ava,7,1,been friends with Peter for many years,1,0
20,Ava,7,1,had a peanut allergy,2,0
20,Ava,7,1,enjoyed going to music concerts,3,0
20,Ava,7,1,regularly drank coffee,4,0
20,Ava,7,1,been an artist,5,0
20,Ava,7,1,been a compassionate person,6,0
20,Ava,7,1,been 26 years old,7,0
20,Ava,7,1,been Native American,8,0
20,Ava,7,1,often driven Peter to appointments and errands,9,0
20,Ava,7,1,been female,10,0
20,Ava,7,1,done their annual car maintenance,11,0
20,Ava,7,1,driven under the speed limit,12,0
20,Ava,7,1,listened to the radio while driving,13,0
20,Ava,7,1,been startled by the deer,14,0
20,Ava,7,1,slammed the brakes after seeing the deer,15,0
20,Alfred,8,1,been male,1,0
20,Alfred,8,1,had a calm personality,2,0
20,Alfred,8,1,enjoyed fishing,3,0
20,Alfred,8,1,been a veteran,4,0
20,Alfred,8,1,been patriotic,5,0
20,Alfred,8,1,been White,6,0
20,Alfred,8,1,been 68 years old,7,0
20,Alfred,8,1,lived alone,8,0
20,Alfred,8,1,had PTSD,9,0
20,Alfred,8,1,enjoyed Italian cuisine,10,0
20,Alfred,8,1,taken the subway home,11,0
20,Alfred,8,1,been quiet on the subway,12,0
20,Alfred,8,1,gotten off at the same stop as Oliver,13,0
20,Alfred,8,1,heard loud drilling and yelling from the construction above,14,0
20,Alfred,8,1,physically attacked Oliver,15,1
20,Melvin,9,1,been 45 years old,1,0
20,Melvin,9,1,had high blood pressure,2,0
20,Melvin,9,1,been stingy sometimes,3,0
20,Melvin,9,1,been a farmer,4,0
20,Melvin,9,1,grown corn,5,0
20,Melvin,9,1,had a cheerful personality,6,0
20,Melvin,9,1,grown hay,7,0
20,Melvin,9,1,been male,8,0
20,Melvin,9,1,enjoyed listening to rock music,9,0
20,Melvin,9,1,been White,10,0
20,Melvin,9,1,built their barn near the border with Vincent's property,11,0
20,Melvin,9,1,been concerned with hayfires,12,0
20,Melvin,9,1,considered buying hay-drying equipment,13,0
20,Melvin,9,1,met with consultants,14,0
20,Melvin,9,1,decided not to buy hay-drying equipment,15,1
20,Tristan,10,1,been Black,1,0
20,Tristan,10,1,been opinionated sometimes,2,0
20,Tristan,10,1,been extroverted and outgoing,3,0
20,Tristan,10,1,been 43 years old,4,0
20,Tristan,10,1,worked for over ten years at the same hospital,5,0
20,Tristan,10,1,been male,6,0
20,Tristan,10,1,been a cardiologist,7,0
20,Tristan,10,1,been impatient sometimes,8,0
20,Tristan,10,1,enjoyed listening to country music,9,0
20,Tristan,10,1,been Christian,10,0
20,Tristan,10,1,reviewed Annie's medical history and symptoms,11,0
20,Tristan,10,1,checked Annie's vitals,12,0
20,Tristan,10,1,ordered Annie an electrocardiogram (ECG/EKG),13,0
20,Tristan,10,1,not ordered any other heart tests,14,0
20,Tristan,10,1,not ordered a mammogram,15,0
20,Qian,11,0,not smoked,1,0
20,Qian,11,0,been 27 years old,2,0
20,Qian,11,0,been Asian,3,0
20,Qian,11,0,been a restaurant waiter,4,0
20,Qian,11,0,been male,5,0
20,Qian,11,0,been hard-working,6,0
20,Qian,11,0,been stubborn sometimes,7,0
20,Qian,11,0,had a humorous personality,8,0
20,Qian,11,0,enjoyed jazz music,9,0
20,Qian,11,0,enjoyed watching sports,10,0
20,Qian,11,0,hung out at the local bar with cousins,11,0
20,Qian,11,0,had several drinks over the course of two hours,12,0
20,Qian,11,0,been angered by Wilson's comments,13,0
20,Qian,11,0,not talked back to Wilson,14,0
20,Qian,11,0,pushed Wilson to the ground,15,1
21,Alfred,1,1,had a calm personality,1,0
21,Alfred,1,1,lived alone,2,0
21,Alfred,1,1,been 68 years old,3,0
21,Alfred,1,1,enjoyed Italian cuisine,4,0
21,Alfred,1,1,enjoyed fishing,5,0
21,Alfred,1,1,been a veteran,6,0
21,Alfred,1,1,been White,7,0
21,Alfred,1,1,had PTSD,8,0
21,Alfred,1,1,been patriotic,9,0
21,Alfred,1,1,been male,10,0
21,Alfred,1,1,taken the subway home,11,0
21,Alfred,1,1,been quiet on the subway,12,0
21,Alfred,1,1,gotten off at the same stop as Oliver,13,0
21,Alfred,1,1,heard loud drilling and yelling from the construction above,14,0
21,Alfred,1,1,physically attacked Oliver,15,1
21,Nadia,2,0,been female,1,0
21,Nadia,2,0,enjoyed oil painting,2,0
21,Nadia,2,0,been a software engineer,3,0
21,Nadia,2,0,been 34 years old,4,0
21,Nadia,2,0,been a timid person,5,0
21,Nadia,2,0,had red hair,6,0
21,Nadia,2,0,attended couples therapy years ago,7,0
21,Nadia,2,0,been an organized person,8,0
21,Nadia,2,0,collected vinyl records,9,0
21,Nadia,2,0,been White,10,0
21,Nadia,2,0,gone to the emergency room for bruises,11,0
21,Nadia,2,0,not sought help after the emergency room incident,12,0
21,Nadia,2,0,been scared when Franklin screamed,13,0
21,Nadia,2,0,grabbed the revolver,14,0
21,Nadia,2,0,shot Franklin with the revolver,15,0
21,Julia,3,0,had asthma,1,0
21,Julia,3,0,been a courteous person,2,0
21,Julia,3,0,been sensitive sometimes,3,0
21,Julia,3,0,been female,4,0
21,Julia,3,0,studied psychology,5,0
21,Julia,3,0,enjoyed watching TV shows,6,0
21,Julia,3,0,babysat on the weekends,7,0
21,Julia,3,0,been multiracial,8,0
21,Julia,3,0,been 19 years old,9,0
21,Julia,3,0,been a college student,10,0
21,Julia,3,0,read children's books with Benji,11,0
21,Julia,3,0,picked up their partner's call while filling the bathtub,12,0
21,Julia,3,0,felt hurt after learning about the cheating,13,0
21,Julia,3,0,left the bathroom to talk to their partner,14,1
21,Julia,3,0,sat for a few minutes after hanging up,15,1
21,Edward,4,1,been a clinical research assistant,1,0
21,Edward,4,1,been a studious person,2,0
21,Edward,4,1,enjoyed browsing Twitter,3,0
21,Edward,4,1,been an ambitious person,4,0
21,Edward,4,1,been 24 years old,5,0
21,Edward,4,1,been White,6,0
21,Edward,4,1,been male,7,0
21,Edward,4,1,been single,8,0
21,Edward,4,1,enjoyed reading science fiction,9,0
21,Edward,4,1,been an experienced driver,10,0
21,Edward,4,1,not muted phone notifications while driving,11,1
21,Edward,4,1,not sped,12,0
21,Edward,4,1,checked that there were no other cars nearby,13,0
21,Edward,4,1,taken a peek at the text ,14,1
21,Edward,4,1,veered into the cyclist while reading the text,15,1
21,Tristan,5,1,enjoyed listening to country music,1,0
21,Tristan,5,1,been opinionated sometimes,2,0
21,Tristan,5,1,been 43 years old,3,0
21,Tristan,5,1,been impatient sometimes,4,0
21,Tristan,5,1,been male,5,0
21,Tristan,5,1,been extroverted and outgoing,6,0
21,Tristan,5,1,been a cardiologist,7,0
21,Tristan,5,1,worked for over ten years at the same hospital,8,0
21,Tristan,5,1,been Christian,9,0
21,Tristan,5,1,been Black,10,0
21,Tristan,5,1,reviewed Annie's medical history and symptoms,11,0
21,Tristan,5,1,checked Annie's vitals,12,0
21,Tristan,5,1,ordered Annie an electrocardiogram (ECG/EKG),13,0
21,Tristan,5,1,not ordered any other heart tests,14,1
21,Tristan,5,1,not ordered a mammogram,15,0
21,Ava,6,1,regularly drank coffee,1,0
21,Ava,6,1,been Native American,2,0
21,Ava,6,1,been a compassionate person,3,0
21,Ava,6,1,often driven Peter to appointments and errands,4,0
21,Ava,6,1,been female,5,0
21,Ava,6,1,been an artist,6,0
21,Ava,6,1,been 26 years old,7,0
21,Ava,6,1,been friends with Peter for many years,8,0
21,Ava,6,1,enjoyed going to music concerts,9,0
21,Ava,6,1,had a peanut allergy,10,0
21,Ava,6,1,done their annual car maintenance,11,0
21,Ava,6,1,driven under the speed limit,12,0
21,Ava,6,1,listened to the radio while driving,13,0
21,Ava,6,1,been startled by the deer,14,0
21,Ava,6,1,slammed the brakes after seeing the deer,15,0
21,Chris,7,1,weighed 70 lbs,1,0
21,Chris,7,1,been a picky eater,2,0
21,Chris,7,1,admired his father,3,0
21,Chris,7,1,been 10 years old,4,0
21,Chris,7,1,been male,5,0
21,Chris,7,1,enjoyed playing hide-and-seek,6,0
21,Chris,7,1,had an average IQ,7,0
21,Chris,7,1,had a curious personality,8,0
21,Chris,7,1,enjoyed swimming,9,0
21,Chris,7,1,been White,10,0
21,Chris,7,1,invited friends over to play,11,0
21,Chris,7,1,hid in the hall closet,12,0
21,Chris,7,1,found the key in their father's jacket pocket,13,0
21,Chris,7,1,opened the gun cabinet with the key,14,1
21,Chris,7,1,picked up a pistol to play with,15,1
21,Melvin,8,1,enjoyed listening to rock music,1,0
21,Melvin,8,1,been a farmer,2,0
21,Melvin,8,1,had high blood pressure,3,0
21,Melvin,8,1,grown hay,4,0
21,Melvin,8,1,been stingy sometimes,5,0
21,Melvin,8,1,been White,6,0
21,Melvin,8,1,been 45 years old,7,0
21,Melvin,8,1,grown corn,8,0
21,Melvin,8,1,had a cheerful personality,9,0
21,Melvin,8,1,been male,10,0
21,Melvin,8,1,built their barn near the border with Vincent's property,11,0
21,Melvin,8,1,been concerned with hayfires,12,0
21,Melvin,8,1,considered buying hay-drying equipment,13,0
21,Melvin,8,1,met with consultants,14,0
21,Melvin,8,1,decided not to buy hay-drying equipment,15,1
21,Flora,9,1,been a counselor,1,0
21,Flora,9,1,been Asian,2,0
21,Flora,9,1,used a white cane to guide themselves,3,0
21,Flora,9,1,enjoyed gardening,4,0
21,Flora,9,1,composed music in their free time,5,0
21,Flora,9,1,been an empathetic person,6,0
21,Flora,9,1,been an early riser,7,0
21,Flora,9,1,been legally blind,8,0
21,Flora,9,1,been female,9,0
21,Flora,9,1,been 32 years old,10,0
21,Flora,9,1,gone to a neighbor's house for dinner,11,0
21,Flora,9,1,used their white cane while walking home,12,0
21,Flora,9,1,not called for help,13,1
21,Flora,9,1,had their white cane slip between Paul's legs,14,0
21,Flora,9,1,stepped on Paul's torso,15,0
21,Darla,10,0,worked with Pamela for many years,1,0
21,Darla,10,0,ran a home daycare business,2,0
21,Darla,10,0,had an absent-minded personality,3,0
21,Darla,10,0,communicated and interacted well with children,4,0
21,Darla,10,0,been nearsighted,5,0
21,Darla,10,0,been female,6,0
21,Darla,10,0,had a laid-back personality,7,0
21,Darla,10,0,been Black,8,0
21,Darla,10,0,enjoyed cooking,9,0
21,Darla,10,0,been 32 years old,10,0
21,Darla,10,0,lived in a tornado-affected area,11,0
21,Darla,10,0,played games with the children,12,0
21,Darla,10,0,played loud upbeat music with the children,13,0
21,Darla,10,0,focused on the children,14,0
21,Darla,10,0,not heard the tornado sirens,15,0
21,Qian,11,0,enjoyed watching sports,1,0
21,Qian,11,0,been a restaurant waiter,2,0
21,Qian,11,0,been Asian,3,0
21,Qian,11,0,been hard-working,4,0
21,Qian,11,0,enjoyed jazz music,5,0
21,Qian,11,0,had a humorous personality,6,0
21,Qian,11,0,been 27 years old,7,0
21,Qian,11,0,been stubborn sometimes,8,0
21,Qian,11,0,been male,9,0
21,Qian,11,0,not smoked,10,0
21,Qian,11,0,hung out at the local bar with cousins,11,0
21,Qian,11,0,had several drinks over the course of two hours,12,0
21,Qian,11,0,been angered by Wilson's comments,13,0
21,Qian,11,0,not talked back to Wilson,14,0
21,Qian,11,0,pushed Wilson to the ground,15,0
22,Julia,1,0,babysat on the weekends,1,0
22,Julia,1,0,been multiracial,2,0
22,Julia,1,0,been 19 years old,3,0
22,Julia,1,0,been a college student,4,0
22,Julia,1,0,enjoyed watching TV shows,5,0
22,Julia,1,0,been female,6,0
22,Julia,1,0,had asthma,7,0
22,Julia,1,0,been a courteous person,8,0
22,Julia,1,0,studied psychology,9,0
22,Julia,1,0,been sensitive sometimes,10,0
22,Julia,1,0,read children's books with Benji,11,0
22,Julia,1,0,picked up their partner's call while filling the bathtub,12,0
22,Julia,1,0,felt hurt after learning about the cheating,13,0
22,Julia,1,0,left the bathroom to talk to their partner,14,1
22,Julia,1,0,sat for a few minutes after hanging up,15,1
22,Ava,2,1,been friends with Peter for many years,1,0
22,Ava,2,1,often driven Peter to appointments and errands,2,0
22,Ava,2,1,had a peanut allergy,3,0
22,Ava,2,1,been Native American,4,0
22,Ava,2,1,been an artist,5,0
22,Ava,2,1,been female,6,0
22,Ava,2,1,enjoyed going to music concerts,7,0
22,Ava,2,1,been a compassionate person,8,0
22,Ava,2,1,regularly drank coffee,9,0
22,Ava,2,1,been 26 years old,10,0
22,Ava,2,1,done their annual car maintenance,11,0
22,Ava,2,1,driven under the speed limit,12,0
22,Ava,2,1,listened to the radio while driving,13,0
22,Ava,2,1,been startled by the deer,14,0
22,Ava,2,1,slammed the brakes after seeing the deer,15,0
22,Darla,3,0,been nearsighted,1,0
22,Darla,3,0,communicated and interacted well with children,2,0
22,Darla,3,0,been female,3,0
22,Darla,3,0,had a laid-back personality,4,0
22,Darla,3,0,worked with Pamela for many years,5,0
22,Darla,3,0,been 32 years old,6,0
22,Darla,3,0,had an absent-minded personality,7,0
22,Darla,3,0,been Black,8,0
22,Darla,3,0,ran a home daycare business,9,0
22,Darla,3,0,enjoyed cooking,10,0
22,Darla,3,0,lived in a tornado-affected area,11,0
22,Darla,3,0,played games with the children,12,0
22,Darla,3,0,played loud upbeat music with the children,13,0
22,Darla,3,0,focused on the children,14,0
22,Darla,3,0,not heard the tornado sirens,15,1
22,Nadia,4,0,had red hair,1,0
22,Nadia,4,0,been White,2,0
22,Nadia,4,0,collected vinyl records,3,0
22,Nadia,4,0,been 34 years old,4,0
22,Nadia,4,0,been female,5,0
22,Nadia,4,0,attended couples therapy years ago,6,0
22,Nadia,4,0,been a software engineer,7,0
22,Nadia,4,0,been a timid person,8,0
22,Nadia,4,0,been an organized person,9,0
22,Nadia,4,0,enjoyed oil painting,10,0
22,Nadia,4,0,gone to the emergency room for bruises,11,0
22,Nadia,4,0,not sought help after the emergency room incident,12,0
22,Nadia,4,0,been scared when Franklin screamed,13,0
22,Nadia,4,0,grabbed the revolver,14,0
22,Nadia,4,0,shot Franklin with the revolver,15,0
22,Melvin,5,1,been male,1,0
22,Melvin,5,1,been White,2,0
22,Melvin,5,1,had a cheerful personality,3,0
22,Melvin,5,1,grown hay,4,0
22,Melvin,5,1,had high blood pressure,5,0
22,Melvin,5,1,been a farmer,6,0
22,Melvin,5,1,been 45 years old,7,0
22,Melvin,5,1,been stingy sometimes,8,0
22,Melvin,5,1,enjoyed listening to rock music,9,0
22,Melvin,5,1,grown corn,10,0
22,Melvin,5,1,built their barn near the border with Vincent's property,11,0
22,Melvin,5,1,been concerned with hayfires,12,0
22,Melvin,5,1,considered buying hay-drying equipment,13,0
22,Melvin,5,1,met with consultants,14,0
22,Melvin,5,1,decided not to buy hay-drying equipment,15,0
22,Chris,6,1,had an average IQ,1,0
22,Chris,6,1,weighed 70 lbs,2,0
22,Chris,6,1,admired his father,3,0
22,Chris,6,1,enjoyed playing hide-and-seek,4,0
22,Chris,6,1,enjoyed swimming,5,0
22,Chris,6,1,been male,6,0
22,Chris,6,1,had a curious personality,7,0
22,Chris,6,1,been a picky eater,8,0
22,Chris,6,1,been 10 years old,9,0
22,Chris,6,1,been White,10,0
22,Chris,6,1,invited friends over to play,11,0
22,Chris,6,1,hid in the hall closet,12,0
22,Chris,6,1,found the key in their father's jacket pocket,13,0
22,Chris,6,1,opened the gun cabinet with the key,14,0
22,Chris,6,1,picked up a pistol to play with,15,1
22,Qian,7,0,been a restaurant waiter,1,0
22,Qian,7,0,enjoyed jazz music,2,0
22,Qian,7,0,not smoked,3,0
22,Qian,7,0,been hard-working,4,0
22,Qian,7,0,had a humorous personality,5,0
22,Qian,7,0,enjoyed watching sports,6,0
22,Qian,7,0,been 27 years old,7,0
22,Qian,7,0,been stubborn sometimes,8,0
22,Qian,7,0,been male,9,0
22,Qian,7,0,been Asian,10,0
22,Qian,7,0,hung out at the local bar with cousins,11,0
22,Qian,7,0,had several drinks over the course of two hours,12,0
22,Qian,7,0,been angered by Wilson's comments,13,0
22,Qian,7,0,not talked back to Wilson,14,0
22,Qian,7,0,pushed Wilson to the ground,15,1
22,Alfred,8,1,been 68 years old,1,0
22,Alfred,8,1,enjoyed fishing,2,0
22,Alfred,8,1,been patriotic,3,0
22,Alfred,8,1,enjoyed Italian cuisine,4,0
22,Alfred,8,1,been male,5,0
22,Alfred,8,1,lived alone,6,0
22,Alfred,8,1,been White,7,0
22,Alfred,8,1,had PTSD,8,0
22,Alfred,8,1,been a veteran,9,0
22,Alfred,8,1,had a calm personality,10,0
22,Alfred,8,1,taken the subway home,11,0
22,Alfred,8,1,been quiet on the subway,12,0
22,Alfred,8,1,gotten off at the same stop as Oliver,13,0
22,Alfred,8,1,heard loud drilling and yelling from the construction above,14,0
22,Alfred,8,1,physically attacked Oliver,15,1
22,Flora,9,1,been 32 years old,1,0
22,Flora,9,1,used a white cane to guide themselves,2,0
22,Flora,9,1,been Asian,3,0
22,Flora,9,1,been an early riser,4,0
22,Flora,9,1,enjoyed gardening,5,0
22,Flora,9,1,been a counselor,6,0
22,Flora,9,1,composed music in their free time,7,0
22,Flora,9,1,been an empathetic person,8,0
22,Flora,9,1,been legally blind,9,0
22,Flora,9,1,been female,10,0
22,Flora,9,1,gone to a neighbor's house for dinner,11,0
22,Flora,9,1,used their white cane while walking home,12,0
22,Flora,9,1,not called for help,13,0
22,Flora,9,1,had their white cane slip between Paul's legs,14,0
22,Flora,9,1,stepped on Paul's torso,15,0
22,Tristan,10,1,worked for over ten years at the same hospital,1,0
22,Tristan,10,1,been male,2,0
22,Tristan,10,1,been extroverted and outgoing,3,0
22,Tristan,10,1,been 43 years old,4,0
22,Tristan,10,1,been Christian,5,0
22,Tristan,10,1,been opinionated sometimes,6,0
22,Tristan,10,1,enjoyed listening to country music,7,0
22,Tristan,10,1,been impatient sometimes,8,0
22,Tristan,10,1,been a cardiologist,9,0
22,Tristan,10,1,been Black,10,0
22,Tristan,10,1,reviewed Annie's medical history and symptoms,11,0
22,Tristan,10,1,checked Annie's vitals,12,0
22,Tristan,10,1,ordered Annie an electrocardiogram (ECG/EKG),13,0
22,Tristan,10,1,not ordered any other heart tests,14,0
22,Tristan,10,1,not ordered a mammogram,15,0
22,Edward,11,1,enjoyed browsing Twitter,1,0
22,Edward,11,1,enjoyed reading science fiction,2,0
22,Edward,11,1,been male,3,0
22,Edward,11,1,been a clinical research assistant,4,0
22,Edward,11,1,been 24 years old,5,0
22,Edward,11,1,been an ambitious person,6,0
22,Edward,11,1,been White,7,0
22,Edward,11,1,been an experienced driver,8,0
22,Edward,11,1,been single,9,0
22,Edward,11,1,been a studious person,10,0
22,Edward,11,1,not muted phone notifications while driving,11,0
22,Edward,11,1,not sped,12,0
22,Edward,11,1,checked that there were no other cars nearby,13,0
22,Edward,11,1,taken a peek at the text ,14,1
22,Edward,11,1,veered into the cyclist while reading the text,15,1
23,Flora,1,1,been 32 years old,1,0
23,Flora,1,1,been an early riser,2,0
23,Flora,1,1,used a white cane to guide themselves,3,0
23,Flora,1,1,been a counselor,4,0
23,Flora,1,1,been legally blind,5,0
23,Flora,1,1,composed music in their free time,6,0
23,Flora,1,1,been Asian,7,0
23,Flora,1,1,been female,8,0
23,Flora,1,1,enjoyed gardening,9,0
23,Flora,1,1,been an empathetic person,10,0
23,Flora,1,1,gone to a neighbor's house for dinner,11,0
23,Flora,1,1,used their white cane while walking home,12,0
23,Flora,1,1,not called for help,13,1
23,Flora,1,1,had their white cane slip between Paul's legs,14,0
23,Flora,1,1,stepped on Paul's torso,15,0
23,Melvin,2,1,grown corn,1,0
23,Melvin,2,1,had high blood pressure,2,0
23,Melvin,2,1,been a farmer,3,0
23,Melvin,2,1,been stingy sometimes,4,0
23,Melvin,2,1,been 45 years old,5,0
23,Melvin,2,1,grown hay,6,0
23,Melvin,2,1,enjoyed listening to rock music,7,0
23,Melvin,2,1,had a cheerful personality,8,0
23,Melvin,2,1,been White,9,0
23,Melvin,2,1,been male,10,0
23,Melvin,2,1,built their barn near the border with Vincent's property,11,0
23,Melvin,2,1,been concerned with hayfires,12,0
23,Melvin,2,1,considered buying hay-drying equipment,13,0
23,Melvin,2,1,met with consultants,14,0
23,Melvin,2,1,decided not to buy hay-drying equipment,15,0
23,Darla,3,0,had a laid-back personality,1,0
23,Darla,3,0,been female,2,0
23,Darla,3,0,been Black,3,0
23,Darla,3,0,enjoyed cooking,4,0
23,Darla,3,0,been 32 years old,5,0
23,Darla,3,0,had an absent-minded personality,6,0
23,Darla,3,0,been nearsighted,7,0
23,Darla,3,0,communicated and interacted well with children,8,0
23,Darla,3,0,worked with Pamela for many years,9,0
23,Darla,3,0,ran a home daycare business,10,0
23,Darla,3,0,lived in a tornado-affected area,11,0
23,Darla,3,0,played games with the children,12,0
23,Darla,3,0,played loud upbeat music with the children,13,0
23,Darla,3,0,focused on the children,14,0
23,Darla,3,0,not heard the tornado sirens,15,0
23,Chris,4,1,been a picky eater,1,0
23,Chris,4,1,admired his father,2,0
23,Chris,4,1,had an average IQ,3,0
23,Chris,4,1,enjoyed playing hide-and-seek,4,0
23,Chris,4,1,had a curious personality,5,0
23,Chris,4,1,been male,6,0
23,Chris,4,1,weighed 70 lbs,7,0
23,Chris,4,1,enjoyed swimming,8,0
23,Chris,4,1,been 10 years old,9,0
23,Chris,4,1,been White,10,0
23,Chris,4,1,invited friends over to play,11,0
23,Chris,4,1,hid in the hall closet,12,0
23,Chris,4,1,found the key in their father's jacket pocket,13,0
23,Chris,4,1,opened the gun cabinet with the key,14,0
23,Chris,4,1,picked up a pistol to play with,15,1
23,Ava,5,1,regularly drank coffee,1,0
23,Ava,5,1,been an artist,2,0
23,Ava,5,1,enjoyed going to music concerts,3,0
23,Ava,5,1,often driven Peter to appointments and errands,4,0
23,Ava,5,1,been friends with Peter for many years,5,0
23,Ava,5,1,been a compassionate person,6,0
23,Ava,5,1,been Native American,7,0
23,Ava,5,1,had a peanut allergy,8,0
23,Ava,5,1,been 26 years old,9,0
23,Ava,5,1,been female,10,0
23,Ava,5,1,done their annual car maintenance,11,0
23,Ava,5,1,driven under the speed limit,12,0
23,Ava,5,1,listened to the radio while driving,13,0
23,Ava,5,1,been startled by the deer,14,0
23,Ava,5,1,slammed the brakes after seeing the deer,15,0
23,Nadia,6,0,collected vinyl records,1,0
23,Nadia,6,0,been 34 years old,2,0
23,Nadia,6,0,been a software engineer,3,0
23,Nadia,6,0,been a timid person,4,0
23,Nadia,6,0,attended couples therapy years ago,5,0
23,Nadia,6,0,been White,6,0
23,Nadia,6,0,had red hair,7,0
23,Nadia,6,0,enjoyed oil painting,8,0
23,Nadia,6,0,been an organized person,9,0
23,Nadia,6,0,been female,10,0
23,Nadia,6,0,gone to the emergency room for bruises,11,0
23,Nadia,6,0,not sought help after the emergency room incident,12,1
23,Nadia,6,0,been scared when Franklin screamed,13,0
23,Nadia,6,0,grabbed the revolver,14,0
23,Nadia,6,0,shot Franklin with the revolver,15,0
23,Tristan,7,1,been Christian,1,0
23,Tristan,7,1,been impatient sometimes,2,0
23,Tristan,7,1,been a cardiologist,3,0
23,Tristan,7,1,been extroverted and outgoing,4,0
23,Tristan,7,1,been opinionated sometimes,5,0
23,Tristan,7,1,been male,6,0
23,Tristan,7,1,been 43 years old,7,0
23,Tristan,7,1,worked for over ten years at the same hospital,8,0
23,Tristan,7,1,enjoyed listening to country music,9,0
23,Tristan,7,1,been Black,10,0
23,Tristan,7,1,reviewed Annie's medical history and symptoms,11,0
23,Tristan,7,1,checked Annie's vitals,12,0
23,Tristan,7,1,ordered Annie an electrocardiogram (ECG/EKG),13,0
23,Tristan,7,1,not ordered any other heart tests,14,1
23,Tristan,7,1,not ordered a mammogram,15,0
23,Edward,8,1,been 24 years old,1,0
23,Edward,8,1,been an ambitious person,2,0
23,Edward,8,1,been White,3,0
23,Edward,8,1,been male,4,0
23,Edward,8,1,been an experienced driver,5,0
23,Edward,8,1,enjoyed browsing Twitter,6,0
23,Edward,8,1,been a studious person,7,0
23,Edward,8,1,enjoyed reading science fiction,8,0
23,Edward,8,1,been a clinical research assistant,9,0
23,Edward,8,1,been single,10,0
23,Edward,8,1,not muted phone notifications while driving,11,0
23,Edward,8,1,not sped,12,0
23,Edward,8,1,checked that there were no other cars nearby,13,0
23,Edward,8,1,taken a peek at the text ,14,1
23,Edward,8,1,veered into the cyclist while reading the text,15,1
23,Qian,9,0,enjoyed watching sports,1,0
23,Qian,9,0,been a restaurant waiter,2,0
23,Qian,9,0,been male,3,0
23,Qian,9,0,been Asian,4,0
23,Qian,9,0,enjoyed jazz music,5,0
23,Qian,9,0,been hard-working,6,0
23,Qian,9,0,been 27 years old,7,0
23,Qian,9,0,had a humorous personality,8,0
23,Qian,9,0,been stubborn sometimes,9,0
23,Qian,9,0,not smoked,10,0
23,Qian,9,0,hung out at the local bar with cousins,11,0
23,Qian,9,0,had several drinks over the course of two hours,12,0
23,Qian,9,0,been angered by Wilson's comments,13,0
23,Qian,9,0,not talked back to Wilson,14,0
23,Qian,9,0,pushed Wilson to the ground,15,0
23,Julia,10,0,had asthma,1,0
23,Julia,10,0,been multiracial,2,0
23,Julia,10,0,babysat on the weekends,3,0
23,Julia,10,0,enjoyed watching TV shows,4,0
23,Julia,10,0,been 19 years old,5,0
23,Julia,10,0,been a college student,6,0
23,Julia,10,0,been female,7,0
23,Julia,10,0,studied psychology,8,0
23,Julia,10,0,been a courteous person,9,0
23,Julia,10,0,been sensitive sometimes,10,0
23,Julia,10,0,read children's books with Benji,11,0
23,Julia,10,0,picked up their partner's call while filling the bathtub,12,0
23,Julia,10,0,felt hurt after learning about the cheating,13,0
23,Julia,10,0,left the bathroom to talk to their partner,14,1
23,Julia,10,0,sat for a few minutes after hanging up,15,1
23,Alfred,11,1,enjoyed Italian cuisine,1,0
23,Alfred,11,1,had PTSD,2,0
23,Alfred,11,1,lived alone,3,0
23,Alfred,11,1,been White,4,0
23,Alfred,11,1,been a veteran,5,0
23,Alfred,11,1,been patriotic,6,0
23,Alfred,11,1,been male,7,0
23,Alfred,11,1,enjoyed fishing,8,0
23,Alfred,11,1,been 68 years old,9,0
23,Alfred,11,1,had a calm personality,10,0
23,Alfred,11,1,taken the subway home,11,0
23,Alfred,11,1,been quiet on the subway,12,0
23,Alfred,11,1,gotten off at the same stop as Oliver,13,0
23,Alfred,11,1,heard loud drilling and yelling from the construction above,14,0
23,Alfred,11,1,physically attacked Oliver,15,1
24,Nadia,1,0,been 34 years old,1,0
24,Nadia,1,0,been a software engineer,2,0
24,Nadia,1,0,been an organized person,3,0
24,Nadia,1,0,been a timid person,4,0
24,Nadia,1,0,collected vinyl records,5,0
24,Nadia,1,0,been White,6,0
24,Nadia,1,0,enjoyed oil painting,7,0
24,Nadia,1,0,attended couples therapy years ago,8,0
24,Nadia,1,0,been female,9,0
24,Nadia,1,0,had red hair,10,0
24,Nadia,1,0,gone to the emergency room for bruises,11,0
24,Nadia,1,0,not sought help after the emergency room incident,12,1
24,Nadia,1,0,been scared when Franklin screamed,13,0
24,Nadia,1,0,grabbed the revolver,14,0
24,Nadia,1,0,shot Franklin with the revolver,15,0
24,Tristan,2,1,been extroverted and outgoing,1,0
24,Tristan,2,1,been a cardiologist,2,0
24,Tristan,2,1,worked for over ten years at the same hospital,3,0
24,Tristan,2,1,been opinionated sometimes,4,0
24,Tristan,2,1,been male,5,0
24,Tristan,2,1,been 43 years old,6,0
24,Tristan,2,1,enjoyed listening to country music,7,0
24,Tristan,2,1,been Black,8,0
24,Tristan,2,1,been Christian,9,0
24,Tristan,2,1,been impatient sometimes,10,0
24,Tristan,2,1,reviewed Annie's medical history and symptoms,11,0
24,Tristan,2,1,checked Annie's vitals,12,0
24,Tristan,2,1,ordered Annie an electrocardiogram (ECG/EKG),13,0
24,Tristan,2,1,not ordered any other heart tests,14,1
24,Tristan,2,1,not ordered a mammogram,15,0
24,Julia,3,0,been sensitive sometimes,1,0
24,Julia,3,0,babysat on the weekends,2,0
24,Julia,3,0,had asthma,3,0
24,Julia,3,0,been female,4,0
24,Julia,3,0,enjoyed watching TV shows,5,0
24,Julia,3,0,been multiracial,6,0
24,Julia,3,0,been a college student,7,0
24,Julia,3,0,studied psychology,8,0
24,Julia,3,0,been 19 years old,9,0
24,Julia,3,0,been a courteous person,10,0
24,Julia,3,0,read children's books with Benji,11,0
24,Julia,3,0,picked up their partner's call while filling the bathtub,12,1
24,Julia,3,0,felt hurt after learning about the cheating,13,0
24,Julia,3,0,left the bathroom to talk to their partner,14,0
24,Julia,3,0,sat for a few minutes after hanging up,15,0
24,Edward,4,1,been a clinical research assistant,1,0
24,Edward,4,1,been single,2,0
24,Edward,4,1,been White,3,0
24,Edward,4,1,enjoyed browsing Twitter,4,0
24,Edward,4,1,been male,5,0
24,Edward,4,1,been 24 years old,6,0
24,Edward,4,1,been a studious person,7,0
24,Edward,4,1,been an experienced driver,8,0
24,Edward,4,1,enjoyed reading science fiction,9,0
24,Edward,4,1,been an ambitious person,10,0
24,Edward,4,1,not muted phone notifications while driving,11,1
24,Edward,4,1,not sped,12,0
24,Edward,4,1,checked that there were no other cars nearby,13,0
24,Edward,4,1,taken a peek at the text ,14,1
24,Edward,4,1,veered into the cyclist while reading the text,15,1
24,Qian,5,0,been Asian,1,0
24,Qian,5,0,been stubborn sometimes,2,0
24,Qian,5,0,been 27 years old,3,0
24,Qian,5,0,enjoyed watching sports,4,0
24,Qian,5,0,not smoked,5,0
24,Qian,5,0,been a restaurant waiter,6,0
24,Qian,5,0,had a humorous personality,7,0
24,Qian,5,0,been male,8,0
24,Qian,5,0,enjoyed jazz music,9,0
24,Qian,5,0,been hard-working,10,0
24,Qian,5,0,hung out at the local bar with cousins,11,0
24,Qian,5,0,had several drinks over the course of two hours,12,0
24,Qian,5,0,been angered by Wilson's comments,13,0
24,Qian,5,0,not talked back to Wilson,14,0
24,Qian,5,0,pushed Wilson to the ground,15,1
24,Darla,6,0,had an absent-minded personality,1,0
24,Darla,6,0,been nearsighted,2,0
24,Darla,6,0,been Black,3,0
24,Darla,6,0,been 32 years old,4,0
24,Darla,6,0,been female,5,0
24,Darla,6,0,communicated and interacted well with children,6,0
24,Darla,6,0,worked with Pamela for many years,7,0
24,Darla,6,0,had a laid-back personality,8,0
24,Darla,6,0,ran a home daycare business,9,0
24,Darla,6,0,enjoyed cooking,10,0
24,Darla,6,0,lived in a tornado-affected area,11,0
24,Darla,6,0,played games with the children,12,0
24,Darla,6,0,played loud upbeat music with the children,13,0
24,Darla,6,0,focused on the children,14,0
24,Darla,6,0,not heard the tornado sirens,15,1
24,Flora,7,1,been a counselor,1,0
24,Flora,7,1,been 32 years old,2,0
24,Flora,7,1,been legally blind,3,0
24,Flora,7,1,enjoyed gardening,4,0
24,Flora,7,1,been female,5,0
24,Flora,7,1,been an empathetic person,6,0
24,Flora,7,1,used a white cane to guide themselves,7,0
24,Flora,7,1,been an early riser,8,0
24,Flora,7,1,composed music in their free time,9,0
24,Flora,7,1,been Asian,10,0
24,Flora,7,1,gone to a neighbor's house for dinner,11,0
24,Flora,7,1,used their white cane while walking home,12,0
24,Flora,7,1,not called for help,13,1
24,Flora,7,1,had their white cane slip between Paul's legs,14,0
24,Flora,7,1,stepped on Paul's torso,15,0
24,Melvin,8,1,had high blood pressure,1,0
24,Melvin,8,1,been White,2,0
24,Melvin,8,1,had a cheerful personality,3,0
24,Melvin,8,1,been 45 years old,4,0
24,Melvin,8,1,grown hay,5,0
24,Melvin,8,1,been male,6,0
24,Melvin,8,1,enjoyed listening to rock music,7,0
24,Melvin,8,1,been stingy sometimes,8,0
24,Melvin,8,1,grown corn,9,0
24,Melvin,8,1,been a farmer,10,0
24,Melvin,8,1,built their barn near the border with Vincent's property,11,0
24,Melvin,8,1,been concerned with hayfires,12,0
24,Melvin,8,1,considered buying hay-drying equipment,13,0
24,Melvin,8,1,met with consultants,14,0
24,Melvin,8,1,decided not to buy hay-drying equipment,15,1
24,Chris,9,1,had an average IQ,1,0
24,Chris,9,1,admired his father,2,0
24,Chris,9,1,weighed 70 lbs,3,0
24,Chris,9,1,been 10 years old,4,0
24,Chris,9,1,had a curious personality,5,0
24,Chris,9,1,been male,6,0
24,Chris,9,1,enjoyed playing hide-and-seek,7,0
24,Chris,9,1,been a picky eater,8,0
24,Chris,9,1,enjoyed swimming,9,0
24,Chris,9,1,been White,10,0
24,Chris,9,1,invited friends over to play,11,0
24,Chris,9,1,hid in the hall closet,12,0
24,Chris,9,1,found the key in their father's jacket pocket,13,0
24,Chris,9,1,opened the gun cabinet with the key,14,1
24,Chris,9,1,picked up a pistol to play with,15,1
24,Alfred,10,1,had a calm personality,1,0
24,Alfred,10,1,been a veteran,2,0
24,Alfred,10,1,been male,3,0
24,Alfred,10,1,been White,4,0
24,Alfred,10,1,enjoyed fishing,5,0
24,Alfred,10,1,lived alone,6,0
24,Alfred,10,1,been patriotic,7,0
24,Alfred,10,1,been 68 years old,8,0
24,Alfred,10,1,enjoyed Italian cuisine,9,0
24,Alfred,10,1,had PTSD,10,0
24,Alfred,10,1,taken the subway home,11,0
24,Alfred,10,1,been quiet on the subway,12,0
24,Alfred,10,1,gotten off at the same stop as Oliver,13,0
24,Alfred,10,1,heard loud drilling and yelling from the construction above,14,0
24,Alfred,10,1,physically attacked Oliver,15,1
24,Ava,11,1,had a peanut allergy,1,0
24,Ava,11,1,been 26 years old,2,0
24,Ava,11,1,been an artist,3,0
24,Ava,11,1,been female,4,0
24,Ava,11,1,enjoyed going to music concerts,5,0
24,Ava,11,1,regularly drank coffee,6,0
24,Ava,11,1,been a compassionate person,7,0
24,Ava,11,1,often driven Peter to appointments and errands,8,0
24,Ava,11,1,been friends with Peter for many years,9,0
24,Ava,11,1,been Native American,10,0
24,Ava,11,1,done their annual car maintenance,11,0
24,Ava,11,1,driven under the speed limit,12,0
24,Ava,11,1,listened to the radio while driving,13,0
24,Ava,11,1,been startled by the deer,14,0
24,Ava,11,1,slammed the brakes after seeing the deer,15,0
25,Julia,1,0,studied psychology,1,0
25,Julia,1,0,been 19 years old,2,0
25,Julia,1,0,enjoyed watching TV shows,3,0
25,Julia,1,0,babysat on the weekends,4,0
25,Julia,1,0,had asthma,5,0
25,Julia,1,0,been sensitive sometimes,6,0
25,Julia,1,0,been a college student,7,0
25,Julia,1,0,been female,8,0
25,Julia,1,0,been a courteous person,9,0
25,Julia,1,0,been multiracial,10,0
25,Julia,1,0,read children's books with Benji,11,0
25,Julia,1,0,picked up their partner's call while filling the bathtub,12,0
25,Julia,1,0,felt hurt after learning about the cheating,13,0
25,Julia,1,0,left the bathroom to talk to their partner,14,1
25,Julia,1,0,sat for a few minutes after hanging up,15,1
25,Darla,2,0,been 32 years old,1,0
25,Darla,2,0,had an absent-minded personality,2,0
25,Darla,2,0,communicated and interacted well with children,3,0
25,Darla,2,0,had a laid-back personality,4,0
25,Darla,2,0,been female,5,0
25,Darla,2,0,worked with Pamela for many years,6,0
25,Darla,2,0,enjoyed cooking,7,0
25,Darla,2,0,been Black,8,0
25,Darla,2,0,ran a home daycare business,9,0
25,Darla,2,0,been nearsighted,10,0
25,Darla,2,0,lived in a tornado-affected area,11,0
25,Darla,2,0,played games with the children,12,0
25,Darla,2,0,played loud upbeat music with the children,13,0
25,Darla,2,0,focused on the children,14,0
25,Darla,2,0,not heard the tornado sirens,15,0
25,Tristan,3,1,worked for over ten years at the same hospital,1,0
25,Tristan,3,1,been male,2,0
25,Tristan,3,1,been impatient sometimes,3,0
25,Tristan,3,1,been opinionated sometimes,4,0
25,Tristan,3,1,been extroverted and outgoing,5,0
25,Tristan,3,1,been 43 years old,6,0
25,Tristan,3,1,been a cardiologist,7,0
25,Tristan,3,1,enjoyed listening to country music,8,0
25,Tristan,3,1,been Black,9,0
25,Tristan,3,1,been Christian,10,0
25,Tristan,3,1,reviewed Annie's medical history and symptoms,11,0
25,Tristan,3,1,checked Annie's vitals,12,0
25,Tristan,3,1,ordered Annie an electrocardiogram (ECG/EKG),13,0
25,Tristan,3,1,not ordered any other heart tests,14,0
25,Tristan,3,1,not ordered a mammogram,15,0
25,Qian,4,0,been Asian,1,0
25,Qian,4,0,been stubborn sometimes,2,0
25,Qian,4,0,not smoked,3,0
25,Qian,4,0,been hard-working,4,0
25,Qian,4,0,been 27 years old,5,0
25,Qian,4,0,been male,6,0
25,Qian,4,0,been a restaurant waiter,7,0
25,Qian,4,0,enjoyed jazz music,8,0
25,Qian,4,0,had a humorous personality,9,0
25,Qian,4,0,enjoyed watching sports,10,0
25,Qian,4,0,hung out at the local bar with cousins,11,0
25,Qian,4,0,had several drinks over the course of two hours,12,0
25,Qian,4,0,been angered by Wilson's comments,13,0
25,Qian,4,0,not talked back to Wilson,14,0
25,Qian,4,0,pushed Wilson to the ground,15,0
25,Melvin,5,1,been male,1,0
25,Melvin,5,1,been 45 years old,2,0
25,Melvin,5,1,grown corn,3,0
25,Melvin,5,1,had high blood pressure,4,0
25,Melvin,5,1,been stingy sometimes,5,0
25,Melvin,5,1,enjoyed listening to rock music,6,0
25,Melvin,5,1,been White,7,0
25,Melvin,5,1,had a cheerful personality,8,0
25,Melvin,5,1,grown hay,9,0
25,Melvin,5,1,been a farmer,10,0
25,Melvin,5,1,built their barn near the border with Vincent's property,11,0
25,Melvin,5,1,been concerned with hayfires,12,0
25,Melvin,5,1,considered buying hay-drying equipment,13,0
25,Melvin,5,1,met with consultants,14,0
25,Melvin,5,1,decided not to buy hay-drying equipment,15,0
25,Ava,6,1,been an artist,1,0
25,Ava,6,1,been Native American,2,0
25,Ava,6,1,often driven Peter to appointments and errands,3,0
25,Ava,6,1,been friends with Peter for many years,4,0
25,Ava,6,1,enjoyed going to music concerts,5,0
25,Ava,6,1,been female,6,0
25,Ava,6,1,had a peanut allergy,7,0
25,Ava,6,1,been 26 years old,8,0
25,Ava,6,1,been a compassionate person,9,0
25,Ava,6,1,regularly drank coffee,10,0
25,Ava,6,1,done their annual car maintenance,11,0
25,Ava,6,1,driven under the speed limit,12,0
25,Ava,6,1,listened to the radio while driving,13,0
25,Ava,6,1,been startled by the deer,14,0
25,Ava,6,1,slammed the brakes after seeing the deer,15,0
25,Chris,7,1,been 10 years old,1,0
25,Chris,7,1,had an average IQ,2,0
25,Chris,7,1,been White,3,0
25,Chris,7,1,had a curious personality,4,0
25,Chris,7,1,weighed 70 lbs,5,0
25,Chris,7,1,admired his father,6,0
25,Chris,7,1,enjoyed playing hide-and-seek,7,0
25,Chris,7,1,been a picky eater,8,0
25,Chris,7,1,enjoyed swimming,9,0
25,Chris,7,1,been male,10,0
25,Chris,7,1,invited friends over to play,11,0
25,Chris,7,1,hid in the hall closet,12,0
25,Chris,7,1,found the key in their father's jacket pocket,13,0
25,Chris,7,1,opened the gun cabinet with the key,14,0
25,Chris,7,1,picked up a pistol to play with,15,1
25,Edward,8,1,been single,1,0
25,Edward,8,1,been a studious person,2,0
25,Edward,8,1,enjoyed browsing Twitter,3,0
25,Edward,8,1,been White,4,0
25,Edward,8,1,been a clinical research assistant,5,0
25,Edward,8,1,enjoyed reading science fiction,6,0
25,Edward,8,1,been an experienced driver,7,0
25,Edward,8,1,been male,8,0
25,Edward,8,1,been an ambitious person,9,0
25,Edward,8,1,been 24 years old,10,0
25,Edward,8,1,not muted phone notifications while driving,11,0
25,Edward,8,1,not sped,12,0
25,Edward,8,1,checked that there were no other cars nearby,13,0
25,Edward,8,1,taken a peek at the text ,14,1
25,Edward,8,1,veered into the cyclist while reading the text,15,1
25,Flora,9,1,composed music in their free time,1,0
25,Flora,9,1,used a white cane to guide themselves,2,0
25,Flora,9,1,been an empathetic person,3,0
25,Flora,9,1,enjoyed gardening,4,0
25,Flora,9,1,been a counselor,5,0
25,Flora,9,1,been female,6,0
25,Flora,9,1,been an early riser,7,0
25,Flora,9,1,been 32 years old,8,0
25,Flora,9,1,been legally blind,9,0
25,Flora,9,1,been Asian,10,0
25,Flora,9,1,gone to a neighbor's house for dinner,11,0
25,Flora,9,1,used their white cane while walking home,12,0
25,Flora,9,1,not called for help,13,0
25,Flora,9,1,had their white cane slip between Paul's legs,14,0
25,Flora,9,1,stepped on Paul's torso,15,0
25,Alfred,10,1,been patriotic,1,0
25,Alfred,10,1,enjoyed Italian cuisine,2,0
25,Alfred,10,1,been White,3,0
25,Alfred,10,1,been male,4,0
25,Alfred,10,1,enjoyed fishing,5,0
25,Alfred,10,1,had PTSD,6,0
25,Alfred,10,1,been a veteran,7,0
25,Alfred,10,1,been 68 years old,8,0
25,Alfred,10,1,had a calm personality,9,0
25,Alfred,10,1,lived alone,10,0
25,Alfred,10,1,taken the subway home,11,0
25,Alfred,10,1,been quiet on the subway,12,0
25,Alfred,10,1,gotten off at the same stop as Oliver,13,0
25,Alfred,10,1,heard loud drilling and yelling from the construction above,14,0
25,Alfred,10,1,physically attacked Oliver,15,1
25,Nadia,11,0,been female,1,0
25,Nadia,11,0,enjoyed oil painting,2,0
25,Nadia,11,0,collected vinyl records,3,0
25,Nadia,11,0,been 34 years old,4,0
25,Nadia,11,0,attended couples therapy years ago,5,0
25,Nadia,11,0,been a timid person,6,0
25,Nadia,11,0,been a software engineer,7,0
25,Nadia,11,0,been White,8,0
25,Nadia,11,0,had red hair,9,0
25,Nadia,11,0,been an organized person,10,0
25,Nadia,11,0,gone to the emergency room for bruises,11,0
25,Nadia,11,0,not sought help after the emergency room incident,12,0
25,Nadia,11,0,been scared when Franklin screamed,13,0
25,Nadia,11,0,grabbed the revolver,14,0
25,Nadia,11,0,shot Franklin with the revolver,15,0
26,Flora,1,1,been 32 years old,1,0
26,Flora,1,1,composed music in their free time,2,0
26,Flora,1,1,been an empathetic person,3,0
26,Flora,1,1,been Asian,4,0
26,Flora,1,1,been female,5,0
26,Flora,1,1,been legally blind,6,0
26,Flora,1,1,used a white cane to guide themselves,7,0
26,Flora,1,1,been a counselor,8,0
26,Flora,1,1,enjoyed gardening,9,0
26,Flora,1,1,been an early riser,10,0
26,Flora,1,1,gone to a neighbor's house for dinner,11,0
26,Flora,1,1,used their white cane while walking home,12,0
26,Flora,1,1,not called for help,13,1
26,Flora,1,1,had their white cane slip between Paul's legs,14,0
26,Flora,1,1,stepped on Paul's torso,15,0
26,Edward,2,1,enjoyed browsing Twitter,1,0
26,Edward,2,1,been an experienced driver,2,0
26,Edward,2,1,been 24 years old,3,0
26,Edward,2,1,enjoyed reading science fiction,4,0
26,Edward,2,1,been male,5,0
26,Edward,2,1,been an ambitious person,6,0
26,Edward,2,1,been single,7,0
26,Edward,2,1,been a clinical research assistant,8,0
26,Edward,2,1,been a studious person,9,0
26,Edward,2,1,been White,10,0
26,Edward,2,1,not muted phone notifications while driving,11,1
26,Edward,2,1,not sped,12,0
26,Edward,2,1,checked that there were no other cars nearby,13,0
26,Edward,2,1,taken a peek at the text ,14,0
26,Edward,2,1,veered into the cyclist while reading the text,15,1
26,Tristan,3,1,been Christian,1,0
26,Tristan,3,1,been Black,2,0
26,Tristan,3,1,been a cardiologist,3,0
26,Tristan,3,1,been opinionated sometimes,4,0
26,Tristan,3,1,enjoyed listening to country music,5,0
26,Tristan,3,1,been extroverted and outgoing,6,0
26,Tristan,3,1,been male,7,0
26,Tristan,3,1,been 43 years old,8,0
26,Tristan,3,1,been impatient sometimes,9,0
26,Tristan,3,1,worked for over ten years at the same hospital,10,0
26,Tristan,3,1,reviewed Annie's medical history and symptoms,11,0
26,Tristan,3,1,checked Annie's vitals,12,0
26,Tristan,3,1,ordered Annie an electrocardiogram (ECG/EKG),13,0
26,Tristan,3,1,not ordered any other heart tests,14,1
26,Tristan,3,1,not ordered a mammogram,15,1
26,Chris,4,1,had an average IQ,1,0
26,Chris,4,1,been a picky eater,2,0
26,Chris,4,1,been 10 years old,3,0
26,Chris,4,1,enjoyed swimming,4,0
26,Chris,4,1,had a curious personality,5,0
26,Chris,4,1,enjoyed playing hide-and-seek,6,0
26,Chris,4,1,been male,7,0
26,Chris,4,1,weighed 70 lbs,8,0
26,Chris,4,1,been White,9,0
26,Chris,4,1,admired his father,10,0
26,Chris,4,1,invited friends over to play,11,0
26,Chris,4,1,hid in the hall closet,12,0
26,Chris,4,1,found the key in their father's jacket pocket,13,0
26,Chris,4,1,opened the gun cabinet with the key,14,0
26,Chris,4,1,picked up a pistol to play with,15,1
26,Alfred,5,1,been a veteran,1,0
26,Alfred,5,1,been 68 years old,2,0
26,Alfred,5,1,been male,3,0
26,Alfred,5,1,lived alone,4,0
26,Alfred,5,1,been patriotic,5,0
26,Alfred,5,1,enjoyed fishing,6,0
26,Alfred,5,1,enjoyed Italian cuisine,7,0
26,Alfred,5,1,had PTSD,8,0
26,Alfred,5,1,had a calm personality,9,0
26,Alfred,5,1,been White,10,0
26,Alfred,5,1,taken the subway home,11,0
26,Alfred,5,1,been quiet on the subway,12,0
26,Alfred,5,1,gotten off at the same stop as Oliver,13,0
26,Alfred,5,1,heard loud drilling and yelling from the construction above,14,0
26,Alfred,5,1,physically attacked Oliver,15,1
26,Darla,6,1,been nearsighted,1,0
26,Darla,6,1,ran a home daycare business,2,0
26,Darla,6,1,enjoyed cooking,3,0
26,Darla,6,1,had an absent-minded personality,4,0
26,Darla,6,1,had a laid-back personality,5,0
26,Darla,6,1,been Black,6,0
26,Darla,6,1,been female,7,0
26,Darla,6,1,worked with Pamela for many years,8,0
26,Darla,6,1,been 32 years old,9,0
26,Darla,6,1,communicated and interacted well with children,10,0
26,Darla,6,1,lived in a tornado-affected area,11,0
26,Darla,6,1,played games with the children,12,0
26,Darla,6,1,played loud upbeat music with the children,13,0
26,Darla,6,1,focused on the children,14,0
26,Darla,6,1,not heard the tornado sirens,15,0
26,Ava,7,1,been 26 years old,1,0
26,Ava,7,1,had a peanut allergy,2,0
26,Ava,7,1,been Native American,3,0
26,Ava,7,1,been a compassionate person,4,0
26,Ava,7,1,been friends with Peter for many years,5,0
26,Ava,7,1,enjoyed going to music concerts,6,0
26,Ava,7,1,often driven Peter to appointments and errands,7,0
26,Ava,7,1,regularly drank coffee,8,0
26,Ava,7,1,been an artist,9,0
26,Ava,7,1,been female,10,0
26,Ava,7,1,done their annual car maintenance,11,0
26,Ava,7,1,driven under the speed limit,12,0
26,Ava,7,1,listened to the radio while driving,13,0
26,Ava,7,1,been startled by the deer,14,0
26,Ava,7,1,slammed the brakes after seeing the deer,15,0
26,Qian,8,0,enjoyed jazz music,1,0
26,Qian,8,0,had a humorous personality,2,0
26,Qian,8,0,been male,3,0
26,Qian,8,0,been a restaurant waiter,4,0
26,Qian,8,0,been 27 years old,5,0
26,Qian,8,0,not smoked,6,0
26,Qian,8,0,been stubborn sometimes,7,0
26,Qian,8,0,been Asian,8,0
26,Qian,8,0,been hard-working,9,0
26,Qian,8,0,enjoyed watching sports,10,0
26,Qian,8,0,hung out at the local bar with cousins,11,0
26,Qian,8,0,had several drinks over the course of two hours,12,0
26,Qian,8,0,been angered by Wilson's comments,13,0
26,Qian,8,0,not talked back to Wilson,14,0
26,Qian,8,0,pushed Wilson to the ground,15,0
26,Nadia,9,0,been a software engineer,1,0
26,Nadia,9,0,been a timid person,2,0
26,Nadia,9,0,been 34 years old,3,0
26,Nadia,9,0,had red hair,4,0
26,Nadia,9,0,attended couples therapy years ago,5,0
26,Nadia,9,0,been female,6,0
26,Nadia,9,0,been an organized person,7,0
26,Nadia,9,0,enjoyed oil painting,8,0
26,Nadia,9,0,collected vinyl records,9,0
26,Nadia,9,0,been White,10,0
26,Nadia,9,0,gone to the emergency room for bruises,11,0
26,Nadia,9,0,not sought help after the emergency room incident,12,0
26,Nadia,9,0,been scared when Franklin screamed,13,0
26,Nadia,9,0,grabbed the revolver,14,0
26,Nadia,9,0,shot Franklin with the revolver,15,0
26,Julia,10,0,had asthma,1,0
26,Julia,10,0,been female,2,0
26,Julia,10,0,been a courteous person,3,0
26,Julia,10,0,babysat on the weekends,4,0
26,Julia,10,0,been 19 years old,5,0
26,Julia,10,0,been a college student,6,0
26,Julia,10,0,been multiracial,7,0
26,Julia,10,0,studied psychology,8,0
26,Julia,10,0,been sensitive sometimes,9,0
26,Julia,10,0,enjoyed watching TV shows,10,0
26,Julia,10,0,read children's books with Benji,11,0
26,Julia,10,0,picked up their partner's call while filling the bathtub,12,0
26,Julia,10,0,felt hurt after learning about the cheating,13,0
26,Julia,10,0,left the bathroom to talk to their partner,14,1
26,Julia,10,0,sat for a few minutes after hanging up,15,1
26,Melvin,11,1,been stingy sometimes,1,0
26,Melvin,11,1,grown corn,2,0
26,Melvin,11,1,been 45 years old,3,0
26,Melvin,11,1,had a cheerful personality,4,0
26,Melvin,11,1,enjoyed listening to rock music,5,0
26,Melvin,11,1,been male,6,0
26,Melvin,11,1,been a farmer,7,0
26,Melvin,11,1,had high blood pressure,8,0
26,Melvin,11,1,been White,9,0
26,Melvin,11,1,grown hay,10,0
26,Melvin,11,1,built their barn near the border with Vincent's property,11,0
26,Melvin,11,1,been concerned with hayfires,12,0
26,Melvin,11,1,considered buying hay-drying equipment,13,0
26,Melvin,11,1,met with consultants,14,0
26,Melvin,11,1,decided not to buy hay-drying equipment,15,0
27,Alfred,1,1,had a calm personality,1,0
27,Alfred,1,1,enjoyed fishing,2,0
27,Alfred,1,1,been 68 years old,3,0
27,Alfred,1,1,lived alone,4,0
27,Alfred,1,1,had PTSD,5,0
27,Alfred,1,1,been male,6,0
27,Alfred,1,1,been White,7,0
27,Alfred,1,1,enjoyed Italian cuisine,8,0
27,Alfred,1,1,been a veteran,9,0
27,Alfred,1,1,been patriotic,10,0
27,Alfred,1,1,taken the subway home,11,0
27,Alfred,1,1,been quiet on the subway,12,0
27,Alfred,1,1,gotten off at the same stop as Oliver,13,0
27,Alfred,1,1,heard loud drilling and yelling from the construction above,14,0
27,Alfred,1,1,physically attacked Oliver,15,1
27,Nadia,2,0,enjoyed oil painting,1,0
27,Nadia,2,0,been 34 years old,2,0
27,Nadia,2,0,collected vinyl records,3,0
27,Nadia,2,0,been a software engineer,4,0
27,Nadia,2,0,been an organized person,5,0
27,Nadia,2,0,attended couples therapy years ago,6,0
27,Nadia,2,0,been a timid person,7,0
27,Nadia,2,0,been White,8,0
27,Nadia,2,0,had red hair,9,0
27,Nadia,2,0,been female,10,0
27,Nadia,2,0,gone to the emergency room for bruises,11,0
27,Nadia,2,0,not sought help after the emergency room incident,12,0
27,Nadia,2,0,been scared when Franklin screamed,13,0
27,Nadia,2,0,grabbed the revolver,14,0
27,Nadia,2,0,shot Franklin with the revolver,15,0
27,Ava,3,1,been an artist,1,0
27,Ava,3,1,regularly drank coffee,2,0
27,Ava,3,1,enjoyed going to music concerts,3,0
27,Ava,3,1,been 26 years old,4,0
27,Ava,3,1,often driven Peter to appointments and errands,5,0
27,Ava,3,1,been Native American,6,0
27,Ava,3,1,been a compassionate person,7,0
27,Ava,3,1,had a peanut allergy,8,0
27,Ava,3,1,been friends with Peter for many years,9,0
27,Ava,3,1,been female,10,0
27,Ava,3,1,done their annual car maintenance,11,0
27,Ava,3,1,driven under the speed limit,12,0
27,Ava,3,1,listened to the radio while driving,13,0
27,Ava,3,1,been startled by the deer,14,0
27,Ava,3,1,slammed the brakes after seeing the deer,15,0
27,Julia,4,0,been sensitive sometimes,1,0
27,Julia,4,0,been female,2,0
27,Julia,4,0,enjoyed watching TV shows,3,0
27,Julia,4,0,been multiracial,4,0
27,Julia,4,0,been 19 years old,5,0
27,Julia,4,0,been a college student,6,0
27,Julia,4,0,studied psychology,7,0
27,Julia,4,0,had asthma,8,0
27,Julia,4,0,babysat on the weekends,9,0
27,Julia,4,0,been a courteous person,10,0
27,Julia,4,0,read children's books with Benji,11,0
27,Julia,4,0,picked up their partner's call while filling the bathtub,12,1
27,Julia,4,0,felt hurt after learning about the cheating,13,0
27,Julia,4,0,left the bathroom to talk to their partner,14,1
27,Julia,4,0,sat for a few minutes after hanging up,15,0
27,Edward,5,1,been single,1,0
27,Edward,5,1,been a clinical research assistant,2,0
27,Edward,5,1,been male,3,0
27,Edward,5,1,been White,4,0
27,Edward,5,1,been 24 years old,5,0
27,Edward,5,1,been an experienced driver,6,0
27,Edward,5,1,been a studious person,7,0
27,Edward,5,1,been an ambitious person,8,0
27,Edward,5,1,enjoyed reading science fiction,9,0
27,Edward,5,1,enjoyed browsing Twitter,10,0
27,Edward,5,1,not muted phone notifications while driving,11,0
27,Edward,5,1,not sped,12,0
27,Edward,5,1,checked that there were no other cars nearby,13,0
27,Edward,5,1,taken a peek at the text ,14,1
27,Edward,5,1,veered into the cyclist while reading the text,15,1
27,Chris,6,1,been male,1,0
27,Chris,6,1,admired his father,2,0
27,Chris,6,1,enjoyed swimming,3,0
27,Chris,6,1,been White,4,0
27,Chris,6,1,enjoyed playing hide-and-seek,5,0
27,Chris,6,1,had a curious personality,6,0
27,Chris,6,1,had an average IQ,7,0
27,Chris,6,1,been 10 years old,8,0
27,Chris,6,1,been a picky eater,9,0
27,Chris,6,1,weighed 70 lbs,10,0
27,Chris,6,1,invited friends over to play,11,0
27,Chris,6,1,hid in the hall closet,12,0
27,Chris,6,1,found the key in their father's jacket pocket,13,0
27,Chris,6,1,opened the gun cabinet with the key,14,1
27,Chris,6,1,picked up a pistol to play with,15,1
27,Tristan,7,1,been a cardiologist,1,0
27,Tristan,7,1,been extroverted and outgoing,2,0
27,Tristan,7,1,been Christian,3,0
27,Tristan,7,1,been male,4,0
27,Tristan,7,1,worked for over ten years at the same hospital,5,0
27,Tristan,7,1,enjoyed listening to country music,6,0
27,Tristan,7,1,been 43 years old,7,0
27,Tristan,7,1,been opinionated sometimes,8,0
27,Tristan,7,1,been Black,9,0
27,Tristan,7,1,been impatient sometimes,10,0
27,Tristan,7,1,reviewed Annie's medical history and symptoms,11,0
27,Tristan,7,1,checked Annie's vitals,12,0
27,Tristan,7,1,ordered Annie an electrocardiogram (ECG/EKG),13,0
27,Tristan,7,1,not ordered any other heart tests,14,1
27,Tristan,7,1,not ordered a mammogram,15,0
27,Melvin,8,1,been 45 years old,1,0
27,Melvin,8,1,had high blood pressure,2,0
27,Melvin,8,1,been a farmer,3,0
27,Melvin,8,1,had a cheerful personality,4,0
27,Melvin,8,1,enjoyed listening to rock music,5,0
27,Melvin,8,1,been male,6,0
27,Melvin,8,1,grown corn,7,0
27,Melvin,8,1,grown hay,8,0
27,Melvin,8,1,been stingy sometimes,9,0
27,Melvin,8,1,been White,10,0
27,Melvin,8,1,built their barn near the border with Vincent's property,11,0
27,Melvin,8,1,been concerned with hayfires,12,0
27,Melvin,8,1,considered buying hay-drying equipment,13,0
27,Melvin,8,1,met with consultants,14,0
27,Melvin,8,1,decided not to buy hay-drying equipment,15,0
27,Flora,9,1,been 32 years old,1,0
27,Flora,9,1,been female,2,0
27,Flora,9,1,been a counselor,3,0
27,Flora,9,1,been Asian,4,0
27,Flora,9,1,composed music in their free time,5,0
27,Flora,9,1,been an empathetic person,6,0
27,Flora,9,1,used a white cane to guide themselves,7,0
27,Flora,9,1,enjoyed gardening,8,0
27,Flora,9,1,been an early riser,9,0
27,Flora,9,1,been legally blind,10,0
27,Flora,9,1,gone to a neighbor's house for dinner,11,0
27,Flora,9,1,used their white cane while walking home,12,0
27,Flora,9,1,not called for help,13,0
27,Flora,9,1,had their white cane slip between Paul's legs,14,0
27,Flora,9,1,stepped on Paul's torso,15,0
27,Qian,10,0,been male,1,0
27,Qian,10,0,been a restaurant waiter,2,0
27,Qian,10,0,enjoyed watching sports,3,0
27,Qian,10,0,not smoked,4,0
27,Qian,10,0,been 27 years old,5,0
27,Qian,10,0,been stubborn sometimes,6,0
27,Qian,10,0,enjoyed jazz music,7,0
27,Qian,10,0,been hard-working,8,0
27,Qian,10,0,had a humorous personality,9,0
27,Qian,10,0,been Asian,10,0
27,Qian,10,0,hung out at the local bar with cousins,11,0
27,Qian,10,0,had several drinks over the course of two hours,12,0
27,Qian,10,0,been angered by Wilson's comments,13,0
27,Qian,10,0,not talked back to Wilson,14,0
27,Qian,10,0,pushed Wilson to the ground,15,1
27,Darla,11,0,had an absent-minded personality,1,0
27,Darla,11,0,been nearsighted,2,0
27,Darla,11,0,had a laid-back personality,3,0
27,Darla,11,0,been Black,4,0
27,Darla,11,0,enjoyed cooking,5,0
27,Darla,11,0,worked with Pamela for many years,6,0
27,Darla,11,0,been female,7,0
27,Darla,11,0,been 32 years old,8,0
27,Darla,11,0,communicated and interacted well with children,9,0
27,Darla,11,0,ran a home daycare business,10,0
27,Darla,11,0,lived in a tornado-affected area,11,0
27,Darla,11,0,played games with the children,12,0
27,Darla,11,0,played loud upbeat music with the children,13,0
27,Darla,11,0,focused on the children,14,0
27,Darla,11,0,not heard the tornado sirens,15,0
28,Chris,1,1,enjoyed swimming,1,0
28,Chris,1,1,been male,2,0
28,Chris,1,1,had an average IQ,3,0
28,Chris,1,1,weighed 70 lbs,4,0
28,Chris,1,1,enjoyed playing hide-and-seek,5,0
28,Chris,1,1,admired his father,6,0
28,Chris,1,1,had a curious personality,7,0
28,Chris,1,1,been White,8,0
28,Chris,1,1,been a picky eater,9,0
28,Chris,1,1,been 10 years old,10,0
28,Chris,1,1,invited friends over to play,11,0
28,Chris,1,1,hid in the hall closet,12,0
28,Chris,1,1,found the key in their father's jacket pocket,13,0
28,Chris,1,1,opened the gun cabinet with the key,14,0
28,Chris,1,1,picked up a pistol to play with,15,0
28,Qian,2,0,had a humorous personality,1,0
28,Qian,2,0,been stubborn sometimes,2,0
28,Qian,2,0,been hard-working,3,0
28,Qian,2,0,been Asian,4,0
28,Qian,2,0,been a restaurant waiter,5,0
28,Qian,2,0,enjoyed jazz music,6,0
28,Qian,2,0,been male,7,0
28,Qian,2,0,not smoked,8,0
28,Qian,2,0,enjoyed watching sports,9,0
28,Qian,2,0,been 27 years old,10,0
28,Qian,2,0,hung out at the local bar with cousins,11,0
28,Qian,2,0,had several drinks over the course of two hours,12,0
28,Qian,2,0,been angered by Wilson's comments,13,0
28,Qian,2,0,not talked back to Wilson,14,0
28,Qian,2,0,pushed Wilson to the ground,15,1
28,Darla,3,0,worked with Pamela for many years,1,0
28,Darla,3,0,ran a home daycare business,2,0
28,Darla,3,0,had a laid-back personality,3,0
28,Darla,3,0,been 32 years old,4,0
28,Darla,3,0,communicated and interacted well with children,5,0
28,Darla,3,0,been nearsighted,6,0
28,Darla,3,0,been Black,7,0
28,Darla,3,0,been female,8,0
28,Darla,3,0,had an absent-minded personality,9,0
28,Darla,3,0,enjoyed cooking,10,0
28,Darla,3,0,lived in a tornado-affected area,11,0
28,Darla,3,0,played games with the children,12,0
28,Darla,3,0,played loud upbeat music with the children,13,0
28,Darla,3,0,focused on the children,14,0
28,Darla,3,0,not heard the tornado sirens,15,1
28,Julia,4,0,had asthma,1,0
28,Julia,4,0,been 19 years old,2,0
28,Julia,4,0,been multiracial,3,0
28,Julia,4,0,babysat on the weekends,4,0
28,Julia,4,0,been a college student,5,0
28,Julia,4,0,been a courteous person,6,0
28,Julia,4,0,studied psychology,7,0
28,Julia,4,0,been sensitive sometimes,8,0
28,Julia,4,0,been female,9,0
28,Julia,4,0,enjoyed watching TV shows,10,0
28,Julia,4,0,read children's books with Benji,11,0
28,Julia,4,0,picked up their partner's call while filling the bathtub,12,0
28,Julia,4,0,felt hurt after learning about the cheating,13,0
28,Julia,4,0,left the bathroom to talk to their partner,14,1
28,Julia,4,0,sat for a few minutes after hanging up,15,1
28,Nadia,5,0,been White,1,0
28,Nadia,5,0,enjoyed oil painting,2,0
28,Nadia,5,0,attended couples therapy years ago,3,0
28,Nadia,5,0,been female,4,0
28,Nadia,5,0,been a timid person,5,0
28,Nadia,5,0,been an organized person,6,0
28,Nadia,5,0,been 34 years old,7,0
28,Nadia,5,0,collected vinyl records,8,0
28,Nadia,5,0,had red hair,9,0
28,Nadia,5,0,been a software engineer,10,0
28,Nadia,5,0,gone to the emergency room for bruises,11,0
28,Nadia,5,0,not sought help after the emergency room incident,12,0
28,Nadia,5,0,been scared when Franklin screamed,13,0
28,Nadia,5,0,grabbed the revolver,14,0
28,Nadia,5,0,shot Franklin with the revolver,15,0
28,Melvin,6,1,been stingy sometimes,1,0
28,Melvin,6,1,been 45 years old,2,0
28,Melvin,6,1,had high blood pressure,3,0
28,Melvin,6,1,had a cheerful personality,4,0
28,Melvin,6,1,grown hay,5,0
28,Melvin,6,1,grown corn,6,0
28,Melvin,6,1,been a farmer,7,0
28,Melvin,6,1,been White,8,0
28,Melvin,6,1,been male,9,0
28,Melvin,6,1,enjoyed listening to rock music,10,0
28,Melvin,6,1,built their barn near the border with Vincent's property,11,0
28,Melvin,6,1,been concerned with hayfires,12,0
28,Melvin,6,1,considered buying hay-drying equipment,13,0
28,Melvin,6,1,met with consultants,14,0
28,Melvin,6,1,decided not to buy hay-drying equipment,15,0
28,Alfred,7,1,had PTSD,1,0
28,Alfred,7,1,been White,2,0
28,Alfred,7,1,had a calm personality,3,0
28,Alfred,7,1,enjoyed fishing,4,0
28,Alfred,7,1,been 68 years old,5,0
28,Alfred,7,1,been patriotic,6,0
28,Alfred,7,1,lived alone,7,0
28,Alfred,7,1,been a veteran,8,0
28,Alfred,7,1,enjoyed Italian cuisine,9,0
28,Alfred,7,1,been male,10,0
28,Alfred,7,1,taken the subway home,11,0
28,Alfred,7,1,been quiet on the subway,12,0
28,Alfred,7,1,gotten off at the same stop as Oliver,13,0
28,Alfred,7,1,heard loud drilling and yelling from the construction above,14,0
28,Alfred,7,1,physically attacked Oliver,15,1
28,Ava,8,1,been friends with Peter for many years,1,0
28,Ava,8,1,been Native American,2,0
28,Ava,8,1,had a peanut allergy,3,0
28,Ava,8,1,been female,4,0
28,Ava,8,1,been a compassionate person,5,0
28,Ava,8,1,often driven Peter to appointments and errands,6,0
28,Ava,8,1,enjoyed going to music concerts,7,0
28,Ava,8,1,been 26 years old,8,0
28,Ava,8,1,regularly drank coffee,9,0
28,Ava,8,1,been an artist,10,0
28,Ava,8,1,done their annual car maintenance,11,0
28,Ava,8,1,driven under the speed limit,12,0
28,Ava,8,1,listened to the radio while driving,13,0
28,Ava,8,1,been startled by the deer,14,0
28,Ava,8,1,slammed the brakes after seeing the deer,15,0
28,Edward,9,1,been an ambitious person,1,0
28,Edward,9,1,been male,2,0
28,Edward,9,1,been an experienced driver,3,0
28,Edward,9,1,enjoyed browsing Twitter,4,0
28,Edward,9,1,been a clinical research assistant,5,0
28,Edward,9,1,enjoyed reading science fiction,6,0
28,Edward,9,1,been a studious person,7,0
28,Edward,9,1,been White,8,0
28,Edward,9,1,been 24 years old,9,0
28,Edward,9,1,been single,10,0
28,Edward,9,1,not muted phone notifications while driving,11,0
28,Edward,9,1,not sped,12,0
28,Edward,9,1,checked that there were no other cars nearby,13,0
28,Edward,9,1,taken a peek at the text ,14,1
28,Edward,9,1,veered into the cyclist while reading the text,15,1
28,Flora,10,1,been 32 years old,1,0
28,Flora,10,1,been an early riser,2,0
28,Flora,10,1,been a counselor,3,0
28,Flora,10,1,enjoyed gardening,4,0
28,Flora,10,1,been Asian,5,0
28,Flora,10,1,been an empathetic person,6,0
28,Flora,10,1,composed music in their free time,7,0
28,Flora,10,1,been legally blind,8,0
28,Flora,10,1,used a white cane to guide themselves,9,0
28,Flora,10,1,been female,10,0
28,Flora,10,1,gone to a neighbor's house for dinner,11,0
28,Flora,10,1,used their white cane while walking home,12,0
28,Flora,10,1,not called for help,13,0
28,Flora,10,1,had their white cane slip between Paul's legs,14,0
28,Flora,10,1,stepped on Paul's torso,15,0
28,Tristan,11,1,been a cardiologist,1,0
28,Tristan,11,1,been male,2,0
28,Tristan,11,1,been Christian,3,0
28,Tristan,11,1,enjoyed listening to country music,4,0
28,Tristan,11,1,been impatient sometimes,5,0
28,Tristan,11,1,been extroverted and outgoing,6,0
28,Tristan,11,1,been Black,7,0
28,Tristan,11,1,been 43 years old,8,0
28,Tristan,11,1,worked for over ten years at the same hospital,9,0
28,Tristan,11,1,been opinionated sometimes,10,0
28,Tristan,11,1,reviewed Annie's medical history and symptoms,11,0
28,Tristan,11,1,checked Annie's vitals,12,0
28,Tristan,11,1,ordered Annie an electrocardiogram (ECG/EKG),13,0
28,Tristan,11,1,not ordered any other heart tests,14,1
28,Tristan,11,1,not ordered a mammogram,15,0
29,Nadia,1,0,collected vinyl records,1,0
29,Nadia,1,0,been female,2,0
29,Nadia,1,0,been an organized person,3,0
29,Nadia,1,0,been a software engineer,4,0
29,Nadia,1,0,had red hair,5,0
29,Nadia,1,0,been White,6,0
29,Nadia,1,0,attended couples therapy years ago,7,0
29,Nadia,1,0,been 34 years old,8,0
29,Nadia,1,0,been a timid person,9,0
29,Nadia,1,0,enjoyed oil painting,10,0
29,Nadia,1,0,gone to the emergency room for bruises,11,0
29,Nadia,1,0,not sought help after the emergency room incident,12,0
29,Nadia,1,0,been scared when Franklin screamed,13,0
29,Nadia,1,0,grabbed the revolver,14,0
29,Nadia,1,0,shot Franklin with the revolver,15,0
29,Qian,2,0,enjoyed watching sports,1,0
29,Qian,2,0,had a humorous personality,2,0
29,Qian,2,0,been 27 years old,3,0
29,Qian,2,0,not smoked,4,0
29,Qian,2,0,been stubborn sometimes,5,0
29,Qian,2,0,been Asian,6,0
29,Qian,2,0,been hard-working,7,0
29,Qian,2,0,enjoyed jazz music,8,0
29,Qian,2,0,been a restaurant waiter,9,0
29,Qian,2,0,been male,10,0
29,Qian,2,0,hung out at the local bar with cousins,11,0
29,Qian,2,0,had several drinks over the course of two hours,12,0
29,Qian,2,0,been angered by Wilson's comments,13,0
29,Qian,2,0,not talked back to Wilson,14,0
29,Qian,2,0,pushed Wilson to the ground,15,0
29,Alfred,3,1,enjoyed fishing,1,0
29,Alfred,3,1,been patriotic,2,0
29,Alfred,3,1,been a veteran,3,0
29,Alfred,3,1,been 68 years old,4,0
29,Alfred,3,1,had PTSD,5,0
29,Alfred,3,1,lived alone,6,0
29,Alfred,3,1,been White,7,0
29,Alfred,3,1,had a calm personality,8,0
29,Alfred,3,1,been male,9,0
29,Alfred,3,1,enjoyed Italian cuisine,10,0
29,Alfred,3,1,taken the subway home,11,0
29,Alfred,3,1,been quiet on the subway,12,0
29,Alfred,3,1,gotten off at the same stop as Oliver,13,0
29,Alfred,3,1,heard loud drilling and yelling from the construction above,14,0
29,Alfred,3,1,physically attacked Oliver,15,1
29,Flora,4,1,been an empathetic person,1,0
29,Flora,4,1,been a counselor,2,0
29,Flora,4,1,enjoyed gardening,3,0
29,Flora,4,1,been an early riser,4,0
29,Flora,4,1,used a white cane to guide themselves,5,0
29,Flora,4,1,been female,6,0
29,Flora,4,1,been legally blind,7,0
29,Flora,4,1,composed music in their free time,8,0
29,Flora,4,1,been Asian,9,0
29,Flora,4,1,been 32 years old,10,0
29,Flora,4,1,gone to a neighbor's house for dinner,11,0
29,Flora,4,1,used their white cane while walking home,12,0
29,Flora,4,1,not called for help,13,1
29,Flora,4,1,had their white cane slip between Paul's legs,14,0
29,Flora,4,1,stepped on Paul's torso,15,0
29,Chris,5,1,had a curious personality,1,0
29,Chris,5,1,been male,2,0
29,Chris,5,1,enjoyed playing hide-and-seek,3,0
29,Chris,5,1,enjoyed swimming,4,0
29,Chris,5,1,had an average IQ,5,0
29,Chris,5,1,weighed 70 lbs,6,0
29,Chris,5,1,admired his father,7,0
29,Chris,5,1,been a picky eater,8,0
29,Chris,5,1,been 10 years old,9,0
29,Chris,5,1,been White,10,0
29,Chris,5,1,invited friends over to play,11,0
29,Chris,5,1,hid in the hall closet,12,0
29,Chris,5,1,found the key in their father's jacket pocket,13,0
29,Chris,5,1,opened the gun cabinet with the key,14,0
29,Chris,5,1,picked up a pistol to play with,15,1
29,Darla,6,0,communicated and interacted well with children,1,0
29,Darla,6,0,ran a home daycare business,2,0
29,Darla,6,0,been 32 years old,3,0
29,Darla,6,0,been nearsighted,4,0
29,Darla,6,0,been Black,5,0
29,Darla,6,0,enjoyed cooking,6,0
29,Darla,6,0,been female,7,0
29,Darla,6,0,had an absent-minded personality,8,0
29,Darla,6,0,worked with Pamela for many years,9,0
29,Darla,6,0,had a laid-back personality,10,0
29,Darla,6,0,lived in a tornado-affected area,11,0
29,Darla,6,0,played games with the children,12,0
29,Darla,6,0,played loud upbeat music with the children,13,0
29,Darla,6,0,focused on the children,14,0
29,Darla,6,0,not heard the tornado sirens,15,0
29,Ava,7,1,been a compassionate person,1,0
29,Ava,7,1,enjoyed going to music concerts,2,0
29,Ava,7,1,regularly drank coffee,3,0
29,Ava,7,1,been female,4,0
29,Ava,7,1,been friends with Peter for many years,5,0
29,Ava,7,1,been 26 years old,6,0
29,Ava,7,1,been an artist,7,0
29,Ava,7,1,had a peanut allergy,8,0
29,Ava,7,1,often driven Peter to appointments and errands,9,0
29,Ava,7,1,been Native American,10,0
29,Ava,7,1,done their annual car maintenance,11,0
29,Ava,7,1,driven under the speed limit,12,0
29,Ava,7,1,listened to the radio while driving,13,0
29,Ava,7,1,been startled by the deer,14,0
29,Ava,7,1,slammed the brakes after seeing the deer,15,0
29,Edward,8,1,been 24 years old,1,0
29,Edward,8,1,enjoyed reading science fiction,2,0
29,Edward,8,1,been an experienced driver,3,0
29,Edward,8,1,been White,4,0
29,Edward,8,1,been male,5,0
29,Edward,8,1,been a studious person,6,0
29,Edward,8,1,enjoyed browsing Twitter,7,0
29,Edward,8,1,been a clinical research assistant,8,0
29,Edward,8,1,been single,9,0
29,Edward,8,1,been an ambitious person,10,0
29,Edward,8,1,not muted phone notifications while driving,11,0
29,Edward,8,1,not sped,12,0
29,Edward,8,1,checked that there were no other cars nearby,13,0
29,Edward,8,1,taken a peek at the text ,14,1
29,Edward,8,1,veered into the cyclist while reading the text,15,0
29,Julia,9,0,been a courteous person,1,0
29,Julia,9,0,been 19 years old,2,0
29,Julia,9,0,been a college student,3,0
29,Julia,9,0,had asthma,4,0
29,Julia,9,0,been female,5,0
29,Julia,9,0,babysat on the weekends,6,0
29,Julia,9,0,been sensitive sometimes,7,0
29,Julia,9,0,enjoyed watching TV shows,8,0
29,Julia,9,0,studied psychology,9,0
29,Julia,9,0,been multiracial,10,0
29,Julia,9,0,read children's books with Benji,11,0
29,Julia,9,0,picked up their partner's call while filling the bathtub,12,0
29,Julia,9,0,felt hurt after learning about the cheating,13,0
29,Julia,9,0,left the bathroom to talk to their partner,14,1
29,Julia,9,0,sat for a few minutes after hanging up,15,0
29,Melvin,10,1,had a cheerful personality,1,0
29,Melvin,10,1,enjoyed listening to rock music,2,0
29,Melvin,10,1,been male,3,0
29,Melvin,10,1,been stingy sometimes,4,0
29,Melvin,10,1,been White,5,0
29,Melvin,10,1,grown hay,6,0
29,Melvin,10,1,had high blood pressure,7,0
29,Melvin,10,1,grown corn,8,0
29,Melvin,10,1,been a farmer,9,0
29,Melvin,10,1,been 45 years old,10,0
29,Melvin,10,1,built their barn near the border with Vincent's property,11,0
29,Melvin,10,1,been concerned with hayfires,12,0
29,Melvin,10,1,considered buying hay-drying equipment,13,0
29,Melvin,10,1,met with consultants,14,0
29,Melvin,10,1,decided not to buy hay-drying equipment,15,0
29,Tristan,11,1,been Christian,1,0
29,Tristan,11,1,worked for over ten years at the same hospital,2,0
29,Tristan,11,1,been a cardiologist,3,0
29,Tristan,11,1,been Black,4,0
29,Tristan,11,1,been extroverted and outgoing,5,0
29,Tristan,11,1,been opinionated sometimes,6,0
29,Tristan,11,1,enjoyed listening to country music,7,0
29,Tristan,11,1,been male,8,0
29,Tristan,11,1,been 43 years old,9,0
29,Tristan,11,1,been impatient sometimes,10,0
29,Tristan,11,1,reviewed Annie's medical history and symptoms,11,0
29,Tristan,11,1,checked Annie's vitals,12,0
29,Tristan,11,1,ordered Annie an electrocardiogram (ECG/EKG),13,0
29,Tristan,11,1,not ordered any other heart tests,14,1
29,Tristan,11,1,not ordered a mammogram,15,0
30,Edward,1,1,been an experienced driver,1,0
30,Edward,1,1,enjoyed browsing Twitter,2,0
30,Edward,1,1,enjoyed reading science fiction,3,0
30,Edward,1,1,been White,4,0
30,Edward,1,1,been an ambitious person,5,0
30,Edward,1,1,been a studious person,6,0
30,Edward,1,1,been 24 years old,7,0
30,Edward,1,1,been single,8,0
30,Edward,1,1,been a clinical research assistant,9,0
30,Edward,1,1,been male,10,0
30,Edward,1,1,not muted phone notifications while driving,11,0
30,Edward,1,1,not sped,12,0
30,Edward,1,1,checked that there were no other cars nearby,13,0
30,Edward,1,1,taken a peek at the text ,14,1
30,Edward,1,1,veered into the cyclist while reading the text,15,1
30,Nadia,2,0,been 34 years old,1,0
30,Nadia,2,0,been a software engineer,2,0
30,Nadia,2,0,had red hair,3,0
30,Nadia,2,0,collected vinyl records,4,0
30,Nadia,2,0,enjoyed oil painting,5,0
30,Nadia,2,0,attended couples therapy years ago,6,0
30,Nadia,2,0,been White,7,0
30,Nadia,2,0,been a timid person,8,0
30,Nadia,2,0,been female,9,0
30,Nadia,2,0,been an organized person,10,0
30,Nadia,2,0,gone to the emergency room for bruises,11,0
30,Nadia,2,0,not sought help after the emergency room incident,12,0
30,Nadia,2,0,been scared when Franklin screamed,13,0
30,Nadia,2,0,grabbed the revolver,14,0
30,Nadia,2,0,shot Franklin with the revolver,15,0
30,Qian,3,0,enjoyed jazz music,1,0
30,Qian,3,0,been male,2,0
30,Qian,3,0,been a restaurant waiter,3,0
30,Qian,3,0,been 27 years old,4,0
30,Qian,3,0,been Asian,5,0
30,Qian,3,0,been hard-working,6,0
30,Qian,3,0,been stubborn sometimes,7,0
30,Qian,3,0,enjoyed watching sports,8,0
30,Qian,3,0,had a humorous personality,9,0
30,Qian,3,0,not smoked,10,0
30,Qian,3,0,hung out at the local bar with cousins,11,0
30,Qian,3,0,had several drinks over the course of two hours,12,0
30,Qian,3,0,been angered by Wilson's comments,13,0
30,Qian,3,0,not talked back to Wilson,14,0
30,Qian,3,0,pushed Wilson to the ground,15,1
30,Chris,4,1,had a curious personality,1,0
30,Chris,4,1,admired his father,2,0
30,Chris,4,1,been 10 years old,3,0
30,Chris,4,1,been a picky eater,4,0
30,Chris,4,1,enjoyed swimming,5,0
30,Chris,4,1,been White,6,0
30,Chris,4,1,had an average IQ,7,0
30,Chris,4,1,weighed 70 lbs,8,0
30,Chris,4,1,enjoyed playing hide-and-seek,9,0
30,Chris,4,1,been male,10,0
30,Chris,4,1,invited friends over to play,11,0
30,Chris,4,1,hid in the hall closet,12,0
30,Chris,4,1,found the key in their father's jacket pocket,13,0
30,Chris,4,1,opened the gun cabinet with the key,14,0
30,Chris,4,1,picked up a pistol to play with,15,0
30,Flora,5,1,been an empathetic person,1,0
30,Flora,5,1,composed music in their free time,2,0
30,Flora,5,1,used a white cane to guide themselves,3,0
30,Flora,5,1,enjoyed gardening,4,0
30,Flora,5,1,been an early riser,5,0
30,Flora,5,1,been a counselor,6,0
30,Flora,5,1,been 32 years old,7,0
30,Flora,5,1,been Asian,8,0
30,Flora,5,1,been female,9,0
30,Flora,5,1,been legally blind,10,0
30,Flora,5,1,gone to a neighbor's house for dinner,11,0
30,Flora,5,1,used their white cane while walking home,12,0
30,Flora,5,1,not called for help,13,0
30,Flora,5,1,had their white cane slip between Paul's legs,14,0
30,Flora,5,1,stepped on Paul's torso,15,0
30,Darla,6,0,been Black,1,0
30,Darla,6,0,communicated and interacted well with children,2,0
30,Darla,6,0,had an absent-minded personality,3,0
30,Darla,6,0,been 32 years old,4,0
30,Darla,6,0,been female,5,0
30,Darla,6,0,ran a home daycare business,6,0
30,Darla,6,0,worked with Pamela for many years,7,0
30,Darla,6,0,enjoyed cooking,8,0
30,Darla,6,0,had a laid-back personality,9,0
30,Darla,6,0,been nearsighted,10,0
30,Darla,6,0,lived in a tornado-affected area,11,0
30,Darla,6,0,played games with the children,12,0
30,Darla,6,0,played loud upbeat music with the children,13,0
30,Darla,6,0,focused on the children,14,0
30,Darla,6,0,not heard the tornado sirens,15,0
30,Melvin,7,1,grown hay,1,0
30,Melvin,7,1,been male,2,0
30,Melvin,7,1,grown corn,3,0
30,Melvin,7,1,been stingy sometimes,4,0
30,Melvin,7,1,been White,5,0
30,Melvin,7,1,enjoyed listening to rock music,6,0
30,Melvin,7,1,had a cheerful personality,7,0
30,Melvin,7,1,had high blood pressure,8,0
30,Melvin,7,1,been a farmer,9,0
30,Melvin,7,1,been 45 years old,10,0
30,Melvin,7,1,built their barn near the border with Vincent's property,11,1
30,Melvin,7,1,been concerned with hayfires,12,0
30,Melvin,7,1,considered buying hay-drying equipment,13,0
30,Melvin,7,1,met with consultants,14,0
30,Melvin,7,1,decided not to buy hay-drying equipment,15,0
30,Tristan,8,1,been opinionated sometimes,1,0
30,Tristan,8,1,been impatient sometimes,2,0
30,Tristan,8,1,been extroverted and outgoing,3,0
30,Tristan,8,1,enjoyed listening to country music,4,0
30,Tristan,8,1,been a cardiologist,5,0
30,Tristan,8,1,been Christian,6,0
30,Tristan,8,1,been 43 years old,7,0
30,Tristan,8,1,been Black,8,0
30,Tristan,8,1,been male,9,0
30,Tristan,8,1,worked for over ten years at the same hospital,10,0
30,Tristan,8,1,reviewed Annie's medical history and symptoms,11,0
30,Tristan,8,1,checked Annie's vitals,12,0
30,Tristan,8,1,ordered Annie an electrocardiogram (ECG/EKG),13,0
30,Tristan,8,1,not ordered any other heart tests,14,1
30,Tristan,8,1,not ordered a mammogram,15,0
30,Julia,9,0,been 19 years old,1,0
30,Julia,9,0,had asthma,2,0
30,Julia,9,0,babysat on the weekends,3,0
30,Julia,9,0,studied psychology,4,0
30,Julia,9,0,been multiracial,5,0
30,Julia,9,0,been female,6,0
30,Julia,9,0,enjoyed watching TV shows,7,0
30,Julia,9,0,been a courteous person,8,0
30,Julia,9,0,been a college student,9,0
30,Julia,9,0,been sensitive sometimes,10,0
30,Julia,9,0,read children's books with Benji,11,0
30,Julia,9,0,picked up their partner's call while filling the bathtub,12,1
30,Julia,9,0,felt hurt after learning about the cheating,13,0
30,Julia,9,0,left the bathroom to talk to their partner,14,1
30,Julia,9,0,sat for a few minutes after hanging up,15,1
30,Ava,10,1,been female,1,0
30,Ava,10,1,enjoyed going to music concerts,2,0
30,Ava,10,1,been friends with Peter for many years,3,0
30,Ava,10,1,been a compassionate person,4,0
30,Ava,10,1,had a peanut allergy,5,0
30,Ava,10,1,regularly drank coffee,6,0
30,Ava,10,1,been an artist,7,0
30,Ava,10,1,been Native American,8,0
30,Ava,10,1,often driven Peter to appointments and errands,9,0
30,Ava,10,1,been 26 years old,10,0
30,Ava,10,1,done their annual car maintenance,11,0
30,Ava,10,1,driven under the speed limit,12,0
30,Ava,10,1,listened to the radio while driving,13,0
30,Ava,10,1,been startled by the deer,14,0
30,Ava,10,1,slammed the brakes after seeing the deer,15,0
30,Alfred,11,1,enjoyed Italian cuisine,1,0
30,Alfred,11,1,been patriotic,2,0
30,Alfred,11,1,enjoyed fishing,3,0
30,Alfred,11,1,been 68 years old,4,0
30,Alfred,11,1,had PTSD,5,0
30,Alfred,11,1,been male,6,0
30,Alfred,11,1,been a veteran,7,0
30,Alfred,11,1,lived alone,8,0
30,Alfred,11,1,been White,9,0
30,Alfred,11,1,had a calm personality,10,0
30,Alfred,11,1,taken the subway home,11,0
30,Alfred,11,1,been quiet on the subway,12,0
30,Alfred,11,1,gotten off at the same stop as Oliver,13,0
30,Alfred,11,1,heard loud drilling and yelling from the construction above,14,0
30,Alfred,11,1,physically attacked Oliver,15,1
31,Alfred,1,1,been 68 years old,1,0
31,Alfred,1,1,been White,2,0
31,Alfred,1,1,had PTSD,3,0
31,Alfred,1,1,been male,4,0
31,Alfred,1,1,been patriotic,5,0
31,Alfred,1,1,had a calm personality,6,0
31,Alfred,1,1,enjoyed Italian cuisine,7,0
31,Alfred,1,1,enjoyed fishing,8,0
31,Alfred,1,1,lived alone,9,0
31,Alfred,1,1,been a veteran,10,1
31,Alfred,1,1,taken the subway home,11,0
31,Alfred,1,1,been quiet on the subway,12,0
31,Alfred,1,1,gotten off at the same stop as Oliver,13,0
31,Alfred,1,1,heard loud drilling and yelling from the construction above,14,0
31,Alfred,1,1,physically attacked Oliver,15,1
31,Darla,2,0,communicated and interacted well with children,1,0
31,Darla,2,0,had an absent-minded personality,2,0
31,Darla,2,0,been 32 years old,3,0
31,Darla,2,0,had a laid-back personality,4,0
31,Darla,2,0,worked with Pamela for many years,5,0
31,Darla,2,0,been female,6,0
31,Darla,2,0,ran a home daycare business,7,0
31,Darla,2,0,been Black,8,0
31,Darla,2,0,enjoyed cooking,9,0
31,Darla,2,0,been nearsighted,10,0
31,Darla,2,0,lived in a tornado-affected area,11,0
31,Darla,2,0,played games with the children,12,0
31,Darla,2,0,played loud upbeat music with the children,13,0
31,Darla,2,0,focused on the children,14,0
31,Darla,2,0,not heard the tornado sirens,15,0
31,Flora,3,1,composed music in their free time,1,0
31,Flora,3,1,enjoyed gardening,2,0
31,Flora,3,1,been female,3,0
31,Flora,3,1,been an early riser,4,0
31,Flora,3,1,been legally blind,5,0
31,Flora,3,1,been a counselor,6,0
31,Flora,3,1,been 32 years old,7,0
31,Flora,3,1,been Asian,8,0
31,Flora,3,1,used a white cane to guide themselves,9,0
31,Flora,3,1,been an empathetic person,10,0
31,Flora,3,1,gone to a neighbor's house for dinner,11,0
31,Flora,3,1,used their white cane while walking home,12,0
31,Flora,3,1,not called for help,13,1
31,Flora,3,1,had their white cane slip between Paul's legs,14,0
31,Flora,3,1,stepped on Paul's torso,15,0
31,Edward,4,1,been male,1,0
31,Edward,4,1,been 24 years old,2,0
31,Edward,4,1,been a clinical research assistant,3,0
31,Edward,4,1,been single,4,0
31,Edward,4,1,been an experienced driver,5,0
31,Edward,4,1,enjoyed browsing Twitter,6,0
31,Edward,4,1,been an ambitious person,7,0
31,Edward,4,1,enjoyed reading science fiction,8,0
31,Edward,4,1,been White,9,0
31,Edward,4,1,been a studious person,10,0
31,Edward,4,1,not muted phone notifications while driving,11,1
31,Edward,4,1,not sped,12,1
31,Edward,4,1,checked that there were no other cars nearby,13,0
31,Edward,4,1,taken a peek at the text ,14,1
31,Edward,4,1,veered into the cyclist while reading the text,15,1
31,Nadia,5,0,been 34 years old,1,0
31,Nadia,5,0,been a timid person,2,0
31,Nadia,5,0,been a software engineer,3,0
31,Nadia,5,0,been an organized person,4,0
31,Nadia,5,0,attended couples therapy years ago,5,0
31,Nadia,5,0,had red hair,6,0
31,Nadia,5,0,been female,7,0
31,Nadia,5,0,collected vinyl records,8,0
31,Nadia,5,0,been White,9,0
31,Nadia,5,0,enjoyed oil painting,10,0
31,Nadia,5,0,gone to the emergency room for bruises,11,0
31,Nadia,5,0,not sought help after the emergency room incident,12,1
31,Nadia,5,0,been scared when Franklin screamed,13,0
31,Nadia,5,0,grabbed the revolver,14,0
31,Nadia,5,0,shot Franklin with the revolver,15,0
31,Qian,6,0,enjoyed jazz music,1,0
31,Qian,6,0,enjoyed watching sports,2,0
31,Qian,6,0,been hard-working,3,0
31,Qian,6,0,been Asian,4,0
31,Qian,6,0,been a restaurant waiter,5,0
31,Qian,6,0,been 27 years old,6,0
31,Qian,6,0,not smoked,7,0
31,Qian,6,0,been male,8,0
31,Qian,6,0,been stubborn sometimes,9,0
31,Qian,6,0,had a humorous personality,10,0
31,Qian,6,0,hung out at the local bar with cousins,11,0
31,Qian,6,0,had several drinks over the course of two hours,12,0
31,Qian,6,0,been angered by Wilson's comments,13,0
31,Qian,6,0,not talked back to Wilson,14,0
31,Qian,6,0,pushed Wilson to the ground,15,0
31,Chris,7,1,been White,1,0
31,Chris,7,1,weighed 70 lbs,2,0
31,Chris,7,1,been 10 years old,3,0
31,Chris,7,1,had a curious personality,4,0
31,Chris,7,1,been male,5,0
31,Chris,7,1,enjoyed playing hide-and-seek,6,0
31,Chris,7,1,enjoyed swimming,7,0
31,Chris,7,1,been a picky eater,8,0
31,Chris,7,1,had an average IQ,9,0
31,Chris,7,1,admired his father,10,0
31,Chris,7,1,invited friends over to play,11,0
31,Chris,7,1,hid in the hall closet,12,0
31,Chris,7,1,found the key in their father's jacket pocket,13,0
31,Chris,7,1,opened the gun cabinet with the key,14,0
31,Chris,7,1,picked up a pistol to play with,15,1
31,Ava,8,1,been 26 years old,1,0
31,Ava,8,1,been a compassionate person,2,0
31,Ava,8,1,regularly drank coffee,3,0
31,Ava,8,1,enjoyed going to music concerts,4,0
31,Ava,8,1,been female,5,0
31,Ava,8,1,had a peanut allergy,6,0
31,Ava,8,1,been friends with Peter for many years,7,0
31,Ava,8,1,been an artist,8,0
31,Ava,8,1,been Native American,9,0
31,Ava,8,1,often driven Peter to appointments and errands,10,0
31,Ava,8,1,done their annual car maintenance,11,0
31,Ava,8,1,driven under the speed limit,12,0
31,Ava,8,1,listened to the radio while driving,13,0
31,Ava,8,1,been startled by the deer,14,0
31,Ava,8,1,slammed the brakes after seeing the deer,15,0
31,Julia,9,0,been sensitive sometimes,1,0
31,Julia,9,0,babysat on the weekends,2,0
31,Julia,9,0,studied psychology,3,0
31,Julia,9,0,been 19 years old,4,0
31,Julia,9,0,been a college student,5,0
31,Julia,9,0,enjoyed watching TV shows,6,0
31,Julia,9,0,been a courteous person,7,0
31,Julia,9,0,been female,8,0
31,Julia,9,0,been multiracial,9,0
31,Julia,9,0,had asthma,10,0
31,Julia,9,0,read children's books with Benji,11,0
31,Julia,9,0,picked up their partner's call while filling the bathtub,12,0
31,Julia,9,0,felt hurt after learning about the cheating,13,0
31,Julia,9,0,left the bathroom to talk to their partner,14,1
31,Julia,9,0,sat for a few minutes after hanging up,15,1
31,Tristan,10,1,been 43 years old,1,0
31,Tristan,10,1,worked for over ten years at the same hospital,2,0
31,Tristan,10,1,been impatient sometimes,3,0
31,Tristan,10,1,been extroverted and outgoing,4,0
31,Tristan,10,1,been Christian,5,1
31,Tristan,10,1,been a cardiologist,6,0
31,Tristan,10,1,been opinionated sometimes,7,0
31,Tristan,10,1,been male,8,0
31,Tristan,10,1,been Black,9,0
31,Tristan,10,1,enjoyed listening to country music,10,0
31,Tristan,10,1,reviewed Annie's medical history and symptoms,11,0
31,Tristan,10,1,checked Annie's vitals,12,0
31,Tristan,10,1,ordered Annie an electrocardiogram (ECG/EKG),13,0
31,Tristan,10,1,not ordered any other heart tests,14,1
31,Tristan,10,1,not ordered a mammogram,15,0
31,Melvin,11,1,been White,1,0
31,Melvin,11,1,grown corn,2,0
31,Melvin,11,1,been stingy sometimes,3,0
31,Melvin,11,1,had high blood pressure,4,0
31,Melvin,11,1,had a cheerful personality,5,0
31,Melvin,11,1,been a farmer,6,0
31,Melvin,11,1,been 45 years old,7,0
31,Melvin,11,1,been male,8,0
31,Melvin,11,1,grown hay,9,0
31,Melvin,11,1,enjoyed listening to rock music,10,0
31,Melvin,11,1,built their barn near the border with Vincent's property,11,1
31,Melvin,11,1,been concerned with hayfires,12,0
31,Melvin,11,1,considered buying hay-drying equipment,13,0
31,Melvin,11,1,met with consultants,14,0
31,Melvin,11,1,decided not to buy hay-drying equipment,15,1
32,Edward,1,1,been male,1,0
32,Edward,1,1,enjoyed reading science fiction,2,0
32,Edward,1,1,been a clinical research assistant,3,0
32,Edward,1,1,been an ambitious person,4,0
32,Edward,1,1,been an experienced driver,5,1
32,Edward,1,1,enjoyed browsing Twitter,6,0
32,Edward,1,1,been 24 years old,7,0
32,Edward,1,1,been a studious person,8,0
32,Edward,1,1,been single,9,0
32,Edward,1,1,been White,10,0
32,Edward,1,1,not muted phone notifications while driving,11,0
32,Edward,1,1,not sped,12,0
32,Edward,1,1,checked that there were no other cars nearby,13,0
32,Edward,1,1,taken a peek at the text ,14,0
32,Edward,1,1,veered into the cyclist while reading the text,15,0
32,Flora,2,1,been 32 years old,1,0
32,Flora,2,1,been an empathetic person,2,0
32,Flora,2,1,been legally blind,3,0
32,Flora,2,1,composed music in their free time,4,0
32,Flora,2,1,been an early riser,5,0
32,Flora,2,1,used a white cane to guide themselves,6,0
32,Flora,2,1,been female,7,0
32,Flora,2,1,been a counselor,8,0
32,Flora,2,1,enjoyed gardening,9,0
32,Flora,2,1,been Asian,10,0
32,Flora,2,1,gone to a neighbor's house for dinner,11,0
32,Flora,2,1,used their white cane while walking home,12,0
32,Flora,2,1,not called for help,13,1
32,Flora,2,1,had their white cane slip between Paul's legs,14,0
32,Flora,2,1,stepped on Paul's torso,15,0
32,Ava,3,1,had a peanut allergy,1,0
32,Ava,3,1,been a compassionate person,2,0
32,Ava,3,1,been Native American,3,0
32,Ava,3,1,been female,4,0
32,Ava,3,1,enjoyed going to music concerts,5,0
32,Ava,3,1,regularly drank coffee,6,0
32,Ava,3,1,been an artist,7,0
32,Ava,3,1,been friends with Peter for many years,8,0
32,Ava,3,1,often driven Peter to appointments and errands,9,0
32,Ava,3,1,been 26 years old,10,0
32,Ava,3,1,done their annual car maintenance,11,0
32,Ava,3,1,driven under the speed limit,12,0
32,Ava,3,1,listened to the radio while driving,13,0
32,Ava,3,1,been startled by the deer,14,0
32,Ava,3,1,slammed the brakes after seeing the deer,15,0
32,Darla,4,0,been Black,1,0
32,Darla,4,0,had an absent-minded personality,2,1
32,Darla,4,0,been female,3,0
32,Darla,4,0,had a laid-back personality,4,0
32,Darla,4,0,communicated and interacted well with children,5,0
32,Darla,4,0,enjoyed cooking,6,0
32,Darla,4,0,ran a home daycare business,7,0
32,Darla,4,0,worked with Pamela for many years,8,0
32,Darla,4,0,been 32 years old,9,0
32,Darla,4,0,been nearsighted,10,0
32,Darla,4,0,lived in a tornado-affected area,11,0
32,Darla,4,0,played games with the children,12,0
32,Darla,4,0,played loud upbeat music with the children,13,1
32,Darla,4,0,focused on the children,14,0
32,Darla,4,0,not heard the tornado sirens,15,1
32,Melvin,5,1,been a farmer,1,0
32,Melvin,5,1,enjoyed listening to rock music,2,0
32,Melvin,5,1,grown hay,3,0
32,Melvin,5,1,been male,4,0
32,Melvin,5,1,been stingy sometimes,5,1
32,Melvin,5,1,been White,6,0
32,Melvin,5,1,been 45 years old,7,0
32,Melvin,5,1,had a cheerful personality,8,0
32,Melvin,5,1,grown corn,9,0
32,Melvin,5,1,had high blood pressure,10,0
32,Melvin,5,1,built their barn near the border with Vincent's property,11,1
32,Melvin,5,1,been concerned with hayfires,12,0
32,Melvin,5,1,considered buying hay-drying equipment,13,0
32,Melvin,5,1,met with consultants,14,0
32,Melvin,5,1,decided not to buy hay-drying equipment,15,0
32,Alfred,6,1,had PTSD,1,0
32,Alfred,6,1,been White,2,0
32,Alfred,6,1,been male,3,0
32,Alfred,6,1,lived alone,4,0
32,Alfred,6,1,been 68 years old,5,0
32,Alfred,6,1,been patriotic,6,0
32,Alfred,6,1,enjoyed Italian cuisine,7,0
32,Alfred,6,1,been a veteran,8,0
32,Alfred,6,1,enjoyed fishing,9,0
32,Alfred,6,1,had a calm personality,10,0
32,Alfred,6,1,taken the subway home,11,0
32,Alfred,6,1,been quiet on the subway,12,0
32,Alfred,6,1,gotten off at the same stop as Oliver,13,0
32,Alfred,6,1,heard loud drilling and yelling from the construction above,14,0
32,Alfred,6,1,physically attacked Oliver,15,1
32,Chris,7,1,weighed 70 lbs,1,0
32,Chris,7,1,admired his father,2,0
32,Chris,7,1,enjoyed swimming,3,0
32,Chris,7,1,been White,4,0
32,Chris,7,1,enjoyed playing hide-and-seek,5,0
32,Chris,7,1,had a curious personality,6,0
32,Chris,7,1,had an average IQ,7,0
32,Chris,7,1,been a picky eater,8,0
32,Chris,7,1,been 10 years old,9,0
32,Chris,7,1,been male,10,0
32,Chris,7,1,invited friends over to play,11,0
32,Chris,7,1,hid in the hall closet,12,0
32,Chris,7,1,found the key in their father's jacket pocket,13,0
32,Chris,7,1,opened the gun cabinet with the key,14,1
32,Chris,7,1,picked up a pistol to play with,15,1
32,Qian,8,0,not smoked,1,0
32,Qian,8,0,been a restaurant waiter,2,0
32,Qian,8,0,been stubborn sometimes,3,0
32,Qian,8,0,been hard-working,4,0
32,Qian,8,0,been male,5,0
32,Qian,8,0,enjoyed watching sports,6,0
32,Qian,8,0,had a humorous personality,7,0
32,Qian,8,0,been 27 years old,8,0
32,Qian,8,0,enjoyed jazz music,9,0
32,Qian,8,0,been Asian,10,0
32,Qian,8,0,hung out at the local bar with cousins,11,0
32,Qian,8,0,had several drinks over the course of two hours,12,0
32,Qian,8,0,been angered by Wilson's comments,13,0
32,Qian,8,0,not talked back to Wilson,14,0
32,Qian,8,0,pushed Wilson to the ground,15,1
32,Julia,9,0,enjoyed watching TV shows,1,0
32,Julia,9,0,studied psychology,2,0
32,Julia,9,0,been multiracial,3,0
32,Julia,9,0,been a courteous person,4,0
32,Julia,9,0,been 19 years old,5,0
32,Julia,9,0,had asthma,6,0
32,Julia,9,0,been female,7,0
32,Julia,9,0,babysat on the weekends,8,0
32,Julia,9,0,been sensitive sometimes,9,0
32,Julia,9,0,been a college student,10,0
32,Julia,9,0,read children's books with Benji,11,0
32,Julia,9,0,picked up their partner's call while filling the bathtub,12,1
32,Julia,9,0,felt hurt after learning about the cheating,13,0
32,Julia,9,0,left the bathroom to talk to their partner,14,1
32,Julia,9,0,sat for a few minutes after hanging up,15,1
32,Tristan,10,1,been Black,1,0
32,Tristan,10,1,enjoyed listening to country music,2,0
32,Tristan,10,1,been Christian,3,0
32,Tristan,10,1,worked for over ten years at the same hospital,4,0
32,Tristan,10,1,been impatient sometimes,5,0
32,Tristan,10,1,been 43 years old,6,0
32,Tristan,10,1,been extroverted and outgoing,7,0
32,Tristan,10,1,been opinionated sometimes,8,0
32,Tristan,10,1,been male,9,0
32,Tristan,10,1,been a cardiologist,10,0
32,Tristan,10,1,reviewed Annie's medical history and symptoms,11,0
32,Tristan,10,1,checked Annie's vitals,12,0
32,Tristan,10,1,ordered Annie an electrocardiogram (ECG/EKG),13,0
32,Tristan,10,1,not ordered any other heart tests,14,0
32,Tristan,10,1,not ordered a mammogram,15,0
32,Nadia,11,0,been a timid person,1,0
32,Nadia,11,0,been White,2,0
32,Nadia,11,0,been an organized person,3,0
32,Nadia,11,0,collected vinyl records,4,0
32,Nadia,11,0,enjoyed oil painting,5,0
32,Nadia,11,0,been 34 years old,6,0
32,Nadia,11,0,been female,7,0
32,Nadia,11,0,had red hair,8,0
32,Nadia,11,0,attended couples therapy years ago,9,0
32,Nadia,11,0,been a software engineer,10,0
32,Nadia,11,0,gone to the emergency room for bruises,11,0
32,Nadia,11,0,not sought help after the emergency room incident,12,0
32,Nadia,11,0,been scared when Franklin screamed,13,0
32,Nadia,11,0,grabbed the revolver,14,0
32,Nadia,11,0,shot Franklin with the revolver,15,0
33,Melvin,1,1,been White,1,0
33,Melvin,1,1,been 45 years old,2,0
33,Melvin,1,1,had a cheerful personality,3,0
33,Melvin,1,1,grown hay,4,0
33,Melvin,1,1,been a farmer,5,0
33,Melvin,1,1,enjoyed listening to rock music,6,0
33,Melvin,1,1,grown corn,7,0
33,Melvin,1,1,been male,8,0
33,Melvin,1,1,had high blood pressure,9,0
33,Melvin,1,1,been stingy sometimes,10,0
33,Melvin,1,1,built their barn near the border with Vincent's property,11,1
33,Melvin,1,1,been concerned with hayfires,12,0
33,Melvin,1,1,considered buying hay-drying equipment,13,0
33,Melvin,1,1,met with consultants,14,0
33,Melvin,1,1,decided not to buy hay-drying equipment,15,1
33,Darla,2,0,ran a home daycare business,1,0
33,Darla,2,0,been 32 years old,2,0
33,Darla,2,0,enjoyed cooking,3,0
33,Darla,2,0,had a laid-back personality,4,0
33,Darla,2,0,had an absent-minded personality,5,0
33,Darla,2,0,been Black,6,0
33,Darla,2,0,been nearsighted,7,0
33,Darla,2,0,worked with Pamela for many years,8,0
33,Darla,2,0,communicated and interacted well with children,9,0
33,Darla,2,0,been female,10,0
33,Darla,2,0,lived in a tornado-affected area,11,1
33,Darla,2,0,played games with the children,12,0
33,Darla,2,0,played loud upbeat music with the children,13,1
33,Darla,2,0,focused on the children,14,0
33,Darla,2,0,not heard the tornado sirens,15,1
33,Edward,3,1,been an experienced driver,1,0
33,Edward,3,1,enjoyed browsing Twitter,2,0
33,Edward,3,1,been White,3,0
33,Edward,3,1,been an ambitious person,4,0
33,Edward,3,1,been a clinical research assistant,5,0
33,Edward,3,1,been a studious person,6,0
33,Edward,3,1,been single,7,0
33,Edward,3,1,been 24 years old,8,0
33,Edward,3,1,enjoyed reading science fiction,9,0
33,Edward,3,1,been male,10,0
33,Edward,3,1,not muted phone notifications while driving,11,1
33,Edward,3,1,not sped,12,0
33,Edward,3,1,checked that there were no other cars nearby,13,0
33,Edward,3,1,taken a peek at the text ,14,1
33,Edward,3,1,veered into the cyclist while reading the text,15,1
33,Ava,4,1,been Native American,1,0
33,Ava,4,1,been a compassionate person,2,0
33,Ava,4,1,regularly drank coffee,3,0
33,Ava,4,1,often driven Peter to appointments and errands,4,0
33,Ava,4,1,enjoyed going to music concerts,5,0
33,Ava,4,1,been female,6,0
33,Ava,4,1,had a peanut allergy,7,0
33,Ava,4,1,been 26 years old,8,0
33,Ava,4,1,been friends with Peter for many years,9,0
33,Ava,4,1,been an artist,10,0
33,Ava,4,1,done their annual car maintenance,11,0
33,Ava,4,1,driven under the speed limit,12,0
33,Ava,4,1,listened to the radio while driving,13,0
33,Ava,4,1,been startled by the deer,14,0
33,Ava,4,1,slammed the brakes after seeing the deer,15,0
33,Julia,5,0,enjoyed watching TV shows,1,0
33,Julia,5,0,had asthma,2,0
33,Julia,5,0,been a courteous person,3,0
33,Julia,5,0,been multiracial,4,0
33,Julia,5,0,studied psychology,5,0
33,Julia,5,0,babysat on the weekends,6,0
33,Julia,5,0,been 19 years old,7,0
33,Julia,5,0,been female,8,0
33,Julia,5,0,been a college student,9,0
33,Julia,5,0,been sensitive sometimes,10,0
33,Julia,5,0,read children's books with Benji,11,0
33,Julia,5,0,picked up their partner's call while filling the bathtub,12,0
33,Julia,5,0,felt hurt after learning about the cheating,13,0
33,Julia,5,0,left the bathroom to talk to their partner,14,0
33,Julia,5,0,sat for a few minutes after hanging up,15,0
33,Qian,6,0,been Asian,1,0
33,Qian,6,0,been a restaurant waiter,2,0
33,Qian,6,0,been stubborn sometimes,3,0
33,Qian,6,0,enjoyed jazz music,4,0
33,Qian,6,0,had a humorous personality,5,0
33,Qian,6,0,been hard-working,6,0
33,Qian,6,0,been male,7,0
33,Qian,6,0,enjoyed watching sports,8,0
33,Qian,6,0,not smoked,9,0
33,Qian,6,0,been 27 years old,10,0
33,Qian,6,0,hung out at the local bar with cousins,11,0
33,Qian,6,0,had several drinks over the course of two hours,12,1
33,Qian,6,0,been angered by Wilson's comments,13,0
33,Qian,6,0,not talked back to Wilson,14,0
33,Qian,6,0,pushed Wilson to the ground,15,0
33,Flora,7,1,used a white cane to guide themselves,1,0
33,Flora,7,1,composed music in their free time,2,0
33,Flora,7,1,been female,3,0
33,Flora,7,1,been Asian,4,0
33,Flora,7,1,been legally blind,5,0
33,Flora,7,1,been a counselor,6,0
33,Flora,7,1,been an early riser,7,0
33,Flora,7,1,been an empathetic person,8,0
33,Flora,7,1,enjoyed gardening,9,0
33,Flora,7,1,been 32 years old,10,0
33,Flora,7,1,gone to a neighbor's house for dinner,11,0
33,Flora,7,1,used their white cane while walking home,12,0
33,Flora,7,1,not called for help,13,1
33,Flora,7,1,had their white cane slip between Paul's legs,14,0
33,Flora,7,1,stepped on Paul's torso,15,0
33,Tristan,8,1,been Christian,1,0
33,Tristan,8,1,been a cardiologist,2,0
33,Tristan,8,1,been opinionated sometimes,3,0
33,Tristan,8,1,been male,4,0
33,Tristan,8,1,enjoyed listening to country music,5,0
33,Tristan,8,1,been Black,6,0
33,Tristan,8,1,been extroverted and outgoing,7,0
33,Tristan,8,1,been 43 years old,8,0
33,Tristan,8,1,worked for over ten years at the same hospital,9,0
33,Tristan,8,1,been impatient sometimes,10,0
33,Tristan,8,1,reviewed Annie's medical history and symptoms,11,0
33,Tristan,8,1,checked Annie's vitals,12,0
33,Tristan,8,1,ordered Annie an electrocardiogram (ECG/EKG),13,0
33,Tristan,8,1,not ordered any other heart tests,14,1
33,Tristan,8,1,not ordered a mammogram,15,1
33,Nadia,9,0,enjoyed oil painting,1,0
33,Nadia,9,0,been a software engineer,2,0
33,Nadia,9,0,had red hair,3,0
33,Nadia,9,0,been White,4,0
33,Nadia,9,0,attended couples therapy years ago,5,0
33,Nadia,9,0,been 34 years old,6,0
33,Nadia,9,0,been an organized person,7,0
33,Nadia,9,0,collected vinyl records,8,0
33,Nadia,9,0,been a timid person,9,0
33,Nadia,9,0,been female,10,0
33,Nadia,9,0,gone to the emergency room for bruises,11,0
33,Nadia,9,0,not sought help after the emergency room incident,12,1
33,Nadia,9,0,been scared when Franklin screamed,13,0
33,Nadia,9,0,grabbed the revolver,14,0
33,Nadia,9,0,shot Franklin with the revolver,15,1
33,Chris,10,1,admired his father,1,0
33,Chris,10,1,had a curious personality,2,0
33,Chris,10,1,been 10 years old,3,0
33,Chris,10,1,enjoyed playing hide-and-seek,4,0
33,Chris,10,1,enjoyed swimming,5,0
33,Chris,10,1,been male,6,0
33,Chris,10,1,weighed 70 lbs,7,0
33,Chris,10,1,been White,8,0
33,Chris,10,1,had an average IQ,9,0
33,Chris,10,1,been a picky eater,10,0
33,Chris,10,1,invited friends over to play,11,0
33,Chris,10,1,hid in the hall closet,12,0
33,Chris,10,1,found the key in their father's jacket pocket,13,0
33,Chris,10,1,opened the gun cabinet with the key,14,1
33,Chris,10,1,picked up a pistol to play with,15,1
33,Alfred,11,1,lived alone,1,0
33,Alfred,11,1,enjoyed Italian cuisine,2,0
33,Alfred,11,1,had a calm personality,3,0
33,Alfred,11,1,been 68 years old,4,0
33,Alfred,11,1,been a veteran,5,0
33,Alfred,11,1,been patriotic,6,0
33,Alfred,11,1,been White,7,0
33,Alfred,11,1,had PTSD,8,0
33,Alfred,11,1,enjoyed fishing,9,0
33,Alfred,11,1,been male,10,0
33,Alfred,11,1,taken the subway home,11,0
33,Alfred,11,1,been quiet on the subway,12,0
33,Alfred,11,1,gotten off at the same stop as Oliver,13,0
33,Alfred,11,1,heard loud drilling and yelling from the construction above,14,0
33,Alfred,11,1,physically attacked Oliver,15,1
34,Ava,1,1,regularly drank coffee,1,0
34,Ava,1,1,been a compassionate person,2,0
34,Ava,1,1,enjoyed going to music concerts,3,0
34,Ava,1,1,often driven Peter to appointments and errands,4,0
34,Ava,1,1,had a peanut allergy,5,0
34,Ava,1,1,been 26 years old,6,0
34,Ava,1,1,been friends with Peter for many years,7,0
34,Ava,1,1,been female,8,0
34,Ava,1,1,been an artist,9,0
34,Ava,1,1,been Native American,10,0
34,Ava,1,1,done their annual car maintenance,11,0
34,Ava,1,1,driven under the speed limit,12,0
34,Ava,1,1,listened to the radio while driving,13,0
34,Ava,1,1,been startled by the deer,14,0
34,Ava,1,1,slammed the brakes after seeing the deer,15,0
34,Edward,2,1,been single,1,0
34,Edward,2,1,enjoyed reading science fiction,2,0
34,Edward,2,1,been a studious person,3,0
34,Edward,2,1,been an ambitious person,4,0
34,Edward,2,1,been 24 years old,5,0
34,Edward,2,1,been an experienced driver,6,0
34,Edward,2,1,been male,7,0
34,Edward,2,1,been a clinical research assistant,8,0
34,Edward,2,1,been White,9,0
34,Edward,2,1,enjoyed browsing Twitter,10,0
34,Edward,2,1,not muted phone notifications while driving,11,1
34,Edward,2,1,not sped,12,0
34,Edward,2,1,checked that there were no other cars nearby,13,0
34,Edward,2,1,taken a peek at the text ,14,1
34,Edward,2,1,veered into the cyclist while reading the text,15,1
34,Nadia,3,0,attended couples therapy years ago,1,0
34,Nadia,3,0,been a software engineer,2,0
34,Nadia,3,0,been a timid person,3,0
34,Nadia,3,0,collected vinyl records,4,0
34,Nadia,3,0,been female,5,0
34,Nadia,3,0,enjoyed oil painting,6,0
34,Nadia,3,0,been White,7,0
34,Nadia,3,0,been 34 years old,8,0
34,Nadia,3,0,been an organized person,9,0
34,Nadia,3,0,had red hair,10,0
34,Nadia,3,0,gone to the emergency room for bruises,11,0
34,Nadia,3,0,not sought help after the emergency room incident,12,1
34,Nadia,3,0,been scared when Franklin screamed,13,0
34,Nadia,3,0,grabbed the revolver,14,0
34,Nadia,3,0,shot Franklin with the revolver,15,0
34,Darla,4,0,been 32 years old,1,0
34,Darla,4,0,been nearsighted,2,0
34,Darla,4,0,enjoyed cooking,3,0
34,Darla,4,0,been Black,4,0
34,Darla,4,0,been female,5,0
34,Darla,4,0,worked with Pamela for many years,6,0
34,Darla,4,0,ran a home daycare business,7,0
34,Darla,4,0,communicated and interacted well with children,8,0
34,Darla,4,0,had an absent-minded personality,9,0
34,Darla,4,0,had a laid-back personality,10,0
34,Darla,4,0,lived in a tornado-affected area,11,0
34,Darla,4,0,played games with the children,12,0
34,Darla,4,0,played loud upbeat music with the children,13,0
34,Darla,4,0,focused on the children,14,0
34,Darla,4,0,not heard the tornado sirens,15,1
34,Tristan,5,1,been extroverted and outgoing,1,0
34,Tristan,5,1,been opinionated sometimes,2,0
34,Tristan,5,1,enjoyed listening to country music,3,0
34,Tristan,5,1,been a cardiologist,4,0
34,Tristan,5,1,been impatient sometimes,5,0
34,Tristan,5,1,been Christian,6,0
34,Tristan,5,1,been 43 years old,7,0
34,Tristan,5,1,worked for over ten years at the same hospital,8,0
34,Tristan,5,1,been Black,9,0
34,Tristan,5,1,been male,10,0
34,Tristan,5,1,reviewed Annie's medical history and symptoms,11,0
34,Tristan,5,1,checked Annie's vitals,12,0
34,Tristan,5,1,ordered Annie an electrocardiogram (ECG/EKG),13,0
34,Tristan,5,1,not ordered any other heart tests,14,1
34,Tristan,5,1,not ordered a mammogram,15,0
34,Qian,6,0,enjoyed jazz music,1,0
34,Qian,6,0,enjoyed watching sports,2,0
34,Qian,6,0,been hard-working,3,0
34,Qian,6,0,been stubborn sometimes,4,0
34,Qian,6,0,been a restaurant waiter,5,0
34,Qian,6,0,had a humorous personality,6,0
34,Qian,6,0,been Asian,7,0
34,Qian,6,0,been 27 years old,8,0
34,Qian,6,0,not smoked,9,0
34,Qian,6,0,been male,10,0
34,Qian,6,0,hung out at the local bar with cousins,11,0
34,Qian,6,0,had several drinks over the course of two hours,12,0
34,Qian,6,0,been angered by Wilson's comments,13,0
34,Qian,6,0,not talked back to Wilson,14,0
34,Qian,6,0,pushed Wilson to the ground,15,1
34,Flora,7,1,been an empathetic person,1,0
34,Flora,7,1,enjoyed gardening,2,0
34,Flora,7,1,been Asian,3,0
34,Flora,7,1,used a white cane to guide themselves,4,0
34,Flora,7,1,been legally blind,5,0
34,Flora,7,1,composed music in their free time,6,0
34,Flora,7,1,been female,7,0
34,Flora,7,1,been a counselor,8,0
34,Flora,7,1,been an early riser,9,0
34,Flora,7,1,been 32 years old,10,0
34,Flora,7,1,gone to a neighbor's house for dinner,11,0
34,Flora,7,1,used their white cane while walking home,12,0
34,Flora,7,1,not called for help,13,0
34,Flora,7,1,had their white cane slip between Paul's legs,14,0
34,Flora,7,1,stepped on Paul's torso,15,0
34,Chris,8,1,enjoyed swimming,1,0
34,Chris,8,1,admired his father,2,0
34,Chris,8,1,been 10 years old,3,0
34,Chris,8,1,been White,4,0
34,Chris,8,1,been male,5,0
34,Chris,8,1,been a picky eater,6,0
34,Chris,8,1,weighed 70 lbs,7,0
34,Chris,8,1,had a curious personality,8,0
34,Chris,8,1,had an average IQ,9,0
34,Chris,8,1,enjoyed playing hide-and-seek,10,0
34,Chris,8,1,invited friends over to play,11,0
34,Chris,8,1,hid in the hall closet,12,0
34,Chris,8,1,found the key in their father's jacket pocket,13,0
34,Chris,8,1,opened the gun cabinet with the key,14,1
34,Chris,8,1,picked up a pistol to play with,15,1
34,Alfred,9,1,been patriotic,1,0
34,Alfred,9,1,enjoyed fishing,2,0
34,Alfred,9,1,had PTSD,3,0
34,Alfred,9,1,been White,4,0
34,Alfred,9,1,been a veteran,5,0
34,Alfred,9,1,had a calm personality,6,0
34,Alfred,9,1,been male,7,0
34,Alfred,9,1,enjoyed Italian cuisine,8,0
34,Alfred,9,1,lived alone,9,0
34,Alfred,9,1,been 68 years old,10,0
34,Alfred,9,1,taken the subway home,11,0
34,Alfred,9,1,been quiet on the subway,12,0
34,Alfred,9,1,gotten off at the same stop as Oliver,13,0
34,Alfred,9,1,heard loud drilling and yelling from the construction above,14,0
34,Alfred,9,1,physically attacked Oliver,15,1
34,Melvin,10,1,been White,1,0
34,Melvin,10,1,had high blood pressure,2,0
34,Melvin,10,1,been 45 years old,3,0
34,Melvin,10,1,grown hay,4,0
34,Melvin,10,1,had a cheerful personality,5,0
34,Melvin,10,1,grown corn,6,0
34,Melvin,10,1,been stingy sometimes,7,0
34,Melvin,10,1,enjoyed listening to rock music,8,0
34,Melvin,10,1,been a farmer,9,0
34,Melvin,10,1,been male,10,0
34,Melvin,10,1,built their barn near the border with Vincent's property,11,0
34,Melvin,10,1,been concerned with hayfires,12,0
34,Melvin,10,1,considered buying hay-drying equipment,13,0
34,Melvin,10,1,met with consultants,14,0
34,Melvin,10,1,decided not to buy hay-drying equipment,15,0
34,Julia,11,0,been sensitive sometimes,1,0
34,Julia,11,0,had asthma,2,0
34,Julia,11,0,been 19 years old,3,0
34,Julia,11,0,studied psychology,4,0
34,Julia,11,0,been multiracial,5,0
34,Julia,11,0,been a courteous person,6,0
34,Julia,11,0,babysat on the weekends,7,0
34,Julia,11,0,been female,8,0
34,Julia,11,0,enjoyed watching TV shows,9,0
34,Julia,11,0,been a college student,10,0
34,Julia,11,0,read children's books with Benji,11,0
34,Julia,11,0,picked up their partner's call while filling the bathtub,12,0
34,Julia,11,0,felt hurt after learning about the cheating,13,0
34,Julia,11,0,left the bathroom to talk to their partner,14,1
34,Julia,11,0,sat for a few minutes after hanging up,15,1
35,Flora,1,1,been an empathetic person,1,0
35,Flora,1,1,been legally blind,2,0
35,Flora,1,1,been an early riser,3,0
35,Flora,1,1,been 32 years old,4,0
35,Flora,1,1,been female,5,0
35,Flora,1,1,been a counselor,6,0
35,Flora,1,1,composed music in their free time,7,0
35,Flora,1,1,been Asian,8,0
35,Flora,1,1,used a white cane to guide themselves,9,0
35,Flora,1,1,enjoyed gardening,10,0
35,Flora,1,1,gone to a neighbor's house for dinner,11,0
35,Flora,1,1,used their white cane while walking home,12,0
35,Flora,1,1,not called for help,13,1
35,Flora,1,1,had their white cane slip between Paul's legs,14,0
35,Flora,1,1,stepped on Paul's torso,15,0
35,Chris,2,1,admired his father,1,0
35,Chris,2,1,been 10 years old,2,0
35,Chris,2,1,had an average IQ,3,0
35,Chris,2,1,weighed 70 lbs,4,0
35,Chris,2,1,enjoyed swimming,5,0
35,Chris,2,1,been male,6,0
35,Chris,2,1,had a curious personality,7,0
35,Chris,2,1,been a picky eater,8,0
35,Chris,2,1,been White,9,0
35,Chris,2,1,enjoyed playing hide-and-seek,10,0
35,Chris,2,1,invited friends over to play,11,0
35,Chris,2,1,hid in the hall closet,12,0
35,Chris,2,1,found the key in their father's jacket pocket,13,0
35,Chris,2,1,opened the gun cabinet with the key,14,1
35,Chris,2,1,picked up a pistol to play with,15,1
35,Tristan,3,1,been Christian,1,0
35,Tristan,3,1,been impatient sometimes,2,0
35,Tristan,3,1,been opinionated sometimes,3,0
35,Tristan,3,1,been 43 years old,4,0
35,Tristan,3,1,been male,5,0
35,Tristan,3,1,worked for over ten years at the same hospital,6,0
35,Tristan,3,1,been a cardiologist,7,0
35,Tristan,3,1,been extroverted and outgoing,8,0
35,Tristan,3,1,enjoyed listening to country music,9,0
35,Tristan,3,1,been Black,10,0
35,Tristan,3,1,reviewed Annie's medical history and symptoms,11,0
35,Tristan,3,1,checked Annie's vitals,12,0
35,Tristan,3,1,ordered Annie an electrocardiogram (ECG/EKG),13,0
35,Tristan,3,1,not ordered any other heart tests,14,1
35,Tristan,3,1,not ordered a mammogram,15,0
35,Qian,4,0,been stubborn sometimes,1,0
35,Qian,4,0,had a humorous personality,2,0
35,Qian,4,0,been male,3,0
35,Qian,4,0,not smoked,4,0
35,Qian,4,0,been hard-working,5,0
35,Qian,4,0,enjoyed jazz music,6,0
35,Qian,4,0,been Asian,7,0
35,Qian,4,0,been 27 years old,8,0
35,Qian,4,0,been a restaurant waiter,9,0
35,Qian,4,0,enjoyed watching sports,10,0
35,Qian,4,0,hung out at the local bar with cousins,11,0
35,Qian,4,0,had several drinks over the course of two hours,12,0
35,Qian,4,0,been angered by Wilson's comments,13,1
35,Qian,4,0,not talked back to Wilson,14,0
35,Qian,4,0,pushed Wilson to the ground,15,0
35,Julia,5,0,been sensitive sometimes,1,0
35,Julia,5,0,studied psychology,2,0
35,Julia,5,0,been a college student,3,0
35,Julia,5,0,had asthma,4,0
35,Julia,5,0,babysat on the weekends,5,0
35,Julia,5,0,enjoyed watching TV shows,6,0
35,Julia,5,0,been a courteous person,7,0
35,Julia,5,0,been 19 years old,8,0
35,Julia,5,0,been female,9,0
35,Julia,5,0,been multiracial,10,0
35,Julia,5,0,read children's books with Benji,11,0
35,Julia,5,0,picked up their partner's call while filling the bathtub,12,0
35,Julia,5,0,felt hurt after learning about the cheating,13,0
35,Julia,5,0,left the bathroom to talk to their partner,14,1
35,Julia,5,0,sat for a few minutes after hanging up,15,1
35,Ava,6,1,regularly drank coffee,1,0
35,Ava,6,1,been friends with Peter for many years,2,0
35,Ava,6,1,often driven Peter to appointments and errands,3,0
35,Ava,6,1,had a peanut allergy,4,0
35,Ava,6,1,been a compassionate person,5,0
35,Ava,6,1,enjoyed going to music concerts,6,0
35,Ava,6,1,been Native American,7,0
35,Ava,6,1,been female,8,0
35,Ava,6,1,been 26 years old,9,0
35,Ava,6,1,been an artist,10,0
35,Ava,6,1,done their annual car maintenance,11,0
35,Ava,6,1,driven under the speed limit,12,0
35,Ava,6,1,listened to the radio while driving,13,0
35,Ava,6,1,been startled by the deer,14,0
35,Ava,6,1,slammed the brakes after seeing the deer,15,0
35,Darla,7,0,had an absent-minded personality,1,0
35,Darla,7,0,been nearsighted,2,0
35,Darla,7,0,been Black,3,0
35,Darla,7,0,ran a home daycare business,4,0
35,Darla,7,0,enjoyed cooking,5,0
35,Darla,7,0,been female,6,0
35,Darla,7,0,communicated and interacted well with children,7,0
35,Darla,7,0,been 32 years old,8,0
35,Darla,7,0,had a laid-back personality,9,0
35,Darla,7,0,worked with Pamela for many years,10,0
35,Darla,7,0,lived in a tornado-affected area,11,0
35,Darla,7,0,played games with the children,12,0
35,Darla,7,0,played loud upbeat music with the children,13,1
35,Darla,7,0,focused on the children,14,0
35,Darla,7,0,not heard the tornado sirens,15,0
35,Alfred,8,1,been a veteran,1,0
35,Alfred,8,1,had a calm personality,2,0
35,Alfred,8,1,had PTSD,3,0
35,Alfred,8,1,been male,4,0
35,Alfred,8,1,been patriotic,5,0
35,Alfred,8,1,enjoyed Italian cuisine,6,0
35,Alfred,8,1,been 68 years old,7,0
35,Alfred,8,1,lived alone,8,0
35,Alfred,8,1,been White,9,0
35,Alfred,8,1,enjoyed fishing,10,0
35,Alfred,8,1,taken the subway home,11,0
35,Alfred,8,1,been quiet on the subway,12,0
35,Alfred,8,1,gotten off at the same stop as Oliver,13,0
35,Alfred,8,1,heard loud drilling and yelling from the construction above,14,0
35,Alfred,8,1,physically attacked Oliver,15,1
35,Edward,9,1,been an ambitious person,1,0
35,Edward,9,1,been 24 years old,2,0
35,Edward,9,1,enjoyed browsing Twitter,3,0
35,Edward,9,1,been single,4,0
35,Edward,9,1,been male,5,0
35,Edward,9,1,been White,6,0
35,Edward,9,1,enjoyed reading science fiction,7,0
35,Edward,9,1,been an experienced driver,8,0
35,Edward,9,1,been a studious person,9,0
35,Edward,9,1,been a clinical research assistant,10,0
35,Edward,9,1,not muted phone notifications while driving,11,0
35,Edward,9,1,not sped,12,0
35,Edward,9,1,checked that there were no other cars nearby,13,0
35,Edward,9,1,taken a peek at the text ,14,1
35,Edward,9,1,veered into the cyclist while reading the text,15,1
35,Melvin,10,1,grown hay,1,0
35,Melvin,10,1,grown corn,2,0
35,Melvin,10,1,had high blood pressure,3,0
35,Melvin,10,1,been male,4,0
35,Melvin,10,1,been stingy sometimes,5,0
35,Melvin,10,1,been a farmer,6,0
35,Melvin,10,1,been White,7,0
35,Melvin,10,1,enjoyed listening to rock music,8,0
35,Melvin,10,1,had a cheerful personality,9,0
35,Melvin,10,1,been 45 years old,10,0
35,Melvin,10,1,built their barn near the border with Vincent's property,11,1
35,Melvin,10,1,been concerned with hayfires,12,0
35,Melvin,10,1,considered buying hay-drying equipment,13,0
35,Melvin,10,1,met with consultants,14,0
35,Melvin,10,1,decided not to buy hay-drying equipment,15,1
35,Nadia,11,0,enjoyed oil painting,1,0
35,Nadia,11,0,been a timid person,2,0
35,Nadia,11,0,been White,3,0
35,Nadia,11,0,been a software engineer,4,0
35,Nadia,11,0,been an organized person,5,0
35,Nadia,11,0,collected vinyl records,6,0
35,Nadia,11,0,had red hair,7,0
35,Nadia,11,0,been female,8,0
35,Nadia,11,0,been 34 years old,9,0
35,Nadia,11,0,attended couples therapy years ago,10,0
35,Nadia,11,0,gone to the emergency room for bruises,11,0
35,Nadia,11,0,not sought help after the emergency room incident,12,1
35,Nadia,11,0,been scared when Franklin screamed,13,0
35,Nadia,11,0,grabbed the revolver,14,1
35,Nadia,11,0,shot Franklin with the revolver,15,1
36,Darla,1,0,enjoyed cooking,1,0
36,Darla,1,0,been Black,2,0
36,Darla,1,0,had an absent-minded personality,3,0
36,Darla,1,0,worked with Pamela for many years,4,0
36,Darla,1,0,been nearsighted,5,0
36,Darla,1,0,been 32 years old,6,0
36,Darla,1,0,been female,7,0
36,Darla,1,0,ran a home daycare business,8,0
36,Darla,1,0,had a laid-back personality,9,0
36,Darla,1,0,communicated and interacted well with children,10,0
36,Darla,1,0,lived in a tornado-affected area,11,0
36,Darla,1,0,played games with the children,12,0
36,Darla,1,0,played loud upbeat music with the children,13,0
36,Darla,1,0,focused on the children,14,0
36,Darla,1,0,not heard the tornado sirens,15,1
36,Flora,2,1,composed music in their free time,1,0
36,Flora,2,1,been a counselor,2,0
36,Flora,2,1,been 32 years old,3,0
36,Flora,2,1,enjoyed gardening,4,0
36,Flora,2,1,used a white cane to guide themselves,5,0
36,Flora,2,1,been legally blind,6,0
36,Flora,2,1,been Asian,7,0
36,Flora,2,1,been an empathetic person,8,0
36,Flora,2,1,been female,9,0
36,Flora,2,1,been an early riser,10,0
36,Flora,2,1,gone to a neighbor's house for dinner,11,0
36,Flora,2,1,used their white cane while walking home,12,0
36,Flora,2,1,not called for help,13,1
36,Flora,2,1,had their white cane slip between Paul's legs,14,0
36,Flora,2,1,stepped on Paul's torso,15,0
36,Qian,3,0,enjoyed jazz music,1,0
36,Qian,3,0,been stubborn sometimes,2,0
36,Qian,3,0,been 27 years old,3,0
36,Qian,3,0,been hard-working,4,0
36,Qian,3,0,enjoyed watching sports,5,0
36,Qian,3,0,not smoked,6,0
36,Qian,3,0,been male,7,0
36,Qian,3,0,been Asian,8,0
36,Qian,3,0,had a humorous personality,9,0
36,Qian,3,0,been a restaurant waiter,10,0
36,Qian,3,0,hung out at the local bar with cousins,11,0
36,Qian,3,0,had several drinks over the course of two hours,12,0
36,Qian,3,0,been angered by Wilson's comments,13,0
36,Qian,3,0,not talked back to Wilson,14,0
36,Qian,3,0,pushed Wilson to the ground,15,0
36,Tristan,4,1,been impatient sometimes,1,0
36,Tristan,4,1,been Black,2,0
36,Tristan,4,1,been 43 years old,3,0
36,Tristan,4,1,been opinionated sometimes,4,0
36,Tristan,4,1,been Christian,5,0
36,Tristan,4,1,been extroverted and outgoing,6,0
36,Tristan,4,1,enjoyed listening to country music,7,0
36,Tristan,4,1,been a cardiologist,8,0
36,Tristan,4,1,been male,9,0
36,Tristan,4,1,worked for over ten years at the same hospital,10,0
36,Tristan,4,1,reviewed Annie's medical history and symptoms,11,0
36,Tristan,4,1,checked Annie's vitals,12,0
36,Tristan,4,1,ordered Annie an electrocardiogram (ECG/EKG),13,0
36,Tristan,4,1,not ordered any other heart tests,14,1
36,Tristan,4,1,not ordered a mammogram,15,0
36,Chris,5,1,been White,1,0
36,Chris,5,1,admired his father,2,0
36,Chris,5,1,enjoyed playing hide-and-seek,3,0
36,Chris,5,1,weighed 70 lbs,4,0
36,Chris,5,1,been male,5,0
36,Chris,5,1,been 10 years old,6,0
36,Chris,5,1,had an average IQ,7,0
36,Chris,5,1,been a picky eater,8,0
36,Chris,5,1,enjoyed swimming,9,0
36,Chris,5,1,had a curious personality,10,0
36,Chris,5,1,invited friends over to play,11,0
36,Chris,5,1,hid in the hall closet,12,0
36,Chris,5,1,found the key in their father's jacket pocket,13,0
36,Chris,5,1,opened the gun cabinet with the key,14,1
36,Chris,5,1,picked up a pistol to play with,15,1
36,Melvin,6,1,been male,1,0
36,Melvin,6,1,enjoyed listening to rock music,2,0
36,Melvin,6,1,been a farmer,3,0
36,Melvin,6,1,had high blood pressure,4,0
36,Melvin,6,1,been 45 years old,5,0
36,Melvin,6,1,grown hay,6,0
36,Melvin,6,1,been stingy sometimes,7,0
36,Melvin,6,1,been White,8,0
36,Melvin,6,1,had a cheerful personality,9,0
36,Melvin,6,1,grown corn,10,0
36,Melvin,6,1,built their barn near the border with Vincent's property,11,0
36,Melvin,6,1,been concerned with hayfires,12,0
36,Melvin,6,1,considered buying hay-drying equipment,13,0
36,Melvin,6,1,met with consultants,14,0
36,Melvin,6,1,decided not to buy hay-drying equipment,15,1
36,Nadia,7,0,been female,1,0
36,Nadia,7,0,been a software engineer,2,0
36,Nadia,7,0,been 34 years old,3,0
36,Nadia,7,0,been a timid person,4,0
36,Nadia,7,0,collected vinyl records,5,0
36,Nadia,7,0,attended couples therapy years ago,6,0
36,Nadia,7,0,been White,7,0
36,Nadia,7,0,enjoyed oil painting,8,0
36,Nadia,7,0,been an organized person,9,0
36,Nadia,7,0,had red hair,10,0
36,Nadia,7,0,gone to the emergency room for bruises,11,0
36,Nadia,7,0,not sought help after the emergency room incident,12,1
36,Nadia,7,0,been scared when Franklin screamed,13,0
36,Nadia,7,0,grabbed the revolver,14,0
36,Nadia,7,0,shot Franklin with the revolver,15,0
36,Edward,8,1,been White,1,0
36,Edward,8,1,been a clinical research assistant,2,0
36,Edward,8,1,been 24 years old,3,0
36,Edward,8,1,been an ambitious person,4,0
36,Edward,8,1,been male,5,0
36,Edward,8,1,enjoyed browsing Twitter,6,0
36,Edward,8,1,been an experienced driver,7,0
36,Edward,8,1,enjoyed reading science fiction,8,0
36,Edward,8,1,been a studious person,9,0
36,Edward,8,1,been single,10,0
36,Edward,8,1,not muted phone notifications while driving,11,0
36,Edward,8,1,not sped,12,0
36,Edward,8,1,checked that there were no other cars nearby,13,0
36,Edward,8,1,taken a peek at the text ,14,1
36,Edward,8,1,veered into the cyclist while reading the text,15,1
36,Alfred,9,1,had PTSD,1,0
36,Alfred,9,1,lived alone,2,0
36,Alfred,9,1,been a veteran,3,0
36,Alfred,9,1,been male,4,0
36,Alfred,9,1,been 68 years old,5,0
36,Alfred,9,1,been White,6,0
36,Alfred,9,1,enjoyed fishing,7,0
36,Alfred,9,1,had a calm personality,8,0
36,Alfred,9,1,enjoyed Italian cuisine,9,0
36,Alfred,9,1,been patriotic,10,0
36,Alfred,9,1,taken the subway home,11,0
36,Alfred,9,1,been quiet on the subway,12,0
36,Alfred,9,1,gotten off at the same stop as Oliver,13,0
36,Alfred,9,1,heard loud drilling and yelling from the construction above,14,0
36,Alfred,9,1,physically attacked Oliver,15,1
36,Ava,10,0,been a compassionate person,1,0
36,Ava,10,0,been female,2,0
36,Ava,10,0,regularly drank coffee,3,0
36,Ava,10,0,been friends with Peter for many years,4,0
36,Ava,10,0,been an artist,5,0
36,Ava,10,0,enjoyed going to music concerts,6,0
36,Ava,10,0,been Native American,7,0
36,Ava,10,0,had a peanut allergy,8,0
36,Ava,10,0,been 26 years old,9,0
36,Ava,10,0,often driven Peter to appointments and errands,10,0
36,Ava,10,0,done their annual car maintenance,11,0
36,Ava,10,0,driven under the speed limit,12,0
36,Ava,10,0,listened to the radio while driving,13,0
36,Ava,10,0,been startled by the deer,14,0
36,Ava,10,0,slammed the brakes after seeing the deer,15,0
36,Julia,11,0,had asthma,1,0
36,Julia,11,0,been multiracial,2,0
36,Julia,11,0,been female,3,0
36,Julia,11,0,babysat on the weekends,4,0
36,Julia,11,0,been a courteous person,5,0
36,Julia,11,0,been sensitive sometimes,6,0
36,Julia,11,0,been a college student,7,0
36,Julia,11,0,enjoyed watching TV shows,8,0
36,Julia,11,0,been 19 years old,9,0
36,Julia,11,0,studied psychology,10,0
36,Julia,11,0,read children's books with Benji,11,0
36,Julia,11,0,picked up their partner's call while filling the bathtub,12,1
36,Julia,11,0,felt hurt after learning about the cheating,13,0
36,Julia,11,0,left the bathroom to talk to their partner,14,1
36,Julia,11,0,sat for a few minutes after hanging up,15,1
37,Flora,1,1,enjoyed gardening,1,0
37,Flora,1,1,composed music in their free time,2,0
37,Flora,1,1,been a counselor,3,0
37,Flora,1,1,been 32 years old,4,0
37,Flora,1,1,used a white cane to guide themselves,5,0
37,Flora,1,1,been female,6,0
37,Flora,1,1,been an empathetic person,7,0
37,Flora,1,1,been Asian,8,0
37,Flora,1,1,been an early riser,9,0
37,Flora,1,1,been legally blind,10,0
37,Flora,1,1,gone to a neighbor's house for dinner,11,0
37,Flora,1,1,used their white cane while walking home,12,0
37,Flora,1,1,not called for help,13,1
37,Flora,1,1,had their white cane slip between Paul's legs,14,0
37,Flora,1,1,stepped on Paul's torso,15,0
37,Alfred,2,1,been 68 years old,1,0
37,Alfred,2,1,lived alone,2,0
37,Alfred,2,1,had a calm personality,3,0
37,Alfred,2,1,been male,4,0
37,Alfred,2,1,had PTSD,5,0
37,Alfred,2,1,been patriotic,6,0
37,Alfred,2,1,enjoyed Italian cuisine,7,0
37,Alfred,2,1,enjoyed fishing,8,0
37,Alfred,2,1,been White,9,0
37,Alfred,2,1,been a veteran,10,0
37,Alfred,2,1,taken the subway home,11,0
37,Alfred,2,1,been quiet on the subway,12,0
37,Alfred,2,1,gotten off at the same stop as Oliver,13,0
37,Alfred,2,1,heard loud drilling and yelling from the construction above,14,0
37,Alfred,2,1,physically attacked Oliver,15,1
37,Qian,3,0,been Asian,1,0
37,Qian,3,0,enjoyed jazz music,2,0
37,Qian,3,0,been 27 years old,3,0
37,Qian,3,0,had a humorous personality,4,0
37,Qian,3,0,not smoked,5,0
37,Qian,3,0,been stubborn sometimes,6,0
37,Qian,3,0,enjoyed watching sports,7,0
37,Qian,3,0,been hard-working,8,0
37,Qian,3,0,been male,9,0
37,Qian,3,0,been a restaurant waiter,10,0
37,Qian,3,0,hung out at the local bar with cousins,11,0
37,Qian,3,0,had several drinks over the course of two hours,12,0
37,Qian,3,0,been angered by Wilson's comments,13,0
37,Qian,3,0,not talked back to Wilson,14,0
37,Qian,3,0,pushed Wilson to the ground,15,0
37,Melvin,4,1,been a farmer,1,0
37,Melvin,4,1,grown hay,2,0
37,Melvin,4,1,been stingy sometimes,3,0
37,Melvin,4,1,grown corn,4,0
37,Melvin,4,1,been male,5,0
37,Melvin,4,1,enjoyed listening to rock music,6,0
37,Melvin,4,1,had high blood pressure,7,0
37,Melvin,4,1,been White,8,0
37,Melvin,4,1,had a cheerful personality,9,0
37,Melvin,4,1,been 45 years old,10,0
37,Melvin,4,1,built their barn near the border with Vincent's property,11,0
37,Melvin,4,1,been concerned with hayfires,12,0
37,Melvin,4,1,considered buying hay-drying equipment,13,0
37,Melvin,4,1,met with consultants,14,0
37,Melvin,4,1,decided not to buy hay-drying equipment,15,0
37,Darla,5,0,ran a home daycare business,1,0
37,Darla,5,0,enjoyed cooking,2,0
37,Darla,5,0,been 32 years old,3,0
37,Darla,5,0,had a laid-back personality,4,0
37,Darla,5,0,been female,5,0
37,Darla,5,0,had an absent-minded personality,6,0
37,Darla,5,0,communicated and interacted well with children,7,0
37,Darla,5,0,worked with Pamela for many years,8,0
37,Darla,5,0,been nearsighted,9,0
37,Darla,5,0,been Black,10,0
37,Darla,5,0,lived in a tornado-affected area,11,0
37,Darla,5,0,played games with the children,12,0
37,Darla,5,0,played loud upbeat music with the children,13,0
37,Darla,5,0,focused on the children,14,0
37,Darla,5,0,not heard the tornado sirens,15,0
37,Chris,6,1,had an average IQ,1,0
37,Chris,6,1,enjoyed playing hide-and-seek,2,0
37,Chris,6,1,weighed 70 lbs,3,0
37,Chris,6,1,admired his father,4,0
37,Chris,6,1,been White,5,0
37,Chris,6,1,had a curious personality,6,0
37,Chris,6,1,enjoyed swimming,7,0
37,Chris,6,1,been 10 years old,8,0
37,Chris,6,1,been a picky eater,9,0
37,Chris,6,1,been male,10,0
37,Chris,6,1,invited friends over to play,11,0
37,Chris,6,1,hid in the hall closet,12,0
37,Chris,6,1,found the key in their father's jacket pocket,13,0
37,Chris,6,1,opened the gun cabinet with the key,14,1
37,Chris,6,1,picked up a pistol to play with,15,1
37,Nadia,7,0,been a timid person,1,0
37,Nadia,7,0,enjoyed oil painting,2,0
37,Nadia,7,0,had red hair,3,0
37,Nadia,7,0,collected vinyl records,4,0
37,Nadia,7,0,been female,5,0
37,Nadia,7,0,been White,6,0
37,Nadia,7,0,been a software engineer,7,0
37,Nadia,7,0,been 34 years old,8,0
37,Nadia,7,0,been an organized person,9,0
37,Nadia,7,0,attended couples therapy years ago,10,0
37,Nadia,7,0,gone to the emergency room for bruises,11,0
37,Nadia,7,0,not sought help after the emergency room incident,12,0
37,Nadia,7,0,been scared when Franklin screamed,13,0
37,Nadia,7,0,grabbed the revolver,14,0
37,Nadia,7,0,shot Franklin with the revolver,15,0
37,Julia,8,0,enjoyed watching TV shows,1,0
37,Julia,8,0,been female,2,0
37,Julia,8,0,been 19 years old,3,0
37,Julia,8,0,studied psychology,4,0
37,Julia,8,0,been a college student,5,0
37,Julia,8,0,been multiracial,6,0
37,Julia,8,0,babysat on the weekends,7,0
37,Julia,8,0,been a courteous person,8,0
37,Julia,8,0,had asthma,9,0
37,Julia,8,0,been sensitive sometimes,10,0
37,Julia,8,0,read children's books with Benji,11,0
37,Julia,8,0,picked up their partner's call while filling the bathtub,12,0
37,Julia,8,0,felt hurt after learning about the cheating,13,0
37,Julia,8,0,left the bathroom to talk to their partner,14,1
37,Julia,8,0,sat for a few minutes after hanging up,15,1
37,Tristan,9,1,been opinionated sometimes,1,0
37,Tristan,9,1,been Christian,2,0
37,Tristan,9,1,been Black,3,0
37,Tristan,9,1,worked for over ten years at the same hospital,4,0
37,Tristan,9,1,enjoyed listening to country music,5,0
37,Tristan,9,1,been male,6,0
37,Tristan,9,1,been extroverted and outgoing,7,0
37,Tristan,9,1,been a cardiologist,8,0
37,Tristan,9,1,been impatient sometimes,9,0
37,Tristan,9,1,been 43 years old,10,0
37,Tristan,9,1,reviewed Annie's medical history and symptoms,11,0
37,Tristan,9,1,checked Annie's vitals,12,0
37,Tristan,9,1,ordered Annie an electrocardiogram (ECG/EKG),13,0
37,Tristan,9,1,not ordered any other heart tests,14,1
37,Tristan,9,1,not ordered a mammogram,15,0
37,Edward,10,1,been an ambitious person,1,0
37,Edward,10,1,been White,2,0
37,Edward,10,1,been an experienced driver,3,0
37,Edward,10,1,enjoyed reading science fiction,4,0
37,Edward,10,1,been single,5,0
37,Edward,10,1,enjoyed browsing Twitter,6,0
37,Edward,10,1,been a studious person,7,0
37,Edward,10,1,been male,8,0
37,Edward,10,1,been 24 years old,9,0
37,Edward,10,1,been a clinical research assistant,10,0
37,Edward,10,1,not muted phone notifications while driving,11,0
37,Edward,10,1,not sped,12,0
37,Edward,10,1,checked that there were no other cars nearby,13,0
37,Edward,10,1,taken a peek at the text ,14,0
37,Edward,10,1,veered into the cyclist while reading the text,15,1
37,Ava,11,1,regularly drank coffee,1,0
37,Ava,11,1,enjoyed going to music concerts,2,0
37,Ava,11,1,been 26 years old,3,0
37,Ava,11,1,been Native American,4,0
37,Ava,11,1,been friends with Peter for many years,5,0
37,Ava,11,1,often driven Peter to appointments and errands,6,0
37,Ava,11,1,been a compassionate person,7,0
37,Ava,11,1,had a peanut allergy,8,0
37,Ava,11,1,been female,9,0
37,Ava,11,1,been an artist,10,0
37,Ava,11,1,done their annual car maintenance,11,0
37,Ava,11,1,driven under the speed limit,12,0
37,Ava,11,1,listened to the radio while driving,13,0
37,Ava,11,1,been startled by the deer,14,0
37,Ava,11,1,slammed the brakes after seeing the deer,15,0
38,Qian,1,0,been 27 years old,1,0
38,Qian,1,0,been Asian,2,0
38,Qian,1,0,enjoyed watching sports,3,0
38,Qian,1,0,been stubborn sometimes,4,0
38,Qian,1,0,had a humorous personality,5,0
38,Qian,1,0,been male,6,0
38,Qian,1,0,not smoked,7,0
38,Qian,1,0,been hard-working,8,0
38,Qian,1,0,been a restaurant waiter,9,0
38,Qian,1,0,enjoyed jazz music,10,0
38,Qian,1,0,hung out at the local bar with cousins,11,0
38,Qian,1,0,had several drinks over the course of two hours,12,0
38,Qian,1,0,been angered by Wilson's comments,13,0
38,Qian,1,0,not talked back to Wilson,14,0
38,Qian,1,0,pushed Wilson to the ground,15,0
38,Edward,2,1,been White,1,0
38,Edward,2,1,been a studious person,2,0
38,Edward,2,1,enjoyed reading science fiction,3,0
38,Edward,2,1,enjoyed browsing Twitter,4,0
38,Edward,2,1,been an ambitious person,5,0
38,Edward,2,1,been an experienced driver,6,0
38,Edward,2,1,been male,7,0
38,Edward,2,1,been 24 years old,8,0
38,Edward,2,1,been a clinical research assistant,9,0
38,Edward,2,1,been single,10,0
38,Edward,2,1,not muted phone notifications while driving,11,0
38,Edward,2,1,not sped,12,0
38,Edward,2,1,checked that there were no other cars nearby,13,0
38,Edward,2,1,taken a peek at the text ,14,1
38,Edward,2,1,veered into the cyclist while reading the text,15,1
38,Melvin,3,1,had high blood pressure,1,0
38,Melvin,3,1,enjoyed listening to rock music,2,0
38,Melvin,3,1,been a farmer,3,0
38,Melvin,3,1,been stingy sometimes,4,0
38,Melvin,3,1,grown hay,5,0
38,Melvin,3,1,had a cheerful personality,6,0
38,Melvin,3,1,been male,7,0
38,Melvin,3,1,been White,8,0
38,Melvin,3,1,grown corn,9,0
38,Melvin,3,1,been 45 years old,10,0
38,Melvin,3,1,built their barn near the border with Vincent's property,11,1
38,Melvin,3,1,been concerned with hayfires,12,0
38,Melvin,3,1,considered buying hay-drying equipment,13,0
38,Melvin,3,1,met with consultants,14,0
38,Melvin,3,1,decided not to buy hay-drying equipment,15,1
38,Darla,4,0,been Black,1,0
38,Darla,4,0,communicated and interacted well with children,2,0
38,Darla,4,0,ran a home daycare business,3,0
38,Darla,4,0,worked with Pamela for many years,4,0
38,Darla,4,0,been 32 years old,5,0
38,Darla,4,0,been female,6,0
38,Darla,4,0,had a laid-back personality,7,0
38,Darla,4,0,had an absent-minded personality,8,0
38,Darla,4,0,been nearsighted,9,0
38,Darla,4,0,enjoyed cooking,10,0
38,Darla,4,0,lived in a tornado-affected area,11,0
38,Darla,4,0,played games with the children,12,0
38,Darla,4,0,played loud upbeat music with the children,13,0
38,Darla,4,0,focused on the children,14,0
38,Darla,4,0,not heard the tornado sirens,15,0
38,Alfred,5,1,been patriotic,1,0
38,Alfred,5,1,had a calm personality,2,0
38,Alfred,5,1,enjoyed Italian cuisine,3,0
38,Alfred,5,1,been male,4,0
38,Alfred,5,1,had PTSD,5,0
38,Alfred,5,1,been White,6,0
38,Alfred,5,1,been a veteran,7,0
38,Alfred,5,1,been 68 years old,8,0
38,Alfred,5,1,enjoyed fishing,9,0
38,Alfred,5,1,lived alone,10,0
38,Alfred,5,1,taken the subway home,11,0
38,Alfred,5,1,been quiet on the subway,12,0
38,Alfred,5,1,gotten off at the same stop as Oliver,13,0
38,Alfred,5,1,heard loud drilling and yelling from the construction above,14,0
38,Alfred,5,1,physically attacked Oliver,15,0
38,Flora,6,1,been female,1,0
38,Flora,6,1,been 32 years old,2,0
38,Flora,6,1,been an early riser,3,0
38,Flora,6,1,been an empathetic person,4,0
38,Flora,6,1,been Asian,5,0
38,Flora,6,1,used a white cane to guide themselves,6,0
38,Flora,6,1,enjoyed gardening,7,0
38,Flora,6,1,been a counselor,8,0
38,Flora,6,1,composed music in their free time,9,0
38,Flora,6,1,been legally blind,10,0
38,Flora,6,1,gone to a neighbor's house for dinner,11,0
38,Flora,6,1,used their white cane while walking home,12,0
38,Flora,6,1,not called for help,13,0
38,Flora,6,1,had their white cane slip between Paul's legs,14,0
38,Flora,6,1,stepped on Paul's torso,15,0
38,Julia,7,0,been a courteous person,1,0
38,Julia,7,0,had asthma,2,0
38,Julia,7,0,been a college student,3,0
38,Julia,7,0,babysat on the weekends,4,0
38,Julia,7,0,been female,5,0
38,Julia,7,0,been sensitive sometimes,6,0
38,Julia,7,0,studied psychology,7,0
38,Julia,7,0,been 19 years old,8,0
38,Julia,7,0,been multiracial,9,0
38,Julia,7,0,enjoyed watching TV shows,10,0
38,Julia,7,0,read children's books with Benji,11,0
38,Julia,7,0,picked up their partner's call while filling the bathtub,12,1
38,Julia,7,0,felt hurt after learning about the cheating,13,0
38,Julia,7,0,left the bathroom to talk to their partner,14,1
38,Julia,7,0,sat for a few minutes after hanging up,15,0
38,Tristan,8,1,been impatient sometimes,1,1
38,Tristan,8,1,been 43 years old,2,0
38,Tristan,8,1,been Christian,3,0
38,Tristan,8,1,enjoyed listening to country music,4,0
38,Tristan,8,1,been Black,5,0
38,Tristan,8,1,been extroverted and outgoing,6,0
38,Tristan,8,1,been a cardiologist,7,0
38,Tristan,8,1,been opinionated sometimes,8,0
38,Tristan,8,1,worked for over ten years at the same hospital,9,0
38,Tristan,8,1,been male,10,0
38,Tristan,8,1,reviewed Annie's medical history and symptoms,11,0
38,Tristan,8,1,checked Annie's vitals,12,0
38,Tristan,8,1,ordered Annie an electrocardiogram (ECG/EKG),13,0
38,Tristan,8,1,not ordered any other heart tests,14,1
38,Tristan,8,1,not ordered a mammogram,15,0
38,Nadia,9,0,collected vinyl records,1,0
38,Nadia,9,0,been an organized person,2,0
38,Nadia,9,0,been a software engineer,3,0
38,Nadia,9,0,been a timid person,4,0
38,Nadia,9,0,been White,5,0
38,Nadia,9,0,attended couples therapy years ago,6,0
38,Nadia,9,0,been female,7,0
38,Nadia,9,0,enjoyed oil painting,8,0
38,Nadia,9,0,had red hair,9,0
38,Nadia,9,0,been 34 years old,10,0
38,Nadia,9,0,gone to the emergency room for bruises,11,0
38,Nadia,9,0,not sought help after the emergency room incident,12,0
38,Nadia,9,0,been scared when Franklin screamed,13,0
38,Nadia,9,0,grabbed the revolver,14,0
38,Nadia,9,0,shot Franklin with the revolver,15,0
38,Ava,10,1,been female,1,0
38,Ava,10,1,been a compassionate person,2,0
38,Ava,10,1,regularly drank coffee,3,0
38,Ava,10,1,often driven Peter to appointments and errands,4,0
38,Ava,10,1,been friends with Peter for many years,5,0
38,Ava,10,1,enjoyed going to music concerts,6,0
38,Ava,10,1,been Native American,7,0
38,Ava,10,1,had a peanut allergy,8,0
38,Ava,10,1,been 26 years old,9,0
38,Ava,10,1,been an artist,10,0
38,Ava,10,1,done their annual car maintenance,11,0
38,Ava,10,1,driven under the speed limit,12,0
38,Ava,10,1,listened to the radio while driving,13,0
38,Ava,10,1,been startled by the deer,14,0
38,Ava,10,1,slammed the brakes after seeing the deer,15,0
38,Chris,11,0,been a picky eater,1,0
38,Chris,11,0,been 10 years old,2,0
38,Chris,11,0,had an average IQ,3,0
38,Chris,11,0,been White,4,0
38,Chris,11,0,admired his father,5,0
38,Chris,11,0,enjoyed playing hide-and-seek,6,0
38,Chris,11,0,enjoyed swimming,7,0
38,Chris,11,0,been male,8,0
38,Chris,11,0,had a curious personality,9,0
38,Chris,11,0,weighed 70 lbs,10,0
38,Chris,11,0,invited friends over to play,11,0
38,Chris,11,0,hid in the hall closet,12,0
38,Chris,11,0,found the key in their father's jacket pocket,13,0
38,Chris,11,0,opened the gun cabinet with the key,14,0
38,Chris,11,0,picked up a pistol to play with,15,0
39,Chris,1,1,been a picky eater,1,0
39,Chris,1,1,been male,2,0
39,Chris,1,1,enjoyed swimming,3,0
39,Chris,1,1,had a curious personality,4,0
39,Chris,1,1,admired his father,5,0
39,Chris,1,1,had an average IQ,6,0
39,Chris,1,1,been White,7,0
39,Chris,1,1,been 10 years old,8,0
39,Chris,1,1,weighed 70 lbs,9,0
39,Chris,1,1,enjoyed playing hide-and-seek,10,0
39,Chris,1,1,invited friends over to play,11,0
39,Chris,1,1,hid in the hall closet,12,0
39,Chris,1,1,found the key in their father's jacket pocket,13,0
39,Chris,1,1,opened the gun cabinet with the key,14,1
39,Chris,1,1,picked up a pistol to play with,15,1
39,Alfred,2,1,been patriotic,1,0
39,Alfred,2,1,enjoyed Italian cuisine,2,0
39,Alfred,2,1,had a calm personality,3,0
39,Alfred,2,1,enjoyed fishing,4,0
39,Alfred,2,1,been 68 years old,5,0
39,Alfred,2,1,had PTSD,6,0
39,Alfred,2,1,been a veteran,7,0
39,Alfred,2,1,been male,8,0
39,Alfred,2,1,been White,9,0
39,Alfred,2,1,lived alone,10,0
39,Alfred,2,1,taken the subway home,11,0
39,Alfred,2,1,been quiet on the subway,12,0
39,Alfred,2,1,gotten off at the same stop as Oliver,13,0
39,Alfred,2,1,heard loud drilling and yelling from the construction above,14,0
39,Alfred,2,1,physically attacked Oliver,15,0
39,Flora,3,1,been legally blind,1,0
39,Flora,3,1,been female,2,0
39,Flora,3,1,been 32 years old,3,0
39,Flora,3,1,composed music in their free time,4,0
39,Flora,3,1,been Asian,5,0
39,Flora,3,1,been an early riser,6,0
39,Flora,3,1,used a white cane to guide themselves,7,0
39,Flora,3,1,been a counselor,8,0
39,Flora,3,1,enjoyed gardening,9,0
39,Flora,3,1,been an empathetic person,10,0
39,Flora,3,1,gone to a neighbor's house for dinner,11,0
39,Flora,3,1,used their white cane while walking home,12,0
39,Flora,3,1,not called for help,13,0
39,Flora,3,1,had their white cane slip between Paul's legs,14,0
39,Flora,3,1,stepped on Paul's torso,15,0
39,Melvin,4,1,had high blood pressure,1,0
39,Melvin,4,1,been stingy sometimes,2,0
39,Melvin,4,1,been a farmer,3,0
39,Melvin,4,1,been male,4,0
39,Melvin,4,1,been 45 years old,5,0
39,Melvin,4,1,been White,6,0
39,Melvin,4,1,enjoyed listening to rock music,7,0
39,Melvin,4,1,grown corn,8,0
39,Melvin,4,1,had a cheerful personality,9,0
39,Melvin,4,1,grown hay,10,0
39,Melvin,4,1,built their barn near the border with Vincent's property,11,0
39,Melvin,4,1,been concerned with hayfires,12,0
39,Melvin,4,1,considered buying hay-drying equipment,13,0
39,Melvin,4,1,met with consultants,14,0
39,Melvin,4,1,decided not to buy hay-drying equipment,15,1
39,Tristan,5,1,enjoyed listening to country music,1,0
39,Tristan,5,1,been extroverted and outgoing,2,0
39,Tristan,5,1,been a cardiologist,3,0
39,Tristan,5,1,been Black,4,0
39,Tristan,5,1,been impatient sometimes,5,0
39,Tristan,5,1,worked for over ten years at the same hospital,6,0
39,Tristan,5,1,been Christian,7,0
39,Tristan,5,1,been opinionated sometimes,8,0
39,Tristan,5,1,been 43 years old,9,0
39,Tristan,5,1,been male,10,0
39,Tristan,5,1,reviewed Annie's medical history and symptoms,11,0
39,Tristan,5,1,checked Annie's vitals,12,0
39,Tristan,5,1,ordered Annie an electrocardiogram (ECG/EKG),13,0
39,Tristan,5,1,not ordered any other heart tests,14,1
39,Tristan,5,1,not ordered a mammogram,15,0
39,Qian,6,0,been stubborn sometimes,1,0
39,Qian,6,0,had a humorous personality,2,0
39,Qian,6,0,enjoyed jazz music,3,0
39,Qian,6,0,been a restaurant waiter,4,0
39,Qian,6,0,enjoyed watching sports,5,0
39,Qian,6,0,been 27 years old,6,0
39,Qian,6,0,not smoked,7,0
39,Qian,6,0,been Asian,8,0
39,Qian,6,0,been hard-working,9,0
39,Qian,6,0,been male,10,0
39,Qian,6,0,hung out at the local bar with cousins,11,0
39,Qian,6,0,had several drinks over the course of two hours,12,0
39,Qian,6,0,been angered by Wilson's comments,13,0
39,Qian,6,0,not talked back to Wilson,14,0
39,Qian,6,0,pushed Wilson to the ground,15,0
39,Julia,7,0,studied psychology,1,0
39,Julia,7,0,been a courteous person,2,0
39,Julia,7,0,been sensitive sometimes,3,0
39,Julia,7,0,been 19 years old,4,0
39,Julia,7,0,been multiracial,5,0
39,Julia,7,0,babysat on the weekends,6,0
39,Julia,7,0,been female,7,0
39,Julia,7,0,enjoyed watching TV shows,8,0
39,Julia,7,0,been a college student,9,0
39,Julia,7,0,had asthma,10,0
39,Julia,7,0,read children's books with Benji,11,0
39,Julia,7,0,picked up their partner's call while filling the bathtub,12,0
39,Julia,7,0,felt hurt after learning about the cheating,13,0
39,Julia,7,0,left the bathroom to talk to their partner,14,1
39,Julia,7,0,sat for a few minutes after hanging up,15,1
39,Edward,8,1,been single,1,0
39,Edward,8,1,been an experienced driver,2,0
39,Edward,8,1,been 24 years old,3,0
39,Edward,8,1,been a clinical research assistant,4,0
39,Edward,8,1,been White,5,0
39,Edward,8,1,enjoyed reading science fiction,6,0
39,Edward,8,1,been an ambitious person,7,0
39,Edward,8,1,been male,8,0
39,Edward,8,1,been a studious person,9,0
39,Edward,8,1,enjoyed browsing Twitter,10,0
39,Edward,8,1,not muted phone notifications while driving,11,0
39,Edward,8,1,not sped,12,0
39,Edward,8,1,checked that there were no other cars nearby,13,0
39,Edward,8,1,taken a peek at the text ,14,1
39,Edward,8,1,veered into the cyclist while reading the text,15,1
39,Darla,9,0,ran a home daycare business,1,0
39,Darla,9,0,been nearsighted,2,0
39,Darla,9,0,had an absent-minded personality,3,1
39,Darla,9,0,worked with Pamela for many years,4,0
39,Darla,9,0,been Black,5,0
39,Darla,9,0,been female,6,0
39,Darla,9,0,been 32 years old,7,0
39,Darla,9,0,communicated and interacted well with children,8,0
39,Darla,9,0,enjoyed cooking,9,0
39,Darla,9,0,had a laid-back personality,10,0
39,Darla,9,0,lived in a tornado-affected area,11,0
39,Darla,9,0,played games with the children,12,0
39,Darla,9,0,played loud upbeat music with the children,13,0
39,Darla,9,0,focused on the children,14,0
39,Darla,9,0,not heard the tornado sirens,15,0
39,Ava,10,1,often driven Peter to appointments and errands,1,0
39,Ava,10,1,been a compassionate person,2,0
39,Ava,10,1,been Native American,3,0
39,Ava,10,1,been an artist,4,0
39,Ava,10,1,regularly drank coffee,5,0
39,Ava,10,1,had a peanut allergy,6,0
39,Ava,10,1,enjoyed going to music concerts,7,0
39,Ava,10,1,been female,8,0
39,Ava,10,1,been friends with Peter for many years,9,0
39,Ava,10,1,been 26 years old,10,0
39,Ava,10,1,done their annual car maintenance,11,0
39,Ava,10,1,driven under the speed limit,12,0
39,Ava,10,1,listened to the radio while driving,13,0
39,Ava,10,1,been startled by the deer,14,0
39,Ava,10,1,slammed the brakes after seeing the deer,15,0
39,Nadia,11,0,attended couples therapy years ago,1,0
39,Nadia,11,0,enjoyed oil painting,2,0
39,Nadia,11,0,been 34 years old,3,0
39,Nadia,11,0,been a timid person,4,0
39,Nadia,11,0,had red hair,5,0
39,Nadia,11,0,been White,6,0
39,Nadia,11,0,been an organized person,7,0
39,Nadia,11,0,been a software engineer,8,0
39,Nadia,11,0,been female,9,0
39,Nadia,11,0,collected vinyl records,10,0
39,Nadia,11,0,gone to the emergency room for bruises,11,0
39,Nadia,11,0,not sought help after the emergency room incident,12,1
39,Nadia,11,0,been scared when Franklin screamed,13,0
39,Nadia,11,0,grabbed the revolver,14,0
39,Nadia,11,0,shot Franklin with the revolver,15,0
40,Alfred,1,1,enjoyed Italian cuisine,1,0
40,Alfred,1,1,been a veteran,2,0
40,Alfred,1,1,been patriotic,3,0
40,Alfred,1,1,had PTSD,4,0
40,Alfred,1,1,been 68 years old,5,0
40,Alfred,1,1,been male,6,0
40,Alfred,1,1,had a calm personality,7,0
40,Alfred,1,1,enjoyed fishing,8,0
40,Alfred,1,1,been White,9,0
40,Alfred,1,1,lived alone,10,0
40,Alfred,1,1,taken the subway home,11,0
40,Alfred,1,1,been quiet on the subway,12,0
40,Alfred,1,1,gotten off at the same stop as Oliver,13,0
40,Alfred,1,1,heard loud drilling and yelling from the construction above,14,0
40,Alfred,1,1,physically attacked Oliver,15,1
40,Darla,2,0,had an absent-minded personality,1,0
40,Darla,2,0,had a laid-back personality,2,0
40,Darla,2,0,communicated and interacted well with children,3,0
40,Darla,2,0,been Black,4,0
40,Darla,2,0,ran a home daycare business,5,0
40,Darla,2,0,enjoyed cooking,6,0
40,Darla,2,0,been 32 years old,7,0
40,Darla,2,0,been nearsighted,8,0
40,Darla,2,0,worked with Pamela for many years,9,0
40,Darla,2,0,been female,10,0
40,Darla,2,0,lived in a tornado-affected area,11,1
40,Darla,2,0,played games with the children,12,0
40,Darla,2,0,played loud upbeat music with the children,13,0
40,Darla,2,0,focused on the children,14,0
40,Darla,2,0,not heard the tornado sirens,15,0
40,Melvin,3,1,enjoyed listening to rock music,1,0
40,Melvin,3,1,been White,2,0
40,Melvin,3,1,been male,3,0
40,Melvin,3,1,been stingy sometimes,4,0
40,Melvin,3,1,had high blood pressure,5,0
40,Melvin,3,1,grown corn,6,0
40,Melvin,3,1,had a cheerful personality,7,0
40,Melvin,3,1,grown hay,8,0
40,Melvin,3,1,been a farmer,9,0
40,Melvin,3,1,been 45 years old,10,0
40,Melvin,3,1,built their barn near the border with Vincent's property,11,0
40,Melvin,3,1,been concerned with hayfires,12,0
40,Melvin,3,1,considered buying hay-drying equipment,13,0
40,Melvin,3,1,met with consultants,14,0
40,Melvin,3,1,decided not to buy hay-drying equipment,15,1
40,Edward,4,0,been an ambitious person,1,0
40,Edward,4,0,been 24 years old,2,0
40,Edward,4,0,been an experienced driver,3,0
40,Edward,4,0,been a studious person,4,0
40,Edward,4,0,been a clinical research assistant,5,0
40,Edward,4,0,enjoyed reading science fiction,6,0
40,Edward,4,0,enjoyed browsing Twitter,7,0
40,Edward,4,0,been White,8,0
40,Edward,4,0,been single,9,0
40,Edward,4,0,been male,10,0
40,Edward,4,0,not muted phone notifications while driving,11,0
40,Edward,4,0,not sped,12,0
40,Edward,4,0,checked that there were no other cars nearby,13,0
40,Edward,4,0,taken a peek at the text ,14,0
40,Edward,4,0,veered into the cyclist while reading the text,15,1
40,Flora,5,1,used a white cane to guide themselves,1,0
40,Flora,5,1,enjoyed gardening,2,0
40,Flora,5,1,been a counselor,3,0
40,Flora,5,1,been legally blind,4,0
40,Flora,5,1,been an empathetic person,5,0
40,Flora,5,1,been Asian,6,0
40,Flora,5,1,been female,7,0
40,Flora,5,1,been an early riser,8,0
40,Flora,5,1,composed music in their free time,9,0
40,Flora,5,1,been 32 years old,10,0
40,Flora,5,1,gone to a neighbor's house for dinner,11,0
40,Flora,5,1,used their white cane while walking home,12,0
40,Flora,5,1,not called for help,13,1
40,Flora,5,1,had their white cane slip between Paul's legs,14,0
40,Flora,5,1,stepped on Paul's torso,15,0
40,Qian,6,0,been a restaurant waiter,1,0
40,Qian,6,0,not smoked,2,0
40,Qian,6,0,been 27 years old,3,0
40,Qian,6,0,enjoyed jazz music,4,0
40,Qian,6,0,had a humorous personality,5,0
40,Qian,6,0,been hard-working,6,0
40,Qian,6,0,been stubborn sometimes,7,0
40,Qian,6,0,been male,8,0
40,Qian,6,0,enjoyed watching sports,9,0
40,Qian,6,0,been Asian,10,0
40,Qian,6,0,hung out at the local bar with cousins,11,0
40,Qian,6,0,had several drinks over the course of two hours,12,0
40,Qian,6,0,been angered by Wilson's comments,13,0
40,Qian,6,0,not talked back to Wilson,14,0
40,Qian,6,0,pushed Wilson to the ground,15,0
40,Julia,7,0,been sensitive sometimes,1,0
40,Julia,7,0,been a college student,2,0
40,Julia,7,0,been a courteous person,3,0
40,Julia,7,0,had asthma,4,0
40,Julia,7,0,been female,5,0
40,Julia,7,0,been 19 years old,6,0
40,Julia,7,0,studied psychology,7,0
40,Julia,7,0,been multiracial,8,0
40,Julia,7,0,babysat on the weekends,9,0
40,Julia,7,0,enjoyed watching TV shows,10,0
40,Julia,7,0,read children's books with Benji,11,0
40,Julia,7,0,picked up their partner's call while filling the bathtub,12,0
40,Julia,7,0,felt hurt after learning about the cheating,13,0
40,Julia,7,0,left the bathroom to talk to their partner,14,1
40,Julia,7,0,sat for a few minutes after hanging up,15,0
40,Nadia,8,0,collected vinyl records,1,0
40,Nadia,8,0,been an organized person,2,0
40,Nadia,8,0,been White,3,0
40,Nadia,8,0,enjoyed oil painting,4,0
40,Nadia,8,0,had red hair,5,0
40,Nadia,8,0,been a software engineer,6,0
40,Nadia,8,0,been 34 years old,7,0
40,Nadia,8,0,been a timid person,8,0
40,Nadia,8,0,been female,9,0
40,Nadia,8,0,attended couples therapy years ago,10,0
40,Nadia,8,0,gone to the emergency room for bruises,11,0
40,Nadia,8,0,not sought help after the emergency room incident,12,0
40,Nadia,8,0,been scared when Franklin screamed,13,0
40,Nadia,8,0,grabbed the revolver,14,0
40,Nadia,8,0,shot Franklin with the revolver,15,0
40,Chris,9,1,enjoyed swimming,1,0
40,Chris,9,1,had a curious personality,2,0
40,Chris,9,1,been male,3,0
40,Chris,9,1,had an average IQ,4,0
40,Chris,9,1,weighed 70 lbs,5,0
40,Chris,9,1,enjoyed playing hide-and-seek,6,0
40,Chris,9,1,been 10 years old,7,0
40,Chris,9,1,admired his father,8,0
40,Chris,9,1,been a picky eater,9,0
40,Chris,9,1,been White,10,0
40,Chris,9,1,invited friends over to play,11,0
40,Chris,9,1,hid in the hall closet,12,0
40,Chris,9,1,found the key in their father's jacket pocket,13,0
40,Chris,9,1,opened the gun cabinet with the key,14,1
40,Chris,9,1,picked up a pistol to play with,15,1
40,Ava,10,0,been female,1,0
40,Ava,10,0,been an artist,2,0
40,Ava,10,0,been friends with Peter for many years,3,0
40,Ava,10,0,regularly drank coffee,4,0
40,Ava,10,0,often driven Peter to appointments and errands,5,0
40,Ava,10,0,enjoyed going to music concerts,6,0
40,Ava,10,0,had a peanut allergy,7,0
40,Ava,10,0,been Native American,8,0
40,Ava,10,0,been a compassionate person,9,0
40,Ava,10,0,been 26 years old,10,0
40,Ava,10,0,done their annual car maintenance,11,0
40,Ava,10,0,driven under the speed limit,12,0
40,Ava,10,0,listened to the radio while driving,13,0
40,Ava,10,0,been startled by the deer,14,0
40,Ava,10,0,slammed the brakes after seeing the deer,15,0
40,Tristan,11,1,been male,1,0
40,Tristan,11,1,been 43 years old,2,0
40,Tristan,11,1,been extroverted and outgoing,3,0
40,Tristan,11,1,been opinionated sometimes,4,0
40,Tristan,11,1,been impatient sometimes,5,0
40,Tristan,11,1,been Christian,6,0
40,Tristan,11,1,worked for over ten years at the same hospital,7,0
40,Tristan,11,1,been a cardiologist,8,0
40,Tristan,11,1,enjoyed listening to country music,9,0
40,Tristan,11,1,been Black,10,0
40,Tristan,11,1,reviewed Annie's medical history and symptoms,11,0
40,Tristan,11,1,checked Annie's vitals,12,0
40,Tristan,11,1,ordered Annie an electrocardiogram (ECG/EKG),13,0
40,Tristan,11,1,not ordered any other heart tests,14,1
40,Tristan,11,1,not ordered a mammogram,15,0
41,Chris,1,1,been male,1,0
41,Chris,1,1,enjoyed playing hide-and-seek,2,0
41,Chris,1,1,admired his father,3,0
41,Chris,1,1,been White,4,0
41,Chris,1,1,been a picky eater,5,0
41,Chris,1,1,enjoyed swimming,6,0
41,Chris,1,1,weighed 70 lbs,7,0
41,Chris,1,1,had a curious personality,8,0
41,Chris,1,1,been 10 years old,9,0
41,Chris,1,1,had an average IQ,10,0
41,Chris,1,1,invited friends over to play,11,0
41,Chris,1,1,hid in the hall closet,12,0
41,Chris,1,1,found the key in their father's jacket pocket,13,0
41,Chris,1,1,opened the gun cabinet with the key,14,0
41,Chris,1,1,picked up a pistol to play with,15,1
41,Edward,2,1,been single,1,0
41,Edward,2,1,enjoyed reading science fiction,2,0
41,Edward,2,1,been White,3,0
41,Edward,2,1,been male,4,0
41,Edward,2,1,been a clinical research assistant,5,0
41,Edward,2,1,been a studious person,6,0
41,Edward,2,1,been an ambitious person,7,0
41,Edward,2,1,been 24 years old,8,0
41,Edward,2,1,been an experienced driver,9,0
41,Edward,2,1,enjoyed browsing Twitter,10,0
41,Edward,2,1,not muted phone notifications while driving,11,1
41,Edward,2,1,not sped,12,0
41,Edward,2,1,checked that there were no other cars nearby,13,0
41,Edward,2,1,taken a peek at the text ,14,1
41,Edward,2,1,veered into the cyclist while reading the text,15,1
41,Nadia,3,0,been a software engineer,1,0
41,Nadia,3,0,been a timid person,2,0
41,Nadia,3,0,been an organized person,3,0
41,Nadia,3,0,collected vinyl records,4,0
41,Nadia,3,0,had red hair,5,0
41,Nadia,3,0,been White,6,0
41,Nadia,3,0,enjoyed oil painting,7,0
41,Nadia,3,0,been female,8,0
41,Nadia,3,0,been 34 years old,9,0
41,Nadia,3,0,attended couples therapy years ago,10,0
41,Nadia,3,0,gone to the emergency room for bruises,11,0
41,Nadia,3,0,not sought help after the emergency room incident,12,1
41,Nadia,3,0,been scared when Franklin screamed,13,0
41,Nadia,3,0,grabbed the revolver,14,0
41,Nadia,3,0,shot Franklin with the revolver,15,0
41,Alfred,4,1,been 68 years old,1,0
41,Alfred,4,1,enjoyed Italian cuisine,2,0
41,Alfred,4,1,been patriotic,3,0
41,Alfred,4,1,been a veteran,4,0
41,Alfred,4,1,lived alone,5,0
41,Alfred,4,1,been White,6,0
41,Alfred,4,1,had a calm personality,7,0
41,Alfred,4,1,had PTSD,8,0
41,Alfred,4,1,enjoyed fishing,9,0
41,Alfred,4,1,been male,10,0
41,Alfred,4,1,taken the subway home,11,0
41,Alfred,4,1,been quiet on the subway,12,0
41,Alfred,4,1,gotten off at the same stop as Oliver,13,0
41,Alfred,4,1,heard loud drilling and yelling from the construction above,14,0
41,Alfred,4,1,physically attacked Oliver,15,1
41,Qian,5,0,enjoyed watching sports,1,0
41,Qian,5,0,been 27 years old,2,0
41,Qian,5,0,enjoyed jazz music,3,0
41,Qian,5,0,been male,4,0
41,Qian,5,0,been a restaurant waiter,5,0
41,Qian,5,0,been hard-working,6,0
41,Qian,5,0,not smoked,7,0
41,Qian,5,0,been stubborn sometimes,8,0
41,Qian,5,0,had a humorous personality,9,0
41,Qian,5,0,been Asian,10,0
41,Qian,5,0,hung out at the local bar with cousins,11,0
41,Qian,5,0,had several drinks over the course of two hours,12,0
41,Qian,5,0,been angered by Wilson's comments,13,0
41,Qian,5,0,not talked back to Wilson,14,0
41,Qian,5,0,pushed Wilson to the ground,15,0
41,Julia,6,0,been female,1,0
41,Julia,6,0,had asthma,2,0
41,Julia,6,0,been sensitive sometimes,3,0
41,Julia,6,0,babysat on the weekends,4,0
41,Julia,6,0,been a college student,5,0
41,Julia,6,0,been a courteous person,6,0
41,Julia,6,0,studied psychology,7,0
41,Julia,6,0,been 19 years old,8,0
41,Julia,6,0,been multiracial,9,0
41,Julia,6,0,enjoyed watching TV shows,10,0
41,Julia,6,0,read children's books with Benji,11,0
41,Julia,6,0,picked up their partner's call while filling the bathtub,12,1
41,Julia,6,0,felt hurt after learning about the cheating,13,0
41,Julia,6,0,left the bathroom to talk to their partner,14,1
41,Julia,6,0,sat for a few minutes after hanging up,15,0
41,Darla,7,0,worked with Pamela for many years,1,0
41,Darla,7,0,been 32 years old,2,0
41,Darla,7,0,been female,3,0
41,Darla,7,0,had an absent-minded personality,4,0
41,Darla,7,0,been nearsighted,5,0
41,Darla,7,0,enjoyed cooking,6,0
41,Darla,7,0,ran a home daycare business,7,0
41,Darla,7,0,been Black,8,0
41,Darla,7,0,communicated and interacted well with children,9,0
41,Darla,7,0,had a laid-back personality,10,0
41,Darla,7,0,lived in a tornado-affected area,11,0
41,Darla,7,0,played games with the children,12,0
41,Darla,7,0,played loud upbeat music with the children,13,0
41,Darla,7,0,focused on the children,14,0
41,Darla,7,0,not heard the tornado sirens,15,0
41,Melvin,8,1,been White,1,0
41,Melvin,8,1,been male,2,0
41,Melvin,8,1,been a farmer,3,0
41,Melvin,8,1,had high blood pressure,4,0
41,Melvin,8,1,had a cheerful personality,5,0
41,Melvin,8,1,been 45 years old,6,0
41,Melvin,8,1,grown hay,7,0
41,Melvin,8,1,grown corn,8,0
41,Melvin,8,1,enjoyed listening to rock music,9,0
41,Melvin,8,1,been stingy sometimes,10,0
41,Melvin,8,1,built their barn near the border with Vincent's property,11,1
41,Melvin,8,1,been concerned with hayfires,12,0
41,Melvin,8,1,considered buying hay-drying equipment,13,0
41,Melvin,8,1,met with consultants,14,0
41,Melvin,8,1,decided not to buy hay-drying equipment,15,0
41,Tristan,9,1,been a cardiologist,1,0
41,Tristan,9,1,been opinionated sometimes,2,0
41,Tristan,9,1,been extroverted and outgoing,3,0
41,Tristan,9,1,enjoyed listening to country music,4,0
41,Tristan,9,1,been impatient sometimes,5,0
41,Tristan,9,1,been Black,6,0
41,Tristan,9,1,been male,7,0
41,Tristan,9,1,been 43 years old,8,0
41,Tristan,9,1,worked for over ten years at the same hospital,9,0
41,Tristan,9,1,been Christian,10,0
41,Tristan,9,1,reviewed Annie's medical history and symptoms,11,0
41,Tristan,9,1,checked Annie's vitals,12,0
41,Tristan,9,1,ordered Annie an electrocardiogram (ECG/EKG),13,0
41,Tristan,9,1,not ordered any other heart tests,14,0
41,Tristan,9,1,not ordered a mammogram,15,0
41,Ava,10,1,been a compassionate person,1,0
41,Ava,10,1,been female,2,0
41,Ava,10,1,often driven Peter to appointments and errands,3,0
41,Ava,10,1,been an artist,4,0
41,Ava,10,1,enjoyed going to music concerts,5,0
41,Ava,10,1,been 26 years old,6,0
41,Ava,10,1,been friends with Peter for many years,7,0
41,Ava,10,1,regularly drank coffee,8,0
41,Ava,10,1,been Native American,9,0
41,Ava,10,1,had a peanut allergy,10,0
41,Ava,10,1,done their annual car maintenance,11,0
41,Ava,10,1,driven under the speed limit,12,0
41,Ava,10,1,listened to the radio while driving,13,0
41,Ava,10,1,been startled by the deer,14,0
41,Ava,10,1,slammed the brakes after seeing the deer,15,0
41,Flora,11,1,been an early riser,1,0
41,Flora,11,1,been Asian,2,0
41,Flora,11,1,been female,3,0
41,Flora,11,1,been an empathetic person,4,0
41,Flora,11,1,used a white cane to guide themselves,5,0
41,Flora,11,1,been 32 years old,6,0
41,Flora,11,1,been a counselor,7,0
41,Flora,11,1,enjoyed gardening,8,0
41,Flora,11,1,composed music in their free time,9,0
41,Flora,11,1,been legally blind,10,0
41,Flora,11,1,gone to a neighbor's house for dinner,11,0
41,Flora,11,1,used their white cane while walking home,12,0
41,Flora,11,1,not called for help,13,0
41,Flora,11,1,had their white cane slip between Paul's legs,14,0
41,Flora,11,1,stepped on Paul's torso,15,0
42,Melvin,1,1,been White,1,0
42,Melvin,1,1,grown corn,2,0
42,Melvin,1,1,grown hay,3,0
42,Melvin,1,1,had a cheerful personality,4,0
42,Melvin,1,1,been a farmer,5,0
42,Melvin,1,1,enjoyed listening to rock music,6,0
42,Melvin,1,1,been male,7,0
42,Melvin,1,1,had high blood pressure,8,0
42,Melvin,1,1,been 45 years old,9,0
42,Melvin,1,1,been stingy sometimes,10,1
42,Melvin,1,1,built their barn near the border with Vincent's property,11,1
42,Melvin,1,1,been concerned with hayfires,12,0
42,Melvin,1,1,considered buying hay-drying equipment,13,0
42,Melvin,1,1,met with consultants,14,0
42,Melvin,1,1,decided not to buy hay-drying equipment,15,1
42,Alfred,2,1,been a veteran,1,0
42,Alfred,2,1,enjoyed Italian cuisine,2,0
42,Alfred,2,1,been patriotic,3,0
42,Alfred,2,1,enjoyed fishing,4,0
42,Alfred,2,1,been White,5,0
42,Alfred,2,1,lived alone,6,0
42,Alfred,2,1,had PTSD,7,0
42,Alfred,2,1,had a calm personality,8,0
42,Alfred,2,1,been 68 years old,9,0
42,Alfred,2,1,been male,10,0
42,Alfred,2,1,taken the subway home,11,0
42,Alfred,2,1,been quiet on the subway,12,0
42,Alfred,2,1,gotten off at the same stop as Oliver,13,0
42,Alfred,2,1,heard loud drilling and yelling from the construction above,14,0
42,Alfred,2,1,physically attacked Oliver,15,1
42,Ava,3,1,enjoyed going to music concerts,1,0
42,Ava,3,1,been 26 years old,2,0
42,Ava,3,1,regularly drank coffee,3,0
42,Ava,3,1,often driven Peter to appointments and errands,4,0
42,Ava,3,1,had a peanut allergy,5,0
42,Ava,3,1,been Native American,6,0
42,Ava,3,1,been a compassionate person,7,0
42,Ava,3,1,been an artist,8,0
42,Ava,3,1,been female,9,0
42,Ava,3,1,been friends with Peter for many years,10,0
42,Ava,3,1,done their annual car maintenance,11,0
42,Ava,3,1,driven under the speed limit,12,0
42,Ava,3,1,listened to the radio while driving,13,0
42,Ava,3,1,been startled by the deer,14,0
42,Ava,3,1,slammed the brakes after seeing the deer,15,0
42,Flora,4,1,enjoyed gardening,1,0
42,Flora,4,1,been 32 years old,2,0
42,Flora,4,1,been an empathetic person,3,0
42,Flora,4,1,been Asian,4,0
42,Flora,4,1,used a white cane to guide themselves,5,0
42,Flora,4,1,composed music in their free time,6,0
42,Flora,4,1,been female,7,0
42,Flora,4,1,been a counselor,8,0
42,Flora,4,1,been an early riser,9,0
42,Flora,4,1,been legally blind,10,0
42,Flora,4,1,gone to a neighbor's house for dinner,11,0
42,Flora,4,1,used their white cane while walking home,12,0
42,Flora,4,1,not called for help,13,1
42,Flora,4,1,had their white cane slip between Paul's legs,14,0
42,Flora,4,1,stepped on Paul's torso,15,0
42,Qian,5,0,enjoyed jazz music,1,0
42,Qian,5,0,been stubborn sometimes,2,0
42,Qian,5,0,been 27 years old,3,0
42,Qian,5,0,been a restaurant waiter,4,0
42,Qian,5,0,been male,5,0
42,Qian,5,0,been hard-working,6,0
42,Qian,5,0,enjoyed watching sports,7,0
42,Qian,5,0,not smoked,8,0
42,Qian,5,0,had a humorous personality,9,0
42,Qian,5,0,been Asian,10,0
42,Qian,5,0,hung out at the local bar with cousins,11,0
42,Qian,5,0,had several drinks over the course of two hours,12,0
42,Qian,5,0,been angered by Wilson's comments,13,1
42,Qian,5,0,not talked back to Wilson,14,0
42,Qian,5,0,pushed Wilson to the ground,15,1
42,Julia,6,0,been a courteous person,1,0
42,Julia,6,0,been sensitive sometimes,2,0
42,Julia,6,0,enjoyed watching TV shows,3,0
42,Julia,6,0,had asthma,4,0
42,Julia,6,0,babysat on the weekends,5,0
42,Julia,6,0,studied psychology,6,0
42,Julia,6,0,been female,7,0
42,Julia,6,0,been a college student,8,0
42,Julia,6,0,been 19 years old,9,0
42,Julia,6,0,been multiracial,10,0
42,Julia,6,0,read children's books with Benji,11,0
42,Julia,6,0,picked up their partner's call while filling the bathtub,12,0
42,Julia,6,0,felt hurt after learning about the cheating,13,0
42,Julia,6,0,left the bathroom to talk to their partner,14,1
42,Julia,6,0,sat for a few minutes after hanging up,15,1
42,Nadia,7,0,been female,1,0
42,Nadia,7,0,been a timid person,2,0
42,Nadia,7,0,been a software engineer,3,0
42,Nadia,7,0,been 34 years old,4,0
42,Nadia,7,0,been an organized person,5,0
42,Nadia,7,0,attended couples therapy years ago,6,0
42,Nadia,7,0,been White,7,0
42,Nadia,7,0,had red hair,8,0
42,Nadia,7,0,enjoyed oil painting,9,0
42,Nadia,7,0,collected vinyl records,10,0
42,Nadia,7,0,gone to the emergency room for bruises,11,0
42,Nadia,7,0,not sought help after the emergency room incident,12,1
42,Nadia,7,0,been scared when Franklin screamed,13,0
42,Nadia,7,0,grabbed the revolver,14,0
42,Nadia,7,0,shot Franklin with the revolver,15,0
42,Edward,8,1,been 24 years old,1,0
42,Edward,8,1,been an ambitious person,2,0
42,Edward,8,1,enjoyed browsing Twitter,3,0
42,Edward,8,1,enjoyed reading science fiction,4,0
42,Edward,8,1,been a studious person,5,0
42,Edward,8,1,been White,6,0
42,Edward,8,1,been male,7,0
42,Edward,8,1,been a clinical research assistant,8,0
42,Edward,8,1,been an experienced driver,9,0
42,Edward,8,1,been single,10,0
42,Edward,8,1,not muted phone notifications while driving,11,1
42,Edward,8,1,not sped,12,0
42,Edward,8,1,checked that there were no other cars nearby,13,0
42,Edward,8,1,taken a peek at the text ,14,1
42,Edward,8,1,veered into the cyclist while reading the text,15,0
42,Tristan,9,1,been impatient sometimes,1,0
42,Tristan,9,1,worked for over ten years at the same hospital,2,0
42,Tristan,9,1,enjoyed listening to country music,3,0
42,Tristan,9,1,been male,4,0
42,Tristan,9,1,been 43 years old,5,0
42,Tristan,9,1,been opinionated sometimes,6,0
42,Tristan,9,1,been Black,7,0
42,Tristan,9,1,been Christian,8,0
42,Tristan,9,1,been extroverted and outgoing,9,0
42,Tristan,9,1,been a cardiologist,10,0
42,Tristan,9,1,reviewed Annie's medical history and symptoms,11,0
42,Tristan,9,1,checked Annie's vitals,12,0
42,Tristan,9,1,ordered Annie an electrocardiogram (ECG/EKG),13,0
42,Tristan,9,1,not ordered any other heart tests,14,1
42,Tristan,9,1,not ordered a mammogram,15,0
42,Darla,10,1,been female,1,0
42,Darla,10,1,communicated and interacted well with children,2,0
42,Darla,10,1,enjoyed cooking,3,0
42,Darla,10,1,had a laid-back personality,4,0
42,Darla,10,1,worked with Pamela for many years,5,0
42,Darla,10,1,been Black,6,0
42,Darla,10,1,been nearsighted,7,0
42,Darla,10,1,ran a home daycare business,8,0
42,Darla,10,1,had an absent-minded personality,9,0
42,Darla,10,1,been 32 years old,10,0
42,Darla,10,1,lived in a tornado-affected area,11,0
42,Darla,10,1,played games with the children,12,0
42,Darla,10,1,played loud upbeat music with the children,13,1
42,Darla,10,1,focused on the children,14,0
42,Darla,10,1,not heard the tornado sirens,15,0
42,Chris,11,1,been male,1,0
42,Chris,11,1,been a picky eater,2,0
42,Chris,11,1,been White,3,0
42,Chris,11,1,had an average IQ,4,0
42,Chris,11,1,had a curious personality,5,0
42,Chris,11,1,weighed 70 lbs,6,0
42,Chris,11,1,admired his father,7,0
42,Chris,11,1,enjoyed swimming,8,0
42,Chris,11,1,been 10 years old,9,0
42,Chris,11,1,enjoyed playing hide-and-seek,10,0
42,Chris,11,1,invited friends over to play,11,0
42,Chris,11,1,hid in the hall closet,12,0
42,Chris,11,1,found the key in their father's jacket pocket,13,0
42,Chris,11,1,opened the gun cabinet with the key,14,1
42,Chris,11,1,picked up a pistol to play with,15,1
43,Darla,1,0,ran a home daycare business,1,0
43,Darla,1,0,been nearsighted,2,0
43,Darla,1,0,had an absent-minded personality,3,0
43,Darla,1,0,enjoyed cooking,4,0
43,Darla,1,0,had a laid-back personality,5,0
43,Darla,1,0,worked with Pamela for many years,6,0
43,Darla,1,0,been Black,7,0
43,Darla,1,0,been 32 years old,8,0
43,Darla,1,0,been female,9,0
43,Darla,1,0,communicated and interacted well with children,10,0
43,Darla,1,0,lived in a tornado-affected area,11,0
43,Darla,1,0,played games with the children,12,0
43,Darla,1,0,played loud upbeat music with the children,13,0
43,Darla,1,0,focused on the children,14,0
43,Darla,1,0,not heard the tornado sirens,15,0
43,Alfred,2,1,enjoyed Italian cuisine,1,0
43,Alfred,2,1,been patriotic,2,0
43,Alfred,2,1,been 68 years old,3,0
43,Alfred,2,1,been a veteran,4,0
43,Alfred,2,1,enjoyed fishing,5,0
43,Alfred,2,1,had a calm personality,6,0
43,Alfred,2,1,been male,7,0
43,Alfred,2,1,had PTSD,8,0
43,Alfred,2,1,lived alone,9,0
43,Alfred,2,1,been White,10,0
43,Alfred,2,1,taken the subway home,11,0
43,Alfred,2,1,been quiet on the subway,12,0
43,Alfred,2,1,gotten off at the same stop as Oliver,13,0
43,Alfred,2,1,heard loud drilling and yelling from the construction above,14,0
43,Alfred,2,1,physically attacked Oliver,15,1
43,Tristan,3,1,enjoyed listening to country music,1,0
43,Tristan,3,1,been extroverted and outgoing,2,0
43,Tristan,3,1,been impatient sometimes,3,0
43,Tristan,3,1,been 43 years old,4,0
43,Tristan,3,1,worked for over ten years at the same hospital,5,0
43,Tristan,3,1,been Black,6,0
43,Tristan,3,1,been male,7,0
43,Tristan,3,1,been opinionated sometimes,8,0
43,Tristan,3,1,been a cardiologist,9,0
43,Tristan,3,1,been Christian,10,0
43,Tristan,3,1,reviewed Annie's medical history and symptoms,11,0
43,Tristan,3,1,checked Annie's vitals,12,0
43,Tristan,3,1,ordered Annie an electrocardiogram (ECG/EKG),13,0
43,Tristan,3,1,not ordered any other heart tests,14,1
43,Tristan,3,1,not ordered a mammogram,15,0
43,Ava,4,1,been a compassionate person,1,0
43,Ava,4,1,been Native American,2,0
43,Ava,4,1,been 26 years old,3,0
43,Ava,4,1,enjoyed going to music concerts,4,0
43,Ava,4,1,been female,5,0
43,Ava,4,1,been friends with Peter for many years,6,0
43,Ava,4,1,regularly drank coffee,7,0
43,Ava,4,1,had a peanut allergy,8,0
43,Ava,4,1,been an artist,9,0
43,Ava,4,1,often driven Peter to appointments and errands,10,0
43,Ava,4,1,done their annual car maintenance,11,0
43,Ava,4,1,driven under the speed limit,12,0
43,Ava,4,1,listened to the radio while driving,13,0
43,Ava,4,1,been startled by the deer,14,0
43,Ava,4,1,slammed the brakes after seeing the deer,15,0
43,Julia,5,0,been female,1,0
43,Julia,5,0,had asthma,2,0
43,Julia,5,0,been a courteous person,3,0
43,Julia,5,0,been multiracial,4,0
43,Julia,5,0,been a college student,5,0
43,Julia,5,0,been sensitive sometimes,6,0
43,Julia,5,0,studied psychology,7,0
43,Julia,5,0,been 19 years old,8,0
43,Julia,5,0,babysat on the weekends,9,0
43,Julia,5,0,enjoyed watching TV shows,10,0
43,Julia,5,0,read children's books with Benji,11,0
43,Julia,5,0,picked up their partner's call while filling the bathtub,12,0
43,Julia,5,0,felt hurt after learning about the cheating,13,0
43,Julia,5,0,left the bathroom to talk to their partner,14,1
43,Julia,5,0,sat for a few minutes after hanging up,15,1
43,Chris,6,1,been 10 years old,1,0
43,Chris,6,1,admired his father,2,0
43,Chris,6,1,been a picky eater,3,0
43,Chris,6,1,enjoyed swimming,4,0
43,Chris,6,1,had an average IQ,5,0
43,Chris,6,1,been male,6,0
43,Chris,6,1,enjoyed playing hide-and-seek,7,0
43,Chris,6,1,had a curious personality,8,0
43,Chris,6,1,weighed 70 lbs,9,0
43,Chris,6,1,been White,10,0
43,Chris,6,1,invited friends over to play,11,0
43,Chris,6,1,hid in the hall closet,12,0
43,Chris,6,1,found the key in their father's jacket pocket,13,0
43,Chris,6,1,opened the gun cabinet with the key,14,0
43,Chris,6,1,picked up a pistol to play with,15,0
43,Flora,7,1,used a white cane to guide themselves,1,0
43,Flora,7,1,composed music in their free time,2,0
43,Flora,7,1,been an empathetic person,3,0
43,Flora,7,1,enjoyed gardening,4,0
43,Flora,7,1,been a counselor,5,0
43,Flora,7,1,been 32 years old,6,0
43,Flora,7,1,been legally blind,7,0
43,Flora,7,1,been Asian,8,0
43,Flora,7,1,been female,9,0
43,Flora,7,1,been an early riser,10,0
43,Flora,7,1,gone to a neighbor's house for dinner,11,0
43,Flora,7,1,used their white cane while walking home,12,0
43,Flora,7,1,not called for help,13,1
43,Flora,7,1,had their white cane slip between Paul's legs,14,0
43,Flora,7,1,stepped on Paul's torso,15,0
43,Nadia,8,0,been a timid person,1,0
43,Nadia,8,0,attended couples therapy years ago,2,0
43,Nadia,8,0,had red hair,3,0
43,Nadia,8,0,enjoyed oil painting,4,0
43,Nadia,8,0,been an organized person,5,0
43,Nadia,8,0,been 34 years old,6,0
43,Nadia,8,0,collected vinyl records,7,0
43,Nadia,8,0,been a software engineer,8,0
43,Nadia,8,0,been White,9,0
43,Nadia,8,0,been female,10,0
43,Nadia,8,0,gone to the emergency room for bruises,11,0
43,Nadia,8,0,not sought help after the emergency room incident,12,1
43,Nadia,8,0,been scared when Franklin screamed,13,0
43,Nadia,8,0,grabbed the revolver,14,0
43,Nadia,8,0,shot Franklin with the revolver,15,0
43,Melvin,9,1,been White,1,0
43,Melvin,9,1,been stingy sometimes,2,0
43,Melvin,9,1,had a cheerful personality,3,0
43,Melvin,9,1,grown hay,4,0
43,Melvin,9,1,grown corn,5,0
43,Melvin,9,1,enjoyed listening to rock music,6,0
43,Melvin,9,1,been a farmer,7,0
43,Melvin,9,1,been male,8,0
43,Melvin,9,1,been 45 years old,9,0
43,Melvin,9,1,had high blood pressure,10,0
43,Melvin,9,1,built their barn near the border with Vincent's property,11,0
43,Melvin,9,1,been concerned with hayfires,12,0
43,Melvin,9,1,considered buying hay-drying equipment,13,0
43,Melvin,9,1,met with consultants,14,0
43,Melvin,9,1,decided not to buy hay-drying equipment,15,0
43,Edward,10,1,been male,1,0
43,Edward,10,1,been single,2,0
43,Edward,10,1,enjoyed browsing Twitter,3,0
43,Edward,10,1,been 24 years old,4,0
43,Edward,10,1,been White,5,0
43,Edward,10,1,been a clinical research assistant,6,0
43,Edward,10,1,been a studious person,7,0
43,Edward,10,1,enjoyed reading science fiction,8,0
43,Edward,10,1,been an ambitious person,9,0
43,Edward,10,1,been an experienced driver,10,0
43,Edward,10,1,not muted phone notifications while driving,11,0
43,Edward,10,1,not sped,12,0
43,Edward,10,1,checked that there were no other cars nearby,13,0
43,Edward,10,1,taken a peek at the text ,14,0
43,Edward,10,1,veered into the cyclist while reading the text,15,1
43,Qian,11,0,had a humorous personality,1,0
43,Qian,11,0,been Asian,2,0
43,Qian,11,0,enjoyed jazz music,3,0
43,Qian,11,0,enjoyed watching sports,4,0
43,Qian,11,0,been stubborn sometimes,5,0
43,Qian,11,0,been 27 years old,6,0
43,Qian,11,0,not smoked,7,0
43,Qian,11,0,been hard-working,8,0
43,Qian,11,0,been a restaurant waiter,9,0
43,Qian,11,0,been male,10,0
43,Qian,11,0,hung out at the local bar with cousins,11,0
43,Qian,11,0,had several drinks over the course of two hours,12,0
43,Qian,11,0,been angered by Wilson's comments,13,0
43,Qian,11,0,not talked back to Wilson,14,0
43,Qian,11,0,pushed Wilson to the ground,15,0
44,Ava,1,1,been 26 years old,1,0
44,Ava,1,1,been an artist,2,0
44,Ava,1,1,enjoyed going to music concerts,3,1
44,Ava,1,1,been Native American,4,0
44,Ava,1,1,been female,5,0
44,Ava,1,1,had a peanut allergy,6,0
44,Ava,1,1,regularly drank coffee,7,0
44,Ava,1,1,often driven Peter to appointments and errands,8,0
44,Ava,1,1,been a compassionate person,9,0
44,Ava,1,1,been friends with Peter for many years,10,0
44,Ava,1,1,done their annual car maintenance,11,0
44,Ava,1,1,driven under the speed limit,12,0
44,Ava,1,1,listened to the radio while driving,13,0
44,Ava,1,1,been startled by the deer,14,0
44,Ava,1,1,slammed the brakes after seeing the deer,15,0
44,Edward,2,1,been single,1,0
44,Edward,2,1,been an experienced driver,2,0
44,Edward,2,1,been 24 years old,3,0
44,Edward,2,1,enjoyed browsing Twitter,4,0
44,Edward,2,1,been a clinical research assistant,5,0
44,Edward,2,1,been White,6,0
44,Edward,2,1,been male,7,0
44,Edward,2,1,been an ambitious person,8,0
44,Edward,2,1,enjoyed reading science fiction,9,0
44,Edward,2,1,been a studious person,10,0
44,Edward,2,1,not muted phone notifications while driving,11,0
44,Edward,2,1,not sped,12,0
44,Edward,2,1,checked that there were no other cars nearby,13,0
44,Edward,2,1,taken a peek at the text ,14,1
44,Edward,2,1,veered into the cyclist while reading the text,15,0
44,Tristan,3,1,worked for over ten years at the same hospital,1,0
44,Tristan,3,1,been impatient sometimes,2,0
44,Tristan,3,1,been extroverted and outgoing,3,0
44,Tristan,3,1,been opinionated sometimes,4,0
44,Tristan,3,1,been Christian,5,0
44,Tristan,3,1,been a cardiologist,6,0
44,Tristan,3,1,been 43 years old,7,0
44,Tristan,3,1,been Black,8,0
44,Tristan,3,1,enjoyed listening to country music,9,0
44,Tristan,3,1,been male,10,0
44,Tristan,3,1,reviewed Annie's medical history and symptoms,11,0
44,Tristan,3,1,checked Annie's vitals,12,0
44,Tristan,3,1,ordered Annie an electrocardiogram (ECG/EKG),13,0
44,Tristan,3,1,not ordered any other heart tests,14,0
44,Tristan,3,1,not ordered a mammogram,15,0
44,Darla,4,0,been Black,1,0
44,Darla,4,0,been 32 years old,2,0
44,Darla,4,0,been nearsighted,3,0
44,Darla,4,0,had an absent-minded personality,4,0
44,Darla,4,0,ran a home daycare business,5,0
44,Darla,4,0,communicated and interacted well with children,6,0
44,Darla,4,0,worked with Pamela for many years,7,0
44,Darla,4,0,had a laid-back personality,8,0
44,Darla,4,0,been female,9,0
44,Darla,4,0,enjoyed cooking,10,0
44,Darla,4,0,lived in a tornado-affected area,11,0
44,Darla,4,0,played games with the children,12,0
44,Darla,4,0,played loud upbeat music with the children,13,0
44,Darla,4,0,focused on the children,14,0
44,Darla,4,0,not heard the tornado sirens,15,0
44,Melvin,5,1,grown corn,1,0
44,Melvin,5,1,grown hay,2,0
44,Melvin,5,1,enjoyed listening to rock music,3,0
44,Melvin,5,1,been stingy sometimes,4,0
44,Melvin,5,1,been 45 years old,5,0
44,Melvin,5,1,been White,6,0
44,Melvin,5,1,had a cheerful personality,7,0
44,Melvin,5,1,had high blood pressure,8,0
44,Melvin,5,1,been male,9,0
44,Melvin,5,1,been a farmer,10,0
44,Melvin,5,1,built their barn near the border with Vincent's property,11,1
44,Melvin,5,1,been concerned with hayfires,12,0
44,Melvin,5,1,considered buying hay-drying equipment,13,0
44,Melvin,5,1,met with consultants,14,0
44,Melvin,5,1,decided not to buy hay-drying equipment,15,0
44,Chris,6,1,enjoyed swimming,1,0
44,Chris,6,1,been 10 years old,2,0
44,Chris,6,1,weighed 70 lbs,3,0
44,Chris,6,1,enjoyed playing hide-and-seek,4,0
44,Chris,6,1,admired his father,5,0
44,Chris,6,1,had an average IQ,6,0
44,Chris,6,1,been White,7,0
44,Chris,6,1,had a curious personality,8,0
44,Chris,6,1,been a picky eater,9,0
44,Chris,6,1,been male,10,0
44,Chris,6,1,invited friends over to play,11,0
44,Chris,6,1,hid in the hall closet,12,0
44,Chris,6,1,found the key in their father's jacket pocket,13,0
44,Chris,6,1,opened the gun cabinet with the key,14,1
44,Chris,6,1,picked up a pistol to play with,15,1
44,Nadia,7,0,been female,1,0
44,Nadia,7,0,been a timid person,2,0
44,Nadia,7,0,had red hair,3,0
44,Nadia,7,0,been an organized person,4,0
44,Nadia,7,0,enjoyed oil painting,5,0
44,Nadia,7,0,been White,6,0
44,Nadia,7,0,been 34 years old,7,0
44,Nadia,7,0,attended couples therapy years ago,8,0
44,Nadia,7,0,been a software engineer,9,0
44,Nadia,7,0,collected vinyl records,10,0
44,Nadia,7,0,gone to the emergency room for bruises,11,0
44,Nadia,7,0,not sought help after the emergency room incident,12,0
44,Nadia,7,0,been scared when Franklin screamed,13,0
44,Nadia,7,0,grabbed the revolver,14,0
44,Nadia,7,0,shot Franklin with the revolver,15,0
44,Julia,8,0,been multiracial,1,0
44,Julia,8,0,been 19 years old,2,0
44,Julia,8,0,been sensitive sometimes,3,0
44,Julia,8,0,been a college student,4,0
44,Julia,8,0,been female,5,0
44,Julia,8,0,babysat on the weekends,6,0
44,Julia,8,0,been a courteous person,7,0
44,Julia,8,0,enjoyed watching TV shows,8,0
44,Julia,8,0,had asthma,9,0
44,Julia,8,0,studied psychology,10,0
44,Julia,8,0,read children's books with Benji,11,0
44,Julia,8,0,picked up their partner's call while filling the bathtub,12,0
44,Julia,8,0,felt hurt after learning about the cheating,13,0
44,Julia,8,0,left the bathroom to talk to their partner,14,1
44,Julia,8,0,sat for a few minutes after hanging up,15,0
44,Flora,9,1,been a counselor,1,0
44,Flora,9,1,been legally blind,2,0
44,Flora,9,1,composed music in their free time,3,0
44,Flora,9,1,been female,4,0
44,Flora,9,1,been Asian,5,0
44,Flora,9,1,used a white cane to guide themselves,6,0
44,Flora,9,1,been an empathetic person,7,0
44,Flora,9,1,been an early riser,8,0
44,Flora,9,1,enjoyed gardening,9,0
44,Flora,9,1,been 32 years old,10,0
44,Flora,9,1,gone to a neighbor's house for dinner,11,0
44,Flora,9,1,used their white cane while walking home,12,0
44,Flora,9,1,not called for help,13,1
44,Flora,9,1,had their white cane slip between Paul's legs,14,0
44,Flora,9,1,stepped on Paul's torso,15,1
44,Qian,10,0,been hard-working,1,0
44,Qian,10,0,been stubborn sometimes,2,0
44,Qian,10,0,enjoyed watching sports,3,0
44,Qian,10,0,been 27 years old,4,0
44,Qian,10,0,had a humorous personality,5,0
44,Qian,10,0,enjoyed jazz music,6,0
44,Qian,10,0,been Asian,7,0
44,Qian,10,0,been male,8,0
44,Qian,10,0,not smoked,9,0
44,Qian,10,0,been a restaurant waiter,10,0
44,Qian,10,0,hung out at the local bar with cousins,11,0
44,Qian,10,0,had several drinks over the course of two hours,12,0
44,Qian,10,0,been angered by Wilson's comments,13,0
44,Qian,10,0,not talked back to Wilson,14,0
44,Qian,10,0,pushed Wilson to the ground,15,0
44,Alfred,11,1,had a calm personality,1,0
44,Alfred,11,1,enjoyed fishing,2,0
44,Alfred,11,1,been male,3,0
44,Alfred,11,1,been 68 years old,4,0
44,Alfred,11,1,lived alone,5,0
44,Alfred,11,1,been a veteran,6,0
44,Alfred,11,1,been patriotic,7,0
44,Alfred,11,1,enjoyed Italian cuisine,8,0
44,Alfred,11,1,had PTSD,9,0
44,Alfred,11,1,been White,10,0
44,Alfred,11,1,taken the subway home,11,0
44,Alfred,11,1,been quiet on the subway,12,0
44,Alfred,11,1,gotten off at the same stop as Oliver,13,0
44,Alfred,11,1,heard loud drilling and yelling from the construction above,14,0
44,Alfred,11,1,physically attacked Oliver,15,1
45,Edward,1,1,been White,1,0
45,Edward,1,1,enjoyed reading science fiction,2,0
45,Edward,1,1,been 24 years old,3,0
45,Edward,1,1,enjoyed browsing Twitter,4,0
45,Edward,1,1,been an ambitious person,5,0
45,Edward,1,1,been a studious person,6,0
45,Edward,1,1,been an experienced driver,7,0
45,Edward,1,1,been a clinical research assistant,8,0
45,Edward,1,1,been single,9,0
45,Edward,1,1,been male,10,0
45,Edward,1,1,not muted phone notifications while driving,11,0
45,Edward,1,1,not sped,12,0
45,Edward,1,1,checked that there were no other cars nearby,13,0
45,Edward,1,1,taken a peek at the text ,14,1
45,Edward,1,1,veered into the cyclist while reading the text,15,1
45,Alfred,2,1,been 68 years old,1,0
45,Alfred,2,1,been a veteran,2,0
45,Alfred,2,1,had PTSD,3,0
45,Alfred,2,1,been White,4,0
45,Alfred,2,1,enjoyed Italian cuisine,5,0
45,Alfred,2,1,enjoyed fishing,6,0
45,Alfred,2,1,had a calm personality,7,0
45,Alfred,2,1,lived alone,8,0
45,Alfred,2,1,been patriotic,9,0
45,Alfred,2,1,been male,10,0
45,Alfred,2,1,taken the subway home,11,0
45,Alfred,2,1,been quiet on the subway,12,0
45,Alfred,2,1,gotten off at the same stop as Oliver,13,0
45,Alfred,2,1,heard loud drilling and yelling from the construction above,14,0
45,Alfred,2,1,physically attacked Oliver,15,1
45,Flora,3,1,composed music in their free time,1,0
45,Flora,3,1,been 32 years old,2,0
45,Flora,3,1,been legally blind,3,0
45,Flora,3,1,been a counselor,4,0
45,Flora,3,1,been Asian,5,0
45,Flora,3,1,used a white cane to guide themselves,6,0
45,Flora,3,1,been an early riser,7,0
45,Flora,3,1,been an empathetic person,8,0
45,Flora,3,1,enjoyed gardening,9,0
45,Flora,3,1,been female,10,0
45,Flora,3,1,gone to a neighbor's house for dinner,11,0
45,Flora,3,1,used their white cane while walking home,12,0
45,Flora,3,1,not called for help,13,0
45,Flora,3,1,had their white cane slip between Paul's legs,14,0
45,Flora,3,1,stepped on Paul's torso,15,0
45,Nadia,4,0,been a timid person,1,0
45,Nadia,4,0,collected vinyl records,2,0
45,Nadia,4,0,been White,3,0
45,Nadia,4,0,been female,4,0
45,Nadia,4,0,enjoyed oil painting,5,0
45,Nadia,4,0,been 34 years old,6,0
45,Nadia,4,0,attended couples therapy years ago,7,0
45,Nadia,4,0,been an organized person,8,0
45,Nadia,4,0,been a software engineer,9,0
45,Nadia,4,0,had red hair,10,0
45,Nadia,4,0,gone to the emergency room for bruises,11,0
45,Nadia,4,0,not sought help after the emergency room incident,12,0
45,Nadia,4,0,been scared when Franklin screamed,13,0
45,Nadia,4,0,grabbed the revolver,14,0
45,Nadia,4,0,shot Franklin with the revolver,15,0
45,Darla,5,0,been 32 years old,1,0
45,Darla,5,0,worked with Pamela for many years,2,0
45,Darla,5,0,been nearsighted,3,0
45,Darla,5,0,had a laid-back personality,4,0
45,Darla,5,0,communicated and interacted well with children,5,0
45,Darla,5,0,had an absent-minded personality,6,0
45,Darla,5,0,been Black,7,0
45,Darla,5,0,enjoyed cooking,8,0
45,Darla,5,0,been female,9,0
45,Darla,5,0,ran a home daycare business,10,0
45,Darla,5,0,lived in a tornado-affected area,11,0
45,Darla,5,0,played games with the children,12,0
45,Darla,5,0,played loud upbeat music with the children,13,0
45,Darla,5,0,focused on the children,14,0
45,Darla,5,0,not heard the tornado sirens,15,1
45,Qian,6,0,enjoyed jazz music,1,0
45,Qian,6,0,been 27 years old,2,0
45,Qian,6,0,been hard-working,3,0
45,Qian,6,0,not smoked,4,0
45,Qian,6,0,enjoyed watching sports,5,0
45,Qian,6,0,been male,6,0
45,Qian,6,0,been stubborn sometimes,7,0
45,Qian,6,0,been a restaurant waiter,8,0
45,Qian,6,0,been Asian,9,0
45,Qian,6,0,had a humorous personality,10,0
45,Qian,6,0,hung out at the local bar with cousins,11,0
45,Qian,6,0,had several drinks over the course of two hours,12,0
45,Qian,6,0,been angered by Wilson's comments,13,0
45,Qian,6,0,not talked back to Wilson,14,0
45,Qian,6,0,pushed Wilson to the ground,15,0
45,Melvin,7,1,had high blood pressure,1,0
45,Melvin,7,1,been 45 years old,2,0
45,Melvin,7,1,been a farmer,3,0
45,Melvin,7,1,grown corn,4,0
45,Melvin,7,1,been stingy sometimes,5,0
45,Melvin,7,1,been male,6,0
45,Melvin,7,1,been White,7,0
45,Melvin,7,1,had a cheerful personality,8,0
45,Melvin,7,1,grown hay,9,0
45,Melvin,7,1,enjoyed listening to rock music,10,0
45,Melvin,7,1,built their barn near the border with Vincent's property,11,0
45,Melvin,7,1,been concerned with hayfires,12,0
45,Melvin,7,1,considered buying hay-drying equipment,13,0
45,Melvin,7,1,met with consultants,14,0
45,Melvin,7,1,decided not to buy hay-drying equipment,15,0
45,Tristan,8,1,been male,1,0
45,Tristan,8,1,been opinionated sometimes,2,0
45,Tristan,8,1,been extroverted and outgoing,3,0
45,Tristan,8,1,been 43 years old,4,0
45,Tristan,8,1,enjoyed listening to country music,5,0
45,Tristan,8,1,been a cardiologist,6,0
45,Tristan,8,1,been impatient sometimes,7,0
45,Tristan,8,1,worked for over ten years at the same hospital,8,0
45,Tristan,8,1,been Black,9,0
45,Tristan,8,1,been Christian,10,0
45,Tristan,8,1,reviewed Annie's medical history and symptoms,11,0
45,Tristan,8,1,checked Annie's vitals,12,0
45,Tristan,8,1,ordered Annie an electrocardiogram (ECG/EKG),13,0
45,Tristan,8,1,not ordered any other heart tests,14,0
45,Tristan,8,1,not ordered a mammogram,15,0
45,Julia,9,0,been sensitive sometimes,1,0
45,Julia,9,0,been female,2,0
45,Julia,9,0,babysat on the weekends,3,0
45,Julia,9,0,enjoyed watching TV shows,4,0
45,Julia,9,0,studied psychology,5,0
45,Julia,9,0,been multiracial,6,0
45,Julia,9,0,been 19 years old,7,0
45,Julia,9,0,been a courteous person,8,0
45,Julia,9,0,been a college student,9,0
45,Julia,9,0,had asthma,10,0
45,Julia,9,0,read children's books with Benji,11,0
45,Julia,9,0,picked up their partner's call while filling the bathtub,12,1
45,Julia,9,0,felt hurt after learning about the cheating,13,0
45,Julia,9,0,left the bathroom to talk to their partner,14,1
45,Julia,9,0,sat for a few minutes after hanging up,15,1
45,Ava,10,1,enjoyed going to music concerts,1,0
45,Ava,10,1,been 26 years old,2,0
45,Ava,10,1,been Native American,3,0
45,Ava,10,1,been an artist,4,0
45,Ava,10,1,been friends with Peter for many years,5,0
45,Ava,10,1,been female,6,0
45,Ava,10,1,had a peanut allergy,7,0
45,Ava,10,1,been a compassionate person,8,0
45,Ava,10,1,often driven Peter to appointments and errands,9,0
45,Ava,10,1,regularly drank coffee,10,0
45,Ava,10,1,done their annual car maintenance,11,0
45,Ava,10,1,driven under the speed limit,12,0
45,Ava,10,1,listened to the radio while driving,13,0
45,Ava,10,1,been startled by the deer,14,0
45,Ava,10,1,slammed the brakes after seeing the deer,15,0
45,Chris,11,1,admired his father,1,0
45,Chris,11,1,been 10 years old,2,0
45,Chris,11,1,been White,3,0
45,Chris,11,1,had a curious personality,4,0
45,Chris,11,1,been male,5,0
45,Chris,11,1,had an average IQ,6,0
45,Chris,11,1,enjoyed swimming,7,0
45,Chris,11,1,enjoyed playing hide-and-seek,8,0
45,Chris,11,1,been a picky eater,9,0
45,Chris,11,1,weighed 70 lbs,10,0
45,Chris,11,1,invited friends over to play,11,0
45,Chris,11,1,hid in the hall closet,12,0
45,Chris,11,1,found the key in their father's jacket pocket,13,0
45,Chris,11,1,opened the gun cabinet with the key,14,0
45,Chris,11,1,picked up a pistol to play with,15,0
46,Darla,1,0,been female,1,0
46,Darla,1,0,had an absent-minded personality,2,0
46,Darla,1,0,enjoyed cooking,3,0
46,Darla,1,0,worked with Pamela for many years,4,0
46,Darla,1,0,been Black,5,0
46,Darla,1,0,communicated and interacted well with children,6,0
46,Darla,1,0,ran a home daycare business,7,0
46,Darla,1,0,been 32 years old,8,0
46,Darla,1,0,been nearsighted,9,0
46,Darla,1,0,had a laid-back personality,10,0
46,Darla,1,0,lived in a tornado-affected area,11,0
46,Darla,1,0,played games with the children,12,0
46,Darla,1,0,played loud upbeat music with the children,13,0
46,Darla,1,0,focused on the children,14,0
46,Darla,1,0,not heard the tornado sirens,15,0
46,Nadia,2,0,been 34 years old,1,0
46,Nadia,2,0,been a timid person,2,0
46,Nadia,2,0,been female,3,0
46,Nadia,2,0,been a software engineer,4,0
46,Nadia,2,0,been White,5,0
46,Nadia,2,0,had red hair,6,0
46,Nadia,2,0,enjoyed oil painting,7,0
46,Nadia,2,0,been an organized person,8,0
46,Nadia,2,0,collected vinyl records,9,0
46,Nadia,2,0,attended couples therapy years ago,10,0
46,Nadia,2,0,gone to the emergency room for bruises,11,0
46,Nadia,2,0,not sought help after the emergency room incident,12,0
46,Nadia,2,0,been scared when Franklin screamed,13,0
46,Nadia,2,0,grabbed the revolver,14,0
46,Nadia,2,0,shot Franklin with the revolver,15,0
46,Tristan,3,1,been impatient sometimes,1,0
46,Tristan,3,1,been a cardiologist,2,0
46,Tristan,3,1,been Black,3,0
46,Tristan,3,1,been opinionated sometimes,4,0
46,Tristan,3,1,been extroverted and outgoing,5,0
46,Tristan,3,1,been 43 years old,6,0
46,Tristan,3,1,enjoyed listening to country music,7,0
46,Tristan,3,1,worked for over ten years at the same hospital,8,0
46,Tristan,3,1,been Christian,9,0
46,Tristan,3,1,been male,10,0
46,Tristan,3,1,reviewed Annie's medical history and symptoms,11,0
46,Tristan,3,1,checked Annie's vitals,12,0
46,Tristan,3,1,ordered Annie an electrocardiogram (ECG/EKG),13,0
46,Tristan,3,1,not ordered any other heart tests,14,0
46,Tristan,3,1,not ordered a mammogram,15,0
46,Chris,4,1,been a picky eater,1,0
46,Chris,4,1,admired his father,2,0
46,Chris,4,1,enjoyed playing hide-and-seek,3,0
46,Chris,4,1,been male,4,0
46,Chris,4,1,been White,5,0
46,Chris,4,1,been 10 years old,6,0
46,Chris,4,1,had an average IQ,7,0
46,Chris,4,1,weighed 70 lbs,8,0
46,Chris,4,1,had a curious personality,9,0
46,Chris,4,1,enjoyed swimming,10,0
46,Chris,4,1,invited friends over to play,11,0
46,Chris,4,1,hid in the hall closet,12,0
46,Chris,4,1,found the key in their father's jacket pocket,13,0
46,Chris,4,1,opened the gun cabinet with the key,14,1
46,Chris,4,1,picked up a pistol to play with,15,1
46,Qian,5,0,been 27 years old,1,0
46,Qian,5,0,been a restaurant waiter,2,0
46,Qian,5,0,been hard-working,3,0
46,Qian,5,0,not smoked,4,0
46,Qian,5,0,been stubborn sometimes,5,0
46,Qian,5,0,been male,6,0
46,Qian,5,0,enjoyed watching sports,7,0
46,Qian,5,0,had a humorous personality,8,0
46,Qian,5,0,enjoyed jazz music,9,0
46,Qian,5,0,been Asian,10,0
46,Qian,5,0,hung out at the local bar with cousins,11,0
46,Qian,5,0,had several drinks over the course of two hours,12,0
46,Qian,5,0,been angered by Wilson's comments,13,0
46,Qian,5,0,not talked back to Wilson,14,0
46,Qian,5,0,pushed Wilson to the ground,15,1
46,Melvin,6,1,been a farmer,1,0
46,Melvin,6,1,had high blood pressure,2,0
46,Melvin,6,1,grown hay,3,0
46,Melvin,6,1,been male,4,0
46,Melvin,6,1,enjoyed listening to rock music,5,0
46,Melvin,6,1,been White,6,0
46,Melvin,6,1,been stingy sometimes,7,0
46,Melvin,6,1,had a cheerful personality,8,0
46,Melvin,6,1,grown corn,9,0
46,Melvin,6,1,been 45 years old,10,0
46,Melvin,6,1,built their barn near the border with Vincent's property,11,0
46,Melvin,6,1,been concerned with hayfires,12,0
46,Melvin,6,1,considered buying hay-drying equipment,13,0
46,Melvin,6,1,met with consultants,14,0
46,Melvin,6,1,decided not to buy hay-drying equipment,15,0
46,Alfred,7,1,enjoyed Italian cuisine,1,0
46,Alfred,7,1,enjoyed fishing,2,0
46,Alfred,7,1,had a calm personality,3,0
46,Alfred,7,1,been 68 years old,4,0
46,Alfred,7,1,been a veteran,5,0
46,Alfred,7,1,lived alone,6,0
46,Alfred,7,1,been patriotic,7,0
46,Alfred,7,1,been male,8,0
46,Alfred,7,1,been White,9,0
46,Alfred,7,1,had PTSD,10,0
46,Alfred,7,1,taken the subway home,11,0
46,Alfred,7,1,been quiet on the subway,12,0
46,Alfred,7,1,gotten off at the same stop as Oliver,13,0
46,Alfred,7,1,heard loud drilling and yelling from the construction above,14,0
46,Alfred,7,1,physically attacked Oliver,15,1
46,Julia,8,0,babysat on the weekends,1,0
46,Julia,8,0,been a courteous person,2,0
46,Julia,8,0,been multiracial,3,0
46,Julia,8,0,studied psychology,4,0
46,Julia,8,0,been sensitive sometimes,5,0
46,Julia,8,0,been female,6,0
46,Julia,8,0,had asthma,7,0
46,Julia,8,0,been a college student,8,0
46,Julia,8,0,enjoyed watching TV shows,9,0
46,Julia,8,0,been 19 years old,10,0
46,Julia,8,0,read children's books with Benji,11,0
46,Julia,8,0,picked up their partner's call while filling the bathtub,12,0
46,Julia,8,0,felt hurt after learning about the cheating,13,0
46,Julia,8,0,left the bathroom to talk to their partner,14,0
46,Julia,8,0,sat for a few minutes after hanging up,15,0
46,Edward,9,1,been a studious person,1,0
46,Edward,9,1,enjoyed browsing Twitter,2,0
46,Edward,9,1,been an experienced driver,3,0
46,Edward,9,1,been White,4,0
46,Edward,9,1,been an ambitious person,5,0
46,Edward,9,1,been single,6,0
46,Edward,9,1,been 24 years old,7,0
46,Edward,9,1,been male,8,0
46,Edward,9,1,enjoyed reading science fiction,9,0
46,Edward,9,1,been a clinical research assistant,10,0
46,Edward,9,1,not muted phone notifications while driving,11,0
46,Edward,9,1,not sped,12,0
46,Edward,9,1,checked that there were no other cars nearby,13,0
46,Edward,9,1,taken a peek at the text ,14,1
46,Edward,9,1,veered into the cyclist while reading the text,15,0
46,Ava,10,1,been 26 years old,1,0
46,Ava,10,1,enjoyed going to music concerts,2,0
46,Ava,10,1,been friends with Peter for many years,3,0
46,Ava,10,1,been an artist,4,0
46,Ava,10,1,been a compassionate person,5,0
46,Ava,10,1,had a peanut allergy,6,0
46,Ava,10,1,regularly drank coffee,7,0
46,Ava,10,1,often driven Peter to appointments and errands,8,0
46,Ava,10,1,been female,9,0
46,Ava,10,1,been Native American,10,0
46,Ava,10,1,done their annual car maintenance,11,0
46,Ava,10,1,driven under the speed limit,12,0
46,Ava,10,1,listened to the radio while driving,13,0
46,Ava,10,1,been startled by the deer,14,0
46,Ava,10,1,slammed the brakes after seeing the deer,15,0
46,Flora,11,1,composed music in their free time,1,0
46,Flora,11,1,been Asian,2,0
46,Flora,11,1,used a white cane to guide themselves,3,0
46,Flora,11,1,been a counselor,4,0
46,Flora,11,1,been 32 years old,5,0
46,Flora,11,1,enjoyed gardening,6,0
46,Flora,11,1,been an empathetic person,7,0
46,Flora,11,1,been an early riser,8,0
46,Flora,11,1,been female,9,0
46,Flora,11,1,been legally blind,10,0
46,Flora,11,1,gone to a neighbor's house for dinner,11,0
46,Flora,11,1,used their white cane while walking home,12,0
46,Flora,11,1,not called for help,13,0
46,Flora,11,1,had their white cane slip between Paul's legs,14,0
46,Flora,11,1,stepped on Paul's torso,15,0
47,Tristan,1,1,been impatient sometimes,1,0
47,Tristan,1,1,enjoyed listening to country music,2,0
47,Tristan,1,1,been male,3,0
47,Tristan,1,1,been a cardiologist,4,0
47,Tristan,1,1,been Black,5,0
47,Tristan,1,1,been Christian,6,0
47,Tristan,1,1,been 43 years old,7,0
47,Tristan,1,1,been opinionated sometimes,8,0
47,Tristan,1,1,worked for over ten years at the same hospital,9,0
47,Tristan,1,1,been extroverted and outgoing,10,0
47,Tristan,1,1,reviewed Annie's medical history and symptoms,11,0
47,Tristan,1,1,checked Annie's vitals,12,0
47,Tristan,1,1,ordered Annie an electrocardiogram (ECG/EKG),13,0
47,Tristan,1,1,not ordered any other heart tests,14,1
47,Tristan,1,1,not ordered a mammogram,15,0
47,Edward,2,1,enjoyed browsing Twitter,1,0
47,Edward,2,1,been an ambitious person,2,0
47,Edward,2,1,been an experienced driver,3,0
47,Edward,2,1,been a clinical research assistant,4,0
47,Edward,2,1,been 24 years old,5,0
47,Edward,2,1,been male,6,0
47,Edward,2,1,been a studious person,7,0
47,Edward,2,1,been White,8,0
47,Edward,2,1,been single,9,0
47,Edward,2,1,enjoyed reading science fiction,10,0
47,Edward,2,1,not muted phone notifications while driving,11,0
47,Edward,2,1,not sped,12,0
47,Edward,2,1,checked that there were no other cars nearby,13,0
47,Edward,2,1,taken a peek at the text ,14,1
47,Edward,2,1,veered into the cyclist while reading the text,15,1
47,Ava,3,1,regularly drank coffee,1,0
47,Ava,3,1,been Native American,2,0
47,Ava,3,1,been a compassionate person,3,0
47,Ava,3,1,been an artist,4,0
47,Ava,3,1,been 26 years old,5,0
47,Ava,3,1,often driven Peter to appointments and errands,6,0
47,Ava,3,1,been female,7,0
47,Ava,3,1,been friends with Peter for many years,8,0
47,Ava,3,1,had a peanut allergy,9,0
47,Ava,3,1,enjoyed going to music concerts,10,0
47,Ava,3,1,done their annual car maintenance,11,0
47,Ava,3,1,driven under the speed limit,12,0
47,Ava,3,1,listened to the radio while driving,13,0
47,Ava,3,1,been startled by the deer,14,0
47,Ava,3,1,slammed the brakes after seeing the deer,15,1
47,Qian,4,0,enjoyed jazz music,1,0
47,Qian,4,0,had a humorous personality,2,0
47,Qian,4,0,been male,3,0
47,Qian,4,0,been a restaurant waiter,4,0
47,Qian,4,0,been hard-working,5,0
47,Qian,4,0,been 27 years old,6,0
47,Qian,4,0,been stubborn sometimes,7,0
47,Qian,4,0,not smoked,8,0
47,Qian,4,0,been Asian,9,0
47,Qian,4,0,enjoyed watching sports,10,0
47,Qian,4,0,hung out at the local bar with cousins,11,0
47,Qian,4,0,had several drinks over the course of two hours,12,0
47,Qian,4,0,been angered by Wilson's comments,13,0
47,Qian,4,0,not talked back to Wilson,14,0
47,Qian,4,0,pushed Wilson to the ground,15,1
47,Julia,5,0,babysat on the weekends,1,0
47,Julia,5,0,been sensitive sometimes,2,0
47,Julia,5,0,enjoyed watching TV shows,3,0
47,Julia,5,0,been multiracial,4,0
47,Julia,5,0,been female,5,0
47,Julia,5,0,had asthma,6,0
47,Julia,5,0,studied psychology,7,0
47,Julia,5,0,been a courteous person,8,0
47,Julia,5,0,been a college student,9,0
47,Julia,5,0,been 19 years old,10,0
47,Julia,5,0,read children's books with Benji,11,0
47,Julia,5,0,picked up their partner's call while filling the bathtub,12,0
47,Julia,5,0,felt hurt after learning about the cheating,13,0
47,Julia,5,0,left the bathroom to talk to their partner,14,1
47,Julia,5,0,sat for a few minutes after hanging up,15,1
47,Nadia,6,0,been a timid person,1,0
47,Nadia,6,0,enjoyed oil painting,2,0
47,Nadia,6,0,been female,3,0
47,Nadia,6,0,attended couples therapy years ago,4,0
47,Nadia,6,0,been an organized person,5,0
47,Nadia,6,0,had red hair,6,0
47,Nadia,6,0,been 34 years old,7,0
47,Nadia,6,0,been White,8,0
47,Nadia,6,0,collected vinyl records,9,0
47,Nadia,6,0,been a software engineer,10,0
47,Nadia,6,0,gone to the emergency room for bruises,11,0
47,Nadia,6,0,not sought help after the emergency room incident,12,0
47,Nadia,6,0,been scared when Franklin screamed,13,0
47,Nadia,6,0,grabbed the revolver,14,0
47,Nadia,6,0,shot Franklin with the revolver,15,1
47,Chris,7,1,enjoyed playing hide-and-seek,1,0
47,Chris,7,1,been male,2,0
47,Chris,7,1,admired his father,3,0
47,Chris,7,1,been 10 years old,4,0
47,Chris,7,1,enjoyed swimming,5,0
47,Chris,7,1,had an average IQ,6,0
47,Chris,7,1,been a picky eater,7,0
47,Chris,7,1,weighed 70 lbs,8,0
47,Chris,7,1,had a curious personality,9,0
47,Chris,7,1,been White,10,0
47,Chris,7,1,invited friends over to play,11,0
47,Chris,7,1,hid in the hall closet,12,0
47,Chris,7,1,found the key in their father's jacket pocket,13,0
47,Chris,7,1,opened the gun cabinet with the key,14,1
47,Chris,7,1,picked up a pistol to play with,15,1
47,Alfred,8,1,enjoyed Italian cuisine,1,0
47,Alfred,8,1,had a calm personality,2,0
47,Alfred,8,1,had PTSD,3,0
47,Alfred,8,1,been 68 years old,4,0
47,Alfred,8,1,enjoyed fishing,5,0
47,Alfred,8,1,lived alone,6,0
47,Alfred,8,1,been White,7,0
47,Alfred,8,1,been patriotic,8,0
47,Alfred,8,1,been a veteran,9,0
47,Alfred,8,1,been male,10,0
47,Alfred,8,1,taken the subway home,11,0
47,Alfred,8,1,been quiet on the subway,12,0
47,Alfred,8,1,gotten off at the same stop as Oliver,13,0
47,Alfred,8,1,heard loud drilling and yelling from the construction above,14,0
47,Alfred,8,1,physically attacked Oliver,15,1
47,Flora,9,1,been Asian,1,0
47,Flora,9,1,been an early riser,2,0
47,Flora,9,1,been an empathetic person,3,0
47,Flora,9,1,used a white cane to guide themselves,4,0
47,Flora,9,1,been legally blind,5,0
47,Flora,9,1,been 32 years old,6,0
47,Flora,9,1,composed music in their free time,7,0
47,Flora,9,1,enjoyed gardening,8,0
47,Flora,9,1,been female,9,0
47,Flora,9,1,been a counselor,10,0
47,Flora,9,1,gone to a neighbor's house for dinner,11,0
47,Flora,9,1,used their white cane while walking home,12,0
47,Flora,9,1,not called for help,13,0
47,Flora,9,1,had their white cane slip between Paul's legs,14,0
47,Flora,9,1,stepped on Paul's torso,15,1
47,Melvin,10,1,been a farmer,1,0
47,Melvin,10,1,had high blood pressure,2,0
47,Melvin,10,1,been stingy sometimes,3,0
47,Melvin,10,1,grown hay,4,0
47,Melvin,10,1,been 45 years old,5,0
47,Melvin,10,1,enjoyed listening to rock music,6,0
47,Melvin,10,1,had a cheerful personality,7,0
47,Melvin,10,1,been White,8,0
47,Melvin,10,1,grown corn,9,0
47,Melvin,10,1,been male,10,0
47,Melvin,10,1,built their barn near the border with Vincent's property,11,0
47,Melvin,10,1,been concerned with hayfires,12,0
47,Melvin,10,1,considered buying hay-drying equipment,13,0
47,Melvin,10,1,met with consultants,14,0
47,Melvin,10,1,decided not to buy hay-drying equipment,15,0
47,Darla,11,0,had an absent-minded personality,1,0
47,Darla,11,0,worked with Pamela for many years,2,0
47,Darla,11,0,enjoyed cooking,3,0
47,Darla,11,0,communicated and interacted well with children,4,0
47,Darla,11,0,had a laid-back personality,5,0
47,Darla,11,0,been nearsighted,6,0
47,Darla,11,0,ran a home daycare business,7,0
47,Darla,11,0,been female,8,0
47,Darla,11,0,been Black,9,0
47,Darla,11,0,been 32 years old,10,0
47,Darla,11,0,lived in a tornado-affected area,11,0
47,Darla,11,0,played games with the children,12,0
47,Darla,11,0,played loud upbeat music with the children,13,0
47,Darla,11,0,focused on the children,14,0
47,Darla,11,0,not heard the tornado sirens,15,1
48,Chris,1,1,enjoyed playing hide-and-seek,1,0
48,Chris,1,1,enjoyed swimming,2,0
48,Chris,1,1,been White,3,0
48,Chris,1,1,weighed 70 lbs,4,0
48,Chris,1,1,been a picky eater,5,0
48,Chris,1,1,been 10 years old,6,0
48,Chris,1,1,had an average IQ,7,0
48,Chris,1,1,admired his father,8,0
48,Chris,1,1,had a curious personality,9,0
48,Chris,1,1,been male,10,0
48,Chris,1,1,invited friends over to play,11,0
48,Chris,1,1,hid in the hall closet,12,0
48,Chris,1,1,found the key in their father's jacket pocket,13,0
48,Chris,1,1,opened the gun cabinet with the key,14,1
48,Chris,1,1,picked up a pistol to play with,15,0
48,Alfred,2,1,been 68 years old,1,0
48,Alfred,2,1,lived alone,2,0
48,Alfred,2,1,had a calm personality,3,0
48,Alfred,2,1,had PTSD,4,0
48,Alfred,2,1,been patriotic,5,0
48,Alfred,2,1,enjoyed Italian cuisine,6,0
48,Alfred,2,1,enjoyed fishing,7,0
48,Alfred,2,1,been a veteran,8,0
48,Alfred,2,1,been White,9,0
48,Alfred,2,1,been male,10,0
48,Alfred,2,1,taken the subway home,11,0
48,Alfred,2,1,been quiet on the subway,12,0
48,Alfred,2,1,gotten off at the same stop as Oliver,13,0
48,Alfred,2,1,heard loud drilling and yelling from the construction above,14,0
48,Alfred,2,1,physically attacked Oliver,15,1
48,Darla,3,0,communicated and interacted well with children,1,0
48,Darla,3,0,had an absent-minded personality,2,0
48,Darla,3,0,ran a home daycare business,3,0
48,Darla,3,0,had a laid-back personality,4,0
48,Darla,3,0,enjoyed cooking,5,0
48,Darla,3,0,been 32 years old,6,0
48,Darla,3,0,been female,7,0
48,Darla,3,0,been Black,8,0
48,Darla,3,0,been nearsighted,9,0
48,Darla,3,0,worked with Pamela for many years,10,0
48,Darla,3,0,lived in a tornado-affected area,11,0
48,Darla,3,0,played games with the children,12,0
48,Darla,3,0,played loud upbeat music with the children,13,1
48,Darla,3,0,focused on the children,14,0
48,Darla,3,0,not heard the tornado sirens,15,0
48,Qian,4,0,been male,1,0
48,Qian,4,0,been stubborn sometimes,2,0
48,Qian,4,0,had a humorous personality,3,0
48,Qian,4,0,been hard-working,4,0
48,Qian,4,0,been a restaurant waiter,5,0
48,Qian,4,0,been 27 years old,6,0
48,Qian,4,0,enjoyed jazz music,7,0
48,Qian,4,0,not smoked,8,0
48,Qian,4,0,enjoyed watching sports,9,0
48,Qian,4,0,been Asian,10,0
48,Qian,4,0,hung out at the local bar with cousins,11,0
48,Qian,4,0,had several drinks over the course of two hours,12,0
48,Qian,4,0,been angered by Wilson's comments,13,0
48,Qian,4,0,not talked back to Wilson,14,0
48,Qian,4,0,pushed Wilson to the ground,15,0
48,Julia,5,0,been a courteous person,1,0
48,Julia,5,0,had asthma,2,0
48,Julia,5,0,studied psychology,3,0
48,Julia,5,0,been sensitive sometimes,4,0
48,Julia,5,0,been female,5,0
48,Julia,5,0,been a college student,6,0
48,Julia,5,0,been multiracial,7,0
48,Julia,5,0,enjoyed watching TV shows,8,0
48,Julia,5,0,been 19 years old,9,0
48,Julia,5,0,babysat on the weekends,10,0
48,Julia,5,0,read children's books with Benji,11,0
48,Julia,5,0,picked up their partner's call while filling the bathtub,12,0
48,Julia,5,0,felt hurt after learning about the cheating,13,0
48,Julia,5,0,left the bathroom to talk to their partner,14,1
48,Julia,5,0,sat for a few minutes after hanging up,15,0
48,Nadia,6,0,attended couples therapy years ago,1,0
48,Nadia,6,0,been an organized person,2,0
48,Nadia,6,0,enjoyed oil painting,3,0
48,Nadia,6,0,collected vinyl records,4,0
48,Nadia,6,0,been a timid person,5,0
48,Nadia,6,0,had red hair,6,0
48,Nadia,6,0,been 34 years old,7,0
48,Nadia,6,0,been White,8,0
48,Nadia,6,0,been a software engineer,9,0
48,Nadia,6,0,been female,10,0
48,Nadia,6,0,gone to the emergency room for bruises,11,0
48,Nadia,6,0,not sought help after the emergency room incident,12,0
48,Nadia,6,0,been scared when Franklin screamed,13,0
48,Nadia,6,0,grabbed the revolver,14,0
48,Nadia,6,0,shot Franklin with the revolver,15,0
48,Edward,7,1,been an experienced driver,1,0
48,Edward,7,1,been single,2,0
48,Edward,7,1,been 24 years old,3,0
48,Edward,7,1,enjoyed reading science fiction,4,0
48,Edward,7,1,enjoyed browsing Twitter,5,0
48,Edward,7,1,been a studious person,6,0
48,Edward,7,1,been an ambitious person,7,0
48,Edward,7,1,been White,8,0
48,Edward,7,1,been male,9,0
48,Edward,7,1,been a clinical research assistant,10,0
48,Edward,7,1,not muted phone notifications while driving,11,0
48,Edward,7,1,not sped,12,0
48,Edward,7,1,checked that there were no other cars nearby,13,0
48,Edward,7,1,taken a peek at the text ,14,1
48,Edward,7,1,veered into the cyclist while reading the text,15,0
48,Melvin,8,1,grown corn,1,0
48,Melvin,8,1,been 45 years old,2,0
48,Melvin,8,1,grown hay,3,0
48,Melvin,8,1,been White,4,0
48,Melvin,8,1,been a farmer,5,0
48,Melvin,8,1,had high blood pressure,6,0
48,Melvin,8,1,enjoyed listening to rock music,7,0
48,Melvin,8,1,been stingy sometimes,8,0
48,Melvin,8,1,had a cheerful personality,9,0
48,Melvin,8,1,been male,10,0
48,Melvin,8,1,built their barn near the border with Vincent's property,11,0
48,Melvin,8,1,been concerned with hayfires,12,0
48,Melvin,8,1,considered buying hay-drying equipment,13,0
48,Melvin,8,1,met with consultants,14,0
48,Melvin,8,1,decided not to buy hay-drying equipment,15,1
48,Flora,9,1,used a white cane to guide themselves,1,0
48,Flora,9,1,been an empathetic person,2,0
48,Flora,9,1,been 32 years old,3,0
48,Flora,9,1,been legally blind,4,0
48,Flora,9,1,been Asian,5,0
48,Flora,9,1,been a counselor,6,0
48,Flora,9,1,composed music in their free time,7,0
48,Flora,9,1,enjoyed gardening,8,0
48,Flora,9,1,been an early riser,9,0
48,Flora,9,1,been female,10,0
48,Flora,9,1,gone to a neighbor's house for dinner,11,0
48,Flora,9,1,used their white cane while walking home,12,0
48,Flora,9,1,not called for help,13,1
48,Flora,9,1,had their white cane slip between Paul's legs,14,0
48,Flora,9,1,stepped on Paul's torso,15,0
48,Tristan,10,1,been opinionated sometimes,1,0
48,Tristan,10,1,been impatient sometimes,2,0
48,Tristan,10,1,been extroverted and outgoing,3,0
48,Tristan,10,1,been a cardiologist,4,0
48,Tristan,10,1,been Black,5,0
48,Tristan,10,1,worked for over ten years at the same hospital,6,0
48,Tristan,10,1,been male,7,0
48,Tristan,10,1,been 43 years old,8,0
48,Tristan,10,1,been Christian,9,0
48,Tristan,10,1,enjoyed listening to country music,10,0
48,Tristan,10,1,reviewed Annie's medical history and symptoms,11,0
48,Tristan,10,1,checked Annie's vitals,12,0
48,Tristan,10,1,ordered Annie an electrocardiogram (ECG/EKG),13,0
48,Tristan,10,1,not ordered any other heart tests,14,1
48,Tristan,10,1,not ordered a mammogram,15,0
48,Ava,11,1,enjoyed going to music concerts,1,0
48,Ava,11,1,been a compassionate person,2,0
48,Ava,11,1,regularly drank coffee,3,0
48,Ava,11,1,often driven Peter to appointments and errands,4,0
48,Ava,11,1,been Native American,5,0
48,Ava,11,1,had a peanut allergy,6,0
48,Ava,11,1,been 26 years old,7,0
48,Ava,11,1,been friends with Peter for many years,8,0
48,Ava,11,1,been female,9,0
48,Ava,11,1,been an artist,10,0
48,Ava,11,1,done their annual car maintenance,11,0
48,Ava,11,1,driven under the speed limit,12,0
48,Ava,11,1,listened to the radio while driving,13,0
48,Ava,11,1,been startled by the deer,14,0
48,Ava,11,1,slammed the brakes after seeing the deer,15,0
49,Darla,1,0,worked with Pamela for many years,1,0
49,Darla,1,0,been female,2,0
49,Darla,1,0,enjoyed cooking,3,0
49,Darla,1,0,had an absent-minded personality,4,0
49,Darla,1,0,been 32 years old,5,0
49,Darla,1,0,ran a home daycare business,6,0
49,Darla,1,0,been Black,7,0
49,Darla,1,0,been nearsighted,8,0
49,Darla,1,0,communicated and interacted well with children,9,0
49,Darla,1,0,had a laid-back personality,10,0
49,Darla,1,0,lived in a tornado-affected area,11,0
49,Darla,1,0,played games with the children,12,0
49,Darla,1,0,played loud upbeat music with the children,13,0
49,Darla,1,0,focused on the children,14,0
49,Darla,1,0,not heard the tornado sirens,15,1
49,Melvin,2,1,been White,1,0
49,Melvin,2,1,enjoyed listening to rock music,2,0
49,Melvin,2,1,been stingy sometimes,3,0
49,Melvin,2,1,been male,4,0
49,Melvin,2,1,grown corn,5,0
49,Melvin,2,1,had a cheerful personality,6,0
49,Melvin,2,1,grown hay,7,0
49,Melvin,2,1,had high blood pressure,8,0
49,Melvin,2,1,been 45 years old,9,0
49,Melvin,2,1,been a farmer,10,0
49,Melvin,2,1,built their barn near the border with Vincent's property,11,0
49,Melvin,2,1,been concerned with hayfires,12,0
49,Melvin,2,1,considered buying hay-drying equipment,13,0
49,Melvin,2,1,met with consultants,14,0
49,Melvin,2,1,decided not to buy hay-drying equipment,15,1
49,Chris,3,1,been male,1,0
49,Chris,3,1,enjoyed swimming,2,0
49,Chris,3,1,been a picky eater,3,0
49,Chris,3,1,enjoyed playing hide-and-seek,4,0
49,Chris,3,1,had a curious personality,5,0
49,Chris,3,1,weighed 70 lbs,6,0
49,Chris,3,1,been 10 years old,7,0
49,Chris,3,1,admired his father,8,0
49,Chris,3,1,been White,9,0
49,Chris,3,1,had an average IQ,10,0
49,Chris,3,1,invited friends over to play,11,0
49,Chris,3,1,hid in the hall closet,12,0
49,Chris,3,1,found the key in their father's jacket pocket,13,0
49,Chris,3,1,opened the gun cabinet with the key,14,1
49,Chris,3,1,picked up a pistol to play with,15,1
49,Edward,4,1,been White,1,0
49,Edward,4,1,been a clinical research assistant,2,0
49,Edward,4,1,enjoyed browsing Twitter,3,0
49,Edward,4,1,been 24 years old,4,0
49,Edward,4,1,been male,5,0
49,Edward,4,1,been a studious person,6,0
49,Edward,4,1,been single,7,0
49,Edward,4,1,enjoyed reading science fiction,8,0
49,Edward,4,1,been an experienced driver,9,0
49,Edward,4,1,been an ambitious person,10,0
49,Edward,4,1,not muted phone notifications while driving,11,1
49,Edward,4,1,not sped,12,0
49,Edward,4,1,checked that there were no other cars nearby,13,0
49,Edward,4,1,taken a peek at the text ,14,1
49,Edward,4,1,veered into the cyclist while reading the text,15,1
49,Qian,5,0,had a humorous personality,1,0
49,Qian,5,0,not smoked,2,0
49,Qian,5,0,been a restaurant waiter,3,0
49,Qian,5,0,been stubborn sometimes,4,0
49,Qian,5,0,been male,5,0
49,Qian,5,0,enjoyed jazz music,6,0
49,Qian,5,0,enjoyed watching sports,7,0
49,Qian,5,0,been hard-working,8,0
49,Qian,5,0,been Asian,9,0
49,Qian,5,0,been 27 years old,10,0
49,Qian,5,0,hung out at the local bar with cousins,11,0
49,Qian,5,0,had several drinks over the course of two hours,12,0
49,Qian,5,0,been angered by Wilson's comments,13,0
49,Qian,5,0,not talked back to Wilson,14,0
49,Qian,5,0,pushed Wilson to the ground,15,1
49,Nadia,6,0,had red hair,1,0
49,Nadia,6,0,collected vinyl records,2,0
49,Nadia,6,0,been White,3,0
49,Nadia,6,0,been 34 years old,4,0
49,Nadia,6,0,attended couples therapy years ago,5,0
49,Nadia,6,0,been an organized person,6,0
49,Nadia,6,0,been a timid person,7,0
49,Nadia,6,0,been female,8,0
49,Nadia,6,0,been a software engineer,9,0
49,Nadia,6,0,enjoyed oil painting,10,0
49,Nadia,6,0,gone to the emergency room for bruises,11,0
49,Nadia,6,0,not sought help after the emergency room incident,12,1
49,Nadia,6,0,been scared when Franklin screamed,13,0
49,Nadia,6,0,grabbed the revolver,14,1
49,Nadia,6,0,shot Franklin with the revolver,15,1
49,Julia,7,0,babysat on the weekends,1,0
49,Julia,7,0,been sensitive sometimes,2,0
49,Julia,7,0,studied psychology,3,0
49,Julia,7,0,been female,4,0
49,Julia,7,0,had asthma,5,0
49,Julia,7,0,been 19 years old,6,0
49,Julia,7,0,been a courteous person,7,0
49,Julia,7,0,been multiracial,8,0
49,Julia,7,0,enjoyed watching TV shows,9,0
49,Julia,7,0,been a college student,10,0
49,Julia,7,0,read children's books with Benji,11,0
49,Julia,7,0,picked up their partner's call while filling the bathtub,12,0
49,Julia,7,0,felt hurt after learning about the cheating,13,0
49,Julia,7,0,left the bathroom to talk to their partner,14,1
49,Julia,7,0,sat for a few minutes after hanging up,15,1
49,Alfred,8,1,been White,1,0
49,Alfred,8,1,been a veteran,2,0
49,Alfred,8,1,lived alone,3,0
49,Alfred,8,1,been 68 years old,4,0
49,Alfred,8,1,been patriotic,5,0
49,Alfred,8,1,had a calm personality,6,0
49,Alfred,8,1,enjoyed Italian cuisine,7,0
49,Alfred,8,1,enjoyed fishing,8,0
49,Alfred,8,1,had PTSD,9,0
49,Alfred,8,1,been male,10,0
49,Alfred,8,1,taken the subway home,11,0
49,Alfred,8,1,been quiet on the subway,12,0
49,Alfred,8,1,gotten off at the same stop as Oliver,13,0
49,Alfred,8,1,heard loud drilling and yelling from the construction above,14,0
49,Alfred,8,1,physically attacked Oliver,15,1
49,Tristan,9,1,enjoyed listening to country music,1,0
49,Tristan,9,1,been extroverted and outgoing,2,0
49,Tristan,9,1,been impatient sometimes,3,0
49,Tristan,9,1,been male,4,0
49,Tristan,9,1,worked for over ten years at the same hospital,5,0
49,Tristan,9,1,been Christian,6,0
49,Tristan,9,1,been 43 years old,7,0
49,Tristan,9,1,been Black,8,0
49,Tristan,9,1,been a cardiologist,9,0
49,Tristan,9,1,been opinionated sometimes,10,0
49,Tristan,9,1,reviewed Annie's medical history and symptoms,11,0
49,Tristan,9,1,checked Annie's vitals,12,0
49,Tristan,9,1,ordered Annie an electrocardiogram (ECG/EKG),13,0
49,Tristan,9,1,not ordered any other heart tests,14,1
49,Tristan,9,1,not ordered a mammogram,15,0
49,Flora,10,1,been 32 years old,1,0
49,Flora,10,1,been an empathetic person,2,0
49,Flora,10,1,enjoyed gardening,3,0
49,Flora,10,1,been Asian,4,0
49,Flora,10,1,used a white cane to guide themselves,5,0
49,Flora,10,1,been a counselor,6,0
49,Flora,10,1,been female,7,0
49,Flora,10,1,been legally blind,8,0
49,Flora,10,1,been an early riser,9,0
49,Flora,10,1,composed music in their free time,10,0
49,Flora,10,1,gone to a neighbor's house for dinner,11,0
49,Flora,10,1,used their white cane while walking home,12,0
49,Flora,10,1,not called for help,13,1
49,Flora,10,1,had their white cane slip between Paul's legs,14,0
49,Flora,10,1,stepped on Paul's torso,15,0
49,Ava,11,1,enjoyed going to music concerts,1,0
49,Ava,11,1,often driven Peter to appointments and errands,2,0
49,Ava,11,1,regularly drank coffee,3,0
49,Ava,11,1,been female,4,0
49,Ava,11,1,been a compassionate person,5,0
49,Ava,11,1,had a peanut allergy,6,0
49,Ava,11,1,been an artist,7,0
49,Ava,11,1,been 26 years old,8,0
49,Ava,11,1,been friends with Peter for many years,9,0
49,Ava,11,1,been Native American,10,0
49,Ava,11,1,done their annual car maintenance,11,0
49,Ava,11,1,driven under the speed limit,12,0
49,Ava,11,1,listened to the radio while driving,13,0
49,Ava,11,1,been startled by the deer,14,0
49,Ava,11,1,slammed the brakes after seeing the deer,15,0
50,Alfred,1,1,enjoyed fishing,1,0
50,Alfred,1,1,had PTSD,2,0
50,Alfred,1,1,enjoyed Italian cuisine,3,0
50,Alfred,1,1,been a veteran,4,0
50,Alfred,1,1,been White,5,0
50,Alfred,1,1,been 68 years old,6,0
50,Alfred,1,1,lived alone,7,0
50,Alfred,1,1,been patriotic,8,0
50,Alfred,1,1,been male,9,0
50,Alfred,1,1,had a calm personality,10,0
50,Alfred,1,1,taken the subway home,11,0
50,Alfred,1,1,been quiet on the subway,12,0
50,Alfred,1,1,gotten off at the same stop as Oliver,13,0
50,Alfred,1,1,heard loud drilling and yelling from the construction above,14,0
50,Alfred,1,1,physically attacked Oliver,15,0
50,Tristan,2,1,been male,1,0
50,Tristan,2,1,been Black,2,0
50,Tristan,2,1,been opinionated sometimes,3,0
50,Tristan,2,1,been 43 years old,4,0
50,Tristan,2,1,been impatient sometimes,5,1
50,Tristan,2,1,worked for over ten years at the same hospital,6,0
50,Tristan,2,1,been extroverted and outgoing,7,0
50,Tristan,2,1,enjoyed listening to country music,8,0
50,Tristan,2,1,been Christian,9,0
50,Tristan,2,1,been a cardiologist,10,0
50,Tristan,2,1,reviewed Annie's medical history and symptoms,11,0
50,Tristan,2,1,checked Annie's vitals,12,0
50,Tristan,2,1,ordered Annie an electrocardiogram (ECG/EKG),13,0
50,Tristan,2,1,not ordered any other heart tests,14,1
50,Tristan,2,1,not ordered a mammogram,15,0
50,Melvin,3,1,been 45 years old,1,0
50,Melvin,3,1,enjoyed listening to rock music,2,0
50,Melvin,3,1,grown corn,3,0
50,Melvin,3,1,grown hay,4,0
50,Melvin,3,1,been stingy sometimes,5,0
50,Melvin,3,1,been male,6,0
50,Melvin,3,1,been White,7,0
50,Melvin,3,1,had a cheerful personality,8,0
50,Melvin,3,1,been a farmer,9,0
50,Melvin,3,1,had high blood pressure,10,0
50,Melvin,3,1,built their barn near the border with Vincent's property,11,0
50,Melvin,3,1,been concerned with hayfires,12,0
50,Melvin,3,1,considered buying hay-drying equipment,13,0
50,Melvin,3,1,met with consultants,14,0
50,Melvin,3,1,decided not to buy hay-drying equipment,15,1
50,Darla,4,0,had a laid-back personality,1,0
50,Darla,4,0,been female,2,0
50,Darla,4,0,communicated and interacted well with children,3,0
50,Darla,4,0,enjoyed cooking,4,0
50,Darla,4,0,worked with Pamela for many years,5,0
50,Darla,4,0,been Black,6,0
50,Darla,4,0,had an absent-minded personality,7,0
50,Darla,4,0,ran a home daycare business,8,0
50,Darla,4,0,been nearsighted,9,0
50,Darla,4,0,been 32 years old,10,0
50,Darla,4,0,lived in a tornado-affected area,11,1
50,Darla,4,0,played games with the children,12,0
50,Darla,4,0,played loud upbeat music with the children,13,1
50,Darla,4,0,focused on the children,14,0
50,Darla,4,0,not heard the tornado sirens,15,0
50,Julia,5,0,been multiracial,1,0
50,Julia,5,0,enjoyed watching TV shows,2,0
50,Julia,5,0,been 19 years old,3,0
50,Julia,5,0,babysat on the weekends,4,0
50,Julia,5,0,been female,5,0
50,Julia,5,0,been a college student,6,0
50,Julia,5,0,studied psychology,7,0
50,Julia,5,0,been sensitive sometimes,8,0
50,Julia,5,0,had asthma,9,0
50,Julia,5,0,been a courteous person,10,0
50,Julia,5,0,read children's books with Benji,11,0
50,Julia,5,0,picked up their partner's call while filling the bathtub,12,1
50,Julia,5,0,felt hurt after learning about the cheating,13,0
50,Julia,5,0,left the bathroom to talk to their partner,14,0
50,Julia,5,0,sat for a few minutes after hanging up,15,0
50,Chris,6,1,been 10 years old,1,0
50,Chris,6,1,been male,2,0
50,Chris,6,1,been a picky eater,3,0
50,Chris,6,1,weighed 70 lbs,4,0
50,Chris,6,1,had a curious personality,5,0
50,Chris,6,1,enjoyed playing hide-and-seek,6,0
50,Chris,6,1,admired his father,7,1
50,Chris,6,1,been White,8,0
50,Chris,6,1,had an average IQ,9,0
50,Chris,6,1,enjoyed swimming,10,0
50,Chris,6,1,invited friends over to play,11,0
50,Chris,6,1,hid in the hall closet,12,0
50,Chris,6,1,found the key in their father's jacket pocket,13,0
50,Chris,6,1,opened the gun cabinet with the key,14,0
50,Chris,6,1,picked up a pistol to play with,15,1
50,Edward,7,1,been a studious person,1,0
50,Edward,7,1,been male,2,0
50,Edward,7,1,been 24 years old,3,0
50,Edward,7,1,enjoyed reading science fiction,4,0
50,Edward,7,1,been an ambitious person,5,0
50,Edward,7,1,been an experienced driver,6,0
50,Edward,7,1,been single,7,0
50,Edward,7,1,been a clinical research assistant,8,0
50,Edward,7,1,enjoyed browsing Twitter,9,0
50,Edward,7,1,been White,10,0
50,Edward,7,1,not muted phone notifications while driving,11,0
50,Edward,7,1,not sped,12,0
50,Edward,7,1,checked that there were no other cars nearby,13,0
50,Edward,7,1,taken a peek at the text ,14,1
50,Edward,7,1,veered into the cyclist while reading the text,15,0
50,Flora,8,1,been an empathetic person,1,0
50,Flora,8,1,composed music in their free time,2,0
50,Flora,8,1,enjoyed gardening,3,0
50,Flora,8,1,been Asian,4,0
50,Flora,8,1,been a counselor,5,0
50,Flora,8,1,been female,6,0
50,Flora,8,1,been legally blind,7,0
50,Flora,8,1,been 32 years old,8,0
50,Flora,8,1,used a white cane to guide themselves,9,0
50,Flora,8,1,been an early riser,10,0
50,Flora,8,1,gone to a neighbor's house for dinner,11,0
50,Flora,8,1,used their white cane while walking home,12,0
50,Flora,8,1,not called for help,13,0
50,Flora,8,1,had their white cane slip between Paul's legs,14,0
50,Flora,8,1,stepped on Paul's torso,15,0
50,Ava,9,1,regularly drank coffee,1,0
50,Ava,9,1,often driven Peter to appointments and errands,2,0
50,Ava,9,1,been a compassionate person,3,0
50,Ava,9,1,been Native American,4,0
50,Ava,9,1,enjoyed going to music concerts,5,0
50,Ava,9,1,been 26 years old,6,0
50,Ava,9,1,been friends with Peter for many years,7,0
50,Ava,9,1,been female,8,0
50,Ava,9,1,been an artist,9,0
50,Ava,9,1,had a peanut allergy,10,0
50,Ava,9,1,done their annual car maintenance,11,0
50,Ava,9,1,driven under the speed limit,12,0
50,Ava,9,1,listened to the radio while driving,13,0
50,Ava,9,1,been startled by the deer,14,0
50,Ava,9,1,slammed the brakes after seeing the deer,15,0
50,Nadia,10,0,had red hair,1,0
50,Nadia,10,0,been a timid person,2,0
50,Nadia,10,0,enjoyed oil painting,3,0
50,Nadia,10,0,collected vinyl records,4,0
50,Nadia,10,0,been 34 years old,5,0
50,Nadia,10,0,been female,6,0
50,Nadia,10,0,been White,7,0
50,Nadia,10,0,attended couples therapy years ago,8,0
50,Nadia,10,0,been a software engineer,9,0
50,Nadia,10,0,been an organized person,10,0
50,Nadia,10,0,gone to the emergency room for bruises,11,0
50,Nadia,10,0,not sought help after the emergency room incident,12,1
50,Nadia,10,0,been scared when Franklin screamed,13,0
50,Nadia,10,0,grabbed the revolver,14,0
50,Nadia,10,0,shot Franklin with the revolver,15,0
50,Qian,11,0,had a humorous personality,1,0
50,Qian,11,0,been a restaurant waiter,2,0
50,Qian,11,0,enjoyed watching sports,3,0
50,Qian,11,0,been stubborn sometimes,4,0
50,Qian,11,0,been male,5,0
50,Qian,11,0,enjoyed jazz music,6,0
50,Qian,11,0,not smoked,7,0
50,Qian,11,0,been Asian,8,0
50,Qian,11,0,been hard-working,9,0
50,Qian,11,0,been 27 years old,10,0
50,Qian,11,0,hung out at the local bar with cousins,11,0
50,Qian,11,0,had several drinks over the course of two hours,12,0
50,Qian,11,0,been angered by Wilson's comments,13,0
50,Qian,11,0,not talked back to Wilson,14,0
50,Qian,11,0,pushed Wilson to the ground,15,0
